report_id,user_id,species_id,latitude,longitude,report_date,image_filename,remarks,verification_status,admin_comments
CR00001,USR0375,SP0243,19.900243,74.540558,2018-03-08,CR00001_SP0243.jpg,Reported by local farmer,Verified,
CR00002,USR0280,SP0106,19.936102,74.357461,2020-11-04,CR00002_SP0106.jpg,Spotted during morning walk,Verified,
CR00003,USR0115,SP0290,19.870944,74.360201,2017-01-01,CR00003_SP0290.jpg,Nesting site found,Pending,
CR00004,USR0495,SP0401,19.893376,74.514416,2017-09-09,CR00004_SP0401.jpg,Reported by local farmer,Pending,
CR00005,USR0283,SP0345,19.905049,74.366823,2024-01-28,CR00005_SP0345.jpg,Reported by local farmer,Verified,Needs a clearer photo.
CR00006,USR0257,SP0058,19.853793,74.470674,2016-08-11,CR00006_SP0058.jpg,Roadkill reported,Pending,Species ID corrected by reviewer.
CR00007,USR0156,SP0432,19.834528,74.533283,2020-12-19,CR00007_SP0432.jpg,Noticed unusual coloration,Verified,Needs a clearer photo.
CR00008,USR0233,SP0435,19.872768,74.422981,2016-11-12,CR00008_SP0435.jpg,Spotted near temple pond,Pending,
CR00009,USR0114,SP0123,19.890459,74.525911,2023-02-27,CR00009_SP0123.jpg,Roadkill reported,Verified,Cross-checked with expert - confirmed.
CR00010,USR0440,SP0425,19.915003,74.411774,2019-12-06,CR00010_SP0425.jpg,Seen at riverbank,Verified,Cross-checked with expert - confirmed.
CR00011,USR0102,SP0119,19.85207,74.591365,2024-12-04,CR00011_SP0119.jpg,Spotted near temple pond,Pending,
CR00012,USR0104,SP0207,19.876962,74.524558,2023-09-09,CR00012_SP0207.jpg,Seen at riverbank,Verified,Duplicate of earlier report.
CR00013,USR0079,SP0042,19.908622,74.587169,2019-01-30,CR00013_SP0042.jpg,Seen during college nature trail,Verified,Needs a clearer photo.
CR00014,USR0076,SP0092,19.910103,74.538824,2025-10-24,CR00014_SP0092.jpg,Found near farm,Verified,Duplicate of earlier report.
CR00015,USR0254,SP0145,19.887457,74.599212,2020-01-12,CR00015_SP0145.jpg,Seen during college nature trail,Pending,Needs a clearer photo.
CR00016,USR0419,SP0316,19.855819,74.391262,2021-01-10,CR00016_SP0316.jpg,Nesting site found,Pending,
CR00017,USR0037,SP0401,19.912581,74.543662,2023-06-18,CR00017_SP0401.jpg,Nesting site found,Pending,Duplicate of earlier report.
CR00018,USR0388,SP0363,19.860835,74.421189,2025-07-26,CR00018_SP0363.jpg,Nesting site found,Verified,"Looks accurate, approved."
CR00019,USR0033,SP0146,19.821294,74.577654,2024-07-29,CR00019_SP0146.jpg,Seen at riverbank,Rejected,
CR00020,USR0080,SP0169,19.907793,74.386247,2022-12-05,CR00020_SP0169.jpg,Seen at riverbank,Verified,
CR00021,USR0127,SP0350,19.850492,74.452456,2025-06-04,CR00021_SP0350.jpg,Spotted near temple pond,Verified,
CR00022,USR0061,SP0043,19.820999,74.363095,2025-12-30,CR00022_SP0043.jpg,Spotted near temple pond,Verified,Duplicate of earlier report.
CR00023,USR0460,SP0062,19.892404,74.595207,2025-01-04,CR00023_SP0062.jpg,Reported by local farmer,Rejected,
CR00024,USR0485,SP0126,19.906017,74.526388,2021-04-03,CR00024_SP0126.jpg,Seen at riverbank,Pending,
CR00025,USR0404,SP0111,19.916501,74.400707,2022-01-14,CR00025_SP0111.jpg,Seen at riverbank,Verified,
CR00026,USR0144,SP0241,19.899323,74.372047,2017-09-06,CR00026_SP0241.jpg,Found near farm,Verified,Species ID corrected by reviewer.
CR00027,USR0074,SP0290,19.849962,74.450711,2024-09-10,CR00027_SP0290.jpg,Seen during college nature trail,Verified,Needs a clearer photo.
CR00028,USR0267,SP0127,19.834669,74.436708,2025-06-12,CR00028_SP0127.jpg,Roadkill reported,Pending,Needs a clearer photo.
CR00029,USR0381,SP0449,19.915561,74.532237,2023-12-23,CR00029_SP0449.jpg,Noticed unusual coloration,Verified,
CR00030,USR0164,SP0156,19.892928,74.353532,2025-07-10,CR00030_SP0156.jpg,Nesting site found,Verified,Cross-checked with expert - confirmed.
CR00031,USR0358,SP0289,19.836166,74.430935,2025-08-05,CR00031_SP0289.jpg,Multiple individuals seen,Verified,
CR00032,USR0253,SP0254,19.866622,74.419365,2026-06-20,CR00032_SP0254.jpg,Found near farm,Pending,
CR00033,USR0019,SP0031,19.819105,74.388352,2023-12-09,CR00033_SP0031.jpg,Roadkill reported,Verified,
CR00034,USR0391,SP0368,19.923212,74.408021,2018-11-19,CR00034_SP0368.jpg,Found near farm,Pending,
CR00035,USR0103,SP0386,19.860675,74.430756,2023-03-31,CR00035_SP0386.jpg,Spotted near temple pond,Verified,"Looks accurate, approved."
CR00036,USR0315,SP0020,19.913777,74.471616,2021-02-23,CR00036_SP0020.jpg,Reported by local farmer,Pending,Species ID corrected by reviewer.
CR00037,USR0319,SP0340,19.851474,74.395751,2024-05-30,CR00037_SP0340.jpg,Roadkill reported,Verified,
CR00038,USR0261,SP0169,19.80657,74.58068,2018-02-15,CR00038_SP0169.jpg,Nesting site found,Verified,
CR00039,USR0165,SP0115,19.806532,74.598508,2026-03-08,CR00039_SP0115.jpg,Nesting site found,Verified,
CR00040,USR0076,SP0123,19.907774,74.363495,2025-10-30,CR00040_SP0123.jpg,Noticed unusual coloration,Pending,Cross-checked with expert - confirmed.
CR00041,USR0107,SP0413,19.82388,74.391757,2023-08-10,CR00041_SP0413.jpg,Spotted during morning walk,Verified,Species ID corrected by reviewer.
CR00042,USR0432,SP0247,19.824729,74.564179,2019-11-06,CR00042_SP0247.jpg,Multiple individuals seen,Verified,Needs a clearer photo.
CR00043,USR0329,SP0194,19.803453,74.394859,2018-03-29,CR00043_SP0194.jpg,Seen during college nature trail,Verified,Cross-checked with expert - confirmed.
CR00044,USR0097,SP0305,19.909191,74.400938,2017-05-17,CR00044_SP0305.jpg,Roadkill reported,Verified,Duplicate of earlier report.
CR00045,USR0458,SP0130,19.866469,74.560811,2026-02-16,CR00045_SP0130.jpg,Spotted near temple pond,Pending,Needs a clearer photo.
CR00046,USR0317,SP0253,19.810902,74.569595,2019-10-20,CR00046_SP0253.jpg,Spotted near temple pond,Pending,Duplicate of earlier report.
CR00047,USR0201,SP0249,19.927401,74.499213,2016-08-30,CR00047_SP0249.jpg,Roadkill reported,Verified,Duplicate of earlier report.
CR00048,USR0222,SP0100,19.944426,74.510658,2019-12-17,CR00048_SP0100.jpg,Roadkill reported,Verified,"Looks accurate, approved."
CR00049,USR0054,SP0132,19.947619,74.404928,2016-08-08,CR00049_SP0132.jpg,Roadkill reported,Verified,
CR00050,USR0500,SP0360,19.939995,74.353659,2023-03-20,CR00050_SP0360.jpg,Spotted near temple pond,Rejected,
CR00051,USR0302,SP0408,19.897245,74.557458,2022-12-31,CR00051_SP0408.jpg,Nesting site found,Verified,Species ID corrected by reviewer.
CR00052,USR0079,SP0377,19.916072,74.371101,2018-12-02,CR00052_SP0377.jpg,Seen during college nature trail,Rejected,Species ID corrected by reviewer.
CR00053,USR0217,SP0376,19.842151,74.527992,2021-10-28,CR00053_SP0376.jpg,Roadkill reported,Pending,Species ID corrected by reviewer.
CR00054,USR0170,SP0309,19.89405,74.567345,2023-03-08,CR00054_SP0309.jpg,Found near farm,Pending,Species ID corrected by reviewer.
CR00055,USR0277,SP0346,19.863606,74.528593,2018-09-28,CR00055_SP0346.jpg,Noticed unusual coloration,Verified,
CR00056,USR0326,SP0135,19.842945,74.542614,2020-11-26,CR00056_SP0135.jpg,Roadkill reported,Pending,
CR00057,USR0054,SP0194,19.891496,74.566874,2020-07-28,CR00057_SP0194.jpg,Seen at riverbank,Pending,Needs a clearer photo.
CR00058,USR0017,SP0163,19.829605,74.589096,2022-10-14,CR00058_SP0163.jpg,Reported by local farmer,Verified,Needs a clearer photo.
CR00059,USR0178,SP0182,19.843236,74.51487,2025-12-23,CR00059_SP0182.jpg,Spotted near temple pond,Rejected,Cross-checked with expert - confirmed.
CR00060,USR0240,SP0218,19.814853,74.397508,2017-10-14,CR00060_SP0218.jpg,Seen at riverbank,Rejected,
CR00061,USR0277,SP0327,19.853518,74.539017,2024-03-23,CR00061_SP0327.jpg,Found near farm,Verified,Duplicate of earlier report.
CR00062,USR0030,SP0295,19.841135,74.420593,2018-09-15,CR00062_SP0295.jpg,Multiple individuals seen,Verified,"Looks accurate, approved."
CR00063,USR0106,SP0047,19.869883,74.453596,2018-09-12,CR00063_SP0047.jpg,Roadkill reported,Pending,
CR00064,USR0066,SP0362,19.888026,74.361784,2019-05-19,CR00064_SP0362.jpg,Seen at riverbank,Verified,Needs a clearer photo.
CR00065,USR0475,SP0168,19.830902,74.530735,2021-02-13,CR00065_SP0168.jpg,Seen during college nature trail,Verified,Cross-checked with expert - confirmed.
CR00066,USR0464,SP0295,19.858549,74.58068,2018-11-29,CR00066_SP0295.jpg,Seen during college nature trail,Verified,Needs a clearer photo.
CR00067,USR0222,SP0004,19.828168,74.523755,2017-03-13,CR00067_SP0004.jpg,Seen during college nature trail,Verified,
CR00068,USR0422,SP0333,19.910542,74.388203,2018-05-08,CR00068_SP0333.jpg,Spotted during morning walk,Verified,"Looks accurate, approved."
CR00069,USR0062,SP0174,19.874923,74.563816,2019-01-16,CR00069_SP0174.jpg,Roadkill reported,Verified,Cross-checked with expert - confirmed.
CR00070,USR0202,SP0354,19.906776,74.436286,2026-06-10,CR00070_SP0354.jpg,Seen at riverbank,Verified,"Looks accurate, approved."
CR00071,USR0287,SP0280,19.949553,74.493528,2020-12-03,CR00071_SP0280.jpg,Seen at riverbank,Verified,
CR00072,USR0332,SP0024,19.808096,74.582083,2025-04-30,CR00072_SP0024.jpg,Spotted near temple pond,Pending,Duplicate of earlier report.
CR00073,USR0095,SP0273,19.86738,74.35702,2022-03-21,CR00073_SP0273.jpg,Roadkill reported,Verified,Cross-checked with expert - confirmed.
CR00074,USR0405,SP0454,19.925449,74.440234,2017-06-11,CR00074_SP0454.jpg,Spotted during morning walk,Verified,"Looks accurate, approved."
CR00075,USR0280,SP0188,19.897051,74.355005,2025-12-18,CR00075_SP0188.jpg,Nesting site found,Pending,Needs a clearer photo.
CR00076,USR0082,SP0204,19.828474,74.353172,2017-06-20,CR00076_SP0204.jpg,Spotted near temple pond,Verified,
CR00077,USR0399,SP0100,19.850777,74.426929,2025-03-20,CR00077_SP0100.jpg,Spotted during morning walk,Verified,Duplicate of earlier report.
CR00078,USR0363,SP0406,19.943116,74.397007,2023-06-07,CR00078_SP0406.jpg,Found near farm,Pending,
CR00079,USR0037,SP0413,19.818657,74.399579,2019-09-28,CR00079_SP0413.jpg,Spotted near temple pond,Verified,Duplicate of earlier report.
CR00080,USR0411,SP0078,19.86141,74.400537,2019-07-11,CR00080_SP0078.jpg,Spotted during morning walk,Verified,Cross-checked with expert - confirmed.
CR00081,USR0281,SP0082,19.930854,74.375248,2025-03-02,CR00081_SP0082.jpg,Roadkill reported,Verified,
CR00082,USR0385,SP0093,19.806487,74.482156,2020-05-19,CR00082_SP0093.jpg,Nesting site found,Pending,Cross-checked with expert - confirmed.
CR00083,USR0163,SP0029,19.827501,74.351743,2018-03-24,CR00083_SP0029.jpg,Noticed unusual coloration,Pending,"Looks accurate, approved."
CR00084,USR0210,SP0312,19.800229,74.491057,2018-04-06,CR00084_SP0312.jpg,Roadkill reported,Verified,Duplicate of earlier report.
CR00085,USR0283,SP0048,19.871373,74.420343,2017-05-09,CR00085_SP0048.jpg,Seen during college nature trail,Pending,Needs a clearer photo.
CR00086,USR0011,SP0089,19.937143,74.377848,2025-03-22,CR00086_SP0089.jpg,Noticed unusual coloration,Pending,Needs a clearer photo.
CR00087,USR0424,SP0281,19.875518,74.515649,2025-02-05,CR00087_SP0281.jpg,Multiple individuals seen,Verified,Cross-checked with expert - confirmed.
CR00088,USR0477,SP0287,19.923134,74.380045,2017-05-28,CR00088_SP0287.jpg,Reported by local farmer,Pending,Duplicate of earlier report.
CR00089,USR0377,SP0422,19.937252,74.489066,2025-01-25,CR00089_SP0422.jpg,Roadkill reported,Verified,Needs a clearer photo.
CR00090,USR0229,SP0277,19.858672,74.539247,2025-05-18,CR00090_SP0277.jpg,Found near farm,Verified,Duplicate of earlier report.
CR00091,USR0058,SP0071,19.939962,74.434224,2016-10-18,CR00091_SP0071.jpg,Spotted near temple pond,Pending,Duplicate of earlier report.
CR00092,USR0058,SP0147,19.906221,74.390137,2019-08-30,CR00092_SP0147.jpg,Noticed unusual coloration,Verified,
CR00093,USR0398,SP0097,19.897134,74.577011,2020-02-09,CR00093_SP0097.jpg,Reported by local farmer,Rejected,Duplicate of earlier report.
CR00094,USR0363,SP0363,19.825323,74.493672,2020-02-29,CR00094_SP0363.jpg,Noticed unusual coloration,Verified,"Looks accurate, approved."
CR00095,USR0349,SP0198,19.902085,74.429684,2026-04-27,CR00095_SP0198.jpg,Reported by local farmer,Verified,
CR00096,USR0158,SP0132,19.840554,74.447033,2017-02-27,CR00096_SP0132.jpg,Spotted near temple pond,Verified,
CR00097,USR0418,SP0204,19.910856,74.544205,2018-06-15,CR00097_SP0204.jpg,Reported by local farmer,Verified,"Looks accurate, approved."
CR00098,USR0213,SP0126,19.928905,74.365492,2023-12-01,CR00098_SP0126.jpg,Multiple individuals seen,Pending,
CR00099,USR0421,SP0225,19.915685,74.45811,2021-03-06,CR00099_SP0225.jpg,Spotted near temple pond,Verified,Duplicate of earlier report.
CR00100,USR0330,SP0335,19.877094,74.457715,2017-10-23,CR00100_SP0335.jpg,Multiple individuals seen,Pending,Needs a clearer photo.
CR00101,USR0070,SP0317,19.889127,74.358831,2016-12-26,CR00101_SP0317.jpg,Spotted near temple pond,Pending,Species ID corrected by reviewer.
CR00102,USR0447,SP0348,19.860506,74.374287,2023-09-17,CR00102_SP0348.jpg,Seen during college nature trail,Verified,Duplicate of earlier report.
CR00103,USR0424,SP0054,19.891845,74.5874,2022-12-07,CR00103_SP0054.jpg,Reported by local farmer,Verified,Duplicate of earlier report.
CR00104,USR0246,SP0060,19.864508,74.522789,2026-04-02,CR00104_SP0060.jpg,Multiple individuals seen,Rejected,
CR00105,USR0215,SP0028,19.898959,74.376863,2025-10-27,CR00105_SP0028.jpg,Multiple individuals seen,Pending,
CR00106,USR0211,SP0288,19.892298,74.394569,2019-12-31,CR00106_SP0288.jpg,Multiple individuals seen,Pending,Duplicate of earlier report.
CR00107,USR0071,SP0014,19.82789,74.541097,2026-06-26,CR00107_SP0014.jpg,Seen during college nature trail,Pending,
CR00108,USR0317,SP0404,19.920021,74.556088,2024-05-01,CR00108_SP0404.jpg,Noticed unusual coloration,Verified,Cross-checked with expert - confirmed.
CR00109,USR0236,SP0256,19.802175,74.367026,2022-08-11,CR00109_SP0256.jpg,Seen during college nature trail,Pending,Needs a clearer photo.
CR00110,USR0383,SP0424,19.919655,74.55319,2017-07-02,CR00110_SP0424.jpg,Spotted near temple pond,Verified,
CR00111,USR0173,SP0203,19.936266,74.352714,2022-09-21,CR00111_SP0203.jpg,Found near farm,Verified,
CR00112,USR0434,SP0460,19.917945,74.39478,2017-01-07,CR00112_SP0460.jpg,Spotted during morning walk,Verified,
CR00113,USR0313,SP0063,19.80192,74.470675,2024-01-22,CR00113_SP0063.jpg,Seen at riverbank,Verified,"Looks accurate, approved."
CR00114,USR0319,SP0024,19.917662,74.439252,2024-08-27,CR00114_SP0024.jpg,Seen during college nature trail,Pending,
CR00115,USR0135,SP0020,19.818612,74.368779,2022-12-19,CR00115_SP0020.jpg,Noticed unusual coloration,Pending,Needs a clearer photo.
CR00116,USR0393,SP0358,19.838955,74.548689,2026-08-01,CR00116_SP0358.jpg,Seen during college nature trail,Pending,
CR00117,USR0177,SP0349,19.82898,74.461847,2019-11-09,CR00117_SP0349.jpg,Reported by local farmer,Verified,
CR00118,USR0045,SP0130,19.807139,74.428061,2021-03-23,CR00118_SP0130.jpg,Nesting site found,Pending,Duplicate of earlier report.
CR00119,USR0452,SP0369,19.853576,74.382362,2016-10-29,CR00119_SP0369.jpg,Multiple individuals seen,Verified,Species ID corrected by reviewer.
CR00120,USR0353,SP0167,19.826187,74.39002,2024-01-12,CR00120_SP0167.jpg,Reported by local farmer,Verified,Species ID corrected by reviewer.
CR00121,USR0331,SP0316,19.848411,74.380747,2025-10-20,CR00121_SP0316.jpg,Spotted near temple pond,Rejected,Species ID corrected by reviewer.
CR00122,USR0023,SP0416,19.928431,74.550292,2020-01-18,CR00122_SP0416.jpg,Spotted near temple pond,Verified,Needs a clearer photo.
CR00123,USR0406,SP0021,19.897614,74.35907,2025-01-18,CR00123_SP0021.jpg,Spotted during morning walk,Verified,
CR00124,USR0135,SP0109,19.890434,74.565384,2016-10-27,CR00124_SP0109.jpg,Noticed unusual coloration,Verified,Needs a clearer photo.
CR00125,USR0325,SP0265,19.932046,74.408123,2025-01-10,CR00125_SP0265.jpg,Multiple individuals seen,Verified,"Looks accurate, approved."
CR00126,USR0420,SP0246,19.806271,74.351939,2026-08-01,CR00126_SP0246.jpg,Reported by local farmer,Pending,
CR00127,USR0384,SP0002,19.852658,74.506901,2017-02-05,CR00127_SP0002.jpg,Found near farm,Verified,Needs a clearer photo.
CR00128,USR0384,SP0261,19.8825,74.408407,2023-12-10,CR00128_SP0261.jpg,Reported by local farmer,Pending,"Looks accurate, approved."
CR00129,USR0202,SP0265,19.907886,74.528727,2026-05-19,CR00129_SP0265.jpg,Nesting site found,Verified,
CR00130,USR0393,SP0089,19.894538,74.491164,2025-08-31,CR00130_SP0089.jpg,Reported by local farmer,Pending,Duplicate of earlier report.
CR00131,USR0196,SP0323,19.829112,74.540473,2018-01-06,CR00131_SP0323.jpg,Roadkill reported,Verified,Needs a clearer photo.
CR00132,USR0422,SP0067,19.851921,74.455614,2024-12-23,CR00132_SP0067.jpg,Noticed unusual coloration,Verified,
CR00133,USR0188,SP0149,19.834362,74.59117,2016-12-19,CR00133_SP0149.jpg,Nesting site found,Verified,"Looks accurate, approved."
CR00134,USR0029,SP0205,19.860691,74.514514,2018-10-31,CR00134_SP0205.jpg,Seen at riverbank,Verified,Species ID corrected by reviewer.
CR00135,USR0031,SP0389,19.849857,74.473814,2025-11-06,CR00135_SP0389.jpg,Seen at riverbank,Verified,
CR00136,USR0161,SP0213,19.916133,74.371221,2026-03-21,CR00136_SP0213.jpg,Seen during college nature trail,Pending,Cross-checked with expert - confirmed.
CR00137,USR0178,SP0233,19.839882,74.437609,2017-03-08,CR00137_SP0233.jpg,Seen at riverbank,Verified,Species ID corrected by reviewer.
CR00138,USR0155,SP0112,19.884288,74.543166,2019-03-13,CR00138_SP0112.jpg,Roadkill reported,Verified,Needs a clearer photo.
CR00139,USR0039,SP0034,19.842569,74.473282,2018-07-22,CR00139_SP0034.jpg,Noticed unusual coloration,Verified,Cross-checked with expert - confirmed.
CR00140,USR0059,SP0282,19.92213,74.36161,2023-03-09,CR00140_SP0282.jpg,Spotted near temple pond,Pending,
CR00141,USR0418,SP0062,19.871218,74.361897,2023-02-25,CR00141_SP0062.jpg,Roadkill reported,Pending,Cross-checked with expert - confirmed.
CR00142,USR0426,SP0097,19.843517,74.477216,2026-02-03,CR00142_SP0097.jpg,Multiple individuals seen,Verified,Species ID corrected by reviewer.
CR00143,USR0001,SP0155,19.809299,74.425517,2022-10-14,CR00143_SP0155.jpg,Seen during college nature trail,Pending,Needs a clearer photo.
CR00144,USR0118,SP0030,19.817974,74.352352,2025-04-30,CR00144_SP0030.jpg,Noticed unusual coloration,Pending,Species ID corrected by reviewer.
CR00145,USR0129,SP0157,19.803832,74.588531,2016-10-01,CR00145_SP0157.jpg,Spotted near temple pond,Pending,Duplicate of earlier report.
CR00146,USR0091,SP0285,19.824005,74.540519,2025-12-15,CR00146_SP0285.jpg,Spotted during morning walk,Verified,Needs a clearer photo.
CR00147,USR0098,SP0193,19.947217,74.496097,2019-01-24,CR00147_SP0193.jpg,Seen at riverbank,Verified,Cross-checked with expert - confirmed.
CR00148,USR0219,SP0450,19.837448,74.452776,2024-04-01,CR00148_SP0450.jpg,Nesting site found,Pending,
CR00149,USR0254,SP0339,19.807232,74.519301,2019-09-01,CR00149_SP0339.jpg,Multiple individuals seen,Pending,"Looks accurate, approved."
CR00150,USR0497,SP0068,19.862571,74.485046,2022-07-18,CR00150_SP0068.jpg,Seen at riverbank,Verified,Cross-checked with expert - confirmed.
CR00151,USR0249,SP0419,19.900774,74.554792,2023-11-07,CR00151_SP0419.jpg,Multiple individuals seen,Pending,Cross-checked with expert - confirmed.
CR00152,USR0162,SP0203,19.85926,74.494886,2020-11-13,CR00152_SP0203.jpg,Spotted during morning walk,Rejected,
CR00153,USR0485,SP0297,19.893735,74.496166,2020-03-02,CR00153_SP0297.jpg,Spotted near temple pond,Pending,
CR00154,USR0493,SP0097,19.948983,74.378344,2019-12-27,CR00154_SP0097.jpg,Multiple individuals seen,Verified,
CR00155,USR0490,SP0048,19.907861,74.555051,2018-02-17,CR00155_SP0048.jpg,Seen during college nature trail,Verified,
CR00156,USR0217,SP0097,19.897149,74.534955,2024-02-19,CR00156_SP0097.jpg,Seen during college nature trail,Rejected,Duplicate of earlier report.
CR00157,USR0330,SP0214,19.933694,74.569634,2024-08-21,CR00157_SP0214.jpg,Multiple individuals seen,Pending,Species ID corrected by reviewer.
CR00158,USR0304,SP0204,19.936321,74.438449,2023-03-06,CR00158_SP0204.jpg,Nesting site found,Pending,Duplicate of earlier report.
CR00159,USR0238,SP0124,19.890133,74.469911,2017-08-03,CR00159_SP0124.jpg,Seen at riverbank,Verified,Cross-checked with expert - confirmed.
CR00160,USR0370,SP0031,19.880926,74.354118,2019-11-07,CR00160_SP0031.jpg,Reported by local farmer,Verified,Cross-checked with expert - confirmed.
CR00161,USR0456,SP0090,19.895264,74.492571,2020-12-04,CR00161_SP0090.jpg,Seen during college nature trail,Pending,
CR00162,USR0200,SP0076,19.81024,74.526281,2021-07-31,CR00162_SP0076.jpg,Nesting site found,Pending,Needs a clearer photo.
CR00163,USR0114,SP0196,19.929453,74.35285,2017-10-10,CR00163_SP0196.jpg,Spotted near temple pond,Pending,Needs a clearer photo.
CR00164,USR0317,SP0326,19.801007,74.428183,2017-06-29,CR00164_SP0326.jpg,Spotted during morning walk,Pending,Cross-checked with expert - confirmed.
CR00165,USR0477,SP0304,19.879353,74.456576,2020-05-30,CR00165_SP0304.jpg,Reported by local farmer,Verified,Duplicate of earlier report.
CR00166,USR0260,SP0302,19.84448,74.593203,2017-09-01,CR00166_SP0302.jpg,Seen during college nature trail,Verified,
CR00167,USR0454,SP0158,19.870657,74.366795,2024-04-11,CR00167_SP0158.jpg,Roadkill reported,Verified,
CR00168,USR0497,SP0176,19.826079,74.495967,2026-06-02,CR00168_SP0176.jpg,Found near farm,Pending,Needs a clearer photo.
CR00169,USR0123,SP0337,19.941977,74.452766,2019-03-19,CR00169_SP0337.jpg,Spotted during morning walk,Verified,Duplicate of earlier report.
CR00170,USR0427,SP0352,19.930424,74.598823,2021-05-29,CR00170_SP0352.jpg,Multiple individuals seen,Verified,Species ID corrected by reviewer.
CR00171,USR0097,SP0312,19.887596,74.380048,2020-10-09,CR00171_SP0312.jpg,Spotted during morning walk,Verified,Duplicate of earlier report.
CR00172,USR0354,SP0099,19.805222,74.362086,2020-11-27,CR00172_SP0099.jpg,Reported by local farmer,Verified,
CR00173,USR0189,SP0187,19.936408,74.384727,2025-12-03,CR00173_SP0187.jpg,Multiple individuals seen,Verified,Cross-checked with expert - confirmed.
CR00174,USR0062,SP0129,19.849848,74.437426,2024-04-04,CR00174_SP0129.jpg,Multiple individuals seen,Pending,
CR00175,USR0317,SP0408,19.909664,74.402625,2024-01-30,CR00175_SP0408.jpg,Multiple individuals seen,Verified,Species ID corrected by reviewer.
CR00176,USR0312,SP0208,19.816094,74.426591,2017-05-11,CR00176_SP0208.jpg,Seen during college nature trail,Pending,Duplicate of earlier report.
CR00177,USR0331,SP0271,19.809638,74.512402,2025-02-25,CR00177_SP0271.jpg,Noticed unusual coloration,Verified,Duplicate of earlier report.
CR00178,USR0389,SP0051,19.818712,74.452192,2024-11-01,CR00178_SP0051.jpg,Spotted during morning walk,Pending,Species ID corrected by reviewer.
CR00179,USR0423,SP0073,19.89398,74.525171,2024-06-10,CR00179_SP0073.jpg,Seen during college nature trail,Pending,Cross-checked with expert - confirmed.
CR00180,USR0325,SP0181,19.914943,74.524839,2018-06-08,CR00180_SP0181.jpg,Noticed unusual coloration,Verified,Species ID corrected by reviewer.
CR00181,USR0166,SP0188,19.865171,74.546546,2018-05-20,CR00181_SP0188.jpg,Seen during college nature trail,Verified,Needs a clearer photo.
CR00182,USR0087,SP0451,19.941742,74.357909,2020-06-10,CR00182_SP0451.jpg,Found near farm,Verified,Species ID corrected by reviewer.
CR00183,USR0009,SP0179,19.825715,74.504723,2022-05-18,CR00183_SP0179.jpg,Seen at riverbank,Verified,"Looks accurate, approved."
CR00184,USR0445,SP0300,19.811582,74.356442,2023-09-08,CR00184_SP0300.jpg,Spotted during morning walk,Verified,Cross-checked with expert - confirmed.
CR00185,USR0129,SP0426,19.835594,74.40061,2017-05-02,CR00185_SP0426.jpg,Spotted during morning walk,Rejected,"Looks accurate, approved."
CR00186,USR0121,SP0181,19.890989,74.545623,2022-10-04,CR00186_SP0181.jpg,Spotted near temple pond,Verified,"Looks accurate, approved."
CR00187,USR0115,SP0029,19.840421,74.445984,2023-12-14,CR00187_SP0029.jpg,Spotted during morning walk,Rejected,
CR00188,USR0422,SP0393,19.927403,74.405815,2024-02-28,CR00188_SP0393.jpg,Seen at riverbank,Pending,"Looks accurate, approved."
CR00189,USR0231,SP0411,19.830024,74.543673,2022-11-05,CR00189_SP0411.jpg,Reported by local farmer,Verified,Species ID corrected by reviewer.
CR00190,USR0410,SP0123,19.802498,74.383471,2017-05-13,CR00190_SP0123.jpg,Spotted near temple pond,Verified,Species ID corrected by reviewer.
CR00191,USR0234,SP0239,19.837628,74.506,2022-01-10,CR00191_SP0239.jpg,Seen during college nature trail,Verified,Duplicate of earlier report.
CR00192,USR0157,SP0315,19.877037,74.500412,2023-08-23,CR00192_SP0315.jpg,Reported by local farmer,Verified,Species ID corrected by reviewer.
CR00193,USR0397,SP0032,19.91478,74.447466,2022-11-01,CR00193_SP0032.jpg,Noticed unusual coloration,Pending,Duplicate of earlier report.
CR00194,USR0137,SP0357,19.914032,74.417789,2018-05-19,CR00194_SP0357.jpg,Reported by local farmer,Verified,Species ID corrected by reviewer.
CR00195,USR0039,SP0384,19.843116,74.413968,2018-08-19,CR00195_SP0384.jpg,Roadkill reported,Rejected,"Looks accurate, approved."
CR00196,USR0102,SP0015,19.946778,74.590251,2023-05-03,CR00196_SP0015.jpg,Found near farm,Rejected,
CR00197,USR0407,SP0290,19.820647,74.462746,2023-01-19,CR00197_SP0290.jpg,Multiple individuals seen,Rejected,
CR00198,USR0178,SP0320,19.809829,74.382332,2020-08-26,CR00198_SP0320.jpg,Seen during college nature trail,Verified,Needs a clearer photo.
CR00199,USR0123,SP0363,19.917364,74.464664,2017-02-25,CR00199_SP0363.jpg,Seen at riverbank,Pending,Species ID corrected by reviewer.
CR00200,USR0115,SP0170,19.94826,74.53595,2018-11-17,CR00200_SP0170.jpg,Spotted near temple pond,Verified,
CR00201,USR0431,SP0123,19.945505,74.36646,2023-11-30,CR00201_SP0123.jpg,Multiple individuals seen,Verified,
CR00202,USR0471,SP0361,19.910247,74.532036,2026-02-08,CR00202_SP0361.jpg,Nesting site found,Verified,Needs a clearer photo.
CR00203,USR0124,SP0109,19.943914,74.358301,2020-09-13,CR00203_SP0109.jpg,Reported by local farmer,Pending,Cross-checked with expert - confirmed.
CR00204,USR0490,SP0222,19.865378,74.45567,2023-05-05,CR00204_SP0222.jpg,Spotted during morning walk,Pending,Needs a clearer photo.
CR00205,USR0086,SP0459,19.829821,74.395804,2021-04-16,CR00205_SP0459.jpg,Reported by local farmer,Verified,Needs a clearer photo.
CR00206,USR0456,SP0292,19.892424,74.546776,2020-02-07,CR00206_SP0292.jpg,Found near farm,Verified,
CR00207,USR0282,SP0012,19.864445,74.372614,2022-08-16,CR00207_SP0012.jpg,Spotted near temple pond,Verified,Species ID corrected by reviewer.
CR00208,USR0411,SP0333,19.820067,74.545638,2018-10-04,CR00208_SP0333.jpg,Nesting site found,Verified,
CR00209,USR0322,SP0187,19.943674,74.555191,2017-10-28,CR00209_SP0187.jpg,Found near farm,Verified,Species ID corrected by reviewer.
CR00210,USR0434,SP0280,19.919843,74.439316,2019-03-02,CR00210_SP0280.jpg,Roadkill reported,Pending,Cross-checked with expert - confirmed.
CR00211,USR0265,SP0444,19.835276,74.572629,2026-02-07,CR00211_SP0444.jpg,Noticed unusual coloration,Pending,Needs a clearer photo.
CR00212,USR0459,SP0431,19.884471,74.423632,2019-01-09,CR00212_SP0431.jpg,Multiple individuals seen,Verified,"Looks accurate, approved."
CR00213,USR0487,SP0215,19.840853,74.568804,2023-06-04,CR00213_SP0215.jpg,Seen at riverbank,Rejected,
CR00214,USR0332,SP0036,19.906014,74.566973,2019-04-27,CR00214_SP0036.jpg,Reported by local farmer,Verified,Cross-checked with expert - confirmed.
CR00215,USR0433,SP0376,19.888402,74.366671,2026-02-11,CR00215_SP0376.jpg,Found near farm,Pending,Needs a clearer photo.
CR00216,USR0395,SP0280,19.817636,74.379322,2021-03-28,CR00216_SP0280.jpg,Roadkill reported,Pending,
CR00217,USR0064,SP0102,19.829154,74.43043,2021-01-24,CR00217_SP0102.jpg,Nesting site found,Verified,Species ID corrected by reviewer.
CR00218,USR0158,SP0132,19.937446,74.553447,2017-06-05,CR00218_SP0132.jpg,Reported by local farmer,Pending,
CR00219,USR0215,SP0449,19.882343,74.389467,2018-10-03,CR00219_SP0449.jpg,Seen at riverbank,Pending,"Looks accurate, approved."
CR00220,USR0074,SP0292,19.892984,74.422986,2018-11-21,CR00220_SP0292.jpg,Seen at riverbank,Verified,"Looks accurate, approved."
CR00221,USR0362,SP0248,19.914363,74.597814,2024-09-03,CR00221_SP0248.jpg,Spotted during morning walk,Pending,Cross-checked with expert - confirmed.
CR00222,USR0234,SP0402,19.909635,74.56689,2026-04-06,CR00222_SP0402.jpg,Spotted during morning walk,Rejected,Cross-checked with expert - confirmed.
CR00223,USR0243,SP0223,19.899665,74.582357,2024-08-16,CR00223_SP0223.jpg,Spotted during morning walk,Verified,Needs a clearer photo.
CR00224,USR0050,SP0293,19.849791,74.59071,2025-05-06,CR00224_SP0293.jpg,Seen at riverbank,Verified,"Looks accurate, approved."
CR00225,USR0463,SP0370,19.944076,74.413693,2026-01-05,CR00225_SP0370.jpg,Roadkill reported,Verified,
CR00226,USR0275,SP0387,19.901825,74.406599,2023-04-23,CR00226_SP0387.jpg,Seen at riverbank,Verified,"Looks accurate, approved."
CR00227,USR0430,SP0416,19.886405,74.476875,2021-09-24,CR00227_SP0416.jpg,Roadkill reported,Pending,Species ID corrected by reviewer.
CR00228,USR0142,SP0205,19.859461,74.581521,2017-11-19,CR00228_SP0205.jpg,Noticed unusual coloration,Verified,
CR00229,USR0078,SP0195,19.928436,74.397037,2021-10-24,CR00229_SP0195.jpg,Seen during college nature trail,Verified,"Looks accurate, approved."
CR00230,USR0285,SP0230,19.854103,74.441508,2017-06-06,CR00230_SP0230.jpg,Roadkill reported,Verified,
CR00231,USR0371,SP0369,19.909781,74.466386,2016-11-25,CR00231_SP0369.jpg,Seen during college nature trail,Pending,Needs a clearer photo.
CR00232,USR0298,SP0168,19.818728,74.420546,2025-05-29,CR00232_SP0168.jpg,Noticed unusual coloration,Verified,Species ID corrected by reviewer.
CR00233,USR0019,SP0159,19.828634,74.573411,2025-02-19,CR00233_SP0159.jpg,Noticed unusual coloration,Verified,Species ID corrected by reviewer.
CR00234,USR0385,SP0170,19.92969,74.542429,2021-07-23,CR00234_SP0170.jpg,Seen at riverbank,Verified,Needs a clearer photo.
CR00235,USR0192,SP0149,19.939184,74.39967,2020-02-23,CR00235_SP0149.jpg,Spotted near temple pond,Verified,Species ID corrected by reviewer.
CR00236,USR0269,SP0412,19.868409,74.471025,2019-07-03,CR00236_SP0412.jpg,Spotted near temple pond,Pending,
CR00237,USR0039,SP0092,19.912611,74.530244,2026-04-21,CR00237_SP0092.jpg,Nesting site found,Verified,Duplicate of earlier report.
CR00238,USR0245,SP0014,19.902089,74.438222,2026-01-11,CR00238_SP0014.jpg,Nesting site found,Verified,
CR00239,USR0301,SP0176,19.923964,74.500371,2022-12-12,CR00239_SP0176.jpg,Roadkill reported,Verified,
CR00240,USR0268,SP0124,19.851724,74.400035,2022-04-01,CR00240_SP0124.jpg,Nesting site found,Verified,Needs a clearer photo.
CR00241,USR0365,SP0198,19.87082,74.495465,2017-03-28,CR00241_SP0198.jpg,Found near farm,Pending,
CR00242,USR0484,SP0316,19.899492,74.46007,2026-03-28,CR00242_SP0316.jpg,Spotted during morning walk,Verified,Duplicate of earlier report.
CR00243,USR0177,SP0379,19.823396,74.460017,2024-06-25,CR00243_SP0379.jpg,Noticed unusual coloration,Verified,Duplicate of earlier report.
CR00244,USR0027,SP0113,19.841896,74.478419,2023-08-13,CR00244_SP0113.jpg,Multiple individuals seen,Pending,Cross-checked with expert - confirmed.
CR00245,USR0485,SP0063,19.947335,74.52169,2020-06-03,CR00245_SP0063.jpg,Seen during college nature trail,Verified,Cross-checked with expert - confirmed.
CR00246,USR0105,SP0231,19.800234,74.395748,2018-08-01,CR00246_SP0231.jpg,Seen at riverbank,Pending,"Looks accurate, approved."
CR00247,USR0062,SP0114,19.895892,74.509321,2017-08-10,CR00247_SP0114.jpg,Seen at riverbank,Verified,Species ID corrected by reviewer.
CR00248,USR0362,SP0002,19.893362,74.383132,2021-05-02,CR00248_SP0002.jpg,Spotted during morning walk,Rejected,
CR00249,USR0205,SP0028,19.949976,74.457636,2017-10-07,CR00249_SP0028.jpg,Multiple individuals seen,Verified,Cross-checked with expert - confirmed.
CR00250,USR0336,SP0131,19.881918,74.501354,2017-10-21,CR00250_SP0131.jpg,Reported by local farmer,Pending,"Looks accurate, approved."
CR00251,USR0331,SP0008,19.845171,74.505923,2017-06-11,CR00251_SP0008.jpg,Nesting site found,Verified,Duplicate of earlier report.
CR00252,USR0430,SP0195,19.90619,74.376407,2023-10-10,CR00252_SP0195.jpg,Noticed unusual coloration,Verified,"Looks accurate, approved."
CR00253,USR0097,SP0277,19.867144,74.410464,2025-10-10,CR00253_SP0277.jpg,Seen during college nature trail,Verified,Needs a clearer photo.
CR00254,USR0168,SP0206,19.838195,74.531834,2017-09-04,CR00254_SP0206.jpg,Seen during college nature trail,Pending,
CR00255,USR0444,SP0147,19.844663,74.486338,2025-09-21,CR00255_SP0147.jpg,Found near farm,Rejected,
CR00256,USR0397,SP0144,19.896633,74.411268,2024-03-07,CR00256_SP0144.jpg,Found near farm,Verified,
CR00257,USR0381,SP0160,19.844288,74.460351,2020-04-14,CR00257_SP0160.jpg,Seen at riverbank,Verified,Duplicate of earlier report.
CR00258,USR0089,SP0055,19.863707,74.476057,2025-04-13,CR00258_SP0055.jpg,Multiple individuals seen,Pending,Needs a clearer photo.
CR00259,USR0109,SP0169,19.926871,74.372703,2025-06-23,CR00259_SP0169.jpg,Spotted during morning walk,Verified,
CR00260,USR0490,SP0209,19.81735,74.57666,2022-12-30,CR00260_SP0209.jpg,Spotted near temple pond,Pending,Cross-checked with expert - confirmed.
CR00261,USR0154,SP0200,19.879452,74.406026,2022-07-23,CR00261_SP0200.jpg,Nesting site found,Rejected,Duplicate of earlier report.
CR00262,USR0165,SP0418,19.919259,74.456885,2016-08-08,CR00262_SP0418.jpg,Multiple individuals seen,Pending,
CR00263,USR0370,SP0009,19.819034,74.464891,2019-02-08,CR00263_SP0009.jpg,Noticed unusual coloration,Verified,
CR00264,USR0075,SP0203,19.827247,74.394717,2023-07-03,CR00264_SP0203.jpg,Noticed unusual coloration,Verified,Duplicate of earlier report.
CR00265,USR0475,SP0452,19.917093,74.595743,2019-09-02,CR00265_SP0452.jpg,Seen at riverbank,Verified,"Looks accurate, approved."
CR00266,USR0244,SP0331,19.935721,74.579411,2021-05-29,CR00266_SP0331.jpg,Seen at riverbank,Pending,Cross-checked with expert - confirmed.
CR00267,USR0297,SP0365,19.920154,74.380439,2017-11-27,CR00267_SP0365.jpg,Seen at riverbank,Verified,
CR00268,USR0316,SP0318,19.913352,74.446081,2017-02-14,CR00268_SP0318.jpg,Noticed unusual coloration,Verified,Species ID corrected by reviewer.
CR00269,USR0351,SP0042,19.898979,74.556435,2022-11-26,CR00269_SP0042.jpg,Spotted during morning walk,Verified,Cross-checked with expert - confirmed.
CR00270,USR0048,SP0386,19.9375,74.515811,2016-09-26,CR00270_SP0386.jpg,Spotted near temple pond,Rejected,Cross-checked with expert - confirmed.
CR00271,USR0090,SP0138,19.938481,74.574323,2025-05-27,CR00271_SP0138.jpg,Reported by local farmer,Verified,
CR00272,USR0185,SP0102,19.805952,74.501695,2020-01-18,CR00272_SP0102.jpg,Roadkill reported,Pending,
CR00273,USR0183,SP0030,19.806108,74.424104,2017-04-26,CR00273_SP0030.jpg,Spotted near temple pond,Verified,Duplicate of earlier report.
CR00274,USR0018,SP0389,19.892233,74.562363,2024-11-23,CR00274_SP0389.jpg,Found near farm,Pending,Species ID corrected by reviewer.
CR00275,USR0060,SP0052,19.929711,74.456202,2025-05-15,CR00275_SP0052.jpg,Seen during college nature trail,Rejected,Species ID corrected by reviewer.
CR00276,USR0423,SP0408,19.823899,74.499037,2019-04-15,CR00276_SP0408.jpg,Nesting site found,Verified,Cross-checked with expert - confirmed.
CR00277,USR0375,SP0349,19.912854,74.381341,2023-10-17,CR00277_SP0349.jpg,Spotted during morning walk,Verified,Needs a clearer photo.
CR00278,USR0286,SP0042,19.912106,74.383346,2025-01-25,CR00278_SP0042.jpg,Spotted during morning walk,Pending,Species ID corrected by reviewer.
CR00279,USR0253,SP0300,19.930031,74.406947,2019-06-16,CR00279_SP0300.jpg,Roadkill reported,Verified,Cross-checked with expert - confirmed.
CR00280,USR0195,SP0318,19.874359,74.524496,2024-08-18,CR00280_SP0318.jpg,Reported by local farmer,Pending,
CR00281,USR0402,SP0237,19.843913,74.483193,2017-06-01,CR00281_SP0237.jpg,Spotted near temple pond,Rejected,
CR00282,USR0079,SP0018,19.914191,74.435233,2020-06-04,CR00282_SP0018.jpg,Roadkill reported,Verified,Species ID corrected by reviewer.
CR00283,USR0478,SP0451,19.898686,74.417379,2022-11-04,CR00283_SP0451.jpg,Roadkill reported,Pending,
CR00284,USR0314,SP0252,19.903337,74.414591,2019-02-27,CR00284_SP0252.jpg,Multiple individuals seen,Verified,Needs a clearer photo.
CR00285,USR0036,SP0179,19.916945,74.387908,2022-09-10,CR00285_SP0179.jpg,Roadkill reported,Verified,Species ID corrected by reviewer.
CR00286,USR0143,SP0276,19.889815,74.40029,2022-03-07,CR00286_SP0276.jpg,Spotted near temple pond,Verified,
CR00287,USR0358,SP0337,19.903209,74.395543,2022-07-31,CR00287_SP0337.jpg,Multiple individuals seen,Pending,Needs a clearer photo.
CR00288,USR0324,SP0404,19.81409,74.509355,2023-07-01,CR00288_SP0404.jpg,Nesting site found,Rejected,Needs a clearer photo.
CR00289,USR0492,SP0003,19.810015,74.413689,2026-04-07,CR00289_SP0003.jpg,Spotted near temple pond,Verified,"Looks accurate, approved."
CR00290,USR0031,SP0285,19.915252,74.468896,2018-01-18,CR00290_SP0285.jpg,Roadkill reported,Pending,"Looks accurate, approved."
CR00291,USR0236,SP0042,19.869618,74.456771,2025-09-01,CR00291_SP0042.jpg,Nesting site found,Pending,
CR00292,USR0277,SP0109,19.896757,74.573422,2016-11-27,CR00292_SP0109.jpg,Noticed unusual coloration,Pending,
CR00293,USR0041,SP0088,19.812788,74.381159,2023-10-07,CR00293_SP0088.jpg,Roadkill reported,Pending,Duplicate of earlier report.
CR00294,USR0395,SP0448,19.829163,74.464754,2023-05-10,CR00294_SP0448.jpg,Found near farm,Verified,Species ID corrected by reviewer.
CR00295,USR0115,SP0348,19.939412,74.472024,2024-03-27,CR00295_SP0348.jpg,Found near farm,Pending,
CR00296,USR0179,SP0015,19.944388,74.575894,2024-08-12,CR00296_SP0015.jpg,Spotted near temple pond,Rejected,Species ID corrected by reviewer.
CR00297,USR0300,SP0318,19.826171,74.532118,2018-05-24,CR00297_SP0318.jpg,Multiple individuals seen,Rejected,
CR00298,USR0104,SP0359,19.944848,74.596275,2025-12-06,CR00298_SP0359.jpg,Noticed unusual coloration,Pending,
CR00299,USR0489,SP0060,19.872373,74.546858,2023-03-29,CR00299_SP0060.jpg,Seen during college nature trail,Verified,Duplicate of earlier report.
CR00300,USR0276,SP0288,19.868508,74.366058,2019-07-24,CR00300_SP0288.jpg,Roadkill reported,Pending,Needs a clearer photo.
CR00301,USR0349,SP0414,19.833725,74.570806,2026-02-17,CR00301_SP0414.jpg,Reported by local farmer,Pending,Species ID corrected by reviewer.
CR00302,USR0444,SP0445,19.846902,74.582523,2022-08-11,CR00302_SP0445.jpg,Reported by local farmer,Verified,
CR00303,USR0423,SP0081,19.81922,74.596157,2020-12-17,CR00303_SP0081.jpg,Nesting site found,Pending,Cross-checked with expert - confirmed.
CR00304,USR0049,SP0095,19.933674,74.366842,2017-01-12,CR00304_SP0095.jpg,Nesting site found,Verified,
CR00305,USR0120,SP0409,19.904107,74.350431,2020-10-29,CR00305_SP0409.jpg,Reported by local farmer,Verified,Needs a clearer photo.
CR00306,USR0065,SP0273,19.930369,74.553236,2024-01-21,CR00306_SP0273.jpg,Nesting site found,Verified,"Looks accurate, approved."
CR00307,USR0330,SP0033,19.944052,74.487102,2024-09-18,CR00307_SP0033.jpg,Noticed unusual coloration,Verified,Species ID corrected by reviewer.
CR00308,USR0254,SP0286,19.829922,74.37088,2021-04-21,CR00308_SP0286.jpg,Reported by local farmer,Rejected,"Looks accurate, approved."
CR00309,USR0305,SP0263,19.81651,74.460726,2022-09-18,CR00309_SP0263.jpg,Spotted near temple pond,Verified,Duplicate of earlier report.
CR00310,USR0466,SP0165,19.80021,74.464274,2021-04-01,CR00310_SP0165.jpg,Seen during college nature trail,Pending,Species ID corrected by reviewer.
CR00311,USR0204,SP0173,19.93475,74.497788,2021-08-08,CR00311_SP0173.jpg,Reported by local farmer,Rejected,
CR00312,USR0066,SP0323,19.896823,74.353938,2023-01-19,CR00312_SP0323.jpg,Noticed unusual coloration,Verified,
CR00313,USR0420,SP0019,19.804577,74.430684,2025-11-10,CR00313_SP0019.jpg,Seen during college nature trail,Verified,
CR00314,USR0097,SP0408,19.933663,74.592505,2023-09-21,CR00314_SP0408.jpg,Spotted near temple pond,Pending,Duplicate of earlier report.
CR00315,USR0162,SP0199,19.812104,74.550304,2026-01-05,CR00315_SP0199.jpg,Reported by local farmer,Pending,Needs a clearer photo.
CR00316,USR0121,SP0117,19.927857,74.581372,2021-08-11,CR00316_SP0117.jpg,Multiple individuals seen,Verified,Cross-checked with expert - confirmed.
CR00317,USR0131,SP0425,19.895451,74.510905,2020-05-18,CR00317_SP0425.jpg,Spotted during morning walk,Rejected,
CR00318,USR0304,SP0426,19.828869,74.513314,2025-10-04,CR00318_SP0426.jpg,Found near farm,Verified,Needs a clearer photo.
CR00319,USR0165,SP0084,19.919475,74.48586,2022-12-14,CR00319_SP0084.jpg,Nesting site found,Verified,
CR00320,USR0091,SP0124,19.896669,74.505084,2025-06-03,CR00320_SP0124.jpg,Found near farm,Verified,
CR00321,USR0231,SP0176,19.86107,74.469547,2023-09-27,CR00321_SP0176.jpg,Multiple individuals seen,Verified,Duplicate of earlier report.
CR00322,USR0019,SP0357,19.816825,74.588365,2024-09-18,CR00322_SP0357.jpg,Nesting site found,Verified,Species ID corrected by reviewer.
CR00323,USR0443,SP0348,19.870458,74.468727,2022-05-20,CR00323_SP0348.jpg,Roadkill reported,Pending,"Looks accurate, approved."
CR00324,USR0144,SP0424,19.867287,74.487056,2025-10-21,CR00324_SP0424.jpg,Seen during college nature trail,Rejected,
CR00325,USR0034,SP0341,19.829661,74.374556,2022-10-18,CR00325_SP0341.jpg,Seen during college nature trail,Pending,
CR00326,USR0020,SP0031,19.816761,74.448321,2021-07-16,CR00326_SP0031.jpg,Seen at riverbank,Pending,Cross-checked with expert - confirmed.
CR00327,USR0305,SP0432,19.854869,74.528514,2017-06-18,CR00327_SP0432.jpg,Spotted during morning walk,Verified,"Looks accurate, approved."
CR00328,USR0113,SP0231,19.920534,74.359155,2022-10-03,CR00328_SP0231.jpg,Multiple individuals seen,Verified,Needs a clearer photo.
CR00329,USR0024,SP0421,19.814499,74.48073,2025-05-03,CR00329_SP0421.jpg,Spotted near temple pond,Verified,Cross-checked with expert - confirmed.
CR00330,USR0214,SP0039,19.832203,74.490273,2022-10-08,CR00330_SP0039.jpg,Noticed unusual coloration,Rejected,Needs a clearer photo.
CR00331,USR0354,SP0402,19.894435,74.517316,2025-12-22,CR00331_SP0402.jpg,Spotted during morning walk,Pending,Duplicate of earlier report.
CR00332,USR0331,SP0431,19.907181,74.50715,2017-05-30,CR00332_SP0431.jpg,Spotted near temple pond,Pending,Cross-checked with expert - confirmed.
CR00333,USR0309,SP0415,19.893481,74.574782,2018-04-19,CR00333_SP0415.jpg,Noticed unusual coloration,Verified,Cross-checked with expert - confirmed.
CR00334,USR0159,SP0055,19.8487,74.537197,2021-10-04,CR00334_SP0055.jpg,Spotted near temple pond,Verified,"Looks accurate, approved."
CR00335,USR0424,SP0173,19.91036,74.519976,2023-06-08,CR00335_SP0173.jpg,Seen during college nature trail,Verified,Species ID corrected by reviewer.
CR00336,USR0449,SP0089,19.87556,74.507519,2017-04-14,CR00336_SP0089.jpg,Seen at riverbank,Verified,"Looks accurate, approved."
CR00337,USR0095,SP0372,19.933852,74.417356,2025-12-05,CR00337_SP0372.jpg,Spotted near temple pond,Pending,Species ID corrected by reviewer.
CR00338,USR0498,SP0323,19.875403,74.400023,2020-01-05,CR00338_SP0323.jpg,Seen at riverbank,Verified,Species ID corrected by reviewer.
CR00339,USR0049,SP0189,19.811285,74.362583,2021-08-15,CR00339_SP0189.jpg,Nesting site found,Verified,"Looks accurate, approved."
CR00340,USR0452,SP0454,19.875527,74.534395,2019-08-15,CR00340_SP0454.jpg,Reported by local farmer,Verified,"Looks accurate, approved."
CR00341,USR0131,SP0388,19.90194,74.549085,2019-01-13,CR00341_SP0388.jpg,Roadkill reported,Verified,Duplicate of earlier report.
CR00342,USR0205,SP0180,19.912466,74.554999,2024-01-21,CR00342_SP0180.jpg,Spotted near temple pond,Verified,Duplicate of earlier report.
CR00343,USR0428,SP0256,19.922629,74.46656,2017-08-16,CR00343_SP0256.jpg,Roadkill reported,Pending,Duplicate of earlier report.
CR00344,USR0022,SP0327,19.918476,74.358275,2016-11-01,CR00344_SP0327.jpg,Seen during college nature trail,Pending,Species ID corrected by reviewer.
CR00345,USR0047,SP0086,19.807044,74.545754,2018-07-23,CR00345_SP0086.jpg,Multiple individuals seen,Rejected,Duplicate of earlier report.
CR00346,USR0076,SP0407,19.895942,74.592997,2018-11-06,CR00346_SP0407.jpg,Noticed unusual coloration,Verified,Needs a clearer photo.
CR00347,USR0393,SP0268,19.884104,74.434357,2018-12-16,CR00347_SP0268.jpg,Seen at riverbank,Pending,Needs a clearer photo.
CR00348,USR0161,SP0278,19.901167,74.52862,2024-02-23,CR00348_SP0278.jpg,Noticed unusual coloration,Verified,Needs a clearer photo.
CR00349,USR0338,SP0218,19.914573,74.416509,2024-09-24,CR00349_SP0218.jpg,Reported by local farmer,Rejected,"Looks accurate, approved."
CR00350,USR0476,SP0239,19.912244,74.57323,2023-06-16,CR00350_SP0239.jpg,Found near farm,Verified,
CR00351,USR0356,SP0414,19.864343,74.511601,2019-01-29,CR00351_SP0414.jpg,Noticed unusual coloration,Pending,
CR00352,USR0460,SP0456,19.854645,74.508434,2020-03-15,CR00352_SP0456.jpg,Spotted during morning walk,Verified,Species ID corrected by reviewer.
CR00353,USR0349,SP0439,19.863717,74.594563,2026-07-14,CR00353_SP0439.jpg,Multiple individuals seen,Pending,
CR00354,USR0418,SP0328,19.895503,74.505195,2025-04-16,CR00354_SP0328.jpg,Multiple individuals seen,Verified,
CR00355,USR0241,SP0165,19.940891,74.465544,2026-01-04,CR00355_SP0165.jpg,Found near farm,Rejected,Species ID corrected by reviewer.
CR00356,USR0326,SP0047,19.8427,74.535432,2025-10-28,CR00356_SP0047.jpg,Reported by local farmer,Verified,Duplicate of earlier report.
CR00357,USR0308,SP0314,19.847261,74.598184,2021-01-31,CR00357_SP0314.jpg,Seen at riverbank,Verified,
CR00358,USR0047,SP0158,19.80239,74.548031,2022-05-11,CR00358_SP0158.jpg,Seen during college nature trail,Rejected,Duplicate of earlier report.
CR00359,USR0283,SP0352,19.87839,74.485114,2023-01-31,CR00359_SP0352.jpg,Found near farm,Verified,Duplicate of earlier report.
CR00360,USR0117,SP0243,19.92536,74.529845,2024-05-03,CR00360_SP0243.jpg,Seen during college nature trail,Verified,"Looks accurate, approved."
CR00361,USR0294,SP0180,19.826981,74.401406,2025-06-21,CR00361_SP0180.jpg,Roadkill reported,Verified,"Looks accurate, approved."
CR00362,USR0079,SP0443,19.819211,74.567958,2017-03-16,CR00362_SP0443.jpg,Seen at riverbank,Verified,Needs a clearer photo.
CR00363,USR0423,SP0128,19.827495,74.555638,2022-12-15,CR00363_SP0128.jpg,Found near farm,Verified,Species ID corrected by reviewer.
CR00364,USR0323,SP0213,19.807457,74.357325,2019-12-13,CR00364_SP0213.jpg,Noticed unusual coloration,Pending,
CR00365,USR0456,SP0425,19.931737,74.592961,2025-04-23,CR00365_SP0425.jpg,Spotted near temple pond,Rejected,Duplicate of earlier report.
CR00366,USR0398,SP0276,19.850511,74.442406,2026-01-10,CR00366_SP0276.jpg,Seen at riverbank,Verified,
CR00367,USR0113,SP0167,19.938836,74.439369,2019-09-29,CR00367_SP0167.jpg,Found near farm,Verified,"Looks accurate, approved."
CR00368,USR0251,SP0294,19.801859,74.479022,2023-06-23,CR00368_SP0294.jpg,Noticed unusual coloration,Verified,
CR00369,USR0103,SP0085,19.851631,74.467275,2019-12-15,CR00369_SP0085.jpg,Seen during college nature trail,Verified,"Looks accurate, approved."
CR00370,USR0146,SP0030,19.806045,74.476678,2018-10-14,CR00370_SP0030.jpg,Multiple individuals seen,Pending,
CR00371,USR0145,SP0084,19.856778,74.39889,2018-02-02,CR00371_SP0084.jpg,Spotted near temple pond,Verified,"Looks accurate, approved."
CR00372,USR0453,SP0029,19.923001,74.458108,2024-08-24,CR00372_SP0029.jpg,Roadkill reported,Rejected,Duplicate of earlier report.
CR00373,USR0084,SP0128,19.853689,74.436613,2020-04-11,CR00373_SP0128.jpg,Nesting site found,Verified,Needs a clearer photo.
CR00374,USR0291,SP0288,19.936018,74.479304,2021-01-23,CR00374_SP0288.jpg,Found near farm,Verified,Duplicate of earlier report.
CR00375,USR0148,SP0070,19.807039,74.480047,2018-11-21,CR00375_SP0070.jpg,Nesting site found,Pending,
CR00376,USR0361,SP0023,19.808665,74.448214,2020-12-08,CR00376_SP0023.jpg,Seen during college nature trail,Verified,
CR00377,USR0149,SP0177,19.910159,74.566868,2020-12-03,CR00377_SP0177.jpg,Nesting site found,Verified,"Looks accurate, approved."
CR00378,USR0324,SP0399,19.827486,74.589866,2021-01-19,CR00378_SP0399.jpg,Roadkill reported,Pending,Needs a clearer photo.
CR00379,USR0184,SP0133,19.886726,74.46211,2020-01-17,CR00379_SP0133.jpg,Spotted near temple pond,Verified,Duplicate of earlier report.
CR00380,USR0419,SP0240,19.811995,74.450162,2020-06-12,CR00380_SP0240.jpg,Multiple individuals seen,Verified,Needs a clearer photo.
CR00381,USR0403,SP0179,19.860065,74.429687,2022-03-13,CR00381_SP0179.jpg,Noticed unusual coloration,Verified,Needs a clearer photo.
CR00382,USR0168,SP0101,19.82547,74.470617,2025-07-10,CR00382_SP0101.jpg,Seen during college nature trail,Verified,Species ID corrected by reviewer.
CR00383,USR0215,SP0282,19.835293,74.528498,2023-10-05,CR00383_SP0282.jpg,Reported by local farmer,Pending,Cross-checked with expert - confirmed.
CR00384,USR0291,SP0232,19.824359,74.394784,2025-09-19,CR00384_SP0232.jpg,Noticed unusual coloration,Pending,Species ID corrected by reviewer.
CR00385,USR0024,SP0283,19.886711,74.37439,2024-02-07,CR00385_SP0283.jpg,Seen at riverbank,Pending,"Looks accurate, approved."
CR00386,USR0282,SP0011,19.936578,74.491281,2020-03-18,CR00386_SP0011.jpg,Reported by local farmer,Verified,Needs a clearer photo.
CR00387,USR0128,SP0407,19.94949,74.528902,2022-12-03,CR00387_SP0407.jpg,Spotted near temple pond,Verified,
CR00388,USR0024,SP0233,19.805821,74.488964,2022-06-18,CR00388_SP0233.jpg,Nesting site found,Verified,Species ID corrected by reviewer.
CR00389,USR0088,SP0021,19.894858,74.562897,2023-01-30,CR00389_SP0021.jpg,Multiple individuals seen,Pending,Species ID corrected by reviewer.
CR00390,USR0183,SP0368,19.856331,74.369495,2023-12-17,CR00390_SP0368.jpg,Found near farm,Pending,Duplicate of earlier report.
CR00391,USR0186,SP0040,19.898886,74.54498,2025-02-18,CR00391_SP0040.jpg,Seen during college nature trail,Verified,"Looks accurate, approved."
CR00392,USR0240,SP0201,19.877431,74.474195,2022-07-02,CR00392_SP0201.jpg,Noticed unusual coloration,Verified,Duplicate of earlier report.
CR00393,USR0394,SP0242,19.939305,74.500323,2018-09-13,CR00393_SP0242.jpg,Seen at riverbank,Verified,
CR00394,USR0450,SP0034,19.829038,74.41413,2026-02-21,CR00394_SP0034.jpg,Spotted near temple pond,Rejected,"Looks accurate, approved."
CR00395,USR0235,SP0160,19.934339,74.424269,2016-09-11,CR00395_SP0160.jpg,Spotted near temple pond,Verified,Needs a clearer photo.
CR00396,USR0445,SP0177,19.853741,74.352514,2021-09-24,CR00396_SP0177.jpg,Nesting site found,Verified,Duplicate of earlier report.
CR00397,USR0449,SP0080,19.926155,74.581793,2023-09-13,CR00397_SP0080.jpg,Seen during college nature trail,Verified,
CR00398,USR0296,SP0268,19.916705,74.474992,2025-08-17,CR00398_SP0268.jpg,Roadkill reported,Rejected,Cross-checked with expert - confirmed.
CR00399,USR0072,SP0026,19.826213,74.418459,2018-02-20,CR00399_SP0026.jpg,Found near farm,Pending,"Looks accurate, approved."
CR00400,USR0352,SP0023,19.91845,74.398058,2025-12-10,CR00400_SP0023.jpg,Nesting site found,Pending,
CR00401,USR0022,SP0213,19.806182,74.383408,2025-04-13,CR00401_SP0213.jpg,Spotted near temple pond,Verified,Cross-checked with expert - confirmed.
CR00402,USR0009,SP0456,19.867144,74.568746,2019-09-23,CR00402_SP0456.jpg,Noticed unusual coloration,Pending,Duplicate of earlier report.
CR00403,USR0321,SP0425,19.882346,74.548638,2021-04-18,CR00403_SP0425.jpg,Reported by local farmer,Verified,Cross-checked with expert - confirmed.
CR00404,USR0320,SP0458,19.914209,74.567581,2019-10-06,CR00404_SP0458.jpg,Multiple individuals seen,Verified,"Looks accurate, approved."
CR00405,USR0080,SP0068,19.825881,74.369944,2026-07-22,CR00405_SP0068.jpg,Multiple individuals seen,Pending,
CR00406,USR0090,SP0200,19.919273,74.549396,2025-11-01,CR00406_SP0200.jpg,Found near farm,Pending,Species ID corrected by reviewer.
CR00407,USR0263,SP0122,19.937217,74.516664,2024-07-28,CR00407_SP0122.jpg,Noticed unusual coloration,Verified,"Looks accurate, approved."
CR00408,USR0116,SP0375,19.848046,74.403943,2022-02-02,CR00408_SP0375.jpg,Seen at riverbank,Verified,
CR00409,USR0161,SP0219,19.893521,74.57705,2026-06-04,CR00409_SP0219.jpg,Roadkill reported,Verified,Duplicate of earlier report.
CR00410,USR0112,SP0267,19.926174,74.368811,2017-03-28,CR00410_SP0267.jpg,Seen during college nature trail,Verified,Needs a clearer photo.
CR00411,USR0146,SP0256,19.88495,74.428637,2017-02-05,CR00411_SP0256.jpg,Spotted near temple pond,Verified,
CR00412,USR0241,SP0344,19.910683,74.541115,2025-04-25,CR00412_SP0344.jpg,Seen during college nature trail,Pending,
CR00413,USR0478,SP0137,19.833902,74.505442,2026-02-11,CR00413_SP0137.jpg,Spotted near temple pond,Rejected,Needs a clearer photo.
CR00414,USR0110,SP0328,19.941502,74.394467,2023-04-07,CR00414_SP0328.jpg,Noticed unusual coloration,Verified,Cross-checked with expert - confirmed.
CR00415,USR0419,SP0354,19.825456,74.546229,2018-05-04,CR00415_SP0354.jpg,Reported by local farmer,Pending,"Looks accurate, approved."
CR00416,USR0083,SP0395,19.92894,74.579508,2022-04-13,CR00416_SP0395.jpg,Multiple individuals seen,Verified,Cross-checked with expert - confirmed.
CR00417,USR0223,SP0460,19.860176,74.369252,2017-07-23,CR00417_SP0460.jpg,Seen during college nature trail,Verified,Needs a clearer photo.
CR00418,USR0161,SP0354,19.887678,74.445947,2017-06-12,CR00418_SP0354.jpg,Found near farm,Pending,"Looks accurate, approved."
CR00419,USR0123,SP0439,19.861825,74.597498,2025-07-17,CR00419_SP0439.jpg,Found near farm,Verified,"Looks accurate, approved."
CR00420,USR0233,SP0329,19.900898,74.533165,2023-02-04,CR00420_SP0329.jpg,Found near farm,Verified,Duplicate of earlier report.
CR00421,USR0208,SP0068,19.915381,74.379865,2024-06-27,CR00421_SP0068.jpg,Seen during college nature trail,Pending,Cross-checked with expert - confirmed.
CR00422,USR0173,SP0146,19.83422,74.584638,2021-07-20,CR00422_SP0146.jpg,Roadkill reported,Pending,
CR00423,USR0259,SP0263,19.839222,74.523087,2023-05-22,CR00423_SP0263.jpg,Nesting site found,Pending,Cross-checked with expert - confirmed.
CR00424,USR0072,SP0292,19.907858,74.589494,2018-08-22,CR00424_SP0292.jpg,Spotted during morning walk,Rejected,Cross-checked with expert - confirmed.
CR00425,USR0417,SP0369,19.829585,74.487544,2020-06-26,CR00425_SP0369.jpg,Noticed unusual coloration,Verified,Duplicate of earlier report.
CR00426,USR0334,SP0360,19.908717,74.400947,2023-12-16,CR00426_SP0360.jpg,Found near farm,Pending,
CR00427,USR0433,SP0044,19.937807,74.540646,2023-10-16,CR00427_SP0044.jpg,Spotted near temple pond,Verified,
CR00428,USR0293,SP0362,19.859847,74.484431,2022-07-05,CR00428_SP0362.jpg,Noticed unusual coloration,Verified,Duplicate of earlier report.
CR00429,USR0037,SP0398,19.877413,74.44356,2018-05-10,CR00429_SP0398.jpg,Noticed unusual coloration,Verified,Species ID corrected by reviewer.
CR00430,USR0040,SP0171,19.886867,74.586357,2018-10-23,CR00430_SP0171.jpg,Seen at riverbank,Verified,Cross-checked with expert - confirmed.
CR00431,USR0440,SP0106,19.828249,74.537589,2020-10-14,CR00431_SP0106.jpg,Multiple individuals seen,Pending,
CR00432,USR0079,SP0374,19.854273,74.441159,2026-02-15,CR00432_SP0374.jpg,Multiple individuals seen,Verified,Species ID corrected by reviewer.
CR00433,USR0212,SP0270,19.944549,74.366225,2019-12-15,CR00433_SP0270.jpg,Seen during college nature trail,Verified,Needs a clearer photo.
CR00434,USR0149,SP0047,19.937908,74.368068,2025-02-15,CR00434_SP0047.jpg,Spotted near temple pond,Verified,Needs a clearer photo.
CR00435,USR0458,SP0283,19.884904,74.354787,2017-05-03,CR00435_SP0283.jpg,Multiple individuals seen,Rejected,Duplicate of earlier report.
CR00436,USR0087,SP0148,19.862933,74.355189,2023-05-23,CR00436_SP0148.jpg,Seen at riverbank,Pending,
CR00437,USR0437,SP0234,19.949797,74.357533,2024-04-19,CR00437_SP0234.jpg,Spotted near temple pond,Verified,Duplicate of earlier report.
CR00438,USR0265,SP0206,19.812823,74.382546,2026-01-18,CR00438_SP0206.jpg,Reported by local farmer,Rejected,Needs a clearer photo.
CR00439,USR0134,SP0016,19.937131,74.539314,2024-11-13,CR00439_SP0016.jpg,Multiple individuals seen,Pending,Needs a clearer photo.
CR00440,USR0034,SP0308,19.885827,74.426574,2019-10-01,CR00440_SP0308.jpg,Noticed unusual coloration,Verified,Needs a clearer photo.
CR00441,USR0079,SP0377,19.83291,74.357493,2018-05-19,CR00441_SP0377.jpg,Found near farm,Pending,
CR00442,USR0418,SP0139,19.914276,74.507463,2017-09-30,CR00442_SP0139.jpg,Reported by local farmer,Verified,
CR00443,USR0144,SP0351,19.934836,74.395301,2022-08-20,CR00443_SP0351.jpg,Seen during college nature trail,Rejected,Species ID corrected by reviewer.
CR00444,USR0212,SP0302,19.915048,74.465715,2016-09-13,CR00444_SP0302.jpg,Reported by local farmer,Verified,Species ID corrected by reviewer.
CR00445,USR0338,SP0073,19.811196,74.483129,2023-08-22,CR00445_SP0073.jpg,Spotted near temple pond,Verified,"Looks accurate, approved."
CR00446,USR0343,SP0264,19.895703,74.549444,2018-11-03,CR00446_SP0264.jpg,Spotted during morning walk,Verified,Needs a clearer photo.
CR00447,USR0317,SP0156,19.940383,74.379612,2017-12-25,CR00447_SP0156.jpg,Noticed unusual coloration,Pending,Needs a clearer photo.
CR00448,USR0199,SP0382,19.833845,74.492863,2023-05-04,CR00448_SP0382.jpg,Reported by local farmer,Rejected,Species ID corrected by reviewer.
CR00449,USR0186,SP0166,19.902873,74.356481,2023-02-07,CR00449_SP0166.jpg,Nesting site found,Rejected,Species ID corrected by reviewer.
CR00450,USR0070,SP0415,19.917902,74.5458,2019-05-17,CR00450_SP0415.jpg,Roadkill reported,Verified,
CR00451,USR0155,SP0093,19.890005,74.525879,2019-09-05,CR00451_SP0093.jpg,Multiple individuals seen,Verified,
CR00452,USR0053,SP0341,19.821611,74.350247,2017-05-11,CR00452_SP0341.jpg,Spotted near temple pond,Rejected,
CR00453,USR0167,SP0103,19.882967,74.434126,2023-12-12,CR00453_SP0103.jpg,Reported by local farmer,Rejected,
CR00454,USR0265,SP0298,19.917703,74.434063,2020-05-13,CR00454_SP0298.jpg,Spotted near temple pond,Pending,
CR00455,USR0100,SP0411,19.847871,74.362398,2018-03-10,CR00455_SP0411.jpg,Seen during college nature trail,Verified,
CR00456,USR0112,SP0117,19.823136,74.573746,2023-03-13,CR00456_SP0117.jpg,Roadkill reported,Verified,Duplicate of earlier report.
CR00457,USR0002,SP0060,19.87925,74.504273,2018-12-21,CR00457_SP0060.jpg,Spotted during morning walk,Verified,Needs a clearer photo.
CR00458,USR0421,SP0205,19.918855,74.532446,2026-06-11,CR00458_SP0205.jpg,Noticed unusual coloration,Verified,
CR00459,USR0492,SP0187,19.901553,74.440795,2019-10-02,CR00459_SP0187.jpg,Multiple individuals seen,Verified,"Looks accurate, approved."
CR00460,USR0460,SP0003,19.900884,74.569237,2023-09-08,CR00460_SP0003.jpg,Nesting site found,Verified,
CR00461,USR0089,SP0137,19.8221,74.51385,2021-06-15,CR00461_SP0137.jpg,Spotted near temple pond,Verified,Cross-checked with expert - confirmed.
CR00462,USR0310,SP0305,19.816976,74.549205,2019-03-27,CR00462_SP0305.jpg,Spotted near temple pond,Verified,Species ID corrected by reviewer.
CR00463,USR0307,SP0036,19.876561,74.468906,2021-09-17,CR00463_SP0036.jpg,Seen at riverbank,Rejected,
CR00464,USR0007,SP0414,19.895557,74.509401,2018-09-30,CR00464_SP0414.jpg,Reported by local farmer,Pending,Species ID corrected by reviewer.
CR00465,USR0266,SP0078,19.948836,74.524535,2020-07-17,CR00465_SP0078.jpg,Roadkill reported,Verified,Species ID corrected by reviewer.
CR00466,USR0423,SP0457,19.850736,74.560763,2020-06-07,CR00466_SP0457.jpg,Seen during college nature trail,Verified,Species ID corrected by reviewer.
CR00467,USR0374,SP0163,19.82801,74.568665,2020-03-19,CR00467_SP0163.jpg,Seen at riverbank,Verified,Cross-checked with expert - confirmed.
CR00468,USR0065,SP0454,19.832307,74.458694,2017-07-28,CR00468_SP0454.jpg,Spotted during morning walk,Pending,Duplicate of earlier report.
CR00469,USR0463,SP0416,19.94475,74.595747,2024-01-31,CR00469_SP0416.jpg,Noticed unusual coloration,Verified,Duplicate of earlier report.
CR00470,USR0381,SP0402,19.913271,74.483042,2021-03-31,CR00470_SP0402.jpg,Noticed unusual coloration,Pending,Needs a clearer photo.
CR00471,USR0288,SP0043,19.882876,74.376738,2024-10-26,CR00471_SP0043.jpg,Seen during college nature trail,Verified,"Looks accurate, approved."
CR00472,USR0437,SP0295,19.949437,74.476895,2018-09-25,CR00472_SP0295.jpg,Multiple individuals seen,Pending,Duplicate of earlier report.
CR00473,USR0180,SP0197,19.849599,74.521702,2021-07-08,CR00473_SP0197.jpg,Noticed unusual coloration,Verified,"Looks accurate, approved."
CR00474,USR0453,SP0457,19.946748,74.425569,2022-06-03,CR00474_SP0457.jpg,Nesting site found,Rejected,
CR00475,USR0369,SP0370,19.919058,74.541061,2019-01-23,CR00475_SP0370.jpg,Seen during college nature trail,Pending,
CR00476,USR0136,SP0063,19.909671,74.421665,2017-08-14,CR00476_SP0063.jpg,Multiple individuals seen,Verified,"Looks accurate, approved."
CR00477,USR0400,SP0159,19.819997,74.389163,2020-09-02,CR00477_SP0159.jpg,Nesting site found,Verified,
CR00478,USR0215,SP0005,19.92287,74.360147,2018-12-10,CR00478_SP0005.jpg,Multiple individuals seen,Rejected,Cross-checked with expert - confirmed.
CR00479,USR0291,SP0413,19.913399,74.392273,2024-11-12,CR00479_SP0413.jpg,Nesting site found,Verified,
CR00480,USR0300,SP0125,19.823302,74.488552,2023-06-13,CR00480_SP0125.jpg,Spotted near temple pond,Verified,Species ID corrected by reviewer.
CR00481,USR0069,SP0379,19.803074,74.4245,2025-11-12,CR00481_SP0379.jpg,Seen at riverbank,Verified,
CR00482,USR0304,SP0157,19.820611,74.477258,2017-09-25,CR00482_SP0157.jpg,Nesting site found,Verified,
CR00483,USR0056,SP0217,19.896117,74.596444,2023-12-15,CR00483_SP0217.jpg,Multiple individuals seen,Pending,
CR00484,USR0093,SP0412,19.80303,74.566397,2024-03-05,CR00484_SP0412.jpg,Nesting site found,Verified,Species ID corrected by reviewer.
CR00485,USR0123,SP0238,19.865625,74.480829,2018-03-13,CR00485_SP0238.jpg,Spotted during morning walk,Pending,
CR00486,USR0250,SP0372,19.90775,74.475415,2017-01-07,CR00486_SP0372.jpg,Seen during college nature trail,Pending,Species ID corrected by reviewer.
CR00487,USR0368,SP0341,19.944266,74.580911,2020-08-14,CR00487_SP0341.jpg,Seen during college nature trail,Pending,
CR00488,USR0250,SP0366,19.944837,74.418464,2019-09-05,CR00488_SP0366.jpg,Found near farm,Pending,Needs a clearer photo.
CR00489,USR0115,SP0451,19.881857,74.524961,2016-09-03,CR00489_SP0451.jpg,Noticed unusual coloration,Pending,Duplicate of earlier report.
CR00490,USR0038,SP0230,19.811408,74.406149,2018-02-02,CR00490_SP0230.jpg,Nesting site found,Verified,Duplicate of earlier report.
CR00491,USR0253,SP0353,19.819589,74.492273,2021-05-13,CR00491_SP0353.jpg,Seen at riverbank,Rejected,"Looks accurate, approved."
CR00492,USR0149,SP0150,19.911119,74.493148,2025-06-24,CR00492_SP0150.jpg,Spotted near temple pond,Rejected,
CR00493,USR0178,SP0127,19.827231,74.497201,2018-07-20,CR00493_SP0127.jpg,Seen during college nature trail,Verified,"Looks accurate, approved."
CR00494,USR0064,SP0300,19.846564,74.431703,2020-09-11,CR00494_SP0300.jpg,Spotted during morning walk,Rejected,Duplicate of earlier report.
CR00495,USR0188,SP0046,19.873136,74.530439,2021-09-18,CR00495_SP0046.jpg,Spotted near temple pond,Verified,Needs a clearer photo.
CR00496,USR0154,SP0024,19.903406,74.563021,2019-12-06,CR00496_SP0024.jpg,Multiple individuals seen,Verified,
CR00497,USR0469,SP0156,19.888559,74.427701,2023-02-03,CR00497_SP0156.jpg,Nesting site found,Verified,
CR00498,USR0053,SP0044,19.855557,74.377472,2018-06-13,CR00498_SP0044.jpg,Multiple individuals seen,Verified,Species ID corrected by reviewer.
CR00499,USR0438,SP0193,19.81277,74.477477,2023-04-16,CR00499_SP0193.jpg,Nesting site found,Verified,Duplicate of earlier report.
CR00500,USR0243,SP0032,19.869752,74.575582,2026-02-22,CR00500_SP0032.jpg,Reported by local farmer,Verified,Duplicate of earlier report.
CR00501,USR0299,SP0027,19.913605,74.430889,2020-07-31,CR00501_SP0027.jpg,Seen during college nature trail,Verified,
CR00502,USR0247,SP0218,19.873805,74.516392,2018-02-11,CR00502_SP0218.jpg,Spotted near temple pond,Verified,
CR00503,USR0493,SP0418,19.825672,74.585132,2021-11-27,CR00503_SP0418.jpg,Nesting site found,Verified,
CR00504,USR0480,SP0355,19.803742,74.480861,2022-09-06,CR00504_SP0355.jpg,Nesting site found,Verified,Species ID corrected by reviewer.
CR00505,USR0260,SP0139,19.905493,74.419212,2023-12-23,CR00505_SP0139.jpg,Nesting site found,Verified,Needs a clearer photo.
CR00506,USR0235,SP0258,19.808742,74.482673,2020-01-15,CR00506_SP0258.jpg,Nesting site found,Verified,"Looks accurate, approved."
CR00507,USR0112,SP0067,19.918415,74.401954,2026-01-28,CR00507_SP0067.jpg,Reported by local farmer,Verified,Species ID corrected by reviewer.
CR00508,USR0063,SP0448,19.832453,74.506992,2017-01-15,CR00508_SP0448.jpg,Spotted during morning walk,Verified,Species ID corrected by reviewer.
CR00509,USR0042,SP0216,19.908541,74.526583,2020-01-09,CR00509_SP0216.jpg,Found near farm,Rejected,Needs a clearer photo.
CR00510,USR0455,SP0225,19.823546,74.577557,2024-04-02,CR00510_SP0225.jpg,Found near farm,Pending,Needs a clearer photo.
CR00511,USR0048,SP0423,19.81587,74.542041,2021-06-08,CR00511_SP0423.jpg,Multiple individuals seen,Verified,Needs a clearer photo.
CR00512,USR0084,SP0261,19.946309,74.55228,2021-04-04,CR00512_SP0261.jpg,Multiple individuals seen,Verified,Cross-checked with expert - confirmed.
CR00513,USR0039,SP0256,19.82714,74.488372,2016-12-23,CR00513_SP0256.jpg,Noticed unusual coloration,Pending,Species ID corrected by reviewer.
CR00514,USR0303,SP0043,19.803614,74.58524,2021-04-16,CR00514_SP0043.jpg,Found near farm,Verified,Species ID corrected by reviewer.
CR00515,USR0321,SP0004,19.818884,74.588073,2024-07-08,CR00515_SP0004.jpg,Spotted during morning walk,Pending,
CR00516,USR0176,SP0040,19.828235,74.522531,2018-03-14,CR00516_SP0040.jpg,Seen at riverbank,Verified,"Looks accurate, approved."
CR00517,USR0340,SP0448,19.926257,74.44114,2018-08-26,CR00517_SP0448.jpg,Found near farm,Verified,
CR00518,USR0203,SP0176,19.87245,74.48583,2020-10-07,CR00518_SP0176.jpg,Multiple individuals seen,Pending,Cross-checked with expert - confirmed.
CR00519,USR0486,SP0136,19.905267,74.532127,2020-05-24,CR00519_SP0136.jpg,Reported by local farmer,Pending,Cross-checked with expert - confirmed.
CR00520,USR0125,SP0145,19.905423,74.449962,2021-04-19,CR00520_SP0145.jpg,Spotted near temple pond,Verified,Duplicate of earlier report.
CR00521,USR0334,SP0217,19.850323,74.473609,2022-10-26,CR00521_SP0217.jpg,Roadkill reported,Verified,Needs a clearer photo.
CR00522,USR0481,SP0207,19.922745,74.489466,2024-04-07,CR00522_SP0207.jpg,Multiple individuals seen,Verified,
CR00523,USR0172,SP0396,19.831492,74.416303,2017-06-26,CR00523_SP0396.jpg,Found near farm,Pending,
CR00524,USR0187,SP0383,19.816299,74.533552,2024-01-23,CR00524_SP0383.jpg,Multiple individuals seen,Verified,"Looks accurate, approved."
CR00525,USR0144,SP0286,19.872204,74.547752,2020-02-25,CR00525_SP0286.jpg,Spotted near temple pond,Rejected,Cross-checked with expert - confirmed.
CR00526,USR0137,SP0210,19.817136,74.355849,2021-10-19,CR00526_SP0210.jpg,Reported by local farmer,Verified,"Looks accurate, approved."
CR00527,USR0411,SP0056,19.856578,74.36342,2025-07-18,CR00527_SP0056.jpg,Noticed unusual coloration,Pending,
CR00528,USR0063,SP0447,19.87669,74.541439,2022-12-09,CR00528_SP0447.jpg,Spotted near temple pond,Verified,
CR00529,USR0080,SP0060,19.886272,74.571161,2025-11-08,CR00529_SP0060.jpg,Seen at riverbank,Pending,"Looks accurate, approved."
CR00530,USR0164,SP0226,19.858289,74.565113,2025-12-02,CR00530_SP0226.jpg,Roadkill reported,Pending,Needs a clearer photo.
CR00531,USR0214,SP0372,19.905429,74.4188,2024-09-13,CR00531_SP0372.jpg,Multiple individuals seen,Pending,Needs a clearer photo.
CR00532,USR0028,SP0317,19.933524,74.555295,2025-11-26,CR00532_SP0317.jpg,Seen during college nature trail,Verified,"Looks accurate, approved."
CR00533,USR0461,SP0297,19.85882,74.437934,2016-08-07,CR00533_SP0297.jpg,Reported by local farmer,Verified,Cross-checked with expert - confirmed.
CR00534,USR0376,SP0071,19.873314,74.555699,2020-03-06,CR00534_SP0071.jpg,Roadkill reported,Verified,Needs a clearer photo.
CR00535,USR0470,SP0212,19.861287,74.54033,2019-11-16,CR00535_SP0212.jpg,Nesting site found,Verified,Duplicate of earlier report.
CR00536,USR0125,SP0196,19.913278,74.481942,2019-06-09,CR00536_SP0196.jpg,Roadkill reported,Verified,
CR00537,USR0405,SP0013,19.931148,74.51796,2026-07-04,CR00537_SP0013.jpg,Noticed unusual coloration,Verified,Species ID corrected by reviewer.
CR00538,USR0058,SP0229,19.808093,74.583652,2026-03-27,CR00538_SP0229.jpg,Multiple individuals seen,Rejected,Duplicate of earlier report.
CR00539,USR0132,SP0343,19.876493,74.52416,2023-05-02,CR00539_SP0343.jpg,Reported by local farmer,Verified,"Looks accurate, approved."
CR00540,USR0242,SP0159,19.870815,74.465545,2016-09-20,CR00540_SP0159.jpg,Spotted near temple pond,Verified,"Looks accurate, approved."
CR00541,USR0210,SP0112,19.866021,74.48839,2024-05-15,CR00541_SP0112.jpg,Found near farm,Verified,Cross-checked with expert - confirmed.
CR00542,USR0346,SP0311,19.807956,74.46554,2026-07-10,CR00542_SP0311.jpg,Seen at riverbank,Pending,Duplicate of earlier report.
CR00543,USR0310,SP0053,19.944623,74.501172,2026-04-11,CR00543_SP0053.jpg,Nesting site found,Verified,Species ID corrected by reviewer.
CR00544,USR0341,SP0447,19.908078,74.452159,2023-09-21,CR00544_SP0447.jpg,Spotted during morning walk,Verified,Needs a clearer photo.
CR00545,USR0003,SP0368,19.809096,74.393795,2020-10-11,CR00545_SP0368.jpg,Seen at riverbank,Verified,
CR00546,USR0420,SP0174,19.843521,74.588813,2025-06-25,CR00546_SP0174.jpg,Seen at riverbank,Verified,
CR00547,USR0458,SP0157,19.820716,74.533202,2023-05-10,CR00547_SP0157.jpg,Roadkill reported,Verified,Cross-checked with expert - confirmed.
CR00548,USR0462,SP0220,19.85596,74.426227,2021-07-01,CR00548_SP0220.jpg,Multiple individuals seen,Verified,Cross-checked with expert - confirmed.
CR00549,USR0013,SP0459,19.836723,74.463662,2026-07-27,CR00549_SP0459.jpg,Seen during college nature trail,Pending,
CR00550,USR0230,SP0349,19.833429,74.44132,2024-05-26,CR00550_SP0349.jpg,Nesting site found,Verified,
CR00551,USR0261,SP0170,19.849091,74.430978,2024-11-25,CR00551_SP0170.jpg,Multiple individuals seen,Verified,
CR00552,USR0106,SP0287,19.82706,74.440448,2022-08-07,CR00552_SP0287.jpg,Seen during college nature trail,Verified,"Looks accurate, approved."
CR00553,USR0227,SP0443,19.806051,74.457011,2026-02-28,CR00553_SP0443.jpg,Multiple individuals seen,Verified,"Looks accurate, approved."
CR00554,USR0247,SP0361,19.896241,74.356025,2023-01-12,CR00554_SP0361.jpg,Seen during college nature trail,Pending,Duplicate of earlier report.
CR00555,USR0463,SP0424,19.871212,74.593574,2025-03-15,CR00555_SP0424.jpg,Noticed unusual coloration,Verified,Duplicate of earlier report.
CR00556,USR0303,SP0442,19.897431,74.571826,2023-05-28,CR00556_SP0442.jpg,Spotted near temple pond,Rejected,Needs a clearer photo.
CR00557,USR0247,SP0166,19.90369,74.494658,2026-03-27,CR00557_SP0166.jpg,Reported by local farmer,Pending,
CR00558,USR0123,SP0094,19.919638,74.47156,2019-10-18,CR00558_SP0094.jpg,Seen during college nature trail,Verified,Species ID corrected by reviewer.
CR00559,USR0449,SP0296,19.900616,74.403908,2019-10-04,CR00559_SP0296.jpg,Noticed unusual coloration,Verified,"Looks accurate, approved."
CR00560,USR0453,SP0118,19.835002,74.464317,2017-05-09,CR00560_SP0118.jpg,Spotted near temple pond,Pending,"Looks accurate, approved."
CR00561,USR0282,SP0021,19.841161,74.583965,2019-11-02,CR00561_SP0021.jpg,Found near farm,Pending,
CR00562,USR0365,SP0014,19.849128,74.432962,2022-10-23,CR00562_SP0014.jpg,Seen at riverbank,Verified,
CR00563,USR0352,SP0327,19.903132,74.402937,2022-08-25,CR00563_SP0327.jpg,Seen during college nature trail,Verified,
CR00564,USR0228,SP0078,19.818657,74.5905,2016-11-07,CR00564_SP0078.jpg,Seen at riverbank,Rejected,Needs a clearer photo.
CR00565,USR0339,SP0204,19.881335,74.364998,2024-09-14,CR00565_SP0204.jpg,Nesting site found,Verified,Needs a clearer photo.
CR00566,USR0482,SP0322,19.813018,74.471735,2020-08-30,CR00566_SP0322.jpg,Reported by local farmer,Verified,
CR00567,USR0348,SP0056,19.865587,74.425267,2023-04-30,CR00567_SP0056.jpg,Multiple individuals seen,Verified,"Looks accurate, approved."
CR00568,USR0189,SP0253,19.841942,74.555077,2016-10-15,CR00568_SP0253.jpg,Spotted during morning walk,Rejected,Cross-checked with expert - confirmed.
CR00569,USR0326,SP0294,19.865362,74.52407,2018-01-20,CR00569_SP0294.jpg,Roadkill reported,Rejected,Needs a clearer photo.
CR00570,USR0200,SP0081,19.841595,74.483756,2018-11-28,CR00570_SP0081.jpg,Spotted during morning walk,Rejected,Species ID corrected by reviewer.
CR00571,USR0112,SP0417,19.888806,74.58765,2021-07-14,CR00571_SP0417.jpg,Nesting site found,Rejected,Cross-checked with expert - confirmed.
CR00572,USR0020,SP0119,19.902763,74.495709,2018-03-07,CR00572_SP0119.jpg,Spotted near temple pond,Pending,"Looks accurate, approved."
CR00573,USR0407,SP0130,19.942801,74.433975,2017-06-06,CR00573_SP0130.jpg,Spotted during morning walk,Verified,Needs a clearer photo.
CR00574,USR0185,SP0256,19.925302,74.486974,2021-09-03,CR00574_SP0256.jpg,Spotted near temple pond,Pending,Cross-checked with expert - confirmed.
CR00575,USR0301,SP0211,19.944364,74.445913,2021-12-01,CR00575_SP0211.jpg,Multiple individuals seen,Verified,Needs a clearer photo.
CR00576,USR0127,SP0063,19.84451,74.526766,2019-01-28,CR00576_SP0063.jpg,Roadkill reported,Verified,
CR00577,USR0125,SP0028,19.866006,74.415965,2023-02-18,CR00577_SP0028.jpg,Spotted near temple pond,Verified,Cross-checked with expert - confirmed.
CR00578,USR0207,SP0114,19.840936,74.43106,2022-08-27,CR00578_SP0114.jpg,Roadkill reported,Verified,"Looks accurate, approved."
CR00579,USR0214,SP0315,19.853458,74.485336,2024-04-12,CR00579_SP0315.jpg,Spotted near temple pond,Verified,
CR00580,USR0097,SP0263,19.867272,74.469094,2020-04-20,CR00580_SP0263.jpg,Nesting site found,Verified,Cross-checked with expert - confirmed.
CR00581,USR0337,SP0292,19.842547,74.423164,2016-11-27,CR00581_SP0292.jpg,Spotted during morning walk,Rejected,"Looks accurate, approved."
CR00582,USR0334,SP0224,19.822542,74.595159,2026-05-30,CR00582_SP0224.jpg,Reported by local farmer,Verified,Species ID corrected by reviewer.
CR00583,USR0059,SP0114,19.875277,74.360503,2018-02-03,CR00583_SP0114.jpg,Spotted near temple pond,Rejected,Species ID corrected by reviewer.
CR00584,USR0214,SP0428,19.826566,74.590202,2016-08-12,CR00584_SP0428.jpg,Multiple individuals seen,Pending,Species ID corrected by reviewer.
CR00585,USR0330,SP0014,19.85851,74.455087,2023-05-21,CR00585_SP0014.jpg,Multiple individuals seen,Verified,Duplicate of earlier report.
CR00586,USR0023,SP0406,19.829997,74.497702,2024-11-24,CR00586_SP0406.jpg,Noticed unusual coloration,Rejected,Cross-checked with expert - confirmed.
CR00587,USR0103,SP0162,19.824417,74.482543,2017-03-29,CR00587_SP0162.jpg,Nesting site found,Pending,Duplicate of earlier report.
CR00588,USR0206,SP0091,19.889343,74.524549,2025-09-28,CR00588_SP0091.jpg,Seen at riverbank,Verified,Duplicate of earlier report.
CR00589,USR0452,SP0017,19.840375,74.440049,2017-11-03,CR00589_SP0017.jpg,Seen during college nature trail,Verified,
CR00590,USR0416,SP0329,19.834496,74.4422,2022-01-10,CR00590_SP0329.jpg,Roadkill reported,Verified,
CR00591,USR0351,SP0187,19.935147,74.590625,2025-07-08,CR00591_SP0187.jpg,Roadkill reported,Pending,Duplicate of earlier report.
CR00592,USR0226,SP0267,19.856315,74.589923,2021-08-17,CR00592_SP0267.jpg,Seen at riverbank,Verified,Species ID corrected by reviewer.
CR00593,USR0111,SP0086,19.879705,74.576641,2020-06-17,CR00593_SP0086.jpg,Found near farm,Verified,Species ID corrected by reviewer.
CR00594,USR0286,SP0255,19.947871,74.369898,2025-02-14,CR00594_SP0255.jpg,Reported by local farmer,Pending,Duplicate of earlier report.
CR00595,USR0264,SP0409,19.934517,74.530904,2017-01-28,CR00595_SP0409.jpg,Multiple individuals seen,Verified,"Looks accurate, approved."
CR00596,USR0299,SP0266,19.931478,74.530572,2019-09-05,CR00596_SP0266.jpg,Spotted during morning walk,Rejected,Species ID corrected by reviewer.
CR00597,USR0388,SP0311,19.919119,74.592268,2017-07-03,CR00597_SP0311.jpg,Noticed unusual coloration,Verified,"Looks accurate, approved."
CR00598,USR0182,SP0052,19.891047,74.467081,2022-06-29,CR00598_SP0052.jpg,Noticed unusual coloration,Pending,
CR00599,USR0192,SP0245,19.823503,74.498071,2017-06-24,CR00599_SP0245.jpg,Nesting site found,Verified,
CR00600,USR0139,SP0009,19.873678,74.499538,2024-05-17,CR00600_SP0009.jpg,Found near farm,Verified,
CR00601,USR0101,SP0066,19.924483,74.365076,2024-07-13,CR00601_SP0066.jpg,Spotted during morning walk,Verified,
CR00602,USR0471,SP0179,19.807959,74.523891,2025-02-07,CR00602_SP0179.jpg,Noticed unusual coloration,Verified,Species ID corrected by reviewer.
CR00603,USR0209,SP0430,19.823367,74.559367,2021-05-09,CR00603_SP0430.jpg,Seen during college nature trail,Pending,
CR00604,USR0397,SP0220,19.915395,74.367221,2022-02-22,CR00604_SP0220.jpg,Found near farm,Pending,Needs a clearer photo.
CR00605,USR0444,SP0334,19.920141,74.556706,2023-03-11,CR00605_SP0334.jpg,Nesting site found,Verified,
CR00606,USR0432,SP0257,19.863351,74.583149,2025-01-05,CR00606_SP0257.jpg,Roadkill reported,Verified,Needs a clearer photo.
CR00607,USR0091,SP0087,19.920597,74.426508,2021-03-11,CR00607_SP0087.jpg,Found near farm,Verified,Needs a clearer photo.
CR00608,USR0376,SP0244,19.800192,74.431449,2017-12-21,CR00608_SP0244.jpg,Found near farm,Verified,"Looks accurate, approved."
CR00609,USR0308,SP0341,19.806532,74.53945,2018-05-07,CR00609_SP0341.jpg,Nesting site found,Verified,Needs a clearer photo.
CR00610,USR0434,SP0301,19.810366,74.489393,2024-08-06,CR00610_SP0301.jpg,Found near farm,Verified,
CR00611,USR0056,SP0307,19.922947,74.435753,2017-07-29,CR00611_SP0307.jpg,Seen during college nature trail,Verified,Cross-checked with expert - confirmed.
CR00612,USR0269,SP0399,19.929279,74.550797,2020-02-09,CR00612_SP0399.jpg,Seen at riverbank,Verified,"Looks accurate, approved."
CR00613,USR0357,SP0338,19.875551,74.400601,2017-09-14,CR00613_SP0338.jpg,Nesting site found,Rejected,
CR00614,USR0064,SP0230,19.903062,74.40485,2019-08-20,CR00614_SP0230.jpg,Spotted near temple pond,Pending,Species ID corrected by reviewer.
CR00615,USR0366,SP0436,19.85788,74.501678,2020-05-06,CR00615_SP0436.jpg,Spotted during morning walk,Pending,
CR00616,USR0473,SP0395,19.886027,74.413552,2022-08-25,CR00616_SP0395.jpg,Multiple individuals seen,Pending,Species ID corrected by reviewer.
CR00617,USR0184,SP0209,19.811616,74.437556,2025-05-22,CR00617_SP0209.jpg,Found near farm,Rejected,
CR00618,USR0289,SP0229,19.905319,74.378871,2021-02-05,CR00618_SP0229.jpg,Reported by local farmer,Verified,Duplicate of earlier report.
CR00619,USR0402,SP0050,19.926705,74.369102,2017-10-20,CR00619_SP0050.jpg,Seen at riverbank,Pending,"Looks accurate, approved."
CR00620,USR0352,SP0391,19.857753,74.553739,2023-03-12,CR00620_SP0391.jpg,Roadkill reported,Verified,Species ID corrected by reviewer.
CR00621,USR0081,SP0261,19.89545,74.519846,2020-09-02,CR00621_SP0261.jpg,Spotted during morning walk,Verified,
CR00622,USR0385,SP0218,19.808208,74.387191,2018-09-27,CR00622_SP0218.jpg,Multiple individuals seen,Verified,
CR00623,USR0318,SP0239,19.825594,74.360838,2023-11-02,CR00623_SP0239.jpg,Spotted near temple pond,Verified,Duplicate of earlier report.
CR00624,USR0070,SP0004,19.83662,74.373273,2017-12-22,CR00624_SP0004.jpg,Spotted during morning walk,Rejected,Species ID corrected by reviewer.
CR00625,USR0286,SP0202,19.836388,74.521802,2023-10-02,CR00625_SP0202.jpg,Roadkill reported,Pending,Duplicate of earlier report.
CR00626,USR0006,SP0214,19.818925,74.562155,2023-05-04,CR00626_SP0214.jpg,Noticed unusual coloration,Verified,Needs a clearer photo.
CR00627,USR0284,SP0053,19.932777,74.367067,2018-09-17,CR00627_SP0053.jpg,Seen during college nature trail,Verified,Needs a clearer photo.
CR00628,USR0418,SP0369,19.8132,74.412365,2019-02-06,CR00628_SP0369.jpg,Spotted near temple pond,Verified,Species ID corrected by reviewer.
CR00629,USR0295,SP0407,19.858716,74.46343,2023-01-24,CR00629_SP0407.jpg,Multiple individuals seen,Pending,Cross-checked with expert - confirmed.
CR00630,USR0044,SP0109,19.835531,74.557758,2025-12-19,CR00630_SP0109.jpg,Noticed unusual coloration,Verified,
CR00631,USR0013,SP0336,19.879504,74.488448,2017-12-03,CR00631_SP0336.jpg,Seen during college nature trail,Pending,Needs a clearer photo.
CR00632,USR0092,SP0070,19.820103,74.358249,2024-03-05,CR00632_SP0070.jpg,Seen at riverbank,Rejected,Needs a clearer photo.
CR00633,USR0366,SP0002,19.936874,74.4753,2017-05-10,CR00633_SP0002.jpg,Multiple individuals seen,Verified,"Looks accurate, approved."
CR00634,USR0126,SP0319,19.898282,74.567347,2024-01-15,CR00634_SP0319.jpg,Found near farm,Verified,Cross-checked with expert - confirmed.
CR00635,USR0449,SP0413,19.944673,74.569004,2019-10-11,CR00635_SP0413.jpg,Roadkill reported,Pending,Duplicate of earlier report.
CR00636,USR0452,SP0298,19.837191,74.439463,2020-02-13,CR00636_SP0298.jpg,Reported by local farmer,Verified,Species ID corrected by reviewer.
CR00637,USR0298,SP0356,19.825952,74.584687,2026-07-24,CR00637_SP0356.jpg,Multiple individuals seen,Rejected,Needs a clearer photo.
CR00638,USR0312,SP0284,19.853202,74.502695,2025-02-17,CR00638_SP0284.jpg,Reported by local farmer,Verified,
CR00639,USR0020,SP0163,19.813528,74.518633,2020-09-19,CR00639_SP0163.jpg,Found near farm,Verified,Duplicate of earlier report.
CR00640,USR0223,SP0257,19.865014,74.454875,2024-07-15,CR00640_SP0257.jpg,Seen during college nature trail,Rejected,
CR00641,USR0395,SP0460,19.807379,74.381535,2024-04-03,CR00641_SP0460.jpg,Roadkill reported,Rejected,Needs a clearer photo.
CR00642,USR0163,SP0332,19.902474,74.446007,2016-09-01,CR00642_SP0332.jpg,Noticed unusual coloration,Pending,Cross-checked with expert - confirmed.
CR00643,USR0142,SP0349,19.828791,74.4462,2024-09-12,CR00643_SP0349.jpg,Seen during college nature trail,Verified,"Looks accurate, approved."
CR00644,USR0374,SP0277,19.886646,74.548975,2020-12-16,CR00644_SP0277.jpg,Roadkill reported,Verified,
CR00645,USR0188,SP0263,19.949712,74.504555,2018-07-14,CR00645_SP0263.jpg,Found near farm,Verified,Needs a clearer photo.
CR00646,USR0274,SP0409,19.873954,74.474803,2021-02-20,CR00646_SP0409.jpg,Noticed unusual coloration,Verified,Duplicate of earlier report.
CR00647,USR0025,SP0217,19.837803,74.364966,2018-05-05,CR00647_SP0217.jpg,Roadkill reported,Verified,Species ID corrected by reviewer.
CR00648,USR0038,SP0337,19.888847,74.477948,2023-06-28,CR00648_SP0337.jpg,Seen during college nature trail,Pending,Needs a clearer photo.
CR00649,USR0088,SP0094,19.829848,74.437515,2022-09-19,CR00649_SP0094.jpg,Seen at riverbank,Pending,"Looks accurate, approved."
CR00650,USR0024,SP0345,19.851571,74.434929,2021-01-24,CR00650_SP0345.jpg,Seen at riverbank,Verified,
CR00651,USR0239,SP0273,19.892045,74.515031,2016-11-12,CR00651_SP0273.jpg,Nesting site found,Verified,Needs a clearer photo.
CR00652,USR0338,SP0059,19.874484,74.453713,2020-11-09,CR00652_SP0059.jpg,Found near farm,Verified,Cross-checked with expert - confirmed.
CR00653,USR0445,SP0004,19.871489,74.525753,2018-11-01,CR00653_SP0004.jpg,Noticed unusual coloration,Verified,
CR00654,USR0033,SP0295,19.820421,74.533575,2016-12-13,CR00654_SP0295.jpg,Found near farm,Pending,"Looks accurate, approved."
CR00655,USR0255,SP0334,19.806541,74.41688,2017-06-08,CR00655_SP0334.jpg,Noticed unusual coloration,Pending,Needs a clearer photo.
CR00656,USR0493,SP0104,19.83826,74.452597,2022-11-09,CR00656_SP0104.jpg,Spotted near temple pond,Verified,Species ID corrected by reviewer.
CR00657,USR0350,SP0457,19.902322,74.400724,2019-04-09,CR00657_SP0457.jpg,Spotted near temple pond,Verified,Duplicate of earlier report.
CR00658,USR0045,SP0447,19.859647,74.547925,2020-05-02,CR00658_SP0447.jpg,Roadkill reported,Pending,"Looks accurate, approved."
CR00659,USR0418,SP0128,19.92856,74.469386,2016-09-17,CR00659_SP0128.jpg,Reported by local farmer,Verified,Needs a clearer photo.
CR00660,USR0120,SP0393,19.849567,74.469656,2025-06-19,CR00660_SP0393.jpg,Noticed unusual coloration,Verified,
CR00661,USR0091,SP0354,19.836505,74.371383,2018-07-30,CR00661_SP0354.jpg,Reported by local farmer,Pending,Duplicate of earlier report.
CR00662,USR0012,SP0020,19.929972,74.39109,2021-08-18,CR00662_SP0020.jpg,Seen during college nature trail,Verified,Species ID corrected by reviewer.
CR00663,USR0035,SP0197,19.803489,74.517816,2021-12-25,CR00663_SP0197.jpg,Seen at riverbank,Verified,
CR00664,USR0176,SP0364,19.864193,74.393041,2020-12-02,CR00664_SP0364.jpg,Noticed unusual coloration,Pending,Needs a clearer photo.
CR00665,USR0404,SP0165,19.866225,74.484987,2026-05-23,CR00665_SP0165.jpg,Noticed unusual coloration,Verified,Cross-checked with expert - confirmed.
CR00666,USR0491,SP0273,19.850842,74.361953,2020-08-20,CR00666_SP0273.jpg,Multiple individuals seen,Verified,
CR00667,USR0462,SP0368,19.930687,74.502546,2019-02-16,CR00667_SP0368.jpg,Seen at riverbank,Pending,"Looks accurate, approved."
CR00668,USR0053,SP0453,19.881027,74.59691,2026-05-25,CR00668_SP0453.jpg,Reported by local farmer,Pending,Cross-checked with expert - confirmed.
CR00669,USR0340,SP0065,19.918827,74.520815,2019-11-07,CR00669_SP0065.jpg,Noticed unusual coloration,Verified,
CR00670,USR0248,SP0434,19.941173,74.456853,2025-03-22,CR00670_SP0434.jpg,Spotted during morning walk,Pending,
CR00671,USR0103,SP0436,19.868406,74.387796,2020-12-08,CR00671_SP0436.jpg,Spotted near temple pond,Pending,Duplicate of earlier report.
CR00672,USR0012,SP0090,19.879724,74.502161,2025-10-21,CR00672_SP0090.jpg,Seen during college nature trail,Pending,Needs a clearer photo.
CR00673,USR0115,SP0244,19.839375,74.597004,2025-10-06,CR00673_SP0244.jpg,Nesting site found,Verified,
CR00674,USR0140,SP0074,19.834473,74.439302,2024-11-26,CR00674_SP0074.jpg,Seen during college nature trail,Verified,
CR00675,USR0488,SP0391,19.864728,74.37245,2021-06-13,CR00675_SP0391.jpg,Multiple individuals seen,Verified,Species ID corrected by reviewer.
CR00676,USR0147,SP0327,19.944496,74.545941,2023-12-09,CR00676_SP0327.jpg,Seen during college nature trail,Verified,
CR00677,USR0196,SP0107,19.811499,74.353083,2020-08-22,CR00677_SP0107.jpg,Multiple individuals seen,Pending,
CR00678,USR0092,SP0039,19.832697,74.38026,2016-08-25,CR00678_SP0039.jpg,Spotted during morning walk,Pending,Needs a clearer photo.
CR00679,USR0500,SP0163,19.821687,74.471138,2019-03-05,CR00679_SP0163.jpg,Spotted near temple pond,Pending,"Looks accurate, approved."
CR00680,USR0231,SP0302,19.815763,74.365103,2025-04-07,CR00680_SP0302.jpg,Spotted near temple pond,Verified,
CR00681,USR0292,SP0156,19.873957,74.462158,2022-03-13,CR00681_SP0156.jpg,Noticed unusual coloration,Verified,Duplicate of earlier report.
CR00682,USR0359,SP0230,19.830624,74.577717,2017-10-14,CR00682_SP0230.jpg,Roadkill reported,Pending,Cross-checked with expert - confirmed.
CR00683,USR0134,SP0437,19.852825,74.544604,2023-08-10,CR00683_SP0437.jpg,Noticed unusual coloration,Pending,Needs a clearer photo.
CR00684,USR0169,SP0244,19.876376,74.357745,2017-01-23,CR00684_SP0244.jpg,Reported by local farmer,Verified,"Looks accurate, approved."
CR00685,USR0360,SP0059,19.931597,74.514259,2019-06-22,CR00685_SP0059.jpg,Seen at riverbank,Verified,
CR00686,USR0191,SP0451,19.857254,74.457442,2021-03-13,CR00686_SP0451.jpg,Roadkill reported,Verified,
CR00687,USR0240,SP0015,19.810897,74.458014,2019-01-16,CR00687_SP0015.jpg,Reported by local farmer,Verified,
CR00688,USR0037,SP0195,19.941385,74.456334,2023-06-16,CR00688_SP0195.jpg,Found near farm,Pending,Species ID corrected by reviewer.
CR00689,USR0165,SP0419,19.805413,74.4154,2019-04-14,CR00689_SP0419.jpg,Spotted near temple pond,Pending,Duplicate of earlier report.
CR00690,USR0416,SP0428,19.804017,74.491702,2017-07-20,CR00690_SP0428.jpg,Spotted near temple pond,Verified,Duplicate of earlier report.
CR00691,USR0074,SP0124,19.852122,74.404953,2023-02-06,CR00691_SP0124.jpg,Multiple individuals seen,Verified,Duplicate of earlier report.
CR00692,USR0433,SP0347,19.807686,74.535914,2024-01-17,CR00692_SP0347.jpg,Roadkill reported,Verified,Needs a clearer photo.
CR00693,USR0200,SP0091,19.907717,74.558646,2022-03-22,CR00693_SP0091.jpg,Nesting site found,Verified,Species ID corrected by reviewer.
CR00694,USR0136,SP0428,19.945029,74.352579,2025-01-16,CR00694_SP0428.jpg,Seen at riverbank,Pending,
CR00695,USR0301,SP0065,19.803187,74.539347,2020-09-16,CR00695_SP0065.jpg,Seen at riverbank,Verified,"Looks accurate, approved."
CR00696,USR0055,SP0375,19.93909,74.495042,2018-04-22,CR00696_SP0375.jpg,Seen during college nature trail,Pending,Duplicate of earlier report.
CR00697,USR0076,SP0100,19.949449,74.404991,2021-02-22,CR00697_SP0100.jpg,Seen at riverbank,Verified,
CR00698,USR0166,SP0102,19.914692,74.418967,2018-07-02,CR00698_SP0102.jpg,Found near farm,Verified,
CR00699,USR0272,SP0004,19.819449,74.482263,2018-03-04,CR00699_SP0004.jpg,Found near farm,Verified,Duplicate of earlier report.
CR00700,USR0279,SP0082,19.948844,74.366427,2018-04-20,CR00700_SP0082.jpg,Seen at riverbank,Pending,
CR00701,USR0422,SP0445,19.904325,74.446489,2017-01-23,CR00701_SP0445.jpg,Found near farm,Verified,Species ID corrected by reviewer.
CR00702,USR0418,SP0362,19.887079,74.595776,2018-01-30,CR00702_SP0362.jpg,Found near farm,Verified,Cross-checked with expert - confirmed.
CR00703,USR0160,SP0274,19.846716,74.373729,2021-06-25,CR00703_SP0274.jpg,Found near farm,Verified,"Looks accurate, approved."
CR00704,USR0033,SP0145,19.948124,74.481391,2023-06-25,CR00704_SP0145.jpg,Seen during college nature trail,Verified,Duplicate of earlier report.
CR00705,USR0372,SP0361,19.840217,74.416252,2018-10-11,CR00705_SP0361.jpg,Seen during college nature trail,Verified,
CR00706,USR0434,SP0452,19.836654,74.58544,2020-06-09,CR00706_SP0452.jpg,Found near farm,Verified,Cross-checked with expert - confirmed.
CR00707,USR0141,SP0123,19.814748,74.520818,2020-12-13,CR00707_SP0123.jpg,Roadkill reported,Verified,Cross-checked with expert - confirmed.
CR00708,USR0287,SP0217,19.804116,74.413716,2019-01-26,CR00708_SP0217.jpg,Spotted near temple pond,Verified,Needs a clearer photo.
CR00709,USR0087,SP0292,19.912589,74.356575,2020-11-08,CR00709_SP0292.jpg,Spotted during morning walk,Pending,"Looks accurate, approved."
CR00710,USR0429,SP0031,19.932527,74.511147,2016-10-07,CR00710_SP0031.jpg,Spotted during morning walk,Pending,Species ID corrected by reviewer.
CR00711,USR0014,SP0426,19.815349,74.479856,2018-07-02,CR00711_SP0426.jpg,Reported by local farmer,Verified,
CR00712,USR0051,SP0297,19.83273,74.455609,2019-02-13,CR00712_SP0297.jpg,Roadkill reported,Verified,Species ID corrected by reviewer.
CR00713,USR0403,SP0244,19.858474,74.599384,2018-10-14,CR00713_SP0244.jpg,Spotted during morning walk,Verified,"Looks accurate, approved."
CR00714,USR0015,SP0070,19.91412,74.547018,2019-01-17,CR00714_SP0070.jpg,Found near farm,Verified,
CR00715,USR0311,SP0182,19.857787,74.518394,2024-11-16,CR00715_SP0182.jpg,Noticed unusual coloration,Rejected,
CR00716,USR0208,SP0045,19.896245,74.396141,2020-02-21,CR00716_SP0045.jpg,Nesting site found,Pending,
CR00717,USR0350,SP0329,19.918306,74.41941,2021-11-23,CR00717_SP0329.jpg,Seen during college nature trail,Verified,Needs a clearer photo.
CR00718,USR0459,SP0268,19.803747,74.50339,2021-03-22,CR00718_SP0268.jpg,Found near farm,Verified,"Looks accurate, approved."
CR00719,USR0207,SP0190,19.894888,74.439389,2017-12-19,CR00719_SP0190.jpg,Noticed unusual coloration,Verified,Needs a clearer photo.
CR00720,USR0114,SP0026,19.836694,74.580866,2025-11-19,CR00720_SP0026.jpg,Found near farm,Pending,Duplicate of earlier report.
CR00721,USR0480,SP0126,19.805939,74.543934,2016-11-17,CR00721_SP0126.jpg,Nesting site found,Pending,
CR00722,USR0394,SP0161,19.919656,74.498133,2023-12-15,CR00722_SP0161.jpg,Seen at riverbank,Verified,"Looks accurate, approved."
CR00723,USR0385,SP0158,19.937888,74.388616,2026-01-04,CR00723_SP0158.jpg,Reported by local farmer,Verified,Cross-checked with expert - confirmed.
CR00724,USR0306,SP0013,19.915802,74.502494,2022-01-11,CR00724_SP0013.jpg,Multiple individuals seen,Pending,Cross-checked with expert - confirmed.
CR00725,USR0483,SP0273,19.902233,74.464938,2022-02-22,CR00725_SP0273.jpg,Noticed unusual coloration,Verified,
CR00726,USR0479,SP0396,19.809958,74.422544,2023-05-10,CR00726_SP0396.jpg,Roadkill reported,Verified,Needs a clearer photo.
CR00727,USR0189,SP0378,19.835228,74.558993,2021-09-23,CR00727_SP0378.jpg,Seen during college nature trail,Verified,
CR00728,USR0083,SP0099,19.926625,74.594957,2018-08-09,CR00728_SP0099.jpg,Multiple individuals seen,Verified,Cross-checked with expert - confirmed.
CR00729,USR0042,SP0289,19.846898,74.384326,2017-08-03,CR00729_SP0289.jpg,Reported by local farmer,Rejected,
CR00730,USR0275,SP0318,19.906541,74.462561,2020-06-29,CR00730_SP0318.jpg,Multiple individuals seen,Verified,Duplicate of earlier report.
CR00731,USR0274,SP0213,19.872509,74.422494,2021-04-02,CR00731_SP0213.jpg,Roadkill reported,Verified,Duplicate of earlier report.
CR00732,USR0118,SP0385,19.88904,74.452826,2018-12-05,CR00732_SP0385.jpg,Seen at riverbank,Verified,
CR00733,USR0329,SP0246,19.811807,74.527414,2025-08-25,CR00733_SP0246.jpg,Roadkill reported,Verified,Needs a clearer photo.
CR00734,USR0018,SP0385,19.841088,74.386478,2023-12-16,CR00734_SP0385.jpg,Reported by local farmer,Verified,Needs a clearer photo.
CR00735,USR0261,SP0367,19.946845,74.397437,2020-05-18,CR00735_SP0367.jpg,Spotted during morning walk,Verified,
CR00736,USR0096,SP0329,19.800472,74.417117,2016-10-09,CR00736_SP0329.jpg,Seen at riverbank,Pending,Duplicate of earlier report.
CR00737,USR0140,SP0272,19.896313,74.373761,2016-10-20,CR00737_SP0272.jpg,Spotted near temple pond,Pending,
CR00738,USR0094,SP0119,19.896098,74.386005,2019-09-15,CR00738_SP0119.jpg,Seen at riverbank,Verified,
CR00739,USR0002,SP0231,19.834759,74.530815,2022-12-27,CR00739_SP0231.jpg,Spotted during morning walk,Verified,
CR00740,USR0425,SP0406,19.909997,74.378371,2023-12-02,CR00740_SP0406.jpg,Seen at riverbank,Pending,Species ID corrected by reviewer.
CR00741,USR0417,SP0331,19.818503,74.553262,2019-09-08,CR00741_SP0331.jpg,Nesting site found,Verified,Cross-checked with expert - confirmed.
CR00742,USR0067,SP0321,19.895616,74.454662,2022-03-02,CR00742_SP0321.jpg,Nesting site found,Verified,Duplicate of earlier report.
CR00743,USR0395,SP0385,19.864772,74.359299,2025-12-27,CR00743_SP0385.jpg,Reported by local farmer,Verified,Duplicate of earlier report.
CR00744,USR0347,SP0445,19.903115,74.384331,2026-06-10,CR00744_SP0445.jpg,Seen during college nature trail,Verified,Species ID corrected by reviewer.
CR00745,USR0001,SP0412,19.836982,74.589633,2018-07-08,CR00745_SP0412.jpg,Noticed unusual coloration,Verified,
CR00746,USR0403,SP0224,19.922503,74.456537,2021-05-11,CR00746_SP0224.jpg,Spotted near temple pond,Verified,
CR00747,USR0406,SP0208,19.847362,74.458859,2022-08-25,CR00747_SP0208.jpg,Found near farm,Verified,
CR00748,USR0116,SP0139,19.81457,74.429936,2026-02-21,CR00748_SP0139.jpg,Noticed unusual coloration,Pending,Duplicate of earlier report.
CR00749,USR0067,SP0383,19.846736,74.418189,2021-07-14,CR00749_SP0383.jpg,Noticed unusual coloration,Rejected,Needs a clearer photo.
CR00750,USR0162,SP0350,19.841927,74.446842,2018-01-18,CR00750_SP0350.jpg,Spotted during morning walk,Verified,
CR00751,USR0413,SP0146,19.837705,74.484902,2017-12-25,CR00751_SP0146.jpg,Nesting site found,Verified,
CR00752,USR0431,SP0073,19.930861,74.406609,2024-02-04,CR00752_SP0073.jpg,Nesting site found,Verified,Species ID corrected by reviewer.
CR00753,USR0395,SP0329,19.902416,74.35167,2018-07-20,CR00753_SP0329.jpg,Roadkill reported,Verified,Duplicate of earlier report.
CR00754,USR0223,SP0398,19.844733,74.547617,2024-09-10,CR00754_SP0398.jpg,Found near farm,Rejected,Cross-checked with expert - confirmed.
CR00755,USR0239,SP0377,19.878047,74.528622,2017-01-26,CR00755_SP0377.jpg,Multiple individuals seen,Rejected,Duplicate of earlier report.
CR00756,USR0288,SP0092,19.832046,74.580726,2018-03-14,CR00756_SP0092.jpg,Reported by local farmer,Verified,Species ID corrected by reviewer.
CR00757,USR0468,SP0147,19.806111,74.545667,2024-04-20,CR00757_SP0147.jpg,Multiple individuals seen,Rejected,
CR00758,USR0282,SP0017,19.824994,74.39929,2025-12-01,CR00758_SP0017.jpg,Seen at riverbank,Verified,"Looks accurate, approved."
CR00759,USR0409,SP0105,19.855848,74.416463,2017-06-27,CR00759_SP0105.jpg,Found near farm,Verified,
CR00760,USR0377,SP0318,19.82643,74.542066,2021-09-25,CR00760_SP0318.jpg,Spotted near temple pond,Verified,Species ID corrected by reviewer.
CR00761,USR0295,SP0156,19.872726,74.432828,2020-04-01,CR00761_SP0156.jpg,Spotted during morning walk,Verified,Duplicate of earlier report.
CR00762,USR0459,SP0105,19.889244,74.441035,2022-05-15,CR00762_SP0105.jpg,Reported by local farmer,Verified,
CR00763,USR0069,SP0340,19.890569,74.451784,2017-10-09,CR00763_SP0340.jpg,Found near farm,Verified,
CR00764,USR0171,SP0080,19.904643,74.560056,2019-01-15,CR00764_SP0080.jpg,Seen at riverbank,Verified,Cross-checked with expert - confirmed.
CR00765,USR0009,SP0343,19.918017,74.483482,2019-07-05,CR00765_SP0343.jpg,Seen during college nature trail,Pending,Needs a clearer photo.
CR00766,USR0411,SP0340,19.93212,74.496583,2022-01-26,CR00766_SP0340.jpg,Noticed unusual coloration,Verified,Duplicate of earlier report.
CR00767,USR0119,SP0227,19.833964,74.546091,2019-01-22,CR00767_SP0227.jpg,Roadkill reported,Verified,
CR00768,USR0217,SP0308,19.923286,74.434145,2021-11-09,CR00768_SP0308.jpg,Noticed unusual coloration,Verified,"Looks accurate, approved."
CR00769,USR0011,SP0324,19.920106,74.482219,2021-05-06,CR00769_SP0324.jpg,Nesting site found,Pending,Duplicate of earlier report.
CR00770,USR0169,SP0435,19.93456,74.479819,2019-02-01,CR00770_SP0435.jpg,Seen at riverbank,Rejected,"Looks accurate, approved."
CR00771,USR0125,SP0198,19.85411,74.560914,2019-07-31,CR00771_SP0198.jpg,Reported by local farmer,Verified,"Looks accurate, approved."
CR00772,USR0325,SP0077,19.86721,74.400144,2021-12-12,CR00772_SP0077.jpg,Spotted during morning walk,Pending,Duplicate of earlier report.
CR00773,USR0461,SP0076,19.832489,74.462457,2022-03-01,CR00773_SP0076.jpg,Spotted during morning walk,Verified,"Looks accurate, approved."
CR00774,USR0405,SP0454,19.845222,74.393347,2025-12-08,CR00774_SP0454.jpg,Seen at riverbank,Pending,Duplicate of earlier report.
CR00775,USR0296,SP0055,19.915679,74.356508,2018-09-12,CR00775_SP0055.jpg,Seen during college nature trail,Pending,Needs a clearer photo.
CR00776,USR0173,SP0310,19.935116,74.549704,2023-04-23,CR00776_SP0310.jpg,Noticed unusual coloration,Verified,Cross-checked with expert - confirmed.
CR00777,USR0148,SP0006,19.891513,74.534865,2020-05-02,CR00777_SP0006.jpg,Roadkill reported,Pending,
CR00778,USR0294,SP0169,19.822025,74.375614,2021-08-05,CR00778_SP0169.jpg,Seen at riverbank,Rejected,Needs a clearer photo.
CR00779,USR0338,SP0399,19.939221,74.38834,2022-02-06,CR00779_SP0399.jpg,Reported by local farmer,Rejected,
CR00780,USR0134,SP0313,19.858579,74.38416,2024-11-23,CR00780_SP0313.jpg,Seen at riverbank,Pending,Cross-checked with expert - confirmed.
CR00781,USR0352,SP0279,19.868125,74.376047,2025-06-25,CR00781_SP0279.jpg,Spotted near temple pond,Verified,Duplicate of earlier report.
CR00782,USR0283,SP0230,19.861392,74.514536,2021-07-13,CR00782_SP0230.jpg,Noticed unusual coloration,Rejected,Duplicate of earlier report.
CR00783,USR0268,SP0257,19.89262,74.374419,2024-10-03,CR00783_SP0257.jpg,Reported by local farmer,Verified,Needs a clearer photo.
CR00784,USR0245,SP0080,19.828259,74.552755,2016-12-24,CR00784_SP0080.jpg,Reported by local farmer,Verified,
CR00785,USR0003,SP0288,19.866797,74.3507,2020-11-18,CR00785_SP0288.jpg,Nesting site found,Pending,Cross-checked with expert - confirmed.
CR00786,USR0462,SP0024,19.894378,74.528328,2026-07-27,CR00786_SP0024.jpg,Found near farm,Pending,Cross-checked with expert - confirmed.
CR00787,USR0336,SP0240,19.805596,74.450245,2019-10-24,CR00787_SP0240.jpg,Spotted during morning walk,Pending,"Looks accurate, approved."
CR00788,USR0444,SP0114,19.924387,74.360715,2018-04-08,CR00788_SP0114.jpg,Seen at riverbank,Rejected,Needs a clearer photo.
CR00789,USR0385,SP0327,19.909049,74.589826,2017-05-18,CR00789_SP0327.jpg,Found near farm,Verified,"Looks accurate, approved."
CR00790,USR0417,SP0330,19.892426,74.516247,2019-04-29,CR00790_SP0330.jpg,Nesting site found,Verified,Species ID corrected by reviewer.
CR00791,USR0317,SP0185,19.944891,74.594175,2026-06-18,CR00791_SP0185.jpg,Seen during college nature trail,Pending,Cross-checked with expert - confirmed.
CR00792,USR0430,SP0254,19.948683,74.415443,2024-11-08,CR00792_SP0254.jpg,Spotted near temple pond,Verified,Cross-checked with expert - confirmed.
CR00793,USR0340,SP0157,19.900961,74.443597,2023-08-19,CR00793_SP0157.jpg,Roadkill reported,Verified,Species ID corrected by reviewer.
CR00794,USR0145,SP0444,19.946008,74.414531,2025-10-28,CR00794_SP0444.jpg,Noticed unusual coloration,Verified,
CR00795,USR0459,SP0104,19.945039,74.555852,2022-08-08,CR00795_SP0104.jpg,Found near farm,Verified,Duplicate of earlier report.
CR00796,USR0151,SP0020,19.878605,74.458998,2024-12-30,CR00796_SP0020.jpg,Found near farm,Rejected,Needs a clearer photo.
CR00797,USR0419,SP0015,19.869417,74.526409,2019-11-23,CR00797_SP0015.jpg,Spotted during morning walk,Verified,"Looks accurate, approved."
CR00798,USR0252,SP0001,19.839038,74.423546,2018-05-16,CR00798_SP0001.jpg,Seen at riverbank,Pending,"Looks accurate, approved."
CR00799,USR0026,SP0178,19.854879,74.558863,2017-12-17,CR00799_SP0178.jpg,Roadkill reported,Verified,Species ID corrected by reviewer.
CR00800,USR0199,SP0448,19.881723,74.359262,2017-01-24,CR00800_SP0448.jpg,Seen during college nature trail,Verified,Needs a clearer photo.
CR00801,USR0472,SP0071,19.894449,74.439637,2023-01-04,CR00801_SP0071.jpg,Roadkill reported,Rejected,Needs a clearer photo.
CR00802,USR0386,SP0035,19.905086,74.526727,2018-03-18,CR00802_SP0035.jpg,Nesting site found,Pending,Cross-checked with expert - confirmed.
CR00803,USR0154,SP0170,19.839183,74.371794,2025-09-05,CR00803_SP0170.jpg,Spotted near temple pond,Verified,Duplicate of earlier report.
CR00804,USR0467,SP0298,19.872368,74.518944,2020-05-29,CR00804_SP0298.jpg,Nesting site found,Verified,"Looks accurate, approved."
CR00805,USR0075,SP0317,19.803914,74.483188,2023-04-03,CR00805_SP0317.jpg,Seen during college nature trail,Verified,Duplicate of earlier report.
CR00806,USR0321,SP0021,19.873404,74.385706,2017-11-11,CR00806_SP0021.jpg,Noticed unusual coloration,Verified,
CR00807,USR0043,SP0034,19.906996,74.387339,2025-03-20,CR00807_SP0034.jpg,Multiple individuals seen,Verified,
CR00808,USR0456,SP0280,19.911167,74.552211,2022-09-05,CR00808_SP0280.jpg,Multiple individuals seen,Verified,
CR00809,USR0292,SP0291,19.87104,74.505663,2025-10-31,CR00809_SP0291.jpg,Noticed unusual coloration,Verified,Cross-checked with expert - confirmed.
CR00810,USR0443,SP0397,19.900505,74.483221,2023-07-31,CR00810_SP0397.jpg,Nesting site found,Verified,
CR00811,USR0060,SP0396,19.897253,74.540287,2019-05-26,CR00811_SP0396.jpg,Roadkill reported,Verified,Cross-checked with expert - confirmed.
CR00812,USR0270,SP0010,19.944032,74.479775,2025-05-16,CR00812_SP0010.jpg,Noticed unusual coloration,Verified,
CR00813,USR0483,SP0347,19.848448,74.426308,2022-03-18,CR00813_SP0347.jpg,Seen at riverbank,Pending,
CR00814,USR0194,SP0011,19.810123,74.5819,2024-07-05,CR00814_SP0011.jpg,Spotted near temple pond,Verified,Cross-checked with expert - confirmed.
CR00815,USR0118,SP0050,19.819995,74.54992,2022-04-16,CR00815_SP0050.jpg,Seen at riverbank,Verified,"Looks accurate, approved."
CR00816,USR0379,SP0199,19.908864,74.436109,2023-06-19,CR00816_SP0199.jpg,Found near farm,Verified,
CR00817,USR0279,SP0307,19.814647,74.373058,2023-07-30,CR00817_SP0307.jpg,Roadkill reported,Verified,
CR00818,USR0095,SP0456,19.828454,74.570848,2018-03-01,CR00818_SP0456.jpg,Found near farm,Verified,Duplicate of earlier report.
CR00819,USR0389,SP0270,19.822829,74.490877,2017-04-13,CR00819_SP0270.jpg,Spotted during morning walk,Pending,
CR00820,USR0230,SP0179,19.846961,74.363317,2019-02-28,CR00820_SP0179.jpg,Seen at riverbank,Verified,
CR00821,USR0341,SP0382,19.800738,74.465884,2022-08-16,CR00821_SP0382.jpg,Found near farm,Pending,Needs a clearer photo.
CR00822,USR0249,SP0015,19.926277,74.38274,2024-08-17,CR00822_SP0015.jpg,Spotted near temple pond,Verified,Species ID corrected by reviewer.
CR00823,USR0408,SP0189,19.940568,74.53559,2021-11-29,CR00823_SP0189.jpg,Noticed unusual coloration,Verified,Cross-checked with expert - confirmed.
CR00824,USR0109,SP0169,19.931662,74.439831,2023-03-02,CR00824_SP0169.jpg,Reported by local farmer,Verified,
CR00825,USR0368,SP0345,19.948501,74.501886,2017-05-13,CR00825_SP0345.jpg,Noticed unusual coloration,Verified,
CR00826,USR0214,SP0437,19.850058,74.504668,2021-09-29,CR00826_SP0437.jpg,Roadkill reported,Verified,Duplicate of earlier report.
CR00827,USR0270,SP0459,19.887082,74.468371,2024-10-31,CR00827_SP0459.jpg,Found near farm,Verified,Duplicate of earlier report.
CR00828,USR0410,SP0248,19.903932,74.542902,2020-08-08,CR00828_SP0248.jpg,Found near farm,Verified,
CR00829,USR0127,SP0004,19.919344,74.460554,2018-10-23,CR00829_SP0004.jpg,Multiple individuals seen,Verified,Species ID corrected by reviewer.
CR00830,USR0150,SP0301,19.912717,74.499188,2016-08-27,CR00830_SP0301.jpg,Roadkill reported,Verified,Cross-checked with expert - confirmed.
CR00831,USR0034,SP0013,19.866976,74.534597,2021-07-09,CR00831_SP0013.jpg,Found near farm,Verified,Species ID corrected by reviewer.
CR00832,USR0048,SP0048,19.92107,74.525814,2016-09-19,CR00832_SP0048.jpg,Reported by local farmer,Rejected,Needs a clearer photo.
CR00833,USR0349,SP0035,19.811201,74.507537,2016-11-14,CR00833_SP0035.jpg,Spotted near temple pond,Verified,
CR00834,USR0388,SP0336,19.853865,74.475642,2017-01-30,CR00834_SP0336.jpg,Roadkill reported,Verified,
CR00835,USR0293,SP0326,19.942709,74.476617,2019-12-12,CR00835_SP0326.jpg,Seen at riverbank,Verified,Cross-checked with expert - confirmed.
CR00836,USR0029,SP0304,19.841573,74.572628,2018-08-24,CR00836_SP0304.jpg,Roadkill reported,Verified,Duplicate of earlier report.
CR00837,USR0134,SP0333,19.843261,74.541398,2018-07-21,CR00837_SP0333.jpg,Noticed unusual coloration,Pending,
CR00838,USR0172,SP0202,19.890721,74.374149,2019-01-14,CR00838_SP0202.jpg,Reported by local farmer,Verified,"Looks accurate, approved."
CR00839,USR0037,SP0059,19.92708,74.55191,2018-02-17,CR00839_SP0059.jpg,Reported by local farmer,Verified,Needs a clearer photo.
CR00840,USR0441,SP0375,19.884986,74.467544,2025-03-27,CR00840_SP0375.jpg,Spotted near temple pond,Pending,
CR00841,USR0194,SP0257,19.88698,74.554293,2024-07-04,CR00841_SP0257.jpg,Reported by local farmer,Verified,
CR00842,USR0065,SP0386,19.917401,74.51379,2018-05-09,CR00842_SP0386.jpg,Nesting site found,Verified,"Looks accurate, approved."
CR00843,USR0300,SP0259,19.83643,74.5693,2023-01-10,CR00843_SP0259.jpg,Seen during college nature trail,Verified,Species ID corrected by reviewer.
CR00844,USR0141,SP0200,19.859748,74.47755,2024-12-07,CR00844_SP0200.jpg,Reported by local farmer,Rejected,
CR00845,USR0454,SP0406,19.884368,74.572481,2018-04-28,CR00845_SP0406.jpg,Spotted near temple pond,Verified,"Looks accurate, approved."
CR00846,USR0290,SP0393,19.92695,74.502395,2024-12-18,CR00846_SP0393.jpg,Reported by local farmer,Pending,
CR00847,USR0463,SP0358,19.819455,74.469096,2020-03-11,CR00847_SP0358.jpg,Multiple individuals seen,Pending,"Looks accurate, approved."
CR00848,USR0036,SP0345,19.907135,74.388055,2024-01-14,CR00848_SP0345.jpg,Spotted near temple pond,Pending,
CR00849,USR0006,SP0236,19.879782,74.544324,2024-07-10,CR00849_SP0236.jpg,Nesting site found,Rejected,Species ID corrected by reviewer.
CR00850,USR0195,SP0042,19.931204,74.447631,2022-01-25,CR00850_SP0042.jpg,Multiple individuals seen,Rejected,
CR00851,USR0052,SP0136,19.910714,74.426545,2025-02-12,CR00851_SP0136.jpg,Reported by local farmer,Rejected,Duplicate of earlier report.
CR00852,USR0018,SP0323,19.889623,74.400484,2018-10-25,CR00852_SP0323.jpg,Seen during college nature trail,Verified,Cross-checked with expert - confirmed.
CR00853,USR0384,SP0063,19.885268,74.411801,2020-02-20,CR00853_SP0063.jpg,Seen at riverbank,Verified,Species ID corrected by reviewer.
CR00854,USR0464,SP0442,19.940769,74.562748,2016-11-23,CR00854_SP0442.jpg,Roadkill reported,Rejected,Species ID corrected by reviewer.
CR00855,USR0432,SP0054,19.870152,74.422825,2018-10-02,CR00855_SP0054.jpg,Multiple individuals seen,Pending,
CR00856,USR0207,SP0321,19.850331,74.375742,2022-01-25,CR00856_SP0321.jpg,Seen during college nature trail,Verified,"Looks accurate, approved."
CR00857,USR0048,SP0061,19.885803,74.389186,2025-06-24,CR00857_SP0061.jpg,Seen at riverbank,Verified,Needs a clearer photo.
CR00858,USR0209,SP0247,19.941806,74.453986,2020-10-15,CR00858_SP0247.jpg,Noticed unusual coloration,Verified,
CR00859,USR0401,SP0117,19.924511,74.365401,2023-04-24,CR00859_SP0117.jpg,Spotted near temple pond,Verified,
CR00860,USR0095,SP0432,19.814303,74.53878,2025-01-06,CR00860_SP0432.jpg,Noticed unusual coloration,Verified,
CR00861,USR0382,SP0015,19.90911,74.391946,2022-08-09,CR00861_SP0015.jpg,Found near farm,Rejected,Species ID corrected by reviewer.
CR00862,USR0176,SP0036,19.814548,74.463399,2025-03-06,CR00862_SP0036.jpg,Noticed unusual coloration,Verified,Duplicate of earlier report.
CR00863,USR0327,SP0063,19.902537,74.592506,2021-01-03,CR00863_SP0063.jpg,Reported by local farmer,Verified,Needs a clearer photo.
CR00864,USR0432,SP0020,19.909855,74.476444,2021-01-09,CR00864_SP0020.jpg,Noticed unusual coloration,Pending,Needs a clearer photo.
CR00865,USR0352,SP0082,19.947413,74.374658,2018-09-01,CR00865_SP0082.jpg,Reported by local farmer,Verified,Species ID corrected by reviewer.
CR00866,USR0398,SP0124,19.801081,74.458902,2020-04-17,CR00866_SP0124.jpg,Found near farm,Pending,Duplicate of earlier report.
CR00867,USR0332,SP0439,19.918386,74.492989,2019-04-12,CR00867_SP0439.jpg,Seen during college nature trail,Verified,
CR00868,USR0114,SP0310,19.850556,74.428226,2020-08-14,CR00868_SP0310.jpg,Seen at riverbank,Pending,
CR00869,USR0386,SP0297,19.937628,74.497159,2019-03-17,CR00869_SP0297.jpg,Found near farm,Verified,"Looks accurate, approved."
CR00870,USR0484,SP0412,19.912467,74.592737,2019-06-23,CR00870_SP0412.jpg,Noticed unusual coloration,Pending,Duplicate of earlier report.
CR00871,USR0094,SP0413,19.836137,74.579031,2019-12-07,CR00871_SP0413.jpg,Seen during college nature trail,Verified,
CR00872,USR0409,SP0112,19.908744,74.404775,2025-03-07,CR00872_SP0112.jpg,Seen during college nature trail,Pending,
CR00873,USR0371,SP0074,19.906348,74.46239,2021-11-10,CR00873_SP0074.jpg,Nesting site found,Verified,
CR00874,USR0445,SP0340,19.896981,74.528636,2022-11-18,CR00874_SP0340.jpg,Multiple individuals seen,Rejected,Cross-checked with expert - confirmed.
CR00875,USR0066,SP0458,19.850875,74.423763,2017-10-09,CR00875_SP0458.jpg,Roadkill reported,Verified,Species ID corrected by reviewer.
CR00876,USR0448,SP0269,19.890973,74.533879,2024-07-08,CR00876_SP0269.jpg,Seen at riverbank,Pending,Needs a clearer photo.
CR00877,USR0204,SP0411,19.944008,74.469673,2016-08-23,CR00877_SP0411.jpg,Reported by local farmer,Verified,
CR00878,USR0397,SP0192,19.916002,74.461986,2018-01-22,CR00878_SP0192.jpg,Spotted near temple pond,Rejected,
CR00879,USR0411,SP0208,19.833337,74.414922,2024-05-15,CR00879_SP0208.jpg,Noticed unusual coloration,Verified,Needs a clearer photo.
CR00880,USR0357,SP0038,19.912753,74.568645,2019-04-22,CR00880_SP0038.jpg,Seen at riverbank,Verified,Duplicate of earlier report.
CR00881,USR0401,SP0357,19.844094,74.446616,2025-09-29,CR00881_SP0357.jpg,Found near farm,Verified,"Looks accurate, approved."
CR00882,USR0390,SP0163,19.835282,74.469088,2018-08-20,CR00882_SP0163.jpg,Spotted near temple pond,Verified,Duplicate of earlier report.
CR00883,USR0211,SP0355,19.929668,74.538764,2022-09-28,CR00883_SP0355.jpg,Found near farm,Verified,Species ID corrected by reviewer.
CR00884,USR0373,SP0295,19.802253,74.581982,2022-07-06,CR00884_SP0295.jpg,Found near farm,Rejected,"Looks accurate, approved."
CR00885,USR0163,SP0425,19.931928,74.598589,2021-04-04,CR00885_SP0425.jpg,Spotted during morning walk,Pending,Species ID corrected by reviewer.
CR00886,USR0036,SP0267,19.818952,74.369471,2016-10-17,CR00886_SP0267.jpg,Reported by local farmer,Verified,Needs a clearer photo.
CR00887,USR0439,SP0454,19.93532,74.406539,2016-11-16,CR00887_SP0454.jpg,Spotted during morning walk,Verified,
CR00888,USR0289,SP0233,19.944383,74.43524,2018-11-02,CR00888_SP0233.jpg,Reported by local farmer,Pending,Cross-checked with expert - confirmed.
CR00889,USR0171,SP0438,19.816833,74.467367,2016-08-01,CR00889_SP0438.jpg,Spotted during morning walk,Verified,Needs a clearer photo.
CR00890,USR0226,SP0207,19.861216,74.354976,2026-06-18,CR00890_SP0207.jpg,Seen at riverbank,Verified,Needs a clearer photo.
CR00891,USR0323,SP0278,19.931078,74.351175,2021-03-12,CR00891_SP0278.jpg,Nesting site found,Pending,Duplicate of earlier report.
CR00892,USR0231,SP0386,19.929001,74.35644,2023-05-02,CR00892_SP0386.jpg,Multiple individuals seen,Verified,Needs a clearer photo.
CR00893,USR0150,SP0184,19.880686,74.484999,2017-12-01,CR00893_SP0184.jpg,Reported by local farmer,Verified,Needs a clearer photo.
CR00894,USR0358,SP0448,19.9092,74.482969,2021-03-28,CR00894_SP0448.jpg,Nesting site found,Rejected,Duplicate of earlier report.
CR00895,USR0168,SP0054,19.838366,74.528643,2026-07-24,CR00895_SP0054.jpg,Seen during college nature trail,Verified,Needs a clearer photo.
CR00896,USR0481,SP0087,19.874211,74.383389,2022-11-15,CR00896_SP0087.jpg,Spotted near temple pond,Verified,Needs a clearer photo.
CR00897,USR0454,SP0215,19.894287,74.36516,2024-06-22,CR00897_SP0215.jpg,Roadkill reported,Verified,
CR00898,USR0486,SP0175,19.863887,74.375682,2025-08-11,CR00898_SP0175.jpg,Reported by local farmer,Verified,
CR00899,USR0171,SP0079,19.892048,74.592578,2025-11-24,CR00899_SP0079.jpg,Found near farm,Verified,Cross-checked with expert - confirmed.
CR00900,USR0491,SP0074,19.943601,74.48115,2020-02-27,CR00900_SP0074.jpg,Nesting site found,Verified,Needs a clearer photo.
CR00901,USR0052,SP0308,19.817445,74.48726,2017-09-30,CR00901_SP0308.jpg,Spotted during morning walk,Rejected,
CR00902,USR0027,SP0166,19.80562,74.370752,2019-11-15,CR00902_SP0166.jpg,Found near farm,Verified,
CR00903,USR0233,SP0275,19.810035,74.429659,2023-12-28,CR00903_SP0275.jpg,Reported by local farmer,Verified,
CR00904,USR0190,SP0199,19.835277,74.447806,2024-10-04,CR00904_SP0199.jpg,Multiple individuals seen,Verified,Duplicate of earlier report.
CR00905,USR0497,SP0447,19.829081,74.36298,2020-02-01,CR00905_SP0447.jpg,Spotted near temple pond,Verified,Cross-checked with expert - confirmed.
CR00906,USR0273,SP0258,19.922703,74.537524,2024-07-15,CR00906_SP0258.jpg,Spotted near temple pond,Verified,Duplicate of earlier report.
CR00907,USR0279,SP0459,19.827586,74.591338,2021-04-29,CR00907_SP0459.jpg,Roadkill reported,Verified,Species ID corrected by reviewer.
CR00908,USR0267,SP0088,19.916985,74.550167,2017-11-13,CR00908_SP0088.jpg,Spotted during morning walk,Verified,Duplicate of earlier report.
CR00909,USR0290,SP0313,19.895424,74.412161,2017-03-07,CR00909_SP0313.jpg,Nesting site found,Rejected,Duplicate of earlier report.
CR00910,USR0495,SP0267,19.897225,74.576779,2020-04-16,CR00910_SP0267.jpg,Reported by local farmer,Verified,Duplicate of earlier report.
CR00911,USR0226,SP0072,19.922192,74.439019,2019-06-13,CR00911_SP0072.jpg,Seen during college nature trail,Pending,Duplicate of earlier report.
CR00912,USR0380,SP0086,19.857346,74.443391,2024-04-27,CR00912_SP0086.jpg,Nesting site found,Pending,
CR00913,USR0299,SP0252,19.802757,74.51013,2025-06-24,CR00913_SP0252.jpg,Multiple individuals seen,Pending,Needs a clearer photo.
CR00914,USR0427,SP0090,19.934804,74.516789,2021-09-11,CR00914_SP0090.jpg,Seen during college nature trail,Verified,
CR00915,USR0213,SP0306,19.926272,74.442092,2019-09-27,CR00915_SP0306.jpg,Noticed unusual coloration,Pending,Cross-checked with expert - confirmed.
CR00916,USR0031,SP0407,19.919009,74.509386,2018-12-18,CR00916_SP0407.jpg,Multiple individuals seen,Verified,Needs a clearer photo.
CR00917,USR0373,SP0424,19.91329,74.569249,2026-01-11,CR00917_SP0424.jpg,Multiple individuals seen,Verified,Duplicate of earlier report.
CR00918,USR0496,SP0105,19.906855,74.401329,2018-02-18,CR00918_SP0105.jpg,Multiple individuals seen,Verified,Species ID corrected by reviewer.
CR00919,USR0307,SP0021,19.843292,74.453555,2018-12-11,CR00919_SP0021.jpg,Reported by local farmer,Pending,
CR00920,USR0370,SP0432,19.870738,74.510686,2021-11-26,CR00920_SP0432.jpg,Multiple individuals seen,Verified,Species ID corrected by reviewer.
CR00921,USR0246,SP0391,19.845077,74.571213,2021-10-07,CR00921_SP0391.jpg,Noticed unusual coloration,Verified,
CR00922,USR0063,SP0168,19.911387,74.486545,2016-11-02,CR00922_SP0168.jpg,Multiple individuals seen,Pending,
CR00923,USR0361,SP0296,19.922542,74.464083,2025-01-26,CR00923_SP0296.jpg,Reported by local farmer,Pending,
CR00924,USR0104,SP0279,19.801836,74.46922,2019-01-18,CR00924_SP0279.jpg,Nesting site found,Verified,
CR00925,USR0151,SP0452,19.834659,74.388081,2018-04-15,CR00925_SP0452.jpg,Reported by local farmer,Pending,
CR00926,USR0407,SP0158,19.908763,74.461186,2022-02-06,CR00926_SP0158.jpg,Reported by local farmer,Verified,Cross-checked with expert - confirmed.
CR00927,USR0202,SP0424,19.916019,74.399463,2019-04-04,CR00927_SP0424.jpg,Seen during college nature trail,Pending,Duplicate of earlier report.
CR00928,USR0464,SP0334,19.842782,74.41407,2021-08-19,CR00928_SP0334.jpg,Spotted near temple pond,Verified,Needs a clearer photo.
CR00929,USR0097,SP0267,19.892287,74.42826,2017-12-05,CR00929_SP0267.jpg,Roadkill reported,Verified,
CR00930,USR0185,SP0268,19.863351,74.513601,2021-10-12,CR00930_SP0268.jpg,Spotted near temple pond,Pending,
CR00931,USR0221,SP0449,19.839624,74.381388,2021-04-10,CR00931_SP0449.jpg,Seen during college nature trail,Verified,Cross-checked with expert - confirmed.
CR00932,USR0185,SP0427,19.814734,74.408918,2023-09-21,CR00932_SP0427.jpg,Nesting site found,Verified,Needs a clearer photo.
CR00933,USR0294,SP0080,19.93447,74.563374,2023-03-16,CR00933_SP0080.jpg,Seen at riverbank,Rejected,"Looks accurate, approved."
CR00934,USR0483,SP0128,19.926372,74.540203,2018-10-19,CR00934_SP0128.jpg,Multiple individuals seen,Verified,Species ID corrected by reviewer.
CR00935,USR0433,SP0314,19.933382,74.559207,2019-09-20,CR00935_SP0314.jpg,Spotted during morning walk,Pending,"Looks accurate, approved."
CR00936,USR0259,SP0445,19.929635,74.487932,2016-11-12,CR00936_SP0445.jpg,Spotted near temple pond,Pending,
CR00937,USR0394,SP0043,19.864769,74.495096,2020-01-10,CR00937_SP0043.jpg,Spotted near temple pond,Pending,Species ID corrected by reviewer.
CR00938,USR0023,SP0274,19.871214,74.411956,2020-10-05,CR00938_SP0274.jpg,Spotted during morning walk,Verified,
CR00939,USR0392,SP0335,19.911472,74.369744,2017-07-19,CR00939_SP0335.jpg,Nesting site found,Verified,Duplicate of earlier report.
CR00940,USR0087,SP0076,19.851216,74.56586,2024-09-27,CR00940_SP0076.jpg,Noticed unusual coloration,Pending,
CR00941,USR0087,SP0199,19.844899,74.559464,2022-01-12,CR00941_SP0199.jpg,Spotted near temple pond,Verified,"Looks accurate, approved."
CR00942,USR0378,SP0109,19.847885,74.56498,2019-09-03,CR00942_SP0109.jpg,Reported by local farmer,Pending,Cross-checked with expert - confirmed.
CR00943,USR0092,SP0194,19.875133,74.44714,2024-04-09,CR00943_SP0194.jpg,Spotted during morning walk,Verified,Needs a clearer photo.
CR00944,USR0171,SP0168,19.876039,74.529557,2025-01-20,CR00944_SP0168.jpg,Spotted during morning walk,Pending,
CR00945,USR0187,SP0136,19.827362,74.500646,2017-04-19,CR00945_SP0136.jpg,Reported by local farmer,Verified,Duplicate of earlier report.
CR00946,USR0391,SP0103,19.846757,74.551217,2026-03-16,CR00946_SP0103.jpg,Noticed unusual coloration,Verified,Needs a clearer photo.
CR00947,USR0172,SP0244,19.87368,74.544454,2021-06-24,CR00947_SP0244.jpg,Seen during college nature trail,Verified,
CR00948,USR0085,SP0103,19.836938,74.541291,2021-08-29,CR00948_SP0103.jpg,Seen at riverbank,Verified,Cross-checked with expert - confirmed.
CR00949,USR0234,SP0041,19.845404,74.432199,2016-09-14,CR00949_SP0041.jpg,Multiple individuals seen,Pending,
CR00950,USR0180,SP0130,19.937265,74.48319,2023-10-01,CR00950_SP0130.jpg,Seen at riverbank,Pending,Species ID corrected by reviewer.
CR00951,USR0471,SP0162,19.911389,74.35064,2023-07-23,CR00951_SP0162.jpg,Roadkill reported,Pending,Cross-checked with expert - confirmed.
CR00952,USR0151,SP0272,19.884891,74.375319,2022-08-07,CR00952_SP0272.jpg,Roadkill reported,Verified,Duplicate of earlier report.
CR00953,USR0207,SP0335,19.829508,74.528743,2018-06-07,CR00953_SP0335.jpg,Found near farm,Rejected,
CR00954,USR0336,SP0063,19.810076,74.537652,2021-03-17,CR00954_SP0063.jpg,Noticed unusual coloration,Verified,Cross-checked with expert - confirmed.
CR00955,USR0139,SP0069,19.945179,74.445579,2025-12-29,CR00955_SP0069.jpg,Spotted during morning walk,Verified,Cross-checked with expert - confirmed.
CR00956,USR0003,SP0381,19.886613,74.389173,2022-08-04,CR00956_SP0381.jpg,Seen at riverbank,Verified,Duplicate of earlier report.
CR00957,USR0440,SP0074,19.931756,74.484138,2017-03-18,CR00957_SP0074.jpg,Reported by local farmer,Verified,Species ID corrected by reviewer.
CR00958,USR0119,SP0409,19.94537,74.41828,2025-04-23,CR00958_SP0409.jpg,Seen at riverbank,Pending,
CR00959,USR0025,SP0128,19.896513,74.380544,2026-06-22,CR00959_SP0128.jpg,Seen during college nature trail,Pending,Duplicate of earlier report.
CR00960,USR0086,SP0012,19.880614,74.56668,2023-01-23,CR00960_SP0012.jpg,Found near farm,Pending,"Looks accurate, approved."
CR00961,USR0334,SP0260,19.930853,74.364226,2017-01-26,CR00961_SP0260.jpg,Spotted during morning walk,Pending,"Looks accurate, approved."
CR00962,USR0498,SP0110,19.938581,74.3771,2024-06-13,CR00962_SP0110.jpg,Spotted during morning walk,Verified,Cross-checked with expert - confirmed.
CR00963,USR0155,SP0249,19.902279,74.472657,2017-01-12,CR00963_SP0249.jpg,Nesting site found,Verified,"Looks accurate, approved."
CR00964,USR0101,SP0400,19.913252,74.530657,2022-07-25,CR00964_SP0400.jpg,Seen during college nature trail,Rejected,
CR00965,USR0035,SP0099,19.938717,74.493497,2019-12-29,CR00965_SP0099.jpg,Spotted near temple pond,Rejected,
CR00966,USR0187,SP0428,19.935708,74.430774,2019-03-28,CR00966_SP0428.jpg,Found near farm,Verified,Needs a clearer photo.
CR00967,USR0158,SP0120,19.811744,74.576052,2019-09-07,CR00967_SP0120.jpg,Nesting site found,Verified,Cross-checked with expert - confirmed.
CR00968,USR0320,SP0032,19.922715,74.492918,2020-02-28,CR00968_SP0032.jpg,Spotted near temple pond,Verified,Needs a clearer photo.
CR00969,USR0107,SP0433,19.845008,74.521236,2020-11-15,CR00969_SP0433.jpg,Noticed unusual coloration,Pending,Needs a clearer photo.
CR00970,USR0044,SP0087,19.881124,74.530949,2017-11-09,CR00970_SP0087.jpg,Roadkill reported,Verified,
CR00971,USR0099,SP0085,19.821096,74.572891,2023-04-30,CR00971_SP0085.jpg,Multiple individuals seen,Pending,"Looks accurate, approved."
CR00972,USR0186,SP0395,19.859169,74.411772,2020-09-02,CR00972_SP0395.jpg,Seen at riverbank,Verified,
CR00973,USR0328,SP0385,19.913395,74.447254,2023-09-13,CR00973_SP0385.jpg,Spotted near temple pond,Pending,Duplicate of earlier report.
CR00974,USR0411,SP0442,19.924512,74.593619,2020-06-23,CR00974_SP0442.jpg,Multiple individuals seen,Verified,Cross-checked with expert - confirmed.
CR00975,USR0208,SP0070,19.946351,74.483549,2020-09-27,CR00975_SP0070.jpg,Found near farm,Pending,Needs a clearer photo.
CR00976,USR0053,SP0376,19.836572,74.407552,2022-10-20,CR00976_SP0376.jpg,Found near farm,Verified,Cross-checked with expert - confirmed.
CR00977,USR0159,SP0369,19.925868,74.44369,2023-12-19,CR00977_SP0369.jpg,Noticed unusual coloration,Verified,Duplicate of earlier report.
CR00978,USR0400,SP0117,19.907442,74.548083,2024-12-19,CR00978_SP0117.jpg,Seen during college nature trail,Verified,
CR00979,USR0310,SP0114,19.891925,74.499954,2017-04-21,CR00979_SP0114.jpg,Spotted near temple pond,Pending,Duplicate of earlier report.
CR00980,USR0130,SP0268,19.814989,74.545613,2018-10-11,CR00980_SP0268.jpg,Spotted during morning walk,Pending,Duplicate of earlier report.
CR00981,USR0363,SP0135,19.813094,74.484049,2022-08-30,CR00981_SP0135.jpg,Found near farm,Verified,
CR00982,USR0038,SP0197,19.866924,74.45301,2018-01-13,CR00982_SP0197.jpg,Found near farm,Verified,Needs a clearer photo.
CR00983,USR0116,SP0037,19.860082,74.499544,2018-02-22,CR00983_SP0037.jpg,Spotted near temple pond,Verified,
CR00984,USR0056,SP0443,19.855541,74.412849,2024-06-13,CR00984_SP0443.jpg,Noticed unusual coloration,Pending,
CR00985,USR0163,SP0359,19.93575,74.394278,2018-05-03,CR00985_SP0359.jpg,Seen at riverbank,Verified,Cross-checked with expert - confirmed.
CR00986,USR0359,SP0436,19.828637,74.478413,2023-11-25,CR00986_SP0436.jpg,Roadkill reported,Pending,
CR00987,USR0025,SP0175,19.911236,74.378369,2024-09-14,CR00987_SP0175.jpg,Spotted near temple pond,Verified,Needs a clearer photo.
CR00988,USR0286,SP0133,19.913161,74.476635,2021-05-01,CR00988_SP0133.jpg,Multiple individuals seen,Verified,Needs a clearer photo.
CR00989,USR0499,SP0197,19.801219,74.474826,2022-01-14,CR00989_SP0197.jpg,Spotted near temple pond,Pending,Cross-checked with expert - confirmed.
CR00990,USR0302,SP0100,19.895754,74.564067,2021-08-19,CR00990_SP0100.jpg,Spotted near temple pond,Pending,Cross-checked with expert - confirmed.
CR00991,USR0457,SP0345,19.844929,74.590527,2025-10-16,CR00991_SP0345.jpg,Seen at riverbank,Verified,
CR00992,USR0201,SP0434,19.895845,74.539115,2017-04-14,CR00992_SP0434.jpg,Seen at riverbank,Verified,Cross-checked with expert - confirmed.
CR00993,USR0217,SP0367,19.92023,74.540064,2025-11-20,CR00993_SP0367.jpg,Seen at riverbank,Pending,
CR00994,USR0211,SP0408,19.926328,74.416793,2018-09-07,CR00994_SP0408.jpg,Noticed unusual coloration,Verified,Species ID corrected by reviewer.
CR00995,USR0189,SP0289,19.86528,74.353477,2021-11-28,CR00995_SP0289.jpg,Nesting site found,Verified,Duplicate of earlier report.
CR00996,USR0417,SP0094,19.801553,74.519033,2025-07-31,CR00996_SP0094.jpg,Roadkill reported,Verified,Species ID corrected by reviewer.
CR00997,USR0247,SP0124,19.884144,74.563401,2020-05-25,CR00997_SP0124.jpg,Multiple individuals seen,Pending,
CR00998,USR0194,SP0158,19.923619,74.400055,2018-11-01,CR00998_SP0158.jpg,Reported by local farmer,Verified,Needs a clearer photo.
CR00999,USR0414,SP0246,19.927825,74.589836,2019-07-17,CR00999_SP0246.jpg,Roadkill reported,Pending,Duplicate of earlier report.
CR01000,USR0174,SP0455,19.906029,74.489129,2023-02-08,CR01000_SP0455.jpg,Seen at riverbank,Pending,
CR01001,USR0275,SP0331,19.857325,74.515634,2023-11-03,CR01001_SP0331.jpg,Spotted near temple pond,Verified,Duplicate of earlier report.
CR01002,USR0095,SP0167,19.870562,74.443916,2019-11-21,CR01002_SP0167.jpg,Noticed unusual coloration,Pending,
CR01003,USR0158,SP0291,19.860407,74.478798,2022-04-28,CR01003_SP0291.jpg,Noticed unusual coloration,Pending,Duplicate of earlier report.
CR01004,USR0399,SP0314,19.840781,74.458969,2025-05-02,CR01004_SP0314.jpg,Spotted near temple pond,Verified,Needs a clearer photo.
CR01005,USR0007,SP0199,19.913404,74.433505,2026-07-08,CR01005_SP0199.jpg,Nesting site found,Verified,Needs a clearer photo.
CR01006,USR0480,SP0222,19.920282,74.487941,2020-04-09,CR01006_SP0222.jpg,Seen during college nature trail,Verified,
CR01007,USR0489,SP0278,19.851996,74.366432,2022-06-02,CR01007_SP0278.jpg,Multiple individuals seen,Verified,
CR01008,USR0030,SP0351,19.833798,74.582151,2020-02-13,CR01008_SP0351.jpg,Roadkill reported,Verified,"Looks accurate, approved."
CR01009,USR0482,SP0154,19.86764,74.36762,2017-03-05,CR01009_SP0154.jpg,Spotted near temple pond,Rejected,Duplicate of earlier report.
CR01010,USR0132,SP0373,19.82476,74.489183,2020-09-24,CR01010_SP0373.jpg,Seen at riverbank,Pending,Needs a clearer photo.
CR01011,USR0329,SP0369,19.819621,74.465499,2025-01-25,CR01011_SP0369.jpg,Seen during college nature trail,Verified,
CR01012,USR0230,SP0432,19.922051,74.44714,2025-01-15,CR01012_SP0432.jpg,Spotted during morning walk,Verified,
CR01013,USR0420,SP0280,19.941096,74.422603,2016-10-14,CR01013_SP0280.jpg,Reported by local farmer,Verified,
CR01014,USR0458,SP0277,19.878607,74.429014,2018-01-04,CR01014_SP0277.jpg,Roadkill reported,Verified,
CR01015,USR0282,SP0285,19.946108,74.595154,2019-07-22,CR01015_SP0285.jpg,Found near farm,Verified,
CR01016,USR0378,SP0117,19.8719,74.408541,2016-09-09,CR01016_SP0117.jpg,Seen at riverbank,Verified,
CR01017,USR0253,SP0272,19.913482,74.52983,2025-09-02,CR01017_SP0272.jpg,Reported by local farmer,Rejected,
CR01018,USR0457,SP0076,19.943964,74.512059,2019-09-02,CR01018_SP0076.jpg,Spotted during morning walk,Rejected,Species ID corrected by reviewer.
CR01019,USR0312,SP0293,19.893475,74.462746,2024-03-19,CR01019_SP0293.jpg,Roadkill reported,Verified,Cross-checked with expert - confirmed.
CR01020,USR0038,SP0383,19.810208,74.371915,2020-08-20,CR01020_SP0383.jpg,Noticed unusual coloration,Verified,
CR01021,USR0443,SP0193,19.815702,74.351654,2022-08-13,CR01021_SP0193.jpg,Seen during college nature trail,Rejected,
CR01022,USR0310,SP0021,19.864379,74.411009,2019-04-24,CR01022_SP0021.jpg,Seen during college nature trail,Pending,
CR01023,USR0011,SP0181,19.920382,74.362009,2019-04-11,CR01023_SP0181.jpg,Reported by local farmer,Pending,Species ID corrected by reviewer.
CR01024,USR0241,SP0225,19.852589,74.375814,2021-06-21,CR01024_SP0225.jpg,Reported by local farmer,Verified,Duplicate of earlier report.
CR01025,USR0088,SP0292,19.881298,74.403716,2019-07-26,CR01025_SP0292.jpg,Noticed unusual coloration,Pending,
CR01026,USR0007,SP0355,19.824932,74.351853,2017-11-13,CR01026_SP0355.jpg,Seen during college nature trail,Verified,Cross-checked with expert - confirmed.
CR01027,USR0074,SP0256,19.887069,74.399641,2022-07-18,CR01027_SP0256.jpg,Multiple individuals seen,Pending,Duplicate of earlier report.
CR01028,USR0486,SP0066,19.84769,74.436869,2020-04-19,CR01028_SP0066.jpg,Multiple individuals seen,Verified,"Looks accurate, approved."
CR01029,USR0004,SP0325,19.821519,74.368897,2021-03-22,CR01029_SP0325.jpg,Seen during college nature trail,Verified,
CR01030,USR0324,SP0303,19.915135,74.44242,2020-01-22,CR01030_SP0303.jpg,Roadkill reported,Verified,
CR01031,USR0436,SP0431,19.807548,74.468226,2025-09-09,CR01031_SP0431.jpg,Roadkill reported,Rejected,Species ID corrected by reviewer.
CR01032,USR0341,SP0031,19.884569,74.555056,2024-05-30,CR01032_SP0031.jpg,Found near farm,Pending,Duplicate of earlier report.
CR01033,USR0427,SP0404,19.939202,74.495337,2023-09-09,CR01033_SP0404.jpg,Roadkill reported,Rejected,Needs a clearer photo.
CR01034,USR0087,SP0365,19.905978,74.362797,2025-05-10,CR01034_SP0365.jpg,Roadkill reported,Verified,Cross-checked with expert - confirmed.
CR01035,USR0491,SP0435,19.942563,74.581058,2017-10-19,CR01035_SP0435.jpg,Spotted near temple pond,Pending,Species ID corrected by reviewer.
CR01036,USR0332,SP0241,19.826373,74.481514,2024-05-31,CR01036_SP0241.jpg,Multiple individuals seen,Verified,Species ID corrected by reviewer.
CR01037,USR0047,SP0338,19.943307,74.35783,2023-09-23,CR01037_SP0338.jpg,Reported by local farmer,Pending,Needs a clearer photo.
CR01038,USR0272,SP0323,19.89094,74.431488,2021-12-13,CR01038_SP0323.jpg,Reported by local farmer,Verified,Needs a clearer photo.
CR01039,USR0198,SP0199,19.947311,74.567914,2020-07-10,CR01039_SP0199.jpg,Roadkill reported,Verified,"Looks accurate, approved."
CR01040,USR0023,SP0094,19.823232,74.378879,2023-04-16,CR01040_SP0094.jpg,Seen during college nature trail,Rejected,
CR01041,USR0407,SP0262,19.947534,74.36697,2022-12-01,CR01041_SP0262.jpg,Spotted near temple pond,Verified,
CR01042,USR0407,SP0118,19.830318,74.506404,2024-11-14,CR01042_SP0118.jpg,Seen at riverbank,Verified,Duplicate of earlier report.
CR01043,USR0042,SP0070,19.921898,74.555187,2016-09-21,CR01043_SP0070.jpg,Spotted near temple pond,Verified,Needs a clearer photo.
CR01044,USR0291,SP0189,19.814504,74.384643,2022-07-15,CR01044_SP0189.jpg,Seen at riverbank,Verified,
CR01045,USR0191,SP0337,19.931079,74.58074,2024-07-12,CR01045_SP0337.jpg,Roadkill reported,Pending,
CR01046,USR0017,SP0393,19.911363,74.58612,2019-01-20,CR01046_SP0393.jpg,Seen at riverbank,Verified,Species ID corrected by reviewer.
CR01047,USR0078,SP0027,19.838149,74.36087,2024-03-07,CR01047_SP0027.jpg,Spotted during morning walk,Pending,
CR01048,USR0491,SP0191,19.938062,74.41939,2019-08-18,CR01048_SP0191.jpg,Seen during college nature trail,Verified,"Looks accurate, approved."
CR01049,USR0239,SP0150,19.807528,74.374177,2021-01-02,CR01049_SP0150.jpg,Spotted during morning walk,Verified,"Looks accurate, approved."
CR01050,USR0499,SP0059,19.928547,74.55611,2024-06-26,CR01050_SP0059.jpg,Noticed unusual coloration,Verified,Species ID corrected by reviewer.
CR01051,USR0140,SP0162,19.925055,74.421721,2019-09-01,CR01051_SP0162.jpg,Spotted during morning walk,Verified,
CR01052,USR0374,SP0447,19.936902,74.513834,2025-10-06,CR01052_SP0447.jpg,Noticed unusual coloration,Verified,
CR01053,USR0390,SP0108,19.813286,74.403256,2025-07-01,CR01053_SP0108.jpg,Found near farm,Verified,Needs a clearer photo.
CR01054,USR0079,SP0243,19.854793,74.407977,2022-08-10,CR01054_SP0243.jpg,Spotted near temple pond,Pending,
CR01055,USR0003,SP0452,19.914179,74.491347,2023-12-15,CR01055_SP0452.jpg,Multiple individuals seen,Verified,"Looks accurate, approved."
CR01056,USR0292,SP0303,19.806021,74.567689,2019-05-23,CR01056_SP0303.jpg,Multiple individuals seen,Verified,Cross-checked with expert - confirmed.
CR01057,USR0168,SP0076,19.872998,74.498386,2017-09-29,CR01057_SP0076.jpg,Spotted during morning walk,Verified,Duplicate of earlier report.
CR01058,USR0203,SP0053,19.861466,74.430821,2024-02-10,CR01058_SP0053.jpg,Noticed unusual coloration,Rejected,Cross-checked with expert - confirmed.
CR01059,USR0478,SP0319,19.809786,74.384664,2016-09-20,CR01059_SP0319.jpg,Roadkill reported,Pending,"Looks accurate, approved."
CR01060,USR0184,SP0272,19.879427,74.573096,2020-06-22,CR01060_SP0272.jpg,Spotted near temple pond,Rejected,Duplicate of earlier report.
CR01061,USR0232,SP0455,19.908481,74.394764,2016-09-09,CR01061_SP0455.jpg,Seen during college nature trail,Verified,Cross-checked with expert - confirmed.
CR01062,USR0447,SP0382,19.922698,74.495611,2020-04-25,CR01062_SP0382.jpg,Found near farm,Rejected,Duplicate of earlier report.
CR01063,USR0108,SP0302,19.944391,74.521307,2022-04-30,CR01063_SP0302.jpg,Nesting site found,Verified,
CR01064,USR0488,SP0384,19.863379,74.499257,2018-10-18,CR01064_SP0384.jpg,Noticed unusual coloration,Verified,"Looks accurate, approved."
CR01065,USR0450,SP0371,19.895994,74.362137,2023-05-05,CR01065_SP0371.jpg,Multiple individuals seen,Verified,"Looks accurate, approved."
CR01066,USR0074,SP0225,19.874698,74.566081,2019-02-09,CR01066_SP0225.jpg,Seen at riverbank,Verified,
CR01067,USR0139,SP0322,19.810253,74.522655,2019-07-16,CR01067_SP0322.jpg,Seen at riverbank,Verified,
CR01068,USR0288,SP0059,19.832715,74.591827,2023-10-05,CR01068_SP0059.jpg,Found near farm,Verified,
CR01069,USR0474,SP0249,19.887247,74.570937,2022-10-06,CR01069_SP0249.jpg,Spotted near temple pond,Pending,
CR01070,USR0466,SP0065,19.926441,74.533243,2025-09-30,CR01070_SP0065.jpg,Seen during college nature trail,Rejected,Cross-checked with expert - confirmed.
CR01071,USR0153,SP0362,19.876174,74.544445,2025-02-13,CR01071_SP0362.jpg,Noticed unusual coloration,Verified,Duplicate of earlier report.
CR01072,USR0038,SP0383,19.847761,74.452784,2025-07-14,CR01072_SP0383.jpg,Multiple individuals seen,Verified,
CR01073,USR0012,SP0381,19.904317,74.532856,2020-12-27,CR01073_SP0381.jpg,Seen during college nature trail,Verified,Species ID corrected by reviewer.
CR01074,USR0219,SP0155,19.921117,74.5383,2017-08-18,CR01074_SP0155.jpg,Roadkill reported,Rejected,Needs a clearer photo.
CR01075,USR0261,SP0019,19.834443,74.429536,2018-05-06,CR01075_SP0019.jpg,Multiple individuals seen,Pending,
CR01076,USR0438,SP0355,19.807582,74.543949,2016-11-15,CR01076_SP0355.jpg,Reported by local farmer,Verified,Species ID corrected by reviewer.
CR01077,USR0135,SP0281,19.945001,74.599172,2020-02-11,CR01077_SP0281.jpg,Spotted near temple pond,Verified,"Looks accurate, approved."
CR01078,USR0172,SP0048,19.895733,74.475932,2025-01-02,CR01078_SP0048.jpg,Spotted near temple pond,Rejected,Species ID corrected by reviewer.
CR01079,USR0064,SP0455,19.91315,74.433512,2024-07-21,CR01079_SP0455.jpg,Roadkill reported,Pending,Species ID corrected by reviewer.
CR01080,USR0283,SP0106,19.873919,74.593125,2021-02-20,CR01080_SP0106.jpg,Spotted near temple pond,Pending,Cross-checked with expert - confirmed.
CR01081,USR0016,SP0299,19.830328,74.400123,2021-05-11,CR01081_SP0299.jpg,Noticed unusual coloration,Pending,Species ID corrected by reviewer.
CR01082,USR0139,SP0144,19.89582,74.581278,2026-01-22,CR01082_SP0144.jpg,Seen at riverbank,Verified,
CR01083,USR0350,SP0345,19.890679,74.378867,2023-10-26,CR01083_SP0345.jpg,Seen during college nature trail,Verified,Duplicate of earlier report.
CR01084,USR0094,SP0332,19.837572,74.55751,2016-10-17,CR01084_SP0332.jpg,Multiple individuals seen,Pending,Needs a clearer photo.
CR01085,USR0162,SP0268,19.933412,74.464559,2023-10-03,CR01085_SP0268.jpg,Seen during college nature trail,Verified,Species ID corrected by reviewer.
CR01086,USR0165,SP0321,19.875059,74.39412,2021-04-12,CR01086_SP0321.jpg,Reported by local farmer,Verified,Cross-checked with expert - confirmed.
CR01087,USR0029,SP0160,19.940899,74.587566,2022-02-17,CR01087_SP0160.jpg,Found near farm,Verified,Duplicate of earlier report.
CR01088,USR0381,SP0166,19.807872,74.410449,2017-07-31,CR01088_SP0166.jpg,Spotted during morning walk,Verified,Species ID corrected by reviewer.
CR01089,USR0362,SP0073,19.821032,74.510043,2017-06-18,CR01089_SP0073.jpg,Seen at riverbank,Rejected,Duplicate of earlier report.
CR01090,USR0384,SP0365,19.839607,74.496925,2017-01-31,CR01090_SP0365.jpg,Spotted near temple pond,Verified,Duplicate of earlier report.
CR01091,USR0143,SP0267,19.887765,74.477029,2019-12-12,CR01091_SP0267.jpg,Spotted during morning walk,Pending,Duplicate of earlier report.
CR01092,USR0441,SP0299,19.83486,74.356264,2017-03-05,CR01092_SP0299.jpg,Seen at riverbank,Verified,Species ID corrected by reviewer.
CR01093,USR0054,SP0105,19.806714,74.530512,2024-11-03,CR01093_SP0105.jpg,Roadkill reported,Pending,
CR01094,USR0400,SP0017,19.802251,74.464361,2018-09-20,CR01094_SP0017.jpg,Seen at riverbank,Verified,"Looks accurate, approved."
CR01095,USR0124,SP0007,19.927706,74.447318,2023-03-22,CR01095_SP0007.jpg,Roadkill reported,Pending,"Looks accurate, approved."
CR01096,USR0021,SP0252,19.827427,74.454317,2020-06-08,CR01096_SP0252.jpg,Noticed unusual coloration,Verified,Duplicate of earlier report.
CR01097,USR0310,SP0143,19.866854,74.503715,2021-01-20,CR01097_SP0143.jpg,Spotted near temple pond,Verified,
CR01098,USR0047,SP0075,19.94113,74.517594,2018-09-20,CR01098_SP0075.jpg,Nesting site found,Verified,"Looks accurate, approved."
CR01099,USR0343,SP0325,19.90402,74.547334,2024-02-11,CR01099_SP0325.jpg,Reported by local farmer,Verified,
CR01100,USR0154,SP0084,19.918229,74.354047,2021-06-06,CR01100_SP0084.jpg,Roadkill reported,Verified,
CR01101,USR0152,SP0449,19.946143,74.591019,2025-08-16,CR01101_SP0449.jpg,Spotted during morning walk,Pending,
CR01102,USR0234,SP0042,19.910859,74.499799,2023-06-10,CR01102_SP0042.jpg,Spotted near temple pond,Verified,"Looks accurate, approved."
CR01103,USR0500,SP0084,19.943407,74.568823,2026-07-31,CR01103_SP0084.jpg,Reported by local farmer,Verified,Needs a clearer photo.
CR01104,USR0330,SP0273,19.929817,74.462285,2022-08-01,CR01104_SP0273.jpg,Seen during college nature trail,Verified,Duplicate of earlier report.
CR01105,USR0030,SP0144,19.841897,74.562866,2019-10-14,CR01105_SP0144.jpg,Nesting site found,Rejected,Duplicate of earlier report.
CR01106,USR0027,SP0314,19.80153,74.592999,2020-09-23,CR01106_SP0314.jpg,Spotted during morning walk,Verified,
CR01107,USR0064,SP0044,19.875643,74.480793,2024-05-28,CR01107_SP0044.jpg,Nesting site found,Verified,"Looks accurate, approved."
CR01108,USR0245,SP0127,19.893223,74.577528,2019-11-16,CR01108_SP0127.jpg,Seen at riverbank,Pending,Cross-checked with expert - confirmed.
CR01109,USR0239,SP0350,19.872661,74.555693,2019-03-12,CR01109_SP0350.jpg,Multiple individuals seen,Pending,Cross-checked with expert - confirmed.
CR01110,USR0001,SP0151,19.937183,74.571815,2025-07-08,CR01110_SP0151.jpg,Seen during college nature trail,Verified,
CR01111,USR0171,SP0354,19.907971,74.426263,2026-06-18,CR01111_SP0354.jpg,Seen at riverbank,Verified,
CR01112,USR0267,SP0117,19.854987,74.482553,2019-04-08,CR01112_SP0117.jpg,Spotted during morning walk,Verified,
CR01113,USR0475,SP0061,19.826359,74.450383,2025-11-10,CR01113_SP0061.jpg,Reported by local farmer,Verified,
CR01114,USR0316,SP0306,19.83705,74.400233,2020-11-25,CR01114_SP0306.jpg,Spotted near temple pond,Verified,
CR01115,USR0328,SP0379,19.848011,74.47622,2019-03-09,CR01115_SP0379.jpg,Seen at riverbank,Pending,Duplicate of earlier report.
CR01116,USR0244,SP0126,19.825023,74.401044,2020-03-15,CR01116_SP0126.jpg,Nesting site found,Rejected,"Looks accurate, approved."
CR01117,USR0252,SP0428,19.839903,74.591231,2020-01-28,CR01117_SP0428.jpg,Reported by local farmer,Pending,Needs a clearer photo.
CR01118,USR0085,SP0206,19.836338,74.524044,2021-01-19,CR01118_SP0206.jpg,Reported by local farmer,Pending,Species ID corrected by reviewer.
CR01119,USR0340,SP0158,19.873156,74.475072,2022-09-02,CR01119_SP0158.jpg,Nesting site found,Pending,Duplicate of earlier report.
CR01120,USR0199,SP0249,19.937112,74.568316,2023-08-16,CR01120_SP0249.jpg,Roadkill reported,Verified,
CR01121,USR0108,SP0187,19.876432,74.358268,2020-03-31,CR01121_SP0187.jpg,Spotted during morning walk,Verified,
CR01122,USR0092,SP0057,19.820093,74.483665,2025-01-22,CR01122_SP0057.jpg,Seen at riverbank,Verified,Needs a clearer photo.
CR01123,USR0411,SP0438,19.868332,74.420954,2023-08-09,CR01123_SP0438.jpg,Spotted near temple pond,Verified,Cross-checked with expert - confirmed.
CR01124,USR0319,SP0224,19.869254,74.357023,2021-11-10,CR01124_SP0224.jpg,Noticed unusual coloration,Pending,Species ID corrected by reviewer.
CR01125,USR0232,SP0200,19.891283,74.517712,2021-03-23,CR01125_SP0200.jpg,Seen during college nature trail,Verified,
CR01126,USR0133,SP0394,19.943259,74.565101,2024-02-27,CR01126_SP0394.jpg,Roadkill reported,Verified,Needs a clearer photo.
CR01127,USR0388,SP0239,19.895315,74.377208,2017-10-06,CR01127_SP0239.jpg,Found near farm,Verified,Species ID corrected by reviewer.
CR01128,USR0405,SP0318,19.949217,74.490699,2024-11-18,CR01128_SP0318.jpg,Seen at riverbank,Rejected,"Looks accurate, approved."
CR01129,USR0024,SP0233,19.85341,74.55433,2023-04-05,CR01129_SP0233.jpg,Seen at riverbank,Pending,Duplicate of earlier report.
CR01130,USR0200,SP0135,19.850971,74.354747,2025-11-30,CR01130_SP0135.jpg,Multiple individuals seen,Verified,Cross-checked with expert - confirmed.
CR01131,USR0172,SP0187,19.911046,74.521816,2017-01-19,CR01131_SP0187.jpg,Seen at riverbank,Pending,Duplicate of earlier report.
CR01132,USR0368,SP0024,19.924021,74.573911,2021-02-14,CR01132_SP0024.jpg,Spotted near temple pond,Verified,Species ID corrected by reviewer.
CR01133,USR0403,SP0057,19.804259,74.588562,2022-11-30,CR01133_SP0057.jpg,Roadkill reported,Pending,Cross-checked with expert - confirmed.
CR01134,USR0302,SP0319,19.943268,74.460472,2025-10-18,CR01134_SP0319.jpg,Roadkill reported,Verified,
CR01135,USR0273,SP0312,19.80857,74.502716,2018-06-15,CR01135_SP0312.jpg,Spotted near temple pond,Pending,Needs a clearer photo.
CR01136,USR0450,SP0108,19.849773,74.36339,2022-06-03,CR01136_SP0108.jpg,Seen at riverbank,Verified,
CR01137,USR0475,SP0400,19.838401,74.404332,2022-08-19,CR01137_SP0400.jpg,Spotted near temple pond,Pending,
CR01138,USR0427,SP0091,19.904118,74.374532,2021-08-20,CR01138_SP0091.jpg,Spotted during morning walk,Verified,Cross-checked with expert - confirmed.
CR01139,USR0350,SP0276,19.937847,74.405756,2022-06-16,CR01139_SP0276.jpg,Nesting site found,Verified,
CR01140,USR0468,SP0389,19.886503,74.419694,2022-10-03,CR01140_SP0389.jpg,Spotted during morning walk,Verified,
CR01141,USR0219,SP0121,19.909902,74.450971,2025-12-04,CR01141_SP0121.jpg,Nesting site found,Verified,Species ID corrected by reviewer.
CR01142,USR0417,SP0379,19.815789,74.561983,2022-06-20,CR01142_SP0379.jpg,Seen at riverbank,Pending,Cross-checked with expert - confirmed.
CR01143,USR0029,SP0292,19.842045,74.365205,2026-07-03,CR01143_SP0292.jpg,Reported by local farmer,Verified,Cross-checked with expert - confirmed.
CR01144,USR0184,SP0166,19.860679,74.56593,2021-05-07,CR01144_SP0166.jpg,Seen at riverbank,Verified,Duplicate of earlier report.
CR01145,USR0246,SP0304,19.948592,74.556364,2024-01-05,CR01145_SP0304.jpg,Multiple individuals seen,Verified,Duplicate of earlier report.
CR01146,USR0185,SP0434,19.872248,74.427234,2020-07-30,CR01146_SP0434.jpg,Noticed unusual coloration,Verified,Needs a clearer photo.
CR01147,USR0058,SP0086,19.904233,74.458723,2017-03-27,CR01147_SP0086.jpg,Roadkill reported,Verified,Species ID corrected by reviewer.
CR01148,USR0357,SP0086,19.829187,74.526709,2023-06-16,CR01148_SP0086.jpg,Seen during college nature trail,Pending,
CR01149,USR0367,SP0018,19.841645,74.585311,2023-01-10,CR01149_SP0018.jpg,Nesting site found,Pending,
CR01150,USR0233,SP0057,19.884127,74.563885,2019-06-07,CR01150_SP0057.jpg,Spotted during morning walk,Pending,Cross-checked with expert - confirmed.
CR01151,USR0228,SP0369,19.890976,74.499046,2026-03-03,CR01151_SP0369.jpg,Found near farm,Verified,
CR01152,USR0260,SP0209,19.935336,74.435545,2025-07-25,CR01152_SP0209.jpg,Seen during college nature trail,Verified,Duplicate of earlier report.
CR01153,USR0132,SP0055,19.938232,74.447555,2025-06-11,CR01153_SP0055.jpg,Seen at riverbank,Verified,Duplicate of earlier report.
CR01154,USR0225,SP0250,19.86276,74.567516,2024-07-11,CR01154_SP0250.jpg,Nesting site found,Rejected,
CR01155,USR0398,SP0444,19.923659,74.498564,2025-10-31,CR01155_SP0444.jpg,Spotted near temple pond,Verified,
CR01156,USR0345,SP0152,19.894306,74.351287,2025-08-24,CR01156_SP0152.jpg,Noticed unusual coloration,Verified,"Looks accurate, approved."
CR01157,USR0095,SP0185,19.862544,74.484203,2018-05-29,CR01157_SP0185.jpg,Roadkill reported,Verified,Cross-checked with expert - confirmed.
CR01158,USR0080,SP0028,19.821236,74.351352,2022-01-24,CR01158_SP0028.jpg,Noticed unusual coloration,Verified,Species ID corrected by reviewer.
CR01159,USR0119,SP0127,19.917606,74.578514,2025-01-21,CR01159_SP0127.jpg,Seen at riverbank,Verified,Species ID corrected by reviewer.
CR01160,USR0190,SP0372,19.844803,74.53889,2023-09-06,CR01160_SP0372.jpg,Nesting site found,Pending,"Looks accurate, approved."
CR01161,USR0262,SP0299,19.805809,74.439603,2018-04-22,CR01161_SP0299.jpg,Spotted near temple pond,Pending,"Looks accurate, approved."
CR01162,USR0348,SP0284,19.896278,74.354,2023-09-15,CR01162_SP0284.jpg,Seen at riverbank,Verified,Species ID corrected by reviewer.
CR01163,USR0431,SP0081,19.94601,74.404209,2024-05-13,CR01163_SP0081.jpg,Reported by local farmer,Verified,"Looks accurate, approved."
CR01164,USR0263,SP0375,19.907663,74.431692,2023-11-21,CR01164_SP0375.jpg,Found near farm,Rejected,Species ID corrected by reviewer.
CR01165,USR0386,SP0246,19.805155,74.557053,2025-08-01,CR01165_SP0246.jpg,Nesting site found,Verified,Needs a clearer photo.
CR01166,USR0083,SP0131,19.807567,74.386122,2025-07-17,CR01166_SP0131.jpg,Roadkill reported,Verified,Needs a clearer photo.
CR01167,USR0120,SP0312,19.924402,74.360322,2024-09-09,CR01167_SP0312.jpg,Noticed unusual coloration,Verified,
CR01168,USR0479,SP0166,19.889416,74.558839,2026-06-22,CR01168_SP0166.jpg,Spotted near temple pond,Verified,"Looks accurate, approved."
CR01169,USR0198,SP0405,19.825181,74.520447,2021-12-02,CR01169_SP0405.jpg,Reported by local farmer,Pending,
CR01170,USR0291,SP0017,19.901643,74.372061,2016-09-12,CR01170_SP0017.jpg,Nesting site found,Verified,Species ID corrected by reviewer.
CR01171,USR0257,SP0399,19.864909,74.559693,2020-11-25,CR01171_SP0399.jpg,Seen during college nature trail,Verified,
CR01172,USR0097,SP0050,19.916309,74.583023,2019-10-18,CR01172_SP0050.jpg,Found near farm,Rejected,"Looks accurate, approved."
CR01173,USR0298,SP0070,19.89227,74.359555,2018-11-11,CR01173_SP0070.jpg,Spotted near temple pond,Verified,
CR01174,USR0071,SP0114,19.823237,74.523678,2019-03-29,CR01174_SP0114.jpg,Spotted during morning walk,Verified,Species ID corrected by reviewer.
CR01175,USR0237,SP0316,19.888647,74.564122,2021-01-16,CR01175_SP0316.jpg,Found near farm,Verified,
CR01176,USR0243,SP0404,19.938546,74.442235,2023-03-28,CR01176_SP0404.jpg,Found near farm,Verified,Species ID corrected by reviewer.
CR01177,USR0097,SP0415,19.801797,74.599743,2021-05-04,CR01177_SP0415.jpg,Found near farm,Verified,Species ID corrected by reviewer.
CR01178,USR0094,SP0262,19.814942,74.405205,2024-11-09,CR01178_SP0262.jpg,Reported by local farmer,Pending,Needs a clearer photo.
CR01179,USR0283,SP0016,19.931498,74.59164,2026-06-02,CR01179_SP0016.jpg,Found near farm,Verified,
CR01180,USR0372,SP0117,19.896491,74.378153,2026-01-15,CR01180_SP0117.jpg,Seen at riverbank,Verified,Duplicate of earlier report.
CR01181,USR0356,SP0186,19.945957,74.573975,2018-02-22,CR01181_SP0186.jpg,Reported by local farmer,Verified,Species ID corrected by reviewer.
CR01182,USR0429,SP0317,19.869959,74.574114,2023-03-22,CR01182_SP0317.jpg,Reported by local farmer,Verified,"Looks accurate, approved."
CR01183,USR0433,SP0079,19.84068,74.518678,2018-01-24,CR01183_SP0079.jpg,Nesting site found,Pending,Species ID corrected by reviewer.
CR01184,USR0218,SP0339,19.811983,74.490419,2022-03-25,CR01184_SP0339.jpg,Spotted during morning walk,Pending,
CR01185,USR0445,SP0278,19.915913,74.384792,2025-12-07,CR01185_SP0278.jpg,Roadkill reported,Verified,Cross-checked with expert - confirmed.
CR01186,USR0299,SP0237,19.923346,74.410092,2025-08-11,CR01186_SP0237.jpg,Nesting site found,Rejected,Species ID corrected by reviewer.
CR01187,USR0069,SP0088,19.850575,74.444916,2017-01-02,CR01187_SP0088.jpg,Spotted during morning walk,Pending,"Looks accurate, approved."
CR01188,USR0173,SP0374,19.821414,74.557291,2025-02-06,CR01188_SP0374.jpg,Found near farm,Pending,"Looks accurate, approved."
CR01189,USR0182,SP0448,19.848733,74.546444,2024-04-20,CR01189_SP0448.jpg,Seen during college nature trail,Verified,Cross-checked with expert - confirmed.
CR01190,USR0387,SP0014,19.893327,74.432337,2024-01-17,CR01190_SP0014.jpg,Seen at riverbank,Verified,Needs a clearer photo.
CR01191,USR0285,SP0155,19.805909,74.445285,2023-03-05,CR01191_SP0155.jpg,Found near farm,Verified,"Looks accurate, approved."
CR01192,USR0342,SP0345,19.917381,74.554736,2021-07-17,CR01192_SP0345.jpg,Spotted during morning walk,Verified,"Looks accurate, approved."
CR01193,USR0245,SP0292,19.821418,74.598892,2025-08-31,CR01193_SP0292.jpg,Noticed unusual coloration,Verified,Duplicate of earlier report.
CR01194,USR0388,SP0337,19.892456,74.39353,2024-09-28,CR01194_SP0337.jpg,Seen during college nature trail,Verified,Cross-checked with expert - confirmed.
CR01195,USR0005,SP0437,19.807805,74.501896,2021-11-02,CR01195_SP0437.jpg,Noticed unusual coloration,Pending,Duplicate of earlier report.
CR01196,USR0444,SP0289,19.848647,74.362455,2017-03-13,CR01196_SP0289.jpg,Reported by local farmer,Verified,Duplicate of earlier report.
CR01197,USR0382,SP0093,19.894105,74.514061,2021-09-29,CR01197_SP0093.jpg,Spotted during morning walk,Verified,
CR01198,USR0420,SP0203,19.8099,74.360966,2020-03-08,CR01198_SP0203.jpg,Reported by local farmer,Verified,Needs a clearer photo.
CR01199,USR0176,SP0042,19.815356,74.429477,2024-02-18,CR01199_SP0042.jpg,Multiple individuals seen,Pending,Needs a clearer photo.
CR01200,USR0481,SP0211,19.908938,74.448634,2022-02-25,CR01200_SP0211.jpg,Multiple individuals seen,Pending,"Looks accurate, approved."
CR01201,USR0352,SP0226,19.895374,74.503596,2026-07-29,CR01201_SP0226.jpg,Seen during college nature trail,Verified,
CR01202,USR0399,SP0423,19.949449,74.573968,2020-01-21,CR01202_SP0423.jpg,Seen at riverbank,Pending,Cross-checked with expert - confirmed.
CR01203,USR0021,SP0442,19.825809,74.484399,2026-05-15,CR01203_SP0442.jpg,Nesting site found,Verified,Species ID corrected by reviewer.
CR01204,USR0342,SP0367,19.857424,74.405154,2022-04-18,CR01204_SP0367.jpg,Spotted during morning walk,Pending,Needs a clearer photo.
CR01205,USR0376,SP0424,19.86331,74.426734,2023-03-09,CR01205_SP0424.jpg,Spotted during morning walk,Verified,
CR01206,USR0190,SP0164,19.862066,74.495846,2017-11-28,CR01206_SP0164.jpg,Found near farm,Verified,Species ID corrected by reviewer.
CR01207,USR0021,SP0292,19.909667,74.419562,2024-05-03,CR01207_SP0292.jpg,Roadkill reported,Verified,Species ID corrected by reviewer.
CR01208,USR0461,SP0183,19.878068,74.445636,2021-11-19,CR01208_SP0183.jpg,Multiple individuals seen,Pending,"Looks accurate, approved."
CR01209,USR0251,SP0365,19.814776,74.362464,2024-04-09,CR01209_SP0365.jpg,Seen at riverbank,Verified,
CR01210,USR0221,SP0323,19.845192,74.372749,2025-09-03,CR01210_SP0323.jpg,Nesting site found,Verified,"Looks accurate, approved."
CR01211,USR0129,SP0058,19.882424,74.529859,2022-02-16,CR01211_SP0058.jpg,Seen during college nature trail,Verified,"Looks accurate, approved."
CR01212,USR0406,SP0358,19.839213,74.397109,2017-09-25,CR01212_SP0358.jpg,Roadkill reported,Verified,Cross-checked with expert - confirmed.
CR01213,USR0293,SP0059,19.826065,74.362992,2025-11-11,CR01213_SP0059.jpg,Reported by local farmer,Verified,Species ID corrected by reviewer.
CR01214,USR0069,SP0405,19.837828,74.36205,2025-09-09,CR01214_SP0405.jpg,Reported by local farmer,Pending,Species ID corrected by reviewer.
CR01215,USR0399,SP0180,19.81629,74.420861,2018-04-19,CR01215_SP0180.jpg,Noticed unusual coloration,Pending,Species ID corrected by reviewer.
CR01216,USR0189,SP0356,19.845572,74.353575,2017-10-21,CR01216_SP0356.jpg,Seen at riverbank,Pending,Species ID corrected by reviewer.
CR01217,USR0047,SP0026,19.895163,74.575368,2024-01-16,CR01217_SP0026.jpg,Spotted near temple pond,Verified,Cross-checked with expert - confirmed.
CR01218,USR0172,SP0345,19.868284,74.436419,2024-02-13,CR01218_SP0345.jpg,Reported by local farmer,Pending,Duplicate of earlier report.
CR01219,USR0374,SP0350,19.877898,74.584764,2018-12-04,CR01219_SP0350.jpg,Spotted during morning walk,Pending,Needs a clearer photo.
CR01220,USR0262,SP0015,19.85083,74.56475,2022-04-25,CR01220_SP0015.jpg,Noticed unusual coloration,Verified,Duplicate of earlier report.
CR01221,USR0408,SP0001,19.934428,74.410382,2018-08-26,CR01221_SP0001.jpg,Spotted during morning walk,Verified,Cross-checked with expert - confirmed.
CR01222,USR0281,SP0304,19.919413,74.536418,2025-06-20,CR01222_SP0304.jpg,Found near farm,Verified,Needs a clearer photo.
CR01223,USR0487,SP0166,19.92041,74.597766,2016-11-14,CR01223_SP0166.jpg,Noticed unusual coloration,Verified,"Looks accurate, approved."
CR01224,USR0213,SP0099,19.836218,74.509808,2019-04-30,CR01224_SP0099.jpg,Nesting site found,Pending,Needs a clearer photo.
CR01225,USR0104,SP0089,19.907216,74.457669,2019-12-25,CR01225_SP0089.jpg,Found near farm,Verified,"Looks accurate, approved."
CR01226,USR0494,SP0459,19.867514,74.534336,2025-02-07,CR01226_SP0459.jpg,Seen at riverbank,Verified,
CR01227,USR0312,SP0276,19.833614,74.501724,2021-02-09,CR01227_SP0276.jpg,Noticed unusual coloration,Verified,Cross-checked with expert - confirmed.
CR01228,USR0404,SP0340,19.839372,74.46465,2017-05-14,CR01228_SP0340.jpg,Seen at riverbank,Verified,Needs a clearer photo.
CR01229,USR0446,SP0258,19.918536,74.534381,2024-12-14,CR01229_SP0258.jpg,Multiple individuals seen,Verified,"Looks accurate, approved."
CR01230,USR0428,SP0075,19.935064,74.3912,2023-05-25,CR01230_SP0075.jpg,Noticed unusual coloration,Pending,
CR01231,USR0389,SP0357,19.937772,74.351366,2024-01-13,CR01231_SP0357.jpg,Found near farm,Verified,
CR01232,USR0475,SP0272,19.863157,74.53968,2020-05-18,CR01232_SP0272.jpg,Seen during college nature trail,Verified,Species ID corrected by reviewer.
CR01233,USR0236,SP0456,19.862772,74.514628,2023-08-07,CR01233_SP0456.jpg,Found near farm,Verified,
CR01234,USR0018,SP0038,19.869511,74.45852,2022-04-30,CR01234_SP0038.jpg,Seen at riverbank,Verified,
CR01235,USR0094,SP0106,19.830324,74.52305,2024-09-21,CR01235_SP0106.jpg,Spotted during morning walk,Verified,"Looks accurate, approved."
CR01236,USR0305,SP0364,19.949549,74.358,2023-01-25,CR01236_SP0364.jpg,Roadkill reported,Verified,
CR01237,USR0300,SP0240,19.84677,74.360043,2020-10-26,CR01237_SP0240.jpg,Spotted near temple pond,Pending,Species ID corrected by reviewer.
CR01238,USR0023,SP0155,19.820037,74.55063,2023-11-25,CR01238_SP0155.jpg,Seen at riverbank,Pending,"Looks accurate, approved."
CR01239,USR0492,SP0344,19.809229,74.414882,2021-02-11,CR01239_SP0344.jpg,Reported by local farmer,Verified,
CR01240,USR0343,SP0140,19.893857,74.350908,2025-01-28,CR01240_SP0140.jpg,Spotted during morning walk,Rejected,
CR01241,USR0032,SP0119,19.848899,74.471773,2025-01-07,CR01241_SP0119.jpg,Reported by local farmer,Verified,"Looks accurate, approved."
CR01242,USR0403,SP0159,19.939952,74.567638,2018-12-30,CR01242_SP0159.jpg,Reported by local farmer,Verified,Duplicate of earlier report.
CR01243,USR0264,SP0226,19.882967,74.506274,2023-03-09,CR01243_SP0226.jpg,Roadkill reported,Verified,
CR01244,USR0143,SP0372,19.810156,74.52954,2017-08-14,CR01244_SP0372.jpg,Seen during college nature trail,Verified,
CR01245,USR0302,SP0190,19.890899,74.555163,2019-02-01,CR01245_SP0190.jpg,Spotted during morning walk,Pending,
CR01246,USR0119,SP0404,19.937294,74.441507,2026-07-08,CR01246_SP0404.jpg,Seen during college nature trail,Rejected,
CR01247,USR0031,SP0091,19.859163,74.436052,2021-09-21,CR01247_SP0091.jpg,Noticed unusual coloration,Verified,"Looks accurate, approved."
CR01248,USR0449,SP0200,19.87878,74.502237,2021-11-25,CR01248_SP0200.jpg,Seen at riverbank,Verified,Duplicate of earlier report.
CR01249,USR0203,SP0103,19.947933,74.558558,2026-05-09,CR01249_SP0103.jpg,Reported by local farmer,Pending,Cross-checked with expert - confirmed.
CR01250,USR0192,SP0233,19.948154,74.466968,2021-10-29,CR01250_SP0233.jpg,Seen at riverbank,Pending,Cross-checked with expert - confirmed.
CR01251,USR0329,SP0363,19.82218,74.525002,2023-03-27,CR01251_SP0363.jpg,Found near farm,Verified,Needs a clearer photo.
CR01252,USR0421,SP0209,19.865634,74.402131,2024-06-04,CR01252_SP0209.jpg,Spotted during morning walk,Verified,
CR01253,USR0128,SP0437,19.942572,74.478518,2026-01-04,CR01253_SP0437.jpg,Seen at riverbank,Verified,Duplicate of earlier report.
CR01254,USR0066,SP0123,19.927892,74.452716,2024-10-23,CR01254_SP0123.jpg,Spotted during morning walk,Pending,Species ID corrected by reviewer.
CR01255,USR0005,SP0010,19.876407,74.474919,2017-09-15,CR01255_SP0010.jpg,Spotted near temple pond,Pending,Species ID corrected by reviewer.
CR01256,USR0012,SP0017,19.928893,74.45747,2016-12-25,CR01256_SP0017.jpg,Multiple individuals seen,Verified,Cross-checked with expert - confirmed.
CR01257,USR0477,SP0187,19.864536,74.467935,2017-06-26,CR01257_SP0187.jpg,Multiple individuals seen,Verified,Cross-checked with expert - confirmed.
CR01258,USR0208,SP0056,19.88303,74.42872,2020-12-15,CR01258_SP0056.jpg,Seen at riverbank,Rejected,Duplicate of earlier report.
CR01259,USR0236,SP0387,19.825745,74.440813,2024-03-31,CR01259_SP0387.jpg,Spotted during morning walk,Verified,Needs a clearer photo.
CR01260,USR0057,SP0157,19.888183,74.507163,2018-12-10,CR01260_SP0157.jpg,Spotted during morning walk,Pending,
CR01261,USR0232,SP0402,19.82696,74.48952,2026-01-18,CR01261_SP0402.jpg,Spotted near temple pond,Verified,Species ID corrected by reviewer.
CR01262,USR0172,SP0361,19.907975,74.536318,2020-01-27,CR01262_SP0361.jpg,Roadkill reported,Rejected,"Looks accurate, approved."
CR01263,USR0058,SP0161,19.903777,74.524336,2024-01-11,CR01263_SP0161.jpg,Spotted near temple pond,Verified,
CR01264,USR0343,SP0121,19.801111,74.591782,2024-07-29,CR01264_SP0121.jpg,Spotted near temple pond,Verified,"Looks accurate, approved."
CR01265,USR0321,SP0108,19.830917,74.387197,2018-02-05,CR01265_SP0108.jpg,Nesting site found,Verified,Duplicate of earlier report.
CR01266,USR0322,SP0333,19.830106,74.492983,2024-10-30,CR01266_SP0333.jpg,Multiple individuals seen,Verified,Needs a clearer photo.
CR01267,USR0389,SP0096,19.864835,74.406551,2026-06-25,CR01267_SP0096.jpg,Seen during college nature trail,Pending,Species ID corrected by reviewer.
CR01268,USR0291,SP0451,19.943456,74.566119,2023-01-25,CR01268_SP0451.jpg,Seen at riverbank,Rejected,
CR01269,USR0428,SP0413,19.803645,74.472769,2022-09-27,CR01269_SP0413.jpg,Spotted during morning walk,Verified,Species ID corrected by reviewer.
CR01270,USR0252,SP0139,19.801783,74.51948,2024-04-27,CR01270_SP0139.jpg,Seen during college nature trail,Pending,Duplicate of earlier report.
CR01271,USR0381,SP0154,19.865839,74.40269,2023-11-25,CR01271_SP0154.jpg,Found near farm,Verified,Species ID corrected by reviewer.
CR01272,USR0439,SP0007,19.804904,74.52673,2020-05-08,CR01272_SP0007.jpg,Noticed unusual coloration,Pending,Needs a clearer photo.
CR01273,USR0307,SP0233,19.847816,74.513876,2019-03-22,CR01273_SP0233.jpg,Nesting site found,Verified,"Looks accurate, approved."
CR01274,USR0391,SP0379,19.920608,74.360516,2016-12-18,CR01274_SP0379.jpg,Found near farm,Verified,"Looks accurate, approved."
CR01275,USR0339,SP0036,19.927622,74.385406,2017-09-17,CR01275_SP0036.jpg,Spotted near temple pond,Verified,Duplicate of earlier report.
CR01276,USR0241,SP0239,19.913354,74.357652,2022-03-13,CR01276_SP0239.jpg,Found near farm,Verified,
CR01277,USR0149,SP0011,19.818706,74.492615,2026-05-20,CR01277_SP0011.jpg,Nesting site found,Pending,Species ID corrected by reviewer.
CR01278,USR0031,SP0041,19.88047,74.510532,2026-06-15,CR01278_SP0041.jpg,Nesting site found,Pending,Duplicate of earlier report.
CR01279,USR0068,SP0153,19.927846,74.395155,2021-06-07,CR01279_SP0153.jpg,Seen at riverbank,Pending,Species ID corrected by reviewer.
CR01280,USR0251,SP0117,19.819314,74.504172,2019-06-01,CR01280_SP0117.jpg,Spotted during morning walk,Verified,
CR01281,USR0328,SP0268,19.924568,74.471597,2020-07-21,CR01281_SP0268.jpg,Found near farm,Rejected,Cross-checked with expert - confirmed.
CR01282,USR0440,SP0079,19.822098,74.467201,2023-09-13,CR01282_SP0079.jpg,Seen at riverbank,Verified,"Looks accurate, approved."
CR01283,USR0369,SP0290,19.92637,74.547417,2016-10-05,CR01283_SP0290.jpg,Nesting site found,Rejected,
CR01284,USR0015,SP0004,19.856023,74.430738,2018-02-10,CR01284_SP0004.jpg,Seen at riverbank,Pending,
CR01285,USR0396,SP0426,19.893147,74.422754,2019-02-12,CR01285_SP0426.jpg,Multiple individuals seen,Verified,Species ID corrected by reviewer.
CR01286,USR0043,SP0191,19.803037,74.393364,2022-05-03,CR01286_SP0191.jpg,Seen at riverbank,Verified,
CR01287,USR0469,SP0221,19.838295,74.55697,2025-06-16,CR01287_SP0221.jpg,Seen at riverbank,Verified,
CR01288,USR0377,SP0176,19.916307,74.353873,2023-06-09,CR01288_SP0176.jpg,Spotted during morning walk,Pending,
CR01289,USR0215,SP0368,19.909429,74.528347,2022-06-01,CR01289_SP0368.jpg,Spotted during morning walk,Verified,Duplicate of earlier report.
CR01290,USR0202,SP0148,19.908542,74.449351,2021-02-12,CR01290_SP0148.jpg,Seen at riverbank,Rejected,Duplicate of earlier report.
CR01291,USR0292,SP0359,19.870742,74.354932,2023-03-21,CR01291_SP0359.jpg,Reported by local farmer,Verified,
CR01292,USR0371,SP0371,19.928868,74.534379,2022-10-24,CR01292_SP0371.jpg,Noticed unusual coloration,Pending,
CR01293,USR0178,SP0312,19.891284,74.585614,2019-01-19,CR01293_SP0312.jpg,Spotted during morning walk,Pending,Needs a clearer photo.
CR01294,USR0196,SP0275,19.819035,74.405959,2018-03-09,CR01294_SP0275.jpg,Multiple individuals seen,Verified,Duplicate of earlier report.
CR01295,USR0005,SP0260,19.843787,74.58189,2022-05-26,CR01295_SP0260.jpg,Seen at riverbank,Verified,Cross-checked with expert - confirmed.
CR01296,USR0330,SP0314,19.923025,74.378523,2017-10-11,CR01296_SP0314.jpg,Spotted near temple pond,Pending,"Looks accurate, approved."
CR01297,USR0333,SP0452,19.845488,74.532998,2022-11-22,CR01297_SP0452.jpg,Seen during college nature trail,Pending,Cross-checked with expert - confirmed.
CR01298,USR0187,SP0348,19.942787,74.548515,2024-05-24,CR01298_SP0348.jpg,Seen at riverbank,Verified,Duplicate of earlier report.
CR01299,USR0380,SP0349,19.911109,74.542027,2024-06-15,CR01299_SP0349.jpg,Roadkill reported,Verified,Species ID corrected by reviewer.
CR01300,USR0386,SP0256,19.948758,74.424792,2026-04-11,CR01300_SP0256.jpg,Spotted near temple pond,Pending,"Looks accurate, approved."
CR01301,USR0321,SP0359,19.933975,74.594996,2024-10-19,CR01301_SP0359.jpg,Spotted during morning walk,Verified,
CR01302,USR0346,SP0169,19.822031,74.478342,2021-01-06,CR01302_SP0169.jpg,Nesting site found,Verified,Duplicate of earlier report.
CR01303,USR0426,SP0028,19.894263,74.484054,2025-01-02,CR01303_SP0028.jpg,Found near farm,Verified,Needs a clearer photo.
CR01304,USR0251,SP0352,19.859645,74.585999,2024-08-07,CR01304_SP0352.jpg,Spotted during morning walk,Verified,Cross-checked with expert - confirmed.
CR01305,USR0436,SP0426,19.824101,74.523395,2017-08-05,CR01305_SP0426.jpg,Multiple individuals seen,Verified,"Looks accurate, approved."
CR01306,USR0031,SP0300,19.802902,74.351541,2022-01-27,CR01306_SP0300.jpg,Spotted near temple pond,Verified,"Looks accurate, approved."
CR01307,USR0450,SP0162,19.805263,74.597975,2026-02-25,CR01307_SP0162.jpg,Spotted during morning walk,Pending,Species ID corrected by reviewer.
CR01308,USR0303,SP0105,19.856564,74.569073,2018-09-10,CR01308_SP0105.jpg,Found near farm,Rejected,Cross-checked with expert - confirmed.
CR01309,USR0310,SP0425,19.854735,74.517725,2026-05-07,CR01309_SP0425.jpg,Seen at riverbank,Pending,
CR01310,USR0016,SP0368,19.930136,74.532922,2026-02-03,CR01310_SP0368.jpg,Roadkill reported,Verified,"Looks accurate, approved."
CR01311,USR0129,SP0338,19.928917,74.48302,2024-03-25,CR01311_SP0338.jpg,Spotted during morning walk,Rejected,Needs a clearer photo.
CR01312,USR0422,SP0045,19.869717,74.51304,2025-01-14,CR01312_SP0045.jpg,Seen during college nature trail,Rejected,
CR01313,USR0448,SP0255,19.889512,74.513313,2024-01-13,CR01313_SP0255.jpg,Noticed unusual coloration,Pending,
CR01314,USR0450,SP0002,19.895548,74.474663,2016-12-15,CR01314_SP0002.jpg,Seen during college nature trail,Verified,Species ID corrected by reviewer.
CR01315,USR0272,SP0166,19.835829,74.375926,2026-04-29,CR01315_SP0166.jpg,Nesting site found,Verified,
CR01316,USR0452,SP0043,19.932545,74.511217,2024-02-16,CR01316_SP0043.jpg,Seen during college nature trail,Pending,Cross-checked with expert - confirmed.
CR01317,USR0382,SP0387,19.926032,74.390818,2023-12-14,CR01317_SP0387.jpg,Seen at riverbank,Verified,"Looks accurate, approved."
CR01318,USR0063,SP0120,19.863059,74.570498,2018-01-15,CR01318_SP0120.jpg,Spotted during morning walk,Rejected,"Looks accurate, approved."
CR01319,USR0215,SP0114,19.839108,74.527706,2019-04-18,CR01319_SP0114.jpg,Multiple individuals seen,Pending,Needs a clearer photo.
CR01320,USR0483,SP0384,19.828441,74.535122,2025-02-15,CR01320_SP0384.jpg,Seen at riverbank,Verified,
CR01321,USR0121,SP0189,19.910477,74.555181,2019-10-03,CR01321_SP0189.jpg,Roadkill reported,Verified,Needs a clearer photo.
CR01322,USR0011,SP0312,19.883703,74.403882,2025-01-14,CR01322_SP0312.jpg,Nesting site found,Rejected,Species ID corrected by reviewer.
CR01323,USR0340,SP0420,19.919916,74.546163,2022-01-02,CR01323_SP0420.jpg,Seen during college nature trail,Pending,Duplicate of earlier report.
CR01324,USR0287,SP0289,19.916704,74.464205,2020-01-19,CR01324_SP0289.jpg,Reported by local farmer,Verified,Needs a clearer photo.
CR01325,USR0419,SP0406,19.930051,74.390518,2024-06-20,CR01325_SP0406.jpg,Roadkill reported,Verified,Species ID corrected by reviewer.
CR01326,USR0403,SP0236,19.837815,74.444057,2020-06-20,CR01326_SP0236.jpg,Spotted during morning walk,Verified,Duplicate of earlier report.
CR01327,USR0140,SP0349,19.901347,74.416275,2024-09-28,CR01327_SP0349.jpg,Spotted near temple pond,Pending,
CR01328,USR0347,SP0271,19.940316,74.59003,2018-05-14,CR01328_SP0271.jpg,Multiple individuals seen,Pending,"Looks accurate, approved."
CR01329,USR0270,SP0063,19.854198,74.429918,2026-03-07,CR01329_SP0063.jpg,Roadkill reported,Pending,Needs a clearer photo.
CR01330,USR0184,SP0171,19.84643,74.478224,2020-09-07,CR01330_SP0171.jpg,Roadkill reported,Verified,Duplicate of earlier report.
CR01331,USR0125,SP0378,19.944917,74.564603,2021-02-11,CR01331_SP0378.jpg,Roadkill reported,Verified,Cross-checked with expert - confirmed.
CR01332,USR0036,SP0231,19.871662,74.44662,2024-11-15,CR01332_SP0231.jpg,Found near farm,Verified,Needs a clearer photo.
CR01333,USR0231,SP0443,19.818076,74.474463,2017-03-17,CR01333_SP0443.jpg,Seen during college nature trail,Verified,Duplicate of earlier report.
CR01334,USR0155,SP0347,19.810289,74.42056,2019-09-26,CR01334_SP0347.jpg,Found near farm,Verified,Duplicate of earlier report.
CR01335,USR0188,SP0459,19.911398,74.435941,2020-05-03,CR01335_SP0459.jpg,Reported by local farmer,Verified,Cross-checked with expert - confirmed.
CR01336,USR0420,SP0165,19.910277,74.442168,2023-06-24,CR01336_SP0165.jpg,Spotted near temple pond,Verified,
CR01337,USR0031,SP0140,19.815412,74.359342,2026-02-19,CR01337_SP0140.jpg,Seen at riverbank,Verified,Species ID corrected by reviewer.
CR01338,USR0185,SP0395,19.881242,74.505008,2020-05-03,CR01338_SP0395.jpg,Seen during college nature trail,Verified,Needs a clearer photo.
CR01339,USR0160,SP0125,19.876276,74.434086,2020-01-08,CR01339_SP0125.jpg,Noticed unusual coloration,Verified,
CR01340,USR0266,SP0276,19.845764,74.412805,2025-10-07,CR01340_SP0276.jpg,Multiple individuals seen,Pending,Duplicate of earlier report.
CR01341,USR0108,SP0417,19.860555,74.525981,2016-12-01,CR01341_SP0417.jpg,Found near farm,Rejected,Duplicate of earlier report.
CR01342,USR0240,SP0045,19.880797,74.515666,2024-07-20,CR01342_SP0045.jpg,Multiple individuals seen,Rejected,
CR01343,USR0254,SP0263,19.900393,74.565509,2024-03-16,CR01343_SP0263.jpg,Spotted during morning walk,Verified,
CR01344,USR0244,SP0337,19.884614,74.432427,2021-10-10,CR01344_SP0337.jpg,Found near farm,Verified,
CR01345,USR0142,SP0064,19.823444,74.383357,2023-08-14,CR01345_SP0064.jpg,Roadkill reported,Pending,Species ID corrected by reviewer.
CR01346,USR0055,SP0199,19.874691,74.583998,2019-04-25,CR01346_SP0199.jpg,Multiple individuals seen,Verified,Species ID corrected by reviewer.
CR01347,USR0456,SP0417,19.925503,74.539267,2025-03-06,CR01347_SP0417.jpg,Seen at riverbank,Pending,Needs a clearer photo.
CR01348,USR0331,SP0351,19.858761,74.574267,2022-10-07,CR01348_SP0351.jpg,Multiple individuals seen,Verified,Duplicate of earlier report.
CR01349,USR0286,SP0149,19.922635,74.362592,2016-10-07,CR01349_SP0149.jpg,Noticed unusual coloration,Verified,Duplicate of earlier report.
CR01350,USR0379,SP0438,19.924508,74.481359,2019-11-15,CR01350_SP0438.jpg,Multiple individuals seen,Pending,
CR01351,USR0106,SP0069,19.884235,74.374991,2025-07-26,CR01351_SP0069.jpg,Reported by local farmer,Verified,Needs a clearer photo.
CR01352,USR0277,SP0330,19.81087,74.578126,2018-09-20,CR01352_SP0330.jpg,Seen at riverbank,Verified,Species ID corrected by reviewer.
CR01353,USR0140,SP0146,19.9138,74.570782,2026-05-29,CR01353_SP0146.jpg,Spotted during morning walk,Pending,
CR01354,USR0457,SP0435,19.940086,74.578382,2019-02-27,CR01354_SP0435.jpg,Seen at riverbank,Rejected,Needs a clearer photo.
CR01355,USR0127,SP0419,19.882053,74.552732,2021-06-28,CR01355_SP0419.jpg,Found near farm,Pending,
CR01356,USR0479,SP0090,19.86122,74.444966,2024-09-20,CR01356_SP0090.jpg,Multiple individuals seen,Verified,"Looks accurate, approved."
CR01357,USR0312,SP0272,19.814565,74.519743,2025-11-14,CR01357_SP0272.jpg,Reported by local farmer,Verified,"Looks accurate, approved."
CR01358,USR0152,SP0283,19.804751,74.546263,2024-03-12,CR01358_SP0283.jpg,Nesting site found,Verified,
CR01359,USR0165,SP0178,19.807238,74.354261,2018-10-23,CR01359_SP0178.jpg,Seen during college nature trail,Verified,Cross-checked with expert - confirmed.
CR01360,USR0383,SP0339,19.801243,74.364462,2023-01-28,CR01360_SP0339.jpg,Seen during college nature trail,Verified,
CR01361,USR0146,SP0365,19.875652,74.358466,2021-02-01,CR01361_SP0365.jpg,Spotted near temple pond,Verified,Needs a clearer photo.
CR01362,USR0267,SP0260,19.908978,74.408511,2017-08-16,CR01362_SP0260.jpg,Roadkill reported,Verified,
CR01363,USR0344,SP0114,19.919571,74.576241,2021-05-28,CR01363_SP0114.jpg,Spotted during morning walk,Verified,Duplicate of earlier report.
CR01364,USR0307,SP0379,19.841201,74.442455,2016-08-22,CR01364_SP0379.jpg,Reported by local farmer,Verified,Cross-checked with expert - confirmed.
CR01365,USR0444,SP0153,19.867959,74.403958,2024-04-02,CR01365_SP0153.jpg,Roadkill reported,Verified,Duplicate of earlier report.
CR01366,USR0432,SP0068,19.865069,74.585362,2022-06-05,CR01366_SP0068.jpg,Seen during college nature trail,Verified,Species ID corrected by reviewer.
CR01367,USR0163,SP0187,19.890886,74.565234,2019-12-30,CR01367_SP0187.jpg,Spotted near temple pond,Pending,Cross-checked with expert - confirmed.
CR01368,USR0153,SP0404,19.866022,74.491485,2021-01-11,CR01368_SP0404.jpg,Roadkill reported,Verified,Species ID corrected by reviewer.
CR01369,USR0334,SP0137,19.895983,74.394472,2020-07-31,CR01369_SP0137.jpg,Noticed unusual coloration,Verified,
CR01370,USR0211,SP0045,19.891512,74.401041,2016-12-16,CR01370_SP0045.jpg,Roadkill reported,Verified,Duplicate of earlier report.
CR01371,USR0140,SP0025,19.845032,74.43777,2025-11-12,CR01371_SP0025.jpg,Roadkill reported,Pending,
CR01372,USR0161,SP0116,19.865004,74.457268,2023-09-21,CR01372_SP0116.jpg,Nesting site found,Verified,Needs a clearer photo.
CR01373,USR0263,SP0300,19.900208,74.474253,2024-10-08,CR01373_SP0300.jpg,Noticed unusual coloration,Verified,Cross-checked with expert - confirmed.
CR01374,USR0297,SP0270,19.848847,74.416535,2019-10-26,CR01374_SP0270.jpg,Multiple individuals seen,Pending,Species ID corrected by reviewer.
CR01375,USR0313,SP0125,19.908751,74.404409,2024-07-24,CR01375_SP0125.jpg,Nesting site found,Verified,Duplicate of earlier report.
CR01376,USR0168,SP0002,19.84031,74.507991,2022-02-11,CR01376_SP0002.jpg,Seen during college nature trail,Verified,
CR01377,USR0430,SP0273,19.841562,74.444169,2025-11-04,CR01377_SP0273.jpg,Noticed unusual coloration,Rejected,
CR01378,USR0357,SP0090,19.815281,74.39542,2025-02-16,CR01378_SP0090.jpg,Seen during college nature trail,Verified,Species ID corrected by reviewer.
CR01379,USR0405,SP0072,19.813667,74.453677,2020-03-30,CR01379_SP0072.jpg,Seen during college nature trail,Verified,Cross-checked with expert - confirmed.
CR01380,USR0444,SP0278,19.844685,74.473537,2023-11-16,CR01380_SP0278.jpg,Reported by local farmer,Verified,
CR01381,USR0086,SP0198,19.94813,74.565801,2021-03-01,CR01381_SP0198.jpg,Multiple individuals seen,Pending,"Looks accurate, approved."
CR01382,USR0032,SP0399,19.912965,74.4025,2020-04-30,CR01382_SP0399.jpg,Found near farm,Rejected,
CR01383,USR0114,SP0429,19.911643,74.430465,2023-11-28,CR01383_SP0429.jpg,Spotted near temple pond,Verified,"Looks accurate, approved."
CR01384,USR0147,SP0299,19.817836,74.367854,2020-04-21,CR01384_SP0299.jpg,Multiple individuals seen,Verified,Needs a clearer photo.
CR01385,USR0090,SP0173,19.817663,74.446617,2022-11-26,CR01385_SP0173.jpg,Seen at riverbank,Verified,Species ID corrected by reviewer.
CR01386,USR0430,SP0070,19.933477,74.481134,2021-11-06,CR01386_SP0070.jpg,Reported by local farmer,Verified,"Looks accurate, approved."
CR01387,USR0162,SP0190,19.923305,74.538587,2023-09-26,CR01387_SP0190.jpg,Seen during college nature trail,Verified,"Looks accurate, approved."
CR01388,USR0347,SP0111,19.892989,74.487231,2020-01-13,CR01388_SP0111.jpg,Nesting site found,Verified,
CR01389,USR0373,SP0045,19.881939,74.369383,2019-04-08,CR01389_SP0045.jpg,Multiple individuals seen,Verified,Species ID corrected by reviewer.
CR01390,USR0376,SP0448,19.844728,74.493642,2026-03-31,CR01390_SP0448.jpg,Noticed unusual coloration,Verified,Duplicate of earlier report.
CR01391,USR0166,SP0203,19.872609,74.578741,2021-08-10,CR01391_SP0203.jpg,Found near farm,Rejected,Needs a clearer photo.
CR01392,USR0373,SP0027,19.916246,74.395718,2022-03-23,CR01392_SP0027.jpg,Multiple individuals seen,Pending,Duplicate of earlier report.
CR01393,USR0473,SP0226,19.867561,74.412512,2024-04-10,CR01393_SP0226.jpg,Seen at riverbank,Pending,Needs a clearer photo.
CR01394,USR0187,SP0366,19.921234,74.402696,2016-11-13,CR01394_SP0366.jpg,Nesting site found,Verified,Needs a clearer photo.
CR01395,USR0435,SP0435,19.88156,74.595765,2023-06-23,CR01395_SP0435.jpg,Seen at riverbank,Pending,Duplicate of earlier report.
CR01396,USR0321,SP0213,19.875265,74.458156,2016-09-30,CR01396_SP0213.jpg,Seen during college nature trail,Pending,Duplicate of earlier report.
CR01397,USR0194,SP0141,19.930035,74.390569,2025-08-29,CR01397_SP0141.jpg,Reported by local farmer,Verified,Species ID corrected by reviewer.
CR01398,USR0097,SP0422,19.803355,74.421455,2021-08-28,CR01398_SP0422.jpg,Reported by local farmer,Verified,"Looks accurate, approved."
CR01399,USR0482,SP0215,19.903914,74.55343,2026-04-24,CR01399_SP0215.jpg,Roadkill reported,Verified,
CR01400,USR0333,SP0206,19.860561,74.375375,2019-09-18,CR01400_SP0206.jpg,Multiple individuals seen,Pending,Cross-checked with expert - confirmed.
CR01401,USR0440,SP0293,19.855308,74.590856,2020-12-30,CR01401_SP0293.jpg,Nesting site found,Verified,Needs a clearer photo.
CR01402,USR0214,SP0049,19.82387,74.466181,2022-10-09,CR01402_SP0049.jpg,Multiple individuals seen,Pending,Duplicate of earlier report.
CR01403,USR0279,SP0369,19.925638,74.417619,2017-10-09,CR01403_SP0369.jpg,Seen during college nature trail,Pending,
CR01404,USR0253,SP0262,19.875549,74.523178,2017-10-13,CR01404_SP0262.jpg,Seen during college nature trail,Verified,
CR01405,USR0374,SP0430,19.888496,74.552376,2022-05-17,CR01405_SP0430.jpg,Seen at riverbank,Verified,
CR01406,USR0190,SP0280,19.932171,74.443479,2022-12-04,CR01406_SP0280.jpg,Noticed unusual coloration,Pending,
CR01407,USR0383,SP0407,19.854691,74.512616,2023-07-05,CR01407_SP0407.jpg,Multiple individuals seen,Pending,Duplicate of earlier report.
CR01408,USR0429,SP0077,19.878619,74.423788,2019-09-24,CR01408_SP0077.jpg,Multiple individuals seen,Verified,Duplicate of earlier report.
CR01409,USR0054,SP0302,19.902649,74.579524,2021-10-21,CR01409_SP0302.jpg,Found near farm,Verified,"Looks accurate, approved."
CR01410,USR0061,SP0300,19.857776,74.451605,2023-09-10,CR01410_SP0300.jpg,Found near farm,Verified,Cross-checked with expert - confirmed.
CR01411,USR0433,SP0020,19.81902,74.515539,2024-03-27,CR01411_SP0020.jpg,Found near farm,Verified,Cross-checked with expert - confirmed.
CR01412,USR0340,SP0240,19.948378,74.416187,2022-11-08,CR01412_SP0240.jpg,Seen at riverbank,Rejected,
CR01413,USR0124,SP0152,19.818154,74.440358,2025-12-08,CR01413_SP0152.jpg,Multiple individuals seen,Pending,Needs a clearer photo.
CR01414,USR0469,SP0124,19.945088,74.486587,2025-04-19,CR01414_SP0124.jpg,Multiple individuals seen,Pending,Species ID corrected by reviewer.
CR01415,USR0294,SP0365,19.825994,74.353577,2016-10-08,CR01415_SP0365.jpg,Multiple individuals seen,Rejected,
CR01416,USR0129,SP0275,19.844573,74.462716,2023-03-16,CR01416_SP0275.jpg,Nesting site found,Pending,Duplicate of earlier report.
CR01417,USR0183,SP0286,19.893648,74.392342,2024-11-30,CR01417_SP0286.jpg,Nesting site found,Pending,Cross-checked with expert - confirmed.
CR01418,USR0292,SP0099,19.855596,74.500894,2017-02-09,CR01418_SP0099.jpg,Found near farm,Verified,Cross-checked with expert - confirmed.
CR01419,USR0158,SP0426,19.946158,74.432325,2019-04-08,CR01419_SP0426.jpg,Reported by local farmer,Verified,Needs a clearer photo.
CR01420,USR0043,SP0445,19.844356,74.586242,2023-10-25,CR01420_SP0445.jpg,Noticed unusual coloration,Verified,Duplicate of earlier report.
CR01421,USR0006,SP0317,19.913058,74.586734,2025-09-02,CR01421_SP0317.jpg,Seen during college nature trail,Pending,Species ID corrected by reviewer.
CR01422,USR0247,SP0326,19.942183,74.484867,2019-11-05,CR01422_SP0326.jpg,Multiple individuals seen,Verified,Needs a clearer photo.
CR01423,USR0028,SP0185,19.849033,74.50735,2018-03-27,CR01423_SP0185.jpg,Roadkill reported,Pending,Needs a clearer photo.
CR01424,USR0267,SP0244,19.840016,74.374759,2024-08-07,CR01424_SP0244.jpg,Nesting site found,Verified,Species ID corrected by reviewer.
CR01425,USR0202,SP0367,19.801991,74.496822,2023-07-04,CR01425_SP0367.jpg,Spotted near temple pond,Verified,Cross-checked with expert - confirmed.
CR01426,USR0210,SP0308,19.883783,74.402324,2017-07-12,CR01426_SP0308.jpg,Multiple individuals seen,Verified,"Looks accurate, approved."
CR01427,USR0225,SP0438,19.809562,74.428058,2024-01-12,CR01427_SP0438.jpg,Spotted during morning walk,Verified,Duplicate of earlier report.
CR01428,USR0369,SP0301,19.86284,74.593582,2024-09-25,CR01428_SP0301.jpg,Seen during college nature trail,Pending,Needs a clearer photo.
CR01429,USR0033,SP0118,19.944052,74.375896,2025-03-22,CR01429_SP0118.jpg,Multiple individuals seen,Verified,Species ID corrected by reviewer.
CR01430,USR0087,SP0121,19.871227,74.537115,2022-10-30,CR01430_SP0121.jpg,Seen during college nature trail,Pending,Duplicate of earlier report.
CR01431,USR0458,SP0123,19.820266,74.419749,2024-06-18,CR01431_SP0123.jpg,Found near farm,Verified,Needs a clearer photo.
CR01432,USR0080,SP0181,19.833563,74.517676,2023-12-24,CR01432_SP0181.jpg,Multiple individuals seen,Verified,
CR01433,USR0166,SP0396,19.817099,74.465286,2021-08-05,CR01433_SP0396.jpg,Found near farm,Rejected,
CR01434,USR0029,SP0255,19.843903,74.576166,2017-03-09,CR01434_SP0255.jpg,Seen at riverbank,Rejected,
CR01435,USR0392,SP0160,19.818938,74.408773,2023-05-09,CR01435_SP0160.jpg,Noticed unusual coloration,Pending,
CR01436,USR0366,SP0225,19.920715,74.450999,2021-11-26,CR01436_SP0225.jpg,Found near farm,Verified,
CR01437,USR0169,SP0274,19.896618,74.405605,2020-03-23,CR01437_SP0274.jpg,Seen at riverbank,Pending,Needs a clearer photo.
CR01438,USR0312,SP0330,19.888357,74.3724,2020-01-16,CR01438_SP0330.jpg,Roadkill reported,Verified,
CR01439,USR0360,SP0197,19.86469,74.435423,2022-11-21,CR01439_SP0197.jpg,Seen during college nature trail,Pending,
CR01440,USR0154,SP0459,19.894632,74.36482,2019-02-07,CR01440_SP0459.jpg,Nesting site found,Rejected,Duplicate of earlier report.
CR01441,USR0055,SP0215,19.90244,74.426971,2018-12-17,CR01441_SP0215.jpg,Noticed unusual coloration,Pending,Needs a clearer photo.
CR01442,USR0165,SP0447,19.834235,74.388401,2019-07-09,CR01442_SP0447.jpg,Roadkill reported,Rejected,Duplicate of earlier report.
CR01443,USR0130,SP0399,19.881135,74.480246,2020-10-30,CR01443_SP0399.jpg,Nesting site found,Verified,Needs a clearer photo.
CR01444,USR0114,SP0362,19.833272,74.50159,2019-03-05,CR01444_SP0362.jpg,Nesting site found,Pending,Needs a clearer photo.
CR01445,USR0353,SP0349,19.919467,74.374075,2022-04-11,CR01445_SP0349.jpg,Spotted during morning walk,Pending,
CR01446,USR0439,SP0218,19.845896,74.481568,2019-10-16,CR01446_SP0218.jpg,Noticed unusual coloration,Pending,
CR01447,USR0415,SP0423,19.865833,74.368419,2016-08-18,CR01447_SP0423.jpg,Seen during college nature trail,Pending,Duplicate of earlier report.
CR01448,USR0492,SP0447,19.925054,74.50652,2024-09-05,CR01448_SP0447.jpg,Roadkill reported,Verified,Duplicate of earlier report.
CR01449,USR0218,SP0370,19.819699,74.572265,2021-09-18,CR01449_SP0370.jpg,Roadkill reported,Verified,
CR01450,USR0165,SP0355,19.884532,74.47764,2017-02-25,CR01450_SP0355.jpg,Spotted during morning walk,Pending,"Looks accurate, approved."
CR01451,USR0040,SP0449,19.810739,74.544637,2026-01-29,CR01451_SP0449.jpg,Noticed unusual coloration,Pending,
CR01452,USR0003,SP0356,19.880983,74.450234,2023-07-13,CR01452_SP0356.jpg,Seen during college nature trail,Verified,Needs a clearer photo.
CR01453,USR0286,SP0043,19.833502,74.414258,2024-01-31,CR01453_SP0043.jpg,Spotted during morning walk,Verified,Needs a clearer photo.
CR01454,USR0176,SP0224,19.941036,74.408238,2026-04-30,CR01454_SP0224.jpg,Nesting site found,Verified,Cross-checked with expert - confirmed.
CR01455,USR0092,SP0071,19.915122,74.415942,2017-06-23,CR01455_SP0071.jpg,Seen during college nature trail,Pending,
CR01456,USR0426,SP0186,19.830799,74.377966,2022-03-13,CR01456_SP0186.jpg,Spotted during morning walk,Pending,Species ID corrected by reviewer.
CR01457,USR0223,SP0312,19.874442,74.367658,2018-05-07,CR01457_SP0312.jpg,Nesting site found,Rejected,Cross-checked with expert - confirmed.
CR01458,USR0347,SP0306,19.856226,74.57142,2020-07-17,CR01458_SP0306.jpg,Noticed unusual coloration,Pending,Needs a clearer photo.
CR01459,USR0488,SP0212,19.915117,74.474329,2017-07-29,CR01459_SP0212.jpg,Multiple individuals seen,Verified,
CR01460,USR0376,SP0079,19.86227,74.593982,2024-05-16,CR01460_SP0079.jpg,Reported by local farmer,Pending,Duplicate of earlier report.
CR01461,USR0365,SP0177,19.824278,74.379074,2022-05-02,CR01461_SP0177.jpg,Found near farm,Verified,Duplicate of earlier report.
CR01462,USR0286,SP0081,19.876,74.547834,2023-08-09,CR01462_SP0081.jpg,Seen during college nature trail,Verified,Species ID corrected by reviewer.
CR01463,USR0482,SP0430,19.845438,74.506731,2016-08-21,CR01463_SP0430.jpg,Spotted near temple pond,Verified,Needs a clearer photo.
CR01464,USR0331,SP0140,19.834888,74.365208,2018-01-30,CR01464_SP0140.jpg,Spotted near temple pond,Verified,Cross-checked with expert - confirmed.
CR01465,USR0214,SP0181,19.854973,74.457933,2022-03-27,CR01465_SP0181.jpg,Found near farm,Verified,Cross-checked with expert - confirmed.
CR01466,USR0386,SP0375,19.897546,74.407809,2024-07-10,CR01466_SP0375.jpg,Seen at riverbank,Verified,Species ID corrected by reviewer.
CR01467,USR0358,SP0162,19.899957,74.598965,2025-07-28,CR01467_SP0162.jpg,Seen at riverbank,Verified,Cross-checked with expert - confirmed.
CR01468,USR0238,SP0175,19.832628,74.425802,2018-07-11,CR01468_SP0175.jpg,Seen at riverbank,Pending,"Looks accurate, approved."
CR01469,USR0446,SP0136,19.852767,74.577739,2021-02-19,CR01469_SP0136.jpg,Seen during college nature trail,Verified,Species ID corrected by reviewer.
CR01470,USR0483,SP0297,19.881428,74.366183,2019-04-04,CR01470_SP0297.jpg,Multiple individuals seen,Verified,
CR01471,USR0323,SP0349,19.918803,74.58957,2018-12-10,CR01471_SP0349.jpg,Found near farm,Verified,"Looks accurate, approved."
CR01472,USR0308,SP0383,19.9283,74.589114,2019-11-18,CR01472_SP0383.jpg,Noticed unusual coloration,Verified,Needs a clearer photo.
CR01473,USR0069,SP0111,19.928999,74.397529,2022-01-10,CR01473_SP0111.jpg,Reported by local farmer,Pending,
CR01474,USR0060,SP0117,19.905231,74.478008,2023-04-11,CR01474_SP0117.jpg,Roadkill reported,Verified,
CR01475,USR0142,SP0073,19.855065,74.401051,2017-06-12,CR01475_SP0073.jpg,Reported by local farmer,Verified,Cross-checked with expert - confirmed.
CR01476,USR0005,SP0197,19.809193,74.355975,2019-01-04,CR01476_SP0197.jpg,Reported by local farmer,Verified,Species ID corrected by reviewer.
CR01477,USR0234,SP0097,19.948252,74.429803,2021-12-17,CR01477_SP0097.jpg,Reported by local farmer,Verified,Duplicate of earlier report.
CR01478,USR0287,SP0075,19.939923,74.542405,2021-07-14,CR01478_SP0075.jpg,Found near farm,Verified,Species ID corrected by reviewer.
CR01479,USR0096,SP0364,19.864168,74.428521,2023-11-22,CR01479_SP0364.jpg,Reported by local farmer,Rejected,Duplicate of earlier report.
CR01480,USR0379,SP0304,19.82606,74.431568,2020-11-23,CR01480_SP0304.jpg,Seen at riverbank,Verified,Cross-checked with expert - confirmed.
CR01481,USR0365,SP0185,19.908078,74.403134,2018-12-11,CR01481_SP0185.jpg,Found near farm,Verified,Needs a clearer photo.
CR01482,USR0119,SP0451,19.922752,74.411509,2022-01-31,CR01482_SP0451.jpg,Multiple individuals seen,Pending,"Looks accurate, approved."
CR01483,USR0282,SP0239,19.887005,74.521735,2017-08-10,CR01483_SP0239.jpg,Spotted during morning walk,Verified,Duplicate of earlier report.
CR01484,USR0280,SP0140,19.865887,74.352654,2019-06-02,CR01484_SP0140.jpg,Roadkill reported,Pending,Cross-checked with expert - confirmed.
CR01485,USR0239,SP0103,19.817086,74.53874,2023-05-19,CR01485_SP0103.jpg,Nesting site found,Verified,
CR01486,USR0424,SP0453,19.949296,74.422697,2019-10-19,CR01486_SP0453.jpg,Spotted during morning walk,Verified,Needs a clearer photo.
CR01487,USR0004,SP0265,19.944317,74.367578,2026-07-02,CR01487_SP0265.jpg,Spotted near temple pond,Verified,Cross-checked with expert - confirmed.
CR01488,USR0179,SP0139,19.911062,74.378383,2022-02-27,CR01488_SP0139.jpg,Roadkill reported,Pending,
CR01489,USR0192,SP0189,19.803492,74.376732,2026-04-16,CR01489_SP0189.jpg,Reported by local farmer,Verified,
CR01490,USR0110,SP0449,19.949438,74.490825,2020-08-25,CR01490_SP0449.jpg,Seen at riverbank,Verified,Needs a clearer photo.
CR01491,USR0342,SP0272,19.911277,74.466202,2018-05-28,CR01491_SP0272.jpg,Seen at riverbank,Pending,
CR01492,USR0201,SP0222,19.903216,74.396751,2017-08-02,CR01492_SP0222.jpg,Noticed unusual coloration,Pending,
CR01493,USR0427,SP0185,19.8488,74.593987,2016-08-02,CR01493_SP0185.jpg,Spotted during morning walk,Pending,Needs a clearer photo.
CR01494,USR0071,SP0359,19.86205,74.390262,2019-09-13,CR01494_SP0359.jpg,Spotted during morning walk,Verified,
CR01495,USR0186,SP0245,19.831061,74.415582,2023-07-13,CR01495_SP0245.jpg,Seen during college nature trail,Rejected,Duplicate of earlier report.
CR01496,USR0156,SP0388,19.889476,74.574248,2019-11-06,CR01496_SP0388.jpg,Seen at riverbank,Verified,
CR01497,USR0041,SP0325,19.803491,74.479289,2023-04-13,CR01497_SP0325.jpg,Noticed unusual coloration,Pending,Needs a clearer photo.
CR01498,USR0351,SP0434,19.833983,74.465268,2024-08-01,CR01498_SP0434.jpg,Spotted during morning walk,Verified,
CR01499,USR0419,SP0451,19.833391,74.454748,2022-10-10,CR01499_SP0451.jpg,Found near farm,Verified,Cross-checked with expert - confirmed.
CR01500,USR0198,SP0393,19.910915,74.462049,2016-12-11,CR01500_SP0393.jpg,Reported by local farmer,Pending,Cross-checked with expert - confirmed.
CR01501,USR0183,SP0304,19.820561,74.447084,2017-06-09,CR01501_SP0304.jpg,Spotted during morning walk,Verified,Species ID corrected by reviewer.
CR01502,USR0383,SP0452,19.948,74.358227,2025-05-13,CR01502_SP0452.jpg,Seen at riverbank,Verified,Duplicate of earlier report.
CR01503,USR0415,SP0166,19.8803,74.478289,2017-11-05,CR01503_SP0166.jpg,Spotted near temple pond,Pending,
CR01504,USR0345,SP0313,19.878946,74.522108,2024-07-10,CR01504_SP0313.jpg,Spotted during morning walk,Rejected,
CR01505,USR0438,SP0035,19.918114,74.4415,2018-02-25,CR01505_SP0035.jpg,Spotted near temple pond,Pending,
CR01506,USR0423,SP0160,19.836043,74.399582,2018-10-17,CR01506_SP0160.jpg,Reported by local farmer,Pending,
CR01507,USR0189,SP0444,19.860228,74.504491,2023-09-10,CR01507_SP0444.jpg,Found near farm,Verified,Cross-checked with expert - confirmed.
CR01508,USR0035,SP0317,19.867078,74.386225,2018-02-12,CR01508_SP0317.jpg,Spotted during morning walk,Verified,
CR01509,USR0417,SP0415,19.893797,74.540588,2017-10-11,CR01509_SP0415.jpg,Nesting site found,Verified,Species ID corrected by reviewer.
CR01510,USR0341,SP0456,19.870458,74.510486,2022-11-23,CR01510_SP0456.jpg,Multiple individuals seen,Pending,Needs a clearer photo.
CR01511,USR0116,SP0179,19.802004,74.538905,2022-06-24,CR01511_SP0179.jpg,Roadkill reported,Pending,
CR01512,USR0041,SP0091,19.930834,74.409203,2021-09-21,CR01512_SP0091.jpg,Reported by local farmer,Pending,Needs a clearer photo.
CR01513,USR0219,SP0375,19.914645,74.413867,2019-10-12,CR01513_SP0375.jpg,Spotted near temple pond,Pending,
CR01514,USR0058,SP0343,19.827144,74.484755,2019-12-18,CR01514_SP0343.jpg,Reported by local farmer,Verified,
CR01515,USR0181,SP0393,19.905083,74.408354,2018-08-08,CR01515_SP0393.jpg,Nesting site found,Pending,Needs a clearer photo.
CR01516,USR0119,SP0394,19.807809,74.462083,2018-04-21,CR01516_SP0394.jpg,Nesting site found,Verified,Species ID corrected by reviewer.
CR01517,USR0463,SP0059,19.81007,74.416844,2022-04-23,CR01517_SP0059.jpg,Found near farm,Pending,Species ID corrected by reviewer.
CR01518,USR0131,SP0232,19.889914,74.48604,2017-10-14,CR01518_SP0232.jpg,Seen at riverbank,Verified,Needs a clearer photo.
CR01519,USR0199,SP0148,19.900516,74.478546,2025-11-19,CR01519_SP0148.jpg,Spotted during morning walk,Pending,Needs a clearer photo.
CR01520,USR0480,SP0127,19.859269,74.541096,2021-10-17,CR01520_SP0127.jpg,Seen at riverbank,Pending,"Looks accurate, approved."
CR01521,USR0001,SP0128,19.816802,74.465338,2017-07-09,CR01521_SP0128.jpg,Multiple individuals seen,Rejected,Species ID corrected by reviewer.
CR01522,USR0124,SP0012,19.824658,74.421023,2020-04-06,CR01522_SP0012.jpg,Reported by local farmer,Pending,Duplicate of earlier report.
CR01523,USR0178,SP0027,19.946001,74.37957,2017-03-23,CR01523_SP0027.jpg,Reported by local farmer,Pending,Duplicate of earlier report.
CR01524,USR0335,SP0383,19.890728,74.575922,2025-01-25,CR01524_SP0383.jpg,Spotted during morning walk,Verified,Cross-checked with expert - confirmed.
CR01525,USR0440,SP0243,19.948502,74.419181,2025-09-07,CR01525_SP0243.jpg,Spotted during morning walk,Pending,"Looks accurate, approved."
CR01526,USR0449,SP0261,19.855585,74.584464,2021-07-07,CR01526_SP0261.jpg,Noticed unusual coloration,Rejected,
CR01527,USR0419,SP0348,19.866243,74.435014,2023-03-28,CR01527_SP0348.jpg,Spotted during morning walk,Verified,Species ID corrected by reviewer.
CR01528,USR0430,SP0133,19.893968,74.391131,2021-04-18,CR01528_SP0133.jpg,Roadkill reported,Verified,Needs a clearer photo.
CR01529,USR0148,SP0189,19.82355,74.475666,2024-09-24,CR01529_SP0189.jpg,Roadkill reported,Verified,"Looks accurate, approved."
CR01530,USR0102,SP0342,19.912627,74.57628,2020-10-02,CR01530_SP0342.jpg,Reported by local farmer,Verified,Needs a clearer photo.
CR01531,USR0204,SP0400,19.897162,74.575209,2017-10-30,CR01531_SP0400.jpg,Reported by local farmer,Pending,"Looks accurate, approved."
CR01532,USR0208,SP0445,19.835082,74.544495,2020-04-08,CR01532_SP0445.jpg,Spotted during morning walk,Pending,"Looks accurate, approved."
CR01533,USR0129,SP0319,19.931878,74.441858,2023-05-13,CR01533_SP0319.jpg,Seen during college nature trail,Pending,
CR01534,USR0351,SP0293,19.882865,74.394938,2025-06-06,CR01534_SP0293.jpg,Seen during college nature trail,Pending,"Looks accurate, approved."
CR01535,USR0435,SP0249,19.806413,74.460561,2024-06-22,CR01535_SP0249.jpg,Seen at riverbank,Verified,Needs a clearer photo.
CR01536,USR0427,SP0037,19.801862,74.563823,2019-04-07,CR01536_SP0037.jpg,Noticed unusual coloration,Verified,Cross-checked with expert - confirmed.
CR01537,USR0428,SP0377,19.852819,74.590994,2017-06-01,CR01537_SP0377.jpg,Noticed unusual coloration,Verified,
CR01538,USR0189,SP0411,19.897961,74.558339,2026-01-21,CR01538_SP0411.jpg,Seen during college nature trail,Pending,Needs a clearer photo.
CR01539,USR0427,SP0331,19.870287,74.491805,2016-09-06,CR01539_SP0331.jpg,Found near farm,Pending,"Looks accurate, approved."
CR01540,USR0173,SP0009,19.866793,74.575351,2021-09-02,CR01540_SP0009.jpg,Seen during college nature trail,Verified,Species ID corrected by reviewer.
CR01541,USR0063,SP0077,19.883436,74.539634,2021-01-22,CR01541_SP0077.jpg,Noticed unusual coloration,Verified,Needs a clearer photo.
CR01542,USR0302,SP0023,19.923825,74.579547,2019-12-20,CR01542_SP0023.jpg,Nesting site found,Verified,Duplicate of earlier report.
CR01543,USR0138,SP0246,19.903212,74.358776,2021-08-13,CR01543_SP0246.jpg,Spotted near temple pond,Verified,Duplicate of earlier report.
CR01544,USR0185,SP0185,19.841415,74.47696,2018-05-02,CR01544_SP0185.jpg,Seen during college nature trail,Verified,"Looks accurate, approved."
CR01545,USR0392,SP0284,19.832029,74.427703,2024-01-29,CR01545_SP0284.jpg,Reported by local farmer,Verified,Duplicate of earlier report.
CR01546,USR0020,SP0224,19.869931,74.588087,2024-12-16,CR01546_SP0224.jpg,Spotted during morning walk,Verified,Species ID corrected by reviewer.
CR01547,USR0484,SP0453,19.920155,74.361575,2023-03-21,CR01547_SP0453.jpg,Noticed unusual coloration,Verified,
CR01548,USR0178,SP0252,19.86321,74.573846,2021-05-20,CR01548_SP0252.jpg,Noticed unusual coloration,Verified,"Looks accurate, approved."
CR01549,USR0479,SP0051,19.854179,74.454096,2025-09-03,CR01549_SP0051.jpg,Multiple individuals seen,Verified,Species ID corrected by reviewer.
CR01550,USR0331,SP0374,19.880635,74.523872,2022-03-02,CR01550_SP0374.jpg,Roadkill reported,Pending,
CR01551,USR0252,SP0361,19.846565,74.529756,2021-07-29,CR01551_SP0361.jpg,Nesting site found,Verified,
CR01552,USR0371,SP0303,19.859854,74.490526,2024-05-13,CR01552_SP0303.jpg,Multiple individuals seen,Pending,"Looks accurate, approved."
CR01553,USR0128,SP0240,19.900423,74.522269,2016-08-20,CR01553_SP0240.jpg,Multiple individuals seen,Pending,Needs a clearer photo.
CR01554,USR0283,SP0128,19.941376,74.358596,2019-08-26,CR01554_SP0128.jpg,Found near farm,Verified,Duplicate of earlier report.
CR01555,USR0280,SP0372,19.829399,74.459801,2020-04-02,CR01555_SP0372.jpg,Reported by local farmer,Verified,Cross-checked with expert - confirmed.
CR01556,USR0259,SP0361,19.847078,74.503608,2025-07-11,CR01556_SP0361.jpg,Spotted during morning walk,Pending,
CR01557,USR0419,SP0221,19.882815,74.467972,2019-06-10,CR01557_SP0221.jpg,Spotted near temple pond,Verified,
CR01558,USR0331,SP0019,19.941581,74.575619,2017-02-16,CR01558_SP0019.jpg,Seen during college nature trail,Verified,Duplicate of earlier report.
CR01559,USR0160,SP0325,19.800385,74.579076,2025-10-22,CR01559_SP0325.jpg,Multiple individuals seen,Pending,Needs a clearer photo.
CR01560,USR0100,SP0326,19.825166,74.471459,2020-03-21,CR01560_SP0326.jpg,Roadkill reported,Verified,"Looks accurate, approved."
CR01561,USR0189,SP0250,19.92709,74.387445,2023-12-16,CR01561_SP0250.jpg,Multiple individuals seen,Verified,"Looks accurate, approved."
CR01562,USR0473,SP0278,19.859264,74.498087,2022-05-10,CR01562_SP0278.jpg,Spotted near temple pond,Verified,
CR01563,USR0404,SP0017,19.8909,74.356674,2021-10-13,CR01563_SP0017.jpg,Nesting site found,Pending,"Looks accurate, approved."
CR01564,USR0466,SP0353,19.893433,74.543861,2023-10-18,CR01564_SP0353.jpg,Spotted near temple pond,Pending,Needs a clearer photo.
CR01565,USR0247,SP0269,19.895119,74.529354,2024-07-10,CR01565_SP0269.jpg,Roadkill reported,Pending,
CR01566,USR0141,SP0191,19.918259,74.559115,2024-02-25,CR01566_SP0191.jpg,Noticed unusual coloration,Pending,Duplicate of earlier report.
CR01567,USR0469,SP0445,19.936352,74.371109,2017-11-30,CR01567_SP0445.jpg,Nesting site found,Rejected,Cross-checked with expert - confirmed.
CR01568,USR0479,SP0031,19.883861,74.363019,2019-08-29,CR01568_SP0031.jpg,Multiple individuals seen,Verified,Species ID corrected by reviewer.
CR01569,USR0277,SP0280,19.876432,74.599566,2020-03-06,CR01569_SP0280.jpg,Roadkill reported,Verified,Duplicate of earlier report.
CR01570,USR0260,SP0425,19.898699,74.406973,2017-08-21,CR01570_SP0425.jpg,Noticed unusual coloration,Pending,Needs a clearer photo.
CR01571,USR0181,SP0218,19.875349,74.569751,2018-07-10,CR01571_SP0218.jpg,Reported by local farmer,Verified,Needs a clearer photo.
CR01572,USR0172,SP0006,19.919692,74.444644,2026-05-04,CR01572_SP0006.jpg,Roadkill reported,Verified,Species ID corrected by reviewer.
CR01573,USR0305,SP0104,19.840817,74.417206,2017-05-15,CR01573_SP0104.jpg,Found near farm,Verified,Duplicate of earlier report.
CR01574,USR0285,SP0271,19.916666,74.475948,2025-06-02,CR01574_SP0271.jpg,Seen during college nature trail,Pending,
CR01575,USR0373,SP0137,19.891285,74.591337,2025-05-15,CR01575_SP0137.jpg,Spotted near temple pond,Pending,Needs a clearer photo.
CR01576,USR0413,SP0429,19.92412,74.565158,2021-04-29,CR01576_SP0429.jpg,Found near farm,Verified,Needs a clearer photo.
CR01577,USR0296,SP0229,19.865375,74.461137,2017-09-15,CR01577_SP0229.jpg,Multiple individuals seen,Verified,Species ID corrected by reviewer.
CR01578,USR0157,SP0210,19.86573,74.369674,2025-08-07,CR01578_SP0210.jpg,Seen during college nature trail,Verified,
CR01579,USR0107,SP0393,19.891591,74.385324,2025-07-06,CR01579_SP0393.jpg,Noticed unusual coloration,Rejected,"Looks accurate, approved."
CR01580,USR0265,SP0197,19.916616,74.562549,2022-12-31,CR01580_SP0197.jpg,Seen during college nature trail,Pending,Needs a clearer photo.
CR01581,USR0157,SP0120,19.840984,74.558534,2018-10-01,CR01581_SP0120.jpg,Reported by local farmer,Verified,"Looks accurate, approved."
CR01582,USR0300,SP0109,19.855541,74.560148,2024-05-07,CR01582_SP0109.jpg,Seen during college nature trail,Verified,Cross-checked with expert - confirmed.
CR01583,USR0456,SP0361,19.933696,74.486008,2024-12-15,CR01583_SP0361.jpg,Spotted during morning walk,Verified,
CR01584,USR0287,SP0161,19.925149,74.495778,2020-07-23,CR01584_SP0161.jpg,Roadkill reported,Verified,"Looks accurate, approved."
CR01585,USR0275,SP0359,19.84115,74.430606,2021-12-24,CR01585_SP0359.jpg,Seen during college nature trail,Pending,"Looks accurate, approved."
CR01586,USR0009,SP0378,19.813176,74.452316,2019-07-25,CR01586_SP0378.jpg,Multiple individuals seen,Verified,Duplicate of earlier report.
CR01587,USR0403,SP0159,19.85183,74.444288,2025-09-19,CR01587_SP0159.jpg,Reported by local farmer,Pending,
CR01588,USR0361,SP0029,19.841666,74.425247,2025-02-27,CR01588_SP0029.jpg,Roadkill reported,Verified,Needs a clearer photo.
CR01589,USR0321,SP0257,19.805392,74.584667,2025-07-28,CR01589_SP0257.jpg,Spotted during morning walk,Verified,
CR01590,USR0247,SP0254,19.861285,74.416351,2024-06-24,CR01590_SP0254.jpg,Noticed unusual coloration,Verified,Needs a clearer photo.
CR01591,USR0492,SP0039,19.927828,74.55202,2023-09-17,CR01591_SP0039.jpg,Spotted during morning walk,Verified,Needs a clearer photo.
CR01592,USR0204,SP0200,19.891151,74.363704,2022-02-12,CR01592_SP0200.jpg,Seen at riverbank,Verified,
CR01593,USR0237,SP0175,19.933019,74.439768,2017-10-21,CR01593_SP0175.jpg,Reported by local farmer,Verified,Cross-checked with expert - confirmed.
CR01594,USR0397,SP0267,19.850681,74.556863,2021-01-17,CR01594_SP0267.jpg,Spotted near temple pond,Rejected,Cross-checked with expert - confirmed.
CR01595,USR0189,SP0408,19.800138,74.484384,2022-06-08,CR01595_SP0408.jpg,Roadkill reported,Pending,"Looks accurate, approved."
CR01596,USR0186,SP0222,19.904444,74.369769,2025-06-11,CR01596_SP0222.jpg,Reported by local farmer,Verified,Species ID corrected by reviewer.
CR01597,USR0320,SP0015,19.800353,74.368611,2016-08-10,CR01597_SP0015.jpg,Noticed unusual coloration,Verified,"Looks accurate, approved."
CR01598,USR0352,SP0410,19.92086,74.419745,2021-06-29,CR01598_SP0410.jpg,Reported by local farmer,Verified,Species ID corrected by reviewer.
CR01599,USR0361,SP0339,19.918399,74.59214,2024-04-20,CR01599_SP0339.jpg,Spotted during morning walk,Pending,
CR01600,USR0436,SP0276,19.872944,74.579591,2016-11-14,CR01600_SP0276.jpg,Seen during college nature trail,Verified,Cross-checked with expert - confirmed.
CR01601,USR0277,SP0225,19.882685,74.411506,2025-02-04,CR01601_SP0225.jpg,Spotted near temple pond,Rejected,
CR01602,USR0083,SP0007,19.896925,74.46484,2023-06-09,CR01602_SP0007.jpg,Seen during college nature trail,Verified,
CR01603,USR0171,SP0065,19.8854,74.518233,2016-11-09,CR01603_SP0065.jpg,Reported by local farmer,Verified,Cross-checked with expert - confirmed.
CR01604,USR0270,SP0316,19.871914,74.468328,2025-11-23,CR01604_SP0316.jpg,Seen during college nature trail,Pending,Needs a clearer photo.
CR01605,USR0429,SP0353,19.867924,74.461539,2026-04-11,CR01605_SP0353.jpg,Found near farm,Pending,Duplicate of earlier report.
CR01606,USR0388,SP0249,19.94068,74.55947,2023-07-10,CR01606_SP0249.jpg,Roadkill reported,Verified,Needs a clearer photo.
CR01607,USR0144,SP0072,19.900121,74.357809,2024-09-16,CR01607_SP0072.jpg,Roadkill reported,Verified,Duplicate of earlier report.
CR01608,USR0176,SP0288,19.894111,74.472392,2025-05-15,CR01608_SP0288.jpg,Nesting site found,Verified,Needs a clearer photo.
CR01609,USR0480,SP0031,19.87899,74.404016,2018-01-22,CR01609_SP0031.jpg,Multiple individuals seen,Pending,
CR01610,USR0261,SP0338,19.941045,74.422281,2025-05-07,CR01610_SP0338.jpg,Roadkill reported,Pending,Needs a clearer photo.
CR01611,USR0256,SP0338,19.900427,74.576922,2025-11-15,CR01611_SP0338.jpg,Reported by local farmer,Verified,Cross-checked with expert - confirmed.
CR01612,USR0128,SP0447,19.944541,74.530289,2024-04-02,CR01612_SP0447.jpg,Noticed unusual coloration,Verified,"Looks accurate, approved."
CR01613,USR0237,SP0295,19.909078,74.54988,2022-07-01,CR01613_SP0295.jpg,Seen at riverbank,Verified,Duplicate of earlier report.
CR01614,USR0217,SP0325,19.837655,74.364664,2019-06-21,CR01614_SP0325.jpg,Nesting site found,Pending,
CR01615,USR0246,SP0198,19.82328,74.465547,2019-06-10,CR01615_SP0198.jpg,Noticed unusual coloration,Verified,Needs a clearer photo.
CR01616,USR0242,SP0459,19.908371,74.360348,2024-11-14,CR01616_SP0459.jpg,Spotted near temple pond,Verified,Duplicate of earlier report.
CR01617,USR0049,SP0165,19.802545,74.418151,2020-10-14,CR01617_SP0165.jpg,Multiple individuals seen,Verified,"Looks accurate, approved."
CR01618,USR0458,SP0274,19.877303,74.518027,2023-09-18,CR01618_SP0274.jpg,Seen during college nature trail,Verified,Cross-checked with expert - confirmed.
CR01619,USR0304,SP0176,19.858392,74.462734,2022-07-07,CR01619_SP0176.jpg,Spotted during morning walk,Verified,
CR01620,USR0047,SP0373,19.938355,74.553427,2017-04-10,CR01620_SP0373.jpg,Seen during college nature trail,Verified,
CR01621,USR0419,SP0453,19.844827,74.358939,2017-06-20,CR01621_SP0453.jpg,Found near farm,Verified,Cross-checked with expert - confirmed.
CR01622,USR0314,SP0013,19.891499,74.506158,2023-02-28,CR01622_SP0013.jpg,Seen during college nature trail,Verified,
CR01623,USR0299,SP0242,19.933343,74.597887,2017-01-20,CR01623_SP0242.jpg,Found near farm,Verified,
CR01624,USR0336,SP0167,19.863252,74.560566,2017-11-16,CR01624_SP0167.jpg,Spotted near temple pond,Verified,"Looks accurate, approved."
CR01625,USR0222,SP0237,19.856371,74.548267,2026-02-20,CR01625_SP0237.jpg,Spotted during morning walk,Pending,Cross-checked with expert - confirmed.
CR01626,USR0283,SP0268,19.901853,74.542329,2022-04-15,CR01626_SP0268.jpg,Spotted near temple pond,Verified,Duplicate of earlier report.
CR01627,USR0248,SP0239,19.831901,74.590043,2020-02-11,CR01627_SP0239.jpg,Nesting site found,Rejected,Duplicate of earlier report.
CR01628,USR0411,SP0324,19.860143,74.407058,2021-03-15,CR01628_SP0324.jpg,Roadkill reported,Verified,Needs a clearer photo.
CR01629,USR0196,SP0068,19.893131,74.362052,2018-05-28,CR01629_SP0068.jpg,Found near farm,Pending,"Looks accurate, approved."
CR01630,USR0386,SP0314,19.911874,74.457699,2024-02-25,CR01630_SP0314.jpg,Reported by local farmer,Verified,Duplicate of earlier report.
CR01631,USR0220,SP0031,19.930123,74.422815,2017-12-22,CR01631_SP0031.jpg,Seen at riverbank,Verified,Duplicate of earlier report.
CR01632,USR0436,SP0283,19.837776,74.463753,2018-11-04,CR01632_SP0283.jpg,Reported by local farmer,Verified,
CR01633,USR0361,SP0049,19.833179,74.382198,2026-02-17,CR01633_SP0049.jpg,Reported by local farmer,Pending,"Looks accurate, approved."
CR01634,USR0362,SP0034,19.93695,74.464215,2019-03-28,CR01634_SP0034.jpg,Reported by local farmer,Pending,Species ID corrected by reviewer.
CR01635,USR0084,SP0363,19.901499,74.578086,2019-12-06,CR01635_SP0363.jpg,Reported by local farmer,Pending,Needs a clearer photo.
CR01636,USR0216,SP0223,19.93025,74.460835,2017-08-06,CR01636_SP0223.jpg,Multiple individuals seen,Rejected,Species ID corrected by reviewer.
CR01637,USR0105,SP0230,19.837892,74.406357,2019-08-16,CR01637_SP0230.jpg,Nesting site found,Pending,Cross-checked with expert - confirmed.
CR01638,USR0197,SP0266,19.82838,74.45154,2019-04-25,CR01638_SP0266.jpg,Seen at riverbank,Verified,Species ID corrected by reviewer.
CR01639,USR0470,SP0450,19.850455,74.452639,2016-09-23,CR01639_SP0450.jpg,Seen at riverbank,Verified,Needs a clearer photo.
CR01640,USR0213,SP0053,19.934586,74.507803,2019-10-21,CR01640_SP0053.jpg,Nesting site found,Verified,"Looks accurate, approved."
CR01641,USR0075,SP0219,19.813324,74.569331,2024-11-09,CR01641_SP0219.jpg,Multiple individuals seen,Pending,Duplicate of earlier report.
CR01642,USR0250,SP0014,19.818025,74.408269,2024-12-27,CR01642_SP0014.jpg,Roadkill reported,Verified,Duplicate of earlier report.
CR01643,USR0483,SP0298,19.857984,74.366198,2021-11-05,CR01643_SP0298.jpg,Reported by local farmer,Pending,Cross-checked with expert - confirmed.
CR01644,USR0182,SP0123,19.948104,74.350228,2018-12-14,CR01644_SP0123.jpg,Noticed unusual coloration,Pending,"Looks accurate, approved."
CR01645,USR0139,SP0052,19.828597,74.356531,2017-12-05,CR01645_SP0052.jpg,Roadkill reported,Verified,
CR01646,USR0030,SP0192,19.803329,74.377407,2023-11-22,CR01646_SP0192.jpg,Noticed unusual coloration,Verified,Cross-checked with expert - confirmed.
CR01647,USR0366,SP0073,19.837713,74.442261,2023-06-08,CR01647_SP0073.jpg,Seen during college nature trail,Verified,Cross-checked with expert - confirmed.
CR01648,USR0335,SP0432,19.905471,74.496521,2021-09-02,CR01648_SP0432.jpg,Roadkill reported,Pending,Cross-checked with expert - confirmed.
CR01649,USR0279,SP0325,19.916906,74.566269,2025-10-07,CR01649_SP0325.jpg,Spotted near temple pond,Rejected,Duplicate of earlier report.
CR01650,USR0150,SP0299,19.872254,74.439196,2018-04-23,CR01650_SP0299.jpg,Reported by local farmer,Verified,
CR01651,USR0340,SP0376,19.895929,74.51209,2017-05-04,CR01651_SP0376.jpg,Nesting site found,Pending,
CR01652,USR0095,SP0105,19.917683,74.422895,2025-11-05,CR01652_SP0105.jpg,Spotted near temple pond,Verified,Species ID corrected by reviewer.
CR01653,USR0377,SP0323,19.934534,74.567764,2020-11-13,CR01653_SP0323.jpg,Found near farm,Rejected,Species ID corrected by reviewer.
CR01654,USR0054,SP0163,19.936386,74.423881,2025-09-14,CR01654_SP0163.jpg,Roadkill reported,Pending,Needs a clearer photo.
CR01655,USR0019,SP0232,19.845214,74.5551,2017-10-23,CR01655_SP0232.jpg,Seen at riverbank,Pending,Needs a clearer photo.
CR01656,USR0142,SP0220,19.930981,74.569118,2022-04-03,CR01656_SP0220.jpg,Reported by local farmer,Verified,Cross-checked with expert - confirmed.
CR01657,USR0274,SP0445,19.814889,74.573451,2019-03-12,CR01657_SP0445.jpg,Noticed unusual coloration,Verified,"Looks accurate, approved."
CR01658,USR0201,SP0009,19.863338,74.381135,2024-07-19,CR01658_SP0009.jpg,Found near farm,Pending,Duplicate of earlier report.
CR01659,USR0033,SP0397,19.916025,74.387659,2021-09-26,CR01659_SP0397.jpg,Noticed unusual coloration,Verified,
CR01660,USR0445,SP0409,19.846307,74.416597,2024-04-20,CR01660_SP0409.jpg,Spotted near temple pond,Rejected,Duplicate of earlier report.
CR01661,USR0330,SP0261,19.836928,74.477762,2022-01-12,CR01661_SP0261.jpg,Found near farm,Verified,"Looks accurate, approved."
CR01662,USR0388,SP0079,19.851444,74.565134,2024-10-12,CR01662_SP0079.jpg,Spotted during morning walk,Pending,Needs a clearer photo.
CR01663,USR0155,SP0239,19.870206,74.529596,2022-11-16,CR01663_SP0239.jpg,Found near farm,Rejected,"Looks accurate, approved."
CR01664,USR0391,SP0286,19.80621,74.448823,2020-11-18,CR01664_SP0286.jpg,Spotted near temple pond,Verified,Cross-checked with expert - confirmed.
CR01665,USR0243,SP0143,19.822363,74.47359,2020-06-10,CR01665_SP0143.jpg,Roadkill reported,Pending,"Looks accurate, approved."
CR01666,USR0049,SP0092,19.863266,74.558235,2019-08-28,CR01666_SP0092.jpg,Roadkill reported,Verified,Species ID corrected by reviewer.
CR01667,USR0310,SP0298,19.853133,74.549631,2020-04-11,CR01667_SP0298.jpg,Roadkill reported,Rejected,Needs a clearer photo.
CR01668,USR0022,SP0189,19.860001,74.369859,2025-10-11,CR01668_SP0189.jpg,Found near farm,Verified,Needs a clearer photo.
CR01669,USR0060,SP0004,19.939826,74.420171,2021-06-20,CR01669_SP0004.jpg,Spotted during morning walk,Verified,Species ID corrected by reviewer.
CR01670,USR0329,SP0232,19.863833,74.466264,2017-11-13,CR01670_SP0232.jpg,Spotted near temple pond,Pending,
CR01671,USR0150,SP0175,19.884975,74.565604,2017-07-03,CR01671_SP0175.jpg,Seen during college nature trail,Verified,"Looks accurate, approved."
CR01672,USR0467,SP0314,19.940631,74.496622,2019-03-05,CR01672_SP0314.jpg,Seen during college nature trail,Verified,Duplicate of earlier report.
CR01673,USR0072,SP0247,19.901652,74.453218,2019-02-20,CR01673_SP0247.jpg,Found near farm,Pending,Species ID corrected by reviewer.
CR01674,USR0125,SP0108,19.927723,74.543614,2018-06-18,CR01674_SP0108.jpg,Found near farm,Pending,Needs a clearer photo.
CR01675,USR0080,SP0058,19.905743,74.467623,2017-11-30,CR01675_SP0058.jpg,Roadkill reported,Verified,Duplicate of earlier report.
CR01676,USR0183,SP0429,19.841296,74.372226,2019-10-02,CR01676_SP0429.jpg,Seen at riverbank,Pending,Species ID corrected by reviewer.
CR01677,USR0212,SP0318,19.907476,74.37314,2022-09-09,CR01677_SP0318.jpg,Seen during college nature trail,Verified,Needs a clearer photo.
CR01678,USR0066,SP0224,19.860143,74.466207,2024-09-08,CR01678_SP0224.jpg,Spotted near temple pond,Pending,Cross-checked with expert - confirmed.
CR01679,USR0275,SP0224,19.908993,74.466699,2021-10-14,CR01679_SP0224.jpg,Found near farm,Verified,Species ID corrected by reviewer.
CR01680,USR0444,SP0235,19.875318,74.49055,2017-10-14,CR01680_SP0235.jpg,Found near farm,Verified,Species ID corrected by reviewer.
CR01681,USR0062,SP0021,19.840476,74.584872,2022-08-29,CR01681_SP0021.jpg,Multiple individuals seen,Pending,"Looks accurate, approved."
CR01682,USR0447,SP0157,19.88646,74.503996,2026-03-28,CR01682_SP0157.jpg,Spotted near temple pond,Verified,Cross-checked with expert - confirmed.
CR01683,USR0429,SP0311,19.813222,74.461544,2020-02-23,CR01683_SP0311.jpg,Seen during college nature trail,Verified,
CR01684,USR0128,SP0100,19.904287,74.460782,2024-05-09,CR01684_SP0100.jpg,Noticed unusual coloration,Pending,Duplicate of earlier report.
CR01685,USR0390,SP0412,19.825625,74.445982,2019-07-02,CR01685_SP0412.jpg,Seen at riverbank,Pending,Species ID corrected by reviewer.
CR01686,USR0479,SP0114,19.916944,74.386935,2022-11-07,CR01686_SP0114.jpg,Seen at riverbank,Pending,"Looks accurate, approved."
CR01687,USR0156,SP0307,19.862894,74.536886,2024-01-08,CR01687_SP0307.jpg,Spotted during morning walk,Verified,Cross-checked with expert - confirmed.
CR01688,USR0166,SP0010,19.826042,74.424469,2016-10-13,CR01688_SP0010.jpg,Roadkill reported,Verified,"Looks accurate, approved."
CR01689,USR0500,SP0164,19.904143,74.37764,2024-01-13,CR01689_SP0164.jpg,Nesting site found,Verified,"Looks accurate, approved."
CR01690,USR0442,SP0106,19.80264,74.530112,2018-08-06,CR01690_SP0106.jpg,Reported by local farmer,Pending,
CR01691,USR0496,SP0166,19.867554,74.544059,2019-06-16,CR01691_SP0166.jpg,Reported by local farmer,Pending,
CR01692,USR0426,SP0345,19.916377,74.553788,2017-05-17,CR01692_SP0345.jpg,Reported by local farmer,Rejected,
CR01693,USR0418,SP0014,19.863753,74.489209,2025-07-24,CR01693_SP0014.jpg,Noticed unusual coloration,Pending,
CR01694,USR0115,SP0440,19.854006,74.388771,2024-03-05,CR01694_SP0440.jpg,Reported by local farmer,Verified,Cross-checked with expert - confirmed.
CR01695,USR0267,SP0011,19.896144,74.536929,2025-05-12,CR01695_SP0011.jpg,Roadkill reported,Verified,Cross-checked with expert - confirmed.
CR01696,USR0103,SP0090,19.825485,74.368556,2020-08-14,CR01696_SP0090.jpg,Found near farm,Verified,"Looks accurate, approved."
CR01697,USR0484,SP0145,19.838373,74.454008,2021-05-14,CR01697_SP0145.jpg,Spotted near temple pond,Verified,Cross-checked with expert - confirmed.
CR01698,USR0421,SP0248,19.945903,74.434673,2025-06-09,CR01698_SP0248.jpg,Reported by local farmer,Verified,"Looks accurate, approved."
CR01699,USR0042,SP0092,19.931183,74.353741,2023-10-10,CR01699_SP0092.jpg,Nesting site found,Pending,Species ID corrected by reviewer.
CR01700,USR0484,SP0208,19.863975,74.469274,2018-06-30,CR01700_SP0208.jpg,Seen at riverbank,Verified,
CR01701,USR0141,SP0415,19.890863,74.577101,2026-02-28,CR01701_SP0415.jpg,Found near farm,Rejected,
CR01702,USR0119,SP0187,19.905018,74.581586,2025-03-25,CR01702_SP0187.jpg,Seen at riverbank,Verified,"Looks accurate, approved."
CR01703,USR0221,SP0256,19.929856,74.494443,2026-03-23,CR01703_SP0256.jpg,Seen at riverbank,Rejected,Needs a clearer photo.
CR01704,USR0322,SP0098,19.869525,74.468974,2020-04-07,CR01704_SP0098.jpg,Seen during college nature trail,Verified,Species ID corrected by reviewer.
CR01705,USR0161,SP0290,19.949974,74.368427,2016-09-16,CR01705_SP0290.jpg,Multiple individuals seen,Verified,Needs a clearer photo.
CR01706,USR0325,SP0247,19.880912,74.364437,2024-08-12,CR01706_SP0247.jpg,Seen during college nature trail,Verified,Needs a clearer photo.
CR01707,USR0129,SP0408,19.819202,74.570152,2020-04-19,CR01707_SP0408.jpg,Multiple individuals seen,Verified,
CR01708,USR0405,SP0137,19.851495,74.399734,2021-12-29,CR01708_SP0137.jpg,Spotted during morning walk,Rejected,
CR01709,USR0245,SP0312,19.875424,74.405364,2017-04-25,CR01709_SP0312.jpg,Noticed unusual coloration,Pending,Duplicate of earlier report.
CR01710,USR0295,SP0218,19.842554,74.431565,2022-01-30,CR01710_SP0218.jpg,Reported by local farmer,Verified,Species ID corrected by reviewer.
CR01711,USR0039,SP0076,19.856768,74.53979,2021-11-26,CR01711_SP0076.jpg,Seen during college nature trail,Pending,Species ID corrected by reviewer.
CR01712,USR0180,SP0272,19.832619,74.458784,2021-01-01,CR01712_SP0272.jpg,Seen during college nature trail,Verified,Duplicate of earlier report.
CR01713,USR0153,SP0117,19.808299,74.563057,2025-08-26,CR01713_SP0117.jpg,Reported by local farmer,Pending,
CR01714,USR0019,SP0070,19.876108,74.562812,2018-12-30,CR01714_SP0070.jpg,Nesting site found,Verified,Duplicate of earlier report.
CR01715,USR0362,SP0288,19.823475,74.599113,2023-07-11,CR01715_SP0288.jpg,Multiple individuals seen,Verified,Cross-checked with expert - confirmed.
CR01716,USR0142,SP0162,19.86665,74.493078,2023-09-12,CR01716_SP0162.jpg,Nesting site found,Pending,Species ID corrected by reviewer.
CR01717,USR0091,SP0235,19.825114,74.555636,2026-04-22,CR01717_SP0235.jpg,Spotted during morning walk,Pending,Cross-checked with expert - confirmed.
CR01718,USR0129,SP0179,19.844704,74.546413,2021-10-28,CR01718_SP0179.jpg,Found near farm,Pending,Duplicate of earlier report.
CR01719,USR0308,SP0163,19.892581,74.5422,2025-07-21,CR01719_SP0163.jpg,Found near farm,Verified,Species ID corrected by reviewer.
CR01720,USR0330,SP0220,19.840012,74.377843,2018-04-12,CR01720_SP0220.jpg,Seen at riverbank,Verified,Species ID corrected by reviewer.
CR01721,USR0215,SP0016,19.89541,74.421376,2023-01-16,CR01721_SP0016.jpg,Multiple individuals seen,Verified,
CR01722,USR0212,SP0303,19.862512,74.406267,2021-06-28,CR01722_SP0303.jpg,Found near farm,Verified,Cross-checked with expert - confirmed.
CR01723,USR0339,SP0373,19.941782,74.556754,2021-08-18,CR01723_SP0373.jpg,Seen during college nature trail,Pending,"Looks accurate, approved."
CR01724,USR0147,SP0361,19.938548,74.56412,2023-09-24,CR01724_SP0361.jpg,Seen during college nature trail,Rejected,Duplicate of earlier report.
CR01725,USR0484,SP0197,19.929923,74.510779,2025-04-25,CR01725_SP0197.jpg,Seen during college nature trail,Verified,Cross-checked with expert - confirmed.
CR01726,USR0177,SP0451,19.896884,74.410504,2021-01-24,CR01726_SP0451.jpg,Seen at riverbank,Verified,
CR01727,USR0382,SP0147,19.895419,74.563343,2021-05-11,CR01727_SP0147.jpg,Multiple individuals seen,Pending,"Looks accurate, approved."
CR01728,USR0335,SP0266,19.897383,74.599094,2020-11-21,CR01728_SP0266.jpg,Noticed unusual coloration,Rejected,Duplicate of earlier report.
CR01729,USR0151,SP0425,19.834418,74.354833,2023-05-03,CR01729_SP0425.jpg,Nesting site found,Rejected,Species ID corrected by reviewer.
CR01730,USR0417,SP0216,19.905808,74.364694,2020-04-10,CR01730_SP0216.jpg,Seen at riverbank,Pending,Needs a clearer photo.
CR01731,USR0484,SP0326,19.836187,74.539437,2022-05-22,CR01731_SP0326.jpg,Noticed unusual coloration,Verified,Species ID corrected by reviewer.
CR01732,USR0039,SP0230,19.887075,74.598455,2020-12-09,CR01732_SP0230.jpg,Nesting site found,Verified,Duplicate of earlier report.
CR01733,USR0346,SP0341,19.842131,74.461472,2017-10-18,CR01733_SP0341.jpg,Spotted near temple pond,Pending,Species ID corrected by reviewer.
CR01734,USR0130,SP0093,19.88365,74.446191,2021-04-10,CR01734_SP0093.jpg,Found near farm,Pending,Species ID corrected by reviewer.
CR01735,USR0351,SP0308,19.948722,74.464319,2020-05-28,CR01735_SP0308.jpg,Found near farm,Verified,
CR01736,USR0309,SP0164,19.842567,74.569163,2025-03-16,CR01736_SP0164.jpg,Spotted during morning walk,Verified,"Looks accurate, approved."
CR01737,USR0027,SP0070,19.905849,74.514236,2020-03-01,CR01737_SP0070.jpg,Spotted near temple pond,Pending,
CR01738,USR0184,SP0077,19.867585,74.448357,2018-06-28,CR01738_SP0077.jpg,Seen during college nature trail,Rejected,
CR01739,USR0150,SP0456,19.891747,74.54749,2025-07-26,CR01739_SP0456.jpg,Nesting site found,Pending,"Looks accurate, approved."
CR01740,USR0019,SP0238,19.855275,74.498251,2025-08-31,CR01740_SP0238.jpg,Spotted near temple pond,Rejected,
CR01741,USR0336,SP0225,19.846518,74.48026,2021-03-26,CR01741_SP0225.jpg,Spotted during morning walk,Verified,"Looks accurate, approved."
CR01742,USR0039,SP0026,19.937316,74.438801,2019-11-17,CR01742_SP0026.jpg,Roadkill reported,Verified,
CR01743,USR0401,SP0176,19.851037,74.49334,2016-10-24,CR01743_SP0176.jpg,Nesting site found,Verified,Duplicate of earlier report.
CR01744,USR0470,SP0180,19.849782,74.361227,2023-03-24,CR01744_SP0180.jpg,Nesting site found,Pending,
CR01745,USR0216,SP0231,19.892858,74.413822,2018-10-24,CR01745_SP0231.jpg,Roadkill reported,Pending,Duplicate of earlier report.
CR01746,USR0352,SP0069,19.80662,74.582358,2018-11-17,CR01746_SP0069.jpg,Seen at riverbank,Pending,Species ID corrected by reviewer.
CR01747,USR0306,SP0326,19.898558,74.413912,2025-07-05,CR01747_SP0326.jpg,Noticed unusual coloration,Verified,Needs a clearer photo.
CR01748,USR0050,SP0324,19.816026,74.434964,2021-12-23,CR01748_SP0324.jpg,Nesting site found,Verified,
CR01749,USR0131,SP0379,19.855287,74.494414,2019-12-20,CR01749_SP0379.jpg,Nesting site found,Verified,Species ID corrected by reviewer.
CR01750,USR0121,SP0253,19.849097,74.5156,2019-12-22,CR01750_SP0253.jpg,Found near farm,Pending,Duplicate of earlier report.
CR01751,USR0279,SP0382,19.800784,74.407469,2022-06-22,CR01751_SP0382.jpg,Found near farm,Verified,"Looks accurate, approved."
CR01752,USR0445,SP0441,19.863094,74.418369,2023-07-07,CR01752_SP0441.jpg,Spotted near temple pond,Verified,
CR01753,USR0161,SP0034,19.88868,74.583003,2016-12-12,CR01753_SP0034.jpg,Roadkill reported,Verified,Duplicate of earlier report.
CR01754,USR0102,SP0281,19.816974,74.569453,2019-04-25,CR01754_SP0281.jpg,Seen during college nature trail,Verified,Species ID corrected by reviewer.
CR01755,USR0188,SP0379,19.849259,74.487659,2023-02-18,CR01755_SP0379.jpg,Found near farm,Pending,Species ID corrected by reviewer.
CR01756,USR0075,SP0263,19.851122,74.56005,2020-02-03,CR01756_SP0263.jpg,Nesting site found,Pending,
CR01757,USR0295,SP0362,19.841529,74.458636,2019-03-24,CR01757_SP0362.jpg,Roadkill reported,Pending,
CR01758,USR0377,SP0189,19.863703,74.493166,2016-11-26,CR01758_SP0189.jpg,Reported by local farmer,Pending,
CR01759,USR0130,SP0364,19.849974,74.510908,2017-09-20,CR01759_SP0364.jpg,Seen at riverbank,Verified,Cross-checked with expert - confirmed.
CR01760,USR0059,SP0349,19.908201,74.38108,2022-09-19,CR01760_SP0349.jpg,Noticed unusual coloration,Verified,Duplicate of earlier report.
CR01761,USR0442,SP0251,19.883227,74.567591,2019-01-22,CR01761_SP0251.jpg,Found near farm,Verified,
CR01762,USR0313,SP0146,19.807281,74.525388,2022-03-02,CR01762_SP0146.jpg,Noticed unusual coloration,Verified,
CR01763,USR0277,SP0135,19.843164,74.489731,2017-12-02,CR01763_SP0135.jpg,Noticed unusual coloration,Verified,"Looks accurate, approved."
CR01764,USR0269,SP0175,19.82067,74.579206,2025-06-24,CR01764_SP0175.jpg,Seen during college nature trail,Pending,Needs a clearer photo.
CR01765,USR0200,SP0083,19.933072,74.557389,2025-08-20,CR01765_SP0083.jpg,Nesting site found,Pending,Cross-checked with expert - confirmed.
CR01766,USR0086,SP0254,19.834437,74.422293,2016-11-21,CR01766_SP0254.jpg,Seen during college nature trail,Pending,Species ID corrected by reviewer.
CR01767,USR0330,SP0434,19.842313,74.506931,2021-06-29,CR01767_SP0434.jpg,Nesting site found,Verified,Duplicate of earlier report.
CR01768,USR0189,SP0063,19.889179,74.560632,2024-09-05,CR01768_SP0063.jpg,Spotted near temple pond,Verified,Duplicate of earlier report.
CR01769,USR0122,SP0301,19.915877,74.481249,2024-03-14,CR01769_SP0301.jpg,Roadkill reported,Verified,"Looks accurate, approved."
CR01770,USR0154,SP0304,19.824133,74.485586,2017-03-15,CR01770_SP0304.jpg,Spotted near temple pond,Pending,"Looks accurate, approved."
CR01771,USR0356,SP0318,19.895613,74.488362,2021-08-01,CR01771_SP0318.jpg,Found near farm,Pending,Cross-checked with expert - confirmed.
CR01772,USR0231,SP0410,19.853581,74.416731,2024-11-14,CR01772_SP0410.jpg,Seen during college nature trail,Verified,Species ID corrected by reviewer.
CR01773,USR0339,SP0408,19.826263,74.513494,2019-12-05,CR01773_SP0408.jpg,Seen during college nature trail,Verified,"Looks accurate, approved."
CR01774,USR0497,SP0242,19.929229,74.483648,2019-08-13,CR01774_SP0242.jpg,Nesting site found,Verified,Needs a clearer photo.
CR01775,USR0436,SP0273,19.841348,74.420652,2026-02-26,CR01775_SP0273.jpg,Seen during college nature trail,Verified,Needs a clearer photo.
CR01776,USR0106,SP0072,19.903332,74.529987,2025-06-27,CR01776_SP0072.jpg,Seen at riverbank,Verified,
CR01777,USR0402,SP0357,19.804433,74.569521,2020-11-08,CR01777_SP0357.jpg,Spotted near temple pond,Rejected,"Looks accurate, approved."
CR01778,USR0245,SP0116,19.91123,74.350495,2018-07-02,CR01778_SP0116.jpg,Nesting site found,Pending,Cross-checked with expert - confirmed.
CR01779,USR0290,SP0150,19.854952,74.45793,2016-12-17,CR01779_SP0150.jpg,Reported by local farmer,Rejected,Needs a clearer photo.
CR01780,USR0173,SP0229,19.863398,74.389064,2024-05-01,CR01780_SP0229.jpg,Reported by local farmer,Verified,Needs a clearer photo.
CR01781,USR0390,SP0440,19.834912,74.508539,2017-06-02,CR01781_SP0440.jpg,Spotted near temple pond,Rejected,Species ID corrected by reviewer.
CR01782,USR0216,SP0135,19.85716,74.446257,2024-09-27,CR01782_SP0135.jpg,Seen during college nature trail,Pending,
CR01783,USR0126,SP0192,19.860053,74.429222,2017-12-10,CR01783_SP0192.jpg,Roadkill reported,Verified,"Looks accurate, approved."
CR01784,USR0287,SP0157,19.884717,74.364044,2026-07-06,CR01784_SP0157.jpg,Reported by local farmer,Verified,
CR01785,USR0283,SP0322,19.830893,74.4888,2024-02-14,CR01785_SP0322.jpg,Nesting site found,Verified,Species ID corrected by reviewer.
CR01786,USR0296,SP0253,19.946047,74.495495,2018-07-03,CR01786_SP0253.jpg,Spotted during morning walk,Pending,"Looks accurate, approved."
CR01787,USR0030,SP0344,19.835018,74.440812,2024-07-10,CR01787_SP0344.jpg,Spotted near temple pond,Rejected,Duplicate of earlier report.
CR01788,USR0144,SP0417,19.858725,74.433987,2019-01-23,CR01788_SP0417.jpg,Seen at riverbank,Rejected,"Looks accurate, approved."
CR01789,USR0490,SP0156,19.921173,74.576779,2017-06-25,CR01789_SP0156.jpg,Seen at riverbank,Rejected,Species ID corrected by reviewer.
CR01790,USR0127,SP0413,19.872081,74.430993,2017-02-10,CR01790_SP0413.jpg,Roadkill reported,Verified,Needs a clearer photo.
CR01791,USR0270,SP0003,19.918742,74.551968,2026-02-23,CR01791_SP0003.jpg,Reported by local farmer,Rejected,"Looks accurate, approved."
CR01792,USR0457,SP0218,19.809366,74.394468,2023-06-08,CR01792_SP0218.jpg,Seen during college nature trail,Verified,
CR01793,USR0165,SP0377,19.845198,74.350954,2016-10-19,CR01793_SP0377.jpg,Spotted near temple pond,Verified,Needs a clearer photo.
CR01794,USR0134,SP0018,19.93482,74.484465,2023-09-09,CR01794_SP0018.jpg,Reported by local farmer,Rejected,Cross-checked with expert - confirmed.
CR01795,USR0382,SP0358,19.853679,74.40027,2020-09-23,CR01795_SP0358.jpg,Noticed unusual coloration,Pending,
CR01796,USR0150,SP0216,19.91054,74.453369,2020-08-23,CR01796_SP0216.jpg,Spotted near temple pond,Verified,Species ID corrected by reviewer.
CR01797,USR0500,SP0263,19.854158,74.51771,2017-12-31,CR01797_SP0263.jpg,Spotted during morning walk,Verified,"Looks accurate, approved."
CR01798,USR0091,SP0285,19.92255,74.508644,2019-06-03,CR01798_SP0285.jpg,Spotted near temple pond,Pending,"Looks accurate, approved."
CR01799,USR0018,SP0365,19.820343,74.526379,2021-12-21,CR01799_SP0365.jpg,Spotted near temple pond,Verified,"Looks accurate, approved."
CR01800,USR0408,SP0067,19.867493,74.358168,2022-07-23,CR01800_SP0067.jpg,Multiple individuals seen,Verified,Species ID corrected by reviewer.
CR01801,USR0033,SP0111,19.893311,74.493854,2019-07-26,CR01801_SP0111.jpg,Seen at riverbank,Pending,Species ID corrected by reviewer.
CR01802,USR0212,SP0456,19.84988,74.423912,2018-03-21,CR01802_SP0456.jpg,Nesting site found,Rejected,"Looks accurate, approved."
CR01803,USR0072,SP0056,19.863347,74.369471,2024-11-19,CR01803_SP0056.jpg,Reported by local farmer,Pending,Cross-checked with expert - confirmed.
CR01804,USR0219,SP0005,19.868439,74.462524,2025-06-16,CR01804_SP0005.jpg,Spotted near temple pond,Verified,Needs a clearer photo.
CR01805,USR0036,SP0087,19.800787,74.572423,2023-07-26,CR01805_SP0087.jpg,Roadkill reported,Pending,Needs a clearer photo.
CR01806,USR0093,SP0457,19.831317,74.416086,2023-03-16,CR01806_SP0457.jpg,Seen at riverbank,Verified,Species ID corrected by reviewer.
CR01807,USR0263,SP0400,19.811395,74.584998,2026-06-15,CR01807_SP0400.jpg,Seen at riverbank,Verified,
CR01808,USR0366,SP0409,19.867418,74.584427,2021-06-28,CR01808_SP0409.jpg,Spotted near temple pond,Verified,Duplicate of earlier report.
CR01809,USR0349,SP0414,19.892525,74.573572,2016-12-24,CR01809_SP0414.jpg,Roadkill reported,Pending,
CR01810,USR0065,SP0105,19.838531,74.351157,2025-11-30,CR01810_SP0105.jpg,Seen during college nature trail,Verified,"Looks accurate, approved."
CR01811,USR0406,SP0162,19.835635,74.44026,2024-10-31,CR01811_SP0162.jpg,Seen at riverbank,Verified,Species ID corrected by reviewer.
CR01812,USR0393,SP0393,19.867493,74.410747,2025-06-26,CR01812_SP0393.jpg,Nesting site found,Pending,
CR01813,USR0169,SP0403,19.86344,74.481927,2018-04-26,CR01813_SP0403.jpg,Spotted near temple pond,Verified,Cross-checked with expert - confirmed.
CR01814,USR0096,SP0253,19.851019,74.417719,2025-06-22,CR01814_SP0253.jpg,Nesting site found,Verified,"Looks accurate, approved."
CR01815,USR0445,SP0388,19.837212,74.400347,2021-08-30,CR01815_SP0388.jpg,Nesting site found,Verified,Species ID corrected by reviewer.
CR01816,USR0052,SP0269,19.926312,74.507032,2021-11-13,CR01816_SP0269.jpg,Spotted during morning walk,Verified,Duplicate of earlier report.
CR01817,USR0411,SP0235,19.872353,74.508236,2022-10-26,CR01817_SP0235.jpg,Spotted near temple pond,Pending,Cross-checked with expert - confirmed.
CR01818,USR0405,SP0160,19.820535,74.367539,2017-01-23,CR01818_SP0160.jpg,Spotted during morning walk,Verified,Needs a clearer photo.
CR01819,USR0251,SP0271,19.87124,74.523023,2017-10-29,CR01819_SP0271.jpg,Seen during college nature trail,Rejected,Needs a clearer photo.
CR01820,USR0262,SP0377,19.900588,74.389146,2019-02-12,CR01820_SP0377.jpg,Seen during college nature trail,Verified,Needs a clearer photo.
CR01821,USR0161,SP0157,19.949373,74.561794,2017-10-27,CR01821_SP0157.jpg,Spotted near temple pond,Pending,
CR01822,USR0222,SP0195,19.808289,74.360621,2021-07-16,CR01822_SP0195.jpg,Spotted near temple pond,Pending,
CR01823,USR0022,SP0265,19.891177,74.590345,2017-02-08,CR01823_SP0265.jpg,Found near farm,Verified,Duplicate of earlier report.
CR01824,USR0022,SP0375,19.836076,74.558106,2017-09-09,CR01824_SP0375.jpg,Spotted near temple pond,Verified,Needs a clearer photo.
CR01825,USR0398,SP0177,19.80173,74.366645,2020-07-04,CR01825_SP0177.jpg,Spotted during morning walk,Verified,Cross-checked with expert - confirmed.
CR01826,USR0156,SP0316,19.936075,74.574936,2016-09-24,CR01826_SP0316.jpg,Spotted near temple pond,Pending,Species ID corrected by reviewer.
CR01827,USR0486,SP0090,19.917373,74.496326,2024-08-16,CR01827_SP0090.jpg,Reported by local farmer,Verified,"Looks accurate, approved."
CR01828,USR0472,SP0323,19.912835,74.579911,2018-06-22,CR01828_SP0323.jpg,Found near farm,Verified,Species ID corrected by reviewer.
CR01829,USR0118,SP0179,19.939875,74.54364,2021-01-26,CR01829_SP0179.jpg,Roadkill reported,Verified,
CR01830,USR0118,SP0311,19.875389,74.577027,2022-04-22,CR01830_SP0311.jpg,Multiple individuals seen,Verified,Species ID corrected by reviewer.
CR01831,USR0077,SP0237,19.829,74.508387,2020-07-08,CR01831_SP0237.jpg,Multiple individuals seen,Verified,
CR01832,USR0090,SP0225,19.878726,74.350189,2017-10-09,CR01832_SP0225.jpg,Nesting site found,Pending,Cross-checked with expert - confirmed.
CR01833,USR0160,SP0152,19.833498,74.531905,2021-03-06,CR01833_SP0152.jpg,Noticed unusual coloration,Verified,Needs a clearer photo.
CR01834,USR0365,SP0290,19.93353,74.581512,2017-11-24,CR01834_SP0290.jpg,Noticed unusual coloration,Rejected,
CR01835,USR0439,SP0365,19.926089,74.481476,2021-11-14,CR01835_SP0365.jpg,Reported by local farmer,Pending,
CR01836,USR0354,SP0143,19.843406,74.480345,2025-04-27,CR01836_SP0143.jpg,Noticed unusual coloration,Verified,Species ID corrected by reviewer.
CR01837,USR0239,SP0040,19.870414,74.380924,2020-03-23,CR01837_SP0040.jpg,Spotted during morning walk,Verified,Cross-checked with expert - confirmed.
CR01838,USR0276,SP0073,19.896335,74.487869,2026-05-30,CR01838_SP0073.jpg,Multiple individuals seen,Verified,Cross-checked with expert - confirmed.
CR01839,USR0157,SP0005,19.848923,74.375021,2025-08-14,CR01839_SP0005.jpg,Noticed unusual coloration,Verified,Species ID corrected by reviewer.
CR01840,USR0164,SP0283,19.927253,74.424717,2020-02-23,CR01840_SP0283.jpg,Noticed unusual coloration,Rejected,Duplicate of earlier report.
CR01841,USR0395,SP0405,19.873025,74.550175,2018-12-21,CR01841_SP0405.jpg,Spotted near temple pond,Pending,
CR01842,USR0430,SP0302,19.944661,74.55978,2017-01-02,CR01842_SP0302.jpg,Multiple individuals seen,Rejected,Cross-checked with expert - confirmed.
CR01843,USR0287,SP0362,19.815178,74.449268,2020-04-09,CR01843_SP0362.jpg,Nesting site found,Verified,Duplicate of earlier report.
CR01844,USR0394,SP0234,19.930037,74.587598,2022-08-24,CR01844_SP0234.jpg,Found near farm,Verified,"Looks accurate, approved."
CR01845,USR0133,SP0330,19.842946,74.4288,2025-07-09,CR01845_SP0330.jpg,Reported by local farmer,Verified,
CR01846,USR0295,SP0117,19.886861,74.471449,2024-08-28,CR01846_SP0117.jpg,Roadkill reported,Pending,"Looks accurate, approved."
CR01847,USR0370,SP0377,19.922171,74.425132,2020-11-08,CR01847_SP0377.jpg,Reported by local farmer,Verified,"Looks accurate, approved."
CR01848,USR0298,SP0370,19.840189,74.539074,2018-03-23,CR01848_SP0370.jpg,Nesting site found,Rejected,
CR01849,USR0391,SP0215,19.92202,74.43813,2021-03-13,CR01849_SP0215.jpg,Spotted during morning walk,Pending,Duplicate of earlier report.
CR01850,USR0187,SP0029,19.871597,74.45982,2016-12-16,CR01850_SP0029.jpg,Nesting site found,Verified,"Looks accurate, approved."
CR01851,USR0227,SP0433,19.85971,74.546244,2017-10-22,CR01851_SP0433.jpg,Spotted during morning walk,Verified,"Looks accurate, approved."
CR01852,USR0142,SP0197,19.807422,74.572083,2023-08-22,CR01852_SP0197.jpg,Multiple individuals seen,Pending,Species ID corrected by reviewer.
CR01853,USR0081,SP0101,19.812761,74.591132,2020-08-27,CR01853_SP0101.jpg,Reported by local farmer,Verified,Needs a clearer photo.
CR01854,USR0459,SP0442,19.842527,74.37247,2022-12-18,CR01854_SP0442.jpg,Noticed unusual coloration,Verified,
CR01855,USR0452,SP0130,19.917151,74.418129,2018-03-07,CR01855_SP0130.jpg,Seen at riverbank,Pending,
CR01856,USR0155,SP0273,19.82591,74.422147,2023-05-16,CR01856_SP0273.jpg,Reported by local farmer,Pending,
CR01857,USR0319,SP0031,19.845342,74.409729,2022-01-06,CR01857_SP0031.jpg,Found near farm,Verified,
CR01858,USR0251,SP0115,19.879065,74.56419,2021-02-19,CR01858_SP0115.jpg,Multiple individuals seen,Verified,
CR01859,USR0443,SP0352,19.926251,74.437151,2023-12-29,CR01859_SP0352.jpg,Noticed unusual coloration,Pending,Needs a clearer photo.
CR01860,USR0381,SP0458,19.937073,74.568148,2019-12-27,CR01860_SP0458.jpg,Spotted during morning walk,Verified,
CR01861,USR0362,SP0409,19.881438,74.477896,2021-01-21,CR01861_SP0409.jpg,Reported by local farmer,Pending,
CR01862,USR0088,SP0407,19.90914,74.447929,2025-04-28,CR01862_SP0407.jpg,Noticed unusual coloration,Verified,Cross-checked with expert - confirmed.
CR01863,USR0037,SP0329,19.834862,74.553499,2024-02-12,CR01863_SP0329.jpg,Nesting site found,Verified,
CR01864,USR0077,SP0414,19.862171,74.392808,2026-01-04,CR01864_SP0414.jpg,Seen during college nature trail,Verified,Cross-checked with expert - confirmed.
CR01865,USR0085,SP0408,19.837198,74.513485,2025-07-29,CR01865_SP0408.jpg,Reported by local farmer,Verified,Duplicate of earlier report.
CR01866,USR0462,SP0396,19.889128,74.568669,2022-10-17,CR01866_SP0396.jpg,Found near farm,Pending,
CR01867,USR0387,SP0119,19.892919,74.519928,2018-08-26,CR01867_SP0119.jpg,Seen at riverbank,Verified,Species ID corrected by reviewer.
CR01868,USR0278,SP0117,19.942854,74.484328,2023-08-13,CR01868_SP0117.jpg,Multiple individuals seen,Verified,
CR01869,USR0101,SP0342,19.942628,74.472068,2026-07-30,CR01869_SP0342.jpg,Spotted near temple pond,Verified,Needs a clearer photo.
CR01870,USR0234,SP0341,19.893971,74.473897,2024-09-20,CR01870_SP0341.jpg,Multiple individuals seen,Pending,"Looks accurate, approved."
CR01871,USR0105,SP0221,19.918499,74.56326,2016-10-19,CR01871_SP0221.jpg,Noticed unusual coloration,Verified,
CR01872,USR0288,SP0456,19.900782,74.57422,2024-07-22,CR01872_SP0456.jpg,Reported by local farmer,Verified,
CR01873,USR0492,SP0008,19.850865,74.492256,2020-04-05,CR01873_SP0008.jpg,Seen during college nature trail,Verified,Species ID corrected by reviewer.
CR01874,USR0287,SP0430,19.930271,74.511257,2017-12-03,CR01874_SP0430.jpg,Nesting site found,Verified,Needs a clearer photo.
CR01875,USR0491,SP0360,19.849438,74.492852,2025-12-19,CR01875_SP0360.jpg,Found near farm,Pending,"Looks accurate, approved."
CR01876,USR0273,SP0073,19.816524,74.380843,2016-10-14,CR01876_SP0073.jpg,Reported by local farmer,Verified,Species ID corrected by reviewer.
CR01877,USR0290,SP0383,19.901034,74.454966,2024-10-27,CR01877_SP0383.jpg,Noticed unusual coloration,Pending,Cross-checked with expert - confirmed.
CR01878,USR0249,SP0187,19.860666,74.352834,2026-07-17,CR01878_SP0187.jpg,Found near farm,Pending,Needs a clearer photo.
CR01879,USR0073,SP0330,19.816889,74.52165,2020-06-15,CR01879_SP0330.jpg,Multiple individuals seen,Verified,Duplicate of earlier report.
CR01880,USR0210,SP0165,19.917073,74.55801,2019-05-09,CR01880_SP0165.jpg,Roadkill reported,Verified,Needs a clearer photo.
CR01881,USR0389,SP0040,19.886003,74.38304,2019-06-14,CR01881_SP0040.jpg,Roadkill reported,Verified,Species ID corrected by reviewer.
CR01882,USR0055,SP0337,19.80218,74.474627,2020-08-02,CR01882_SP0337.jpg,Spotted during morning walk,Verified,Needs a clearer photo.
CR01883,USR0011,SP0203,19.817855,74.521063,2020-03-03,CR01883_SP0203.jpg,Roadkill reported,Verified,Needs a clearer photo.
CR01884,USR0434,SP0446,19.826098,74.390263,2017-11-17,CR01884_SP0446.jpg,Noticed unusual coloration,Verified,Duplicate of earlier report.
CR01885,USR0467,SP0445,19.856803,74.550789,2022-04-23,CR01885_SP0445.jpg,Multiple individuals seen,Verified,Cross-checked with expert - confirmed.
CR01886,USR0297,SP0139,19.801079,74.466509,2026-07-03,CR01886_SP0139.jpg,Seen at riverbank,Verified,
CR01887,USR0284,SP0460,19.827857,74.512389,2017-06-15,CR01887_SP0460.jpg,Seen at riverbank,Pending,Needs a clearer photo.
CR01888,USR0006,SP0052,19.923893,74.553034,2026-04-23,CR01888_SP0052.jpg,Spotted during morning walk,Pending,Cross-checked with expert - confirmed.
CR01889,USR0324,SP0086,19.940214,74.375233,2018-01-20,CR01889_SP0086.jpg,Spotted near temple pond,Verified,"Looks accurate, approved."
CR01890,USR0480,SP0442,19.858717,74.456818,2022-05-28,CR01890_SP0442.jpg,Noticed unusual coloration,Verified,Cross-checked with expert - confirmed.
CR01891,USR0138,SP0080,19.902313,74.45809,2017-08-10,CR01891_SP0080.jpg,Reported by local farmer,Pending,Cross-checked with expert - confirmed.
CR01892,USR0020,SP0111,19.816141,74.379517,2023-05-03,CR01892_SP0111.jpg,Spotted during morning walk,Verified,
CR01893,USR0371,SP0283,19.914667,74.519135,2017-08-04,CR01893_SP0283.jpg,Seen during college nature trail,Verified,Cross-checked with expert - confirmed.
CR01894,USR0248,SP0374,19.861531,74.59246,2022-02-09,CR01894_SP0374.jpg,Spotted during morning walk,Verified,
CR01895,USR0087,SP0395,19.931274,74.513185,2021-06-28,CR01895_SP0395.jpg,Noticed unusual coloration,Verified,Species ID corrected by reviewer.
CR01896,USR0025,SP0286,19.846292,74.518846,2018-08-30,CR01896_SP0286.jpg,Noticed unusual coloration,Verified,
CR01897,USR0481,SP0258,19.89274,74.525036,2020-05-03,CR01897_SP0258.jpg,Spotted near temple pond,Verified,Duplicate of earlier report.
CR01898,USR0405,SP0034,19.845862,74.40761,2019-08-22,CR01898_SP0034.jpg,Spotted near temple pond,Verified,Species ID corrected by reviewer.
CR01899,USR0433,SP0125,19.908249,74.361511,2021-08-22,CR01899_SP0125.jpg,Spotted during morning walk,Verified,Species ID corrected by reviewer.
CR01900,USR0017,SP0121,19.848334,74.456275,2018-11-30,CR01900_SP0121.jpg,Noticed unusual coloration,Verified,Duplicate of earlier report.
CR01901,USR0462,SP0238,19.932719,74.388119,2021-05-07,CR01901_SP0238.jpg,Noticed unusual coloration,Verified,
CR01902,USR0075,SP0188,19.940998,74.586918,2017-04-27,CR01902_SP0188.jpg,Multiple individuals seen,Verified,
CR01903,USR0494,SP0307,19.859934,74.514096,2025-12-06,CR01903_SP0307.jpg,Nesting site found,Verified,Needs a clearer photo.
CR01904,USR0170,SP0427,19.949647,74.452125,2024-05-17,CR01904_SP0427.jpg,Nesting site found,Pending,
CR01905,USR0392,SP0033,19.906911,74.499374,2021-12-13,CR01905_SP0033.jpg,Found near farm,Pending,Needs a clearer photo.
CR01906,USR0444,SP0094,19.811764,74.476233,2019-06-09,CR01906_SP0094.jpg,Nesting site found,Verified,Species ID corrected by reviewer.
CR01907,USR0416,SP0181,19.865636,74.589728,2019-08-18,CR01907_SP0181.jpg,Seen at riverbank,Rejected,
CR01908,USR0497,SP0387,19.940622,74.387512,2017-10-15,CR01908_SP0387.jpg,Nesting site found,Verified,
CR01909,USR0235,SP0453,19.889302,74.466011,2021-12-19,CR01909_SP0453.jpg,Spotted near temple pond,Pending,Needs a clearer photo.
CR01910,USR0315,SP0454,19.840825,74.55934,2019-11-04,CR01910_SP0454.jpg,Noticed unusual coloration,Verified,Needs a clearer photo.
CR01911,USR0496,SP0163,19.925457,74.372659,2022-03-30,CR01911_SP0163.jpg,Seen during college nature trail,Verified,Cross-checked with expert - confirmed.
CR01912,USR0132,SP0307,19.84772,74.375244,2021-11-09,CR01912_SP0307.jpg,Noticed unusual coloration,Verified,"Looks accurate, approved."
CR01913,USR0443,SP0339,19.834182,74.587807,2018-06-11,CR01913_SP0339.jpg,Seen during college nature trail,Pending,Cross-checked with expert - confirmed.
CR01914,USR0403,SP0078,19.935299,74.545091,2025-04-04,CR01914_SP0078.jpg,Seen during college nature trail,Verified,Species ID corrected by reviewer.
CR01915,USR0145,SP0052,19.837457,74.511619,2024-06-20,CR01915_SP0052.jpg,Found near farm,Rejected,Duplicate of earlier report.
CR01916,USR0265,SP0160,19.812079,74.517362,2019-05-30,CR01916_SP0160.jpg,Spotted during morning walk,Pending,Duplicate of earlier report.
CR01917,USR0058,SP0173,19.893256,74.423976,2022-08-28,CR01917_SP0173.jpg,Nesting site found,Rejected,"Looks accurate, approved."
CR01918,USR0034,SP0278,19.842845,74.425792,2017-07-12,CR01918_SP0278.jpg,Reported by local farmer,Verified,
CR01919,USR0231,SP0067,19.871296,74.512391,2025-10-16,CR01919_SP0067.jpg,Seen during college nature trail,Pending,
CR01920,USR0274,SP0310,19.8501,74.396242,2021-01-28,CR01920_SP0310.jpg,Noticed unusual coloration,Verified,"Looks accurate, approved."
CR01921,USR0157,SP0163,19.809986,74.389169,2025-08-13,CR01921_SP0163.jpg,Seen at riverbank,Verified,Duplicate of earlier report.
CR01922,USR0132,SP0342,19.901326,74.484634,2023-12-27,CR01922_SP0342.jpg,Seen during college nature trail,Pending,"Looks accurate, approved."
CR01923,USR0248,SP0426,19.913197,74.443648,2024-10-29,CR01923_SP0426.jpg,Seen at riverbank,Rejected,
CR01924,USR0193,SP0357,19.889215,74.530656,2022-05-01,CR01924_SP0357.jpg,Spotted near temple pond,Pending,
CR01925,USR0327,SP0294,19.883636,74.505888,2018-12-04,CR01925_SP0294.jpg,Seen during college nature trail,Verified,Species ID corrected by reviewer.
CR01926,USR0299,SP0320,19.849085,74.445766,2019-12-07,CR01926_SP0320.jpg,Spotted during morning walk,Pending,Duplicate of earlier report.
CR01927,USR0120,SP0232,19.85263,74.471874,2022-05-02,CR01927_SP0232.jpg,Roadkill reported,Verified,Species ID corrected by reviewer.
CR01928,USR0196,SP0051,19.832515,74.574003,2019-05-06,CR01928_SP0051.jpg,Seen at riverbank,Verified,Cross-checked with expert - confirmed.
CR01929,USR0231,SP0426,19.816977,74.407345,2020-12-19,CR01929_SP0426.jpg,Seen at riverbank,Verified,Needs a clearer photo.
CR01930,USR0228,SP0338,19.885323,74.517555,2021-02-02,CR01930_SP0338.jpg,Spotted during morning walk,Verified,Needs a clearer photo.
CR01931,USR0267,SP0448,19.916497,74.377928,2020-09-13,CR01931_SP0448.jpg,Roadkill reported,Pending,Duplicate of earlier report.
CR01932,USR0149,SP0247,19.858172,74.513463,2023-11-18,CR01932_SP0247.jpg,Found near farm,Verified,"Looks accurate, approved."
CR01933,USR0072,SP0201,19.879497,74.484944,2025-02-15,CR01933_SP0201.jpg,Multiple individuals seen,Verified,Species ID corrected by reviewer.
CR01934,USR0286,SP0188,19.8393,74.552138,2020-09-14,CR01934_SP0188.jpg,Roadkill reported,Verified,Cross-checked with expert - confirmed.
CR01935,USR0235,SP0269,19.912473,74.471683,2023-08-27,CR01935_SP0269.jpg,Noticed unusual coloration,Pending,"Looks accurate, approved."
CR01936,USR0112,SP0441,19.844051,74.362326,2025-07-13,CR01936_SP0441.jpg,Seen at riverbank,Verified,Needs a clearer photo.
CR01937,USR0348,SP0371,19.841728,74.416379,2022-01-16,CR01937_SP0371.jpg,Multiple individuals seen,Verified,
CR01938,USR0111,SP0293,19.920425,74.52813,2024-03-24,CR01938_SP0293.jpg,Spotted during morning walk,Verified,Species ID corrected by reviewer.
CR01939,USR0445,SP0264,19.819078,74.495803,2026-02-07,CR01939_SP0264.jpg,Found near farm,Verified,Cross-checked with expert - confirmed.
CR01940,USR0174,SP0305,19.828599,74.546405,2023-09-06,CR01940_SP0305.jpg,Seen at riverbank,Verified,Needs a clearer photo.
CR01941,USR0047,SP0404,19.899139,74.509161,2018-12-27,CR01941_SP0404.jpg,Seen at riverbank,Verified,Cross-checked with expert - confirmed.
CR01942,USR0220,SP0130,19.943659,74.396877,2020-06-25,CR01942_SP0130.jpg,Seen at riverbank,Verified,Species ID corrected by reviewer.
CR01943,USR0373,SP0399,19.917509,74.483641,2024-03-13,CR01943_SP0399.jpg,Seen at riverbank,Rejected,Cross-checked with expert - confirmed.
CR01944,USR0324,SP0380,19.941014,74.371467,2018-09-29,CR01944_SP0380.jpg,Found near farm,Verified,
CR01945,USR0487,SP0066,19.920497,74.37866,2018-07-16,CR01945_SP0066.jpg,Nesting site found,Verified,Cross-checked with expert - confirmed.
CR01946,USR0161,SP0351,19.855674,74.420968,2025-06-03,CR01946_SP0351.jpg,Spotted near temple pond,Verified,Needs a clearer photo.
CR01947,USR0257,SP0330,19.809351,74.470055,2024-10-24,CR01947_SP0330.jpg,Multiple individuals seen,Verified,
CR01948,USR0226,SP0393,19.928227,74.432284,2025-12-16,CR01948_SP0393.jpg,Nesting site found,Pending,Cross-checked with expert - confirmed.
CR01949,USR0443,SP0061,19.890684,74.376124,2024-06-26,CR01949_SP0061.jpg,Spotted during morning walk,Verified,Species ID corrected by reviewer.
CR01950,USR0467,SP0192,19.873374,74.579492,2017-05-31,CR01950_SP0192.jpg,Multiple individuals seen,Verified,Needs a clearer photo.
CR01951,USR0106,SP0157,19.941578,74.409163,2018-06-21,CR01951_SP0157.jpg,Noticed unusual coloration,Verified,"Looks accurate, approved."
CR01952,USR0201,SP0390,19.828565,74.576583,2021-01-11,CR01952_SP0390.jpg,Roadkill reported,Pending,
CR01953,USR0385,SP0450,19.848286,74.449328,2025-09-26,CR01953_SP0450.jpg,Spotted during morning walk,Pending,
CR01954,USR0353,SP0128,19.869455,74.42517,2025-10-18,CR01954_SP0128.jpg,Roadkill reported,Pending,
CR01955,USR0449,SP0458,19.81833,74.512587,2023-08-25,CR01955_SP0458.jpg,Multiple individuals seen,Pending,"Looks accurate, approved."
CR01956,USR0312,SP0376,19.824858,74.43768,2017-09-26,CR01956_SP0376.jpg,Noticed unusual coloration,Verified,
CR01957,USR0470,SP0084,19.937281,74.390875,2018-10-19,CR01957_SP0084.jpg,Multiple individuals seen,Rejected,Needs a clearer photo.
CR01958,USR0098,SP0282,19.88885,74.596792,2020-11-26,CR01958_SP0282.jpg,Roadkill reported,Pending,Duplicate of earlier report.
CR01959,USR0014,SP0356,19.909854,74.433806,2025-11-12,CR01959_SP0356.jpg,Reported by local farmer,Verified,Species ID corrected by reviewer.
CR01960,USR0180,SP0408,19.869939,74.560266,2023-08-21,CR01960_SP0408.jpg,Spotted near temple pond,Verified,"Looks accurate, approved."
CR01961,USR0405,SP0336,19.89376,74.385882,2018-03-03,CR01961_SP0336.jpg,Nesting site found,Verified,Needs a clearer photo.
CR01962,USR0059,SP0258,19.802087,74.563077,2026-06-19,CR01962_SP0258.jpg,Reported by local farmer,Verified,Cross-checked with expert - confirmed.
CR01963,USR0132,SP0104,19.912087,74.486882,2025-10-23,CR01963_SP0104.jpg,Multiple individuals seen,Rejected,Needs a clearer photo.
CR01964,USR0116,SP0148,19.915856,74.430346,2018-11-15,CR01964_SP0148.jpg,Noticed unusual coloration,Pending,
CR01965,USR0106,SP0308,19.817002,74.497329,2016-08-01,CR01965_SP0308.jpg,Spotted near temple pond,Verified,Cross-checked with expert - confirmed.
CR01966,USR0177,SP0270,19.846327,74.37054,2021-05-25,CR01966_SP0270.jpg,Nesting site found,Verified,Duplicate of earlier report.
CR01967,USR0231,SP0121,19.828648,74.543143,2022-06-20,CR01967_SP0121.jpg,Multiple individuals seen,Verified,Cross-checked with expert - confirmed.
CR01968,USR0169,SP0136,19.879883,74.472866,2022-06-23,CR01968_SP0136.jpg,Found near farm,Rejected,Duplicate of earlier report.
CR01969,USR0459,SP0401,19.802251,74.522569,2019-11-27,CR01969_SP0401.jpg,Spotted during morning walk,Verified,"Looks accurate, approved."
CR01970,USR0177,SP0405,19.83027,74.363267,2019-10-26,CR01970_SP0405.jpg,Spotted near temple pond,Verified,
CR01971,USR0231,SP0259,19.942875,74.513759,2016-12-13,CR01971_SP0259.jpg,Multiple individuals seen,Verified,
CR01972,USR0159,SP0128,19.854433,74.577317,2022-09-22,CR01972_SP0128.jpg,Found near farm,Verified,
CR01973,USR0326,SP0111,19.897747,74.502924,2018-05-28,CR01973_SP0111.jpg,Reported by local farmer,Verified,Duplicate of earlier report.
CR01974,USR0290,SP0451,19.888408,74.419334,2022-06-03,CR01974_SP0451.jpg,Reported by local farmer,Verified,Duplicate of earlier report.
CR01975,USR0444,SP0232,19.907709,74.534572,2025-11-21,CR01975_SP0232.jpg,Nesting site found,Pending,Duplicate of earlier report.
CR01976,USR0292,SP0127,19.879107,74.514437,2021-11-06,CR01976_SP0127.jpg,Roadkill reported,Rejected,
CR01977,USR0135,SP0321,19.888447,74.559461,2018-04-19,CR01977_SP0321.jpg,Noticed unusual coloration,Verified,
CR01978,USR0427,SP0324,19.846738,74.431871,2024-11-26,CR01978_SP0324.jpg,Reported by local farmer,Verified,Species ID corrected by reviewer.
CR01979,USR0405,SP0179,19.810548,74.504487,2021-07-06,CR01979_SP0179.jpg,Roadkill reported,Verified,Needs a clearer photo.
CR01980,USR0369,SP0401,19.835844,74.575797,2017-09-13,CR01980_SP0401.jpg,Noticed unusual coloration,Rejected,Cross-checked with expert - confirmed.
CR01981,USR0416,SP0119,19.919688,74.413948,2022-03-11,CR01981_SP0119.jpg,Noticed unusual coloration,Verified,Duplicate of earlier report.
CR01982,USR0247,SP0451,19.851646,74.3681,2016-12-06,CR01982_SP0451.jpg,Noticed unusual coloration,Pending,
CR01983,USR0396,SP0112,19.923656,74.565081,2023-06-04,CR01983_SP0112.jpg,Noticed unusual coloration,Verified,Cross-checked with expert - confirmed.
CR01984,USR0088,SP0118,19.904509,74.565775,2021-06-19,CR01984_SP0118.jpg,Spotted near temple pond,Pending,Species ID corrected by reviewer.
CR01985,USR0113,SP0019,19.853042,74.492133,2021-04-28,CR01985_SP0019.jpg,Multiple individuals seen,Verified,Needs a clearer photo.
CR01986,USR0448,SP0211,19.922475,74.543158,2022-02-18,CR01986_SP0211.jpg,Seen during college nature trail,Verified,"Looks accurate, approved."
CR01987,USR0084,SP0108,19.868113,74.567483,2022-03-30,CR01987_SP0108.jpg,Multiple individuals seen,Pending,Needs a clearer photo.
CR01988,USR0492,SP0017,19.804127,74.517319,2018-01-23,CR01988_SP0017.jpg,Spotted during morning walk,Verified,Cross-checked with expert - confirmed.
CR01989,USR0206,SP0439,19.928951,74.537007,2019-10-31,CR01989_SP0439.jpg,Roadkill reported,Pending,
CR01990,USR0003,SP0161,19.902,74.389539,2021-05-12,CR01990_SP0161.jpg,Reported by local farmer,Verified,Species ID corrected by reviewer.
CR01991,USR0481,SP0056,19.932211,74.576026,2019-08-07,CR01991_SP0056.jpg,Noticed unusual coloration,Pending,Duplicate of earlier report.
CR01992,USR0091,SP0357,19.83648,74.578713,2023-04-21,CR01992_SP0357.jpg,Multiple individuals seen,Pending,
CR01993,USR0104,SP0125,19.842135,74.378554,2020-02-17,CR01993_SP0125.jpg,Found near farm,Verified,
CR01994,USR0406,SP0121,19.860927,74.426733,2023-04-17,CR01994_SP0121.jpg,Nesting site found,Verified,Species ID corrected by reviewer.
CR01995,USR0099,SP0314,19.94259,74.539427,2024-09-18,CR01995_SP0314.jpg,Roadkill reported,Verified,
CR01996,USR0277,SP0266,19.897621,74.543695,2018-10-20,CR01996_SP0266.jpg,Noticed unusual coloration,Pending,Cross-checked with expert - confirmed.
CR01997,USR0055,SP0203,19.845371,74.503423,2021-09-06,CR01997_SP0203.jpg,Roadkill reported,Verified,Cross-checked with expert - confirmed.
CR01998,USR0494,SP0389,19.824092,74.40209,2019-12-14,CR01998_SP0389.jpg,Noticed unusual coloration,Pending,Cross-checked with expert - confirmed.
CR01999,USR0470,SP0308,19.929343,74.493584,2022-09-15,CR01999_SP0308.jpg,Seen during college nature trail,Pending,
CR02000,USR0199,SP0051,19.861678,74.567906,2018-10-26,CR02000_SP0051.jpg,Multiple individuals seen,Verified,
