resource_id,species_id,title,description,habitat,medicinal_use,conservation_status,interesting_fact,image_filename
EDU0001,SP0001,Getting to know House Sparrow,"An educational overview of House Sparrow (Passer domesticus), covering identification, habitat, and ecological role in the Kopargaon region.",Urban Garden,None documented,Least Concern,House Sparrow has been recorded by citizen scientists across multiple villages.,SP0001_Passer_domesticus.jpg
EDU0002,SP0002,Getting to know Common Myna,"An educational overview of Common Myna (Acridotheres tristis), covering identification, habitat, and ecological role in the Kopargaon region.",Wetland,None documented,Endangered,Common Myna plays an important role in local ecosystem balance.,SP0002_Acridotheres_tristis.jpg
EDU0003,SP0003,Getting to know Indian Peafowl,"An educational overview of Indian Peafowl (Pavo cristatus), covering identification, habitat, and ecological role in the Kopargaon region.",Wetland,None documented,Near Threatened,Indian Peafowl has been recorded by citizen scientists across multiple villages.,SP0003_Pavo_cristatus.jpg
EDU0004,SP0004,Getting to know Rock Pigeon,"An educational overview of Rock Pigeon (Columba livia), covering identification, habitat, and ecological role in the Kopargaon region.",Grassland,None documented,Least Concern,Rock Pigeon is most active during the Sep-Dec period.,SP0004_Columba_livia.jpg
EDU0005,SP0005,Getting to know Spotted Dove,"An educational overview of Spotted Dove (Spilopelia chinensis), covering identification, habitat, and ecological role in the Kopargaon region.",Godavari River,None documented,Vulnerable,Spotted Dove is most active during the Sep-Dec period.,SP0005_Spilopelia_chinensis.jpg
EDU0006,SP0006,Getting to know Laughing Dove,"An educational overview of Laughing Dove (Spilopelia senegalensis), covering identification, habitat, and ecological role in the Kopargaon region.",Wetland,None documented,Not Evaluated,Laughing Dove plays an important role in local ecosystem balance.,SP0006_Spilopelia_senegalensis.jpg
EDU0007,SP0007,Getting to know Black Kite,"An educational overview of Black Kite (Milvus migrans), covering identification, habitat, and ecological role in the Kopargaon region.",Wetland,None documented,Vulnerable,Black Kite is most active during the Dec-Feb period.,SP0007_Milvus_migrans.jpg
EDU0008,SP0008,Getting to know Indian Pond Heron,"An educational overview of Indian Pond Heron (Ardeola grayii), covering identification, habitat, and ecological role in the Kopargaon region.",Urban Garden,None documented,Least Concern,Indian Pond Heron is considered a good indicator of local habitat health.,SP0008_Ardeola_grayii.jpg
EDU0009,SP0009,Getting to know Cattle Egret,"An educational overview of Cattle Egret (Bubulcus ibis), covering identification, habitat, and ecological role in the Kopargaon region.",Temple Grove,None documented,Least Concern,Cattle Egret is considered a good indicator of local habitat health.,SP0009_Bubulcus_ibis.jpg
EDU0010,SP0010,Getting to know Little Egret,"An educational overview of Little Egret (Egretta garzetta), covering identification, habitat, and ecological role in the Kopargaon region.",Agricultural Field,None documented,Least Concern,Little Egret is considered a good indicator of local habitat health.,SP0010_Egretta_garzetta.jpg
EDU0011,SP0011,Getting to know Great Egret,"An educational overview of Great Egret (Ardea alba), covering identification, habitat, and ecological role in the Kopargaon region.",Temple Grove,None documented,Least Concern,Great Egret plays an important role in local ecosystem balance.,SP0011_Ardea_alba.jpg
EDU0012,SP0012,Getting to know Intermediate Egret,"An educational overview of Intermediate Egret (Ardea intermedia), covering identification, habitat, and ecological role in the Kopargaon region.",Canal,None documented,Vulnerable,Intermediate Egret has been recorded by citizen scientists across multiple villages.,SP0012_Ardea_intermedia.jpg
EDU0013,SP0013,Getting to know Black-headed Ibis,"An educational overview of Black-headed Ibis (Threskiornis melanocephalus), covering identification, habitat, and ecological role in the Kopargaon region.",Grassland,None documented,Least Concern,Black-headed Ibis is considered a good indicator of local habitat health.,SP0013_Threskiornis_melanocephalus.jpg
EDU0014,SP0014,Getting to know Painted Stork,"An educational overview of Painted Stork (Mycteria leucocephala), covering identification, habitat, and ecological role in the Kopargaon region.",Wetland,None documented,Least Concern,Painted Stork is most active during the Dec-Feb period.,SP0014_Mycteria_leucocephala.jpg
EDU0015,SP0015,Getting to know Asian Openbill,"An educational overview of Asian Openbill (Anastomus oscitans), covering identification, habitat, and ecological role in the Kopargaon region.",Grassland,None documented,Least Concern,Asian Openbill has been recorded by citizen scientists across multiple villages.,SP0015_Anastomus_oscitans.jpg
EDU0016,SP0016,Getting to know Lesser Whistling Duck,"An educational overview of Lesser Whistling Duck (Dendrocygna javanica), covering identification, habitat, and ecological role in the Kopargaon region.",Temple Grove,None documented,Least Concern,Lesser Whistling Duck is most active during the Dec-Feb period.,SP0016_Dendrocygna_javanica.jpg
EDU0017,SP0017,Getting to know Indian Spot-billed Duck,"An educational overview of Indian Spot-billed Duck (Anas poecilorhyncha), covering identification, habitat, and ecological role in the Kopargaon region.",Agricultural Field,None documented,Least Concern,Indian Spot-billed Duck plays an important role in local ecosystem balance.,SP0017_Anas_poecilorhyncha.jpg
EDU0018,SP0018,Getting to know Common Kingfisher,"An educational overview of Common Kingfisher (Alcedo atthis), covering identification, habitat, and ecological role in the Kopargaon region.",Agricultural Field,None documented,Least Concern,Common Kingfisher has been recorded by citizen scientists across multiple villages.,SP0018_Alcedo_atthis.jpg
EDU0019,SP0019,Getting to know White-throated Kingfisher,"An educational overview of White-throated Kingfisher (Halcyon smyrnensis), covering identification, habitat, and ecological role in the Kopargaon region.",Godavari River,None documented,Near Threatened,White-throated Kingfisher is most active during the Sep-Dec period.,SP0019_Halcyon_smyrnensis.jpg
EDU0020,SP0020,Getting to know Pied Kingfisher,"An educational overview of Pied Kingfisher (Ceryle rudis), covering identification, habitat, and ecological role in the Kopargaon region.",Godavari River,None documented,Vulnerable,Pied Kingfisher has been recorded by citizen scientists across multiple villages.,SP0020_Ceryle_rudis.jpg
EDU0021,SP0021,Getting to know Indian Roller,"An educational overview of Indian Roller (Coracias benghalensis), covering identification, habitat, and ecological role in the Kopargaon region.",Agricultural Field,None documented,Least Concern,Indian Roller is most active during the Dec-Feb period.,SP0021_Coracias_benghalensis.jpg
EDU0022,SP0022,Getting to know Green Bee-eater,"An educational overview of Green Bee-eater (Merops orientalis), covering identification, habitat, and ecological role in the Kopargaon region.",Agricultural Field,None documented,Endangered,Green Bee-eater is considered a good indicator of local habitat health.,SP0022_Merops_orientalis.jpg
EDU0023,SP0023,Getting to know Blue-tailed Bee-eater,"An educational overview of Blue-tailed Bee-eater (Merops philippinus), covering identification, habitat, and ecological role in the Kopargaon region.",Urban Garden,None documented,Least Concern,Blue-tailed Bee-eater has been recorded by citizen scientists across multiple villages.,SP0023_Merops_philippinus.jpg
EDU0024,SP0024,Getting to know Common Hoopoe,"An educational overview of Common Hoopoe (Upupa epops), covering identification, habitat, and ecological role in the Kopargaon region.",Agricultural Field,None documented,Least Concern,Common Hoopoe plays an important role in local ecosystem balance.,SP0024_Upupa_epops.jpg
EDU0025,SP0025,Getting to know Coppersmith Barbet,"An educational overview of Coppersmith Barbet (Psilopogon haemacephalus), covering identification, habitat, and ecological role in the Kopargaon region.",Temple Grove,None documented,Endangered,Coppersmith Barbet has been recorded by citizen scientists across multiple villages.,SP0025_Psilopogon_haemacephalus.jpg
EDU0026,SP0026,Getting to know White-cheeked Barbet,"An educational overview of White-cheeked Barbet (Psilopogon viridis), covering identification, habitat, and ecological role in the Kopargaon region.",Temple Grove,None documented,Least Concern,White-cheeked Barbet is most active during the Mar-Jun period.,SP0026_Psilopogon_viridis.jpg
EDU0027,SP0027,Getting to know Black Drongo,"An educational overview of Black Drongo (Dicrurus macrocercus), covering identification, habitat, and ecological role in the Kopargaon region.",Grassland,None documented,Not Evaluated,Black Drongo plays an important role in local ecosystem balance.,SP0027_Dicrurus_macrocercus.jpg
EDU0028,SP0028,Getting to know Ashy Drongo,"An educational overview of Ashy Drongo (Dicrurus leucophaeus), covering identification, habitat, and ecological role in the Kopargaon region.",Grassland,None documented,Least Concern,Ashy Drongo is most active during the Jun-Sep period.,SP0028_Dicrurus_leucophaeus.jpg
EDU0029,SP0029,Getting to know Indian Golden Oriole,"An educational overview of Indian Golden Oriole (Oriolus kundoo), covering identification, habitat, and ecological role in the Kopargaon region.",Canal,None documented,Near Threatened,Indian Golden Oriole is most active during the Sep-Dec period.,SP0029_Oriolus_kundoo.jpg
EDU0030,SP0030,Getting to know Rufous Treepie,"An educational overview of Rufous Treepie (Dendrocitta vagabunda), covering identification, habitat, and ecological role in the Kopargaon region.",Grassland,None documented,Least Concern,Rufous Treepie has been recorded by citizen scientists across multiple villages.,SP0030_Dendrocitta_vagabunda.jpg
EDU0031,SP0031,Getting to know House Crow,"An educational overview of House Crow (Corvus splendens), covering identification, habitat, and ecological role in the Kopargaon region.",Temple Grove,None documented,Data Deficient,House Crow is considered a good indicator of local habitat health.,SP0031_Corvus_splendens.jpg
EDU0032,SP0032,Getting to know Large-billed Crow,"An educational overview of Large-billed Crow (Corvus macrorhynchos), covering identification, habitat, and ecological role in the Kopargaon region.",Grassland,None documented,Least Concern,Large-billed Crow plays an important role in local ecosystem balance.,SP0032_Corvus_macrorhynchos.jpg
EDU0033,SP0033,Getting to know Rose-ringed Parakeet,"An educational overview of Rose-ringed Parakeet (Psittacula krameri), covering identification, habitat, and ecological role in the Kopargaon region.",Canal,None documented,Near Threatened,Rose-ringed Parakeet is most active during the Dec-Feb period.,SP0033_Psittacula_krameri.jpg
EDU0034,SP0034,Getting to know Alexandrine Parakeet,"An educational overview of Alexandrine Parakeet (Psittacula eupatria), covering identification, habitat, and ecological role in the Kopargaon region.",Urban Garden,None documented,Least Concern,Alexandrine Parakeet is most active during the Sep-Dec period.,SP0034_Psittacula_eupatria.jpg
EDU0035,SP0035,Getting to know Common Tailorbird,"An educational overview of Common Tailorbird (Orthotomus sutorius), covering identification, habitat, and ecological role in the Kopargaon region.",Urban Garden,None documented,Least Concern,Common Tailorbird is considered a good indicator of local habitat health.,SP0035_Orthotomus_sutorius.jpg
EDU0036,SP0036,Getting to know Ashy Prinia,"An educational overview of Ashy Prinia (Prinia socialis), covering identification, habitat, and ecological role in the Kopargaon region.",Canal,None documented,Least Concern,Ashy Prinia is considered a good indicator of local habitat health.,SP0036_Prinia_socialis.jpg
EDU0037,SP0037,Getting to know Plain Prinia,"An educational overview of Plain Prinia (Prinia inornata), covering identification, habitat, and ecological role in the Kopargaon region.",Agricultural Field,None documented,Least Concern,Plain Prinia has been recorded by citizen scientists across multiple villages.,SP0037_Prinia_inornata.jpg
EDU0038,SP0038,Getting to know Purple Sunbird,"An educational overview of Purple Sunbird (Cinnyris asiaticus), covering identification, habitat, and ecological role in the Kopargaon region.",Urban Garden,None documented,Near Threatened,Purple Sunbird has been recorded by citizen scientists across multiple villages.,SP0038_Cinnyris_asiaticus.jpg
EDU0039,SP0039,Getting to know Purple-rumped Sunbird,"An educational overview of Purple-rumped Sunbird (Leptocoma zeylonica), covering identification, habitat, and ecological role in the Kopargaon region.",Agricultural Field,None documented,Least Concern,Purple-rumped Sunbird has been recorded by citizen scientists across multiple villages.,SP0039_Leptocoma_zeylonica.jpg
EDU0040,SP0040,Getting to know Oriental White-eye,"An educational overview of Oriental White-eye (Zosterops palpebrosus), covering identification, habitat, and ecological role in the Kopargaon region.",Canal,None documented,Data Deficient,Oriental White-eye plays an important role in local ecosystem balance.,SP0040_Zosterops_palpebrosus.jpg
EDU0041,SP0041,Getting to know Red-vented Bulbul,"An educational overview of Red-vented Bulbul (Pycnonotus cafer), covering identification, habitat, and ecological role in the Kopargaon region.",Godavari River,None documented,Data Deficient,Red-vented Bulbul is considered a good indicator of local habitat health.,SP0041_Pycnonotus_cafer.jpg
EDU0042,SP0042,Getting to know Red-whiskered Bulbul,"An educational overview of Red-whiskered Bulbul (Pycnonotus jocosus), covering identification, habitat, and ecological role in the Kopargaon region.",Wetland,None documented,Not Evaluated,Red-whiskered Bulbul has been recorded by citizen scientists across multiple villages.,SP0042_Pycnonotus_jocosus.jpg
EDU0043,SP0043,Getting to know White-browed Bulbul,"An educational overview of White-browed Bulbul (Pycnonotus luteolus), covering identification, habitat, and ecological role in the Kopargaon region.",Agricultural Field,None documented,Not Evaluated,White-browed Bulbul plays an important role in local ecosystem balance.,SP0043_Pycnonotus_luteolus.jpg
EDU0044,SP0044,Getting to know Indian Robin,"An educational overview of Indian Robin (Copsychus fulicatus), covering identification, habitat, and ecological role in the Kopargaon region.",Temple Grove,None documented,Not Evaluated,Indian Robin is considered a good indicator of local habitat health.,SP0044_Copsychus_fulicatus.jpg
EDU0045,SP0045,Getting to know Oriental Magpie-Robin,"An educational overview of Oriental Magpie-Robin (Copsychus saularis), covering identification, habitat, and ecological role in the Kopargaon region.",Wetland,None documented,Least Concern,Oriental Magpie-Robin is most active during the Dec-Feb period.,SP0045_Copsychus_saularis.jpg
EDU0046,SP0046,Getting to know Pied Bushchat,"An educational overview of Pied Bushchat (Saxicola caprata), covering identification, habitat, and ecological role in the Kopargaon region.",Grassland,None documented,Least Concern,Pied Bushchat is considered a good indicator of local habitat health.,SP0046_Saxicola_caprata.jpg
EDU0047,SP0047,Getting to know Siberian Stonechat,"An educational overview of Siberian Stonechat (Saxicola maurus), covering identification, habitat, and ecological role in the Kopargaon region.",Temple Grove,None documented,Endangered,Siberian Stonechat is most active during the Year-round period.,SP0047_Saxicola_maurus.jpg
EDU0048,SP0048,Getting to know Zitting Cisticola,"An educational overview of Zitting Cisticola (Cisticola juncidis), covering identification, habitat, and ecological role in the Kopargaon region.",Agricultural Field,None documented,Near Threatened,Zitting Cisticola has been recorded by citizen scientists across multiple villages.,SP0048_Cisticola_juncidis.jpg
EDU0049,SP0049,Getting to know Baya Weaver,"An educational overview of Baya Weaver (Ploceus philippinus), covering identification, habitat, and ecological role in the Kopargaon region.",Agricultural Field,None documented,Least Concern,Baya Weaver plays an important role in local ecosystem balance.,SP0049_Ploceus_philippinus.jpg
EDU0050,SP0050,Getting to know Scaly-breasted Munia,"An educational overview of Scaly-breasted Munia (Lonchura punctulata), covering identification, habitat, and ecological role in the Kopargaon region.",Temple Grove,None documented,Not Evaluated,Scaly-breasted Munia is most active during the Jun-Sep period.,SP0050_Lonchura_punctulata.jpg
EDU0051,SP0051,Getting to know Indian Silverbill,"An educational overview of Indian Silverbill (Euodice malabarica), covering identification, habitat, and ecological role in the Kopargaon region.",Canal,None documented,Vulnerable,Indian Silverbill is most active during the Dec-Feb period.,SP0051_Euodice_malabarica.jpg
EDU0052,SP0052,Getting to know White-rumped Munia,"An educational overview of White-rumped Munia (Lonchura striata), covering identification, habitat, and ecological role in the Kopargaon region.",Urban Garden,None documented,Least Concern,White-rumped Munia is considered a good indicator of local habitat health.,SP0052_Lonchura_striata.jpg
EDU0053,SP0053,Getting to know Common Iora,"An educational overview of Common Iora (Aegithina tiphia), covering identification, habitat, and ecological role in the Kopargaon region.",Urban Garden,None documented,Least Concern,Common Iora is considered a good indicator of local habitat health.,SP0053_Aegithina_tiphia.jpg
EDU0054,SP0054,Getting to know Black-rumped Flameback,"An educational overview of Black-rumped Flameback (Dinopium benghalense), covering identification, habitat, and ecological role in the Kopargaon region.",Canal,None documented,Not Evaluated,Black-rumped Flameback is considered a good indicator of local habitat health.,SP0054_Dinopium_benghalense.jpg
EDU0055,SP0055,Getting to know Greater Coucal,"An educational overview of Greater Coucal (Centropus sinensis), covering identification, habitat, and ecological role in the Kopargaon region.",Agricultural Field,None documented,Least Concern,Greater Coucal has been recorded by citizen scientists across multiple villages.,SP0055_Centropus_sinensis.jpg
EDU0056,SP0056,Getting to know Asian Koel,"An educational overview of Asian Koel (Eudynamys scolopaceus), covering identification, habitat, and ecological role in the Kopargaon region.",Grassland,None documented,Near Threatened,Asian Koel has been recorded by citizen scientists across multiple villages.,SP0056_Eudynamys_scolopaceus.jpg
EDU0057,SP0057,Getting to know Indian Grey Hornbill,"An educational overview of Indian Grey Hornbill (Ocyceros birostris), covering identification, habitat, and ecological role in the Kopargaon region.",Wetland,None documented,Not Evaluated,Indian Grey Hornbill has been recorded by citizen scientists across multiple villages.,SP0057_Ocyceros_birostris.jpg
EDU0058,SP0058,Getting to know Brahminy Kite,"An educational overview of Brahminy Kite (Haliastur indus), covering identification, habitat, and ecological role in the Kopargaon region.",Godavari River,None documented,Vulnerable,Brahminy Kite plays an important role in local ecosystem balance.,SP0058_Haliastur_indus.jpg
EDU0059,SP0059,Getting to know Shikra,"An educational overview of Shikra (Accipiter badius), covering identification, habitat, and ecological role in the Kopargaon region.",Temple Grove,None documented,Vulnerable,Shikra is most active during the Jun-Sep period.,SP0059_Accipiter_badius.jpg
EDU0060,SP0060,Getting to know Changeable Hawk-Eagle,"An educational overview of Changeable Hawk-Eagle (Nisaetus cirrhatus), covering identification, habitat, and ecological role in the Kopargaon region.",Wetland,None documented,Not Evaluated,Changeable Hawk-Eagle plays an important role in local ecosystem balance.,SP0060_Nisaetus_cirrhatus.jpg
EDU0061,SP0061,Getting to know Short-toed Snake Eagle,"An educational overview of Short-toed Snake Eagle (Circaetus gallicus), covering identification, habitat, and ecological role in the Kopargaon region.",Urban Garden,None documented,Near Threatened,Short-toed Snake Eagle is most active during the Dec-Feb period.,SP0061_Circaetus_gallicus.jpg
EDU0062,SP0062,Getting to know Egyptian Vulture,"An educational overview of Egyptian Vulture (Neophron percnopterus), covering identification, habitat, and ecological role in the Kopargaon region.",Godavari River,None documented,Least Concern,Egyptian Vulture is considered a good indicator of local habitat health.,SP0062_Neophron_percnopterus.jpg
EDU0063,SP0063,Getting to know White-rumped Vulture,"An educational overview of White-rumped Vulture (Gyps bengalensis), covering identification, habitat, and ecological role in the Kopargaon region.",Wetland,None documented,Near Threatened,White-rumped Vulture has been recorded by citizen scientists across multiple villages.,SP0063_Gyps_bengalensis.jpg
EDU0064,SP0064,Getting to know Bar-headed Goose,"An educational overview of Bar-headed Goose (Anser indicus), covering identification, habitat, and ecological role in the Kopargaon region.",Temple Grove,None documented,Least Concern,Bar-headed Goose is considered a good indicator of local habitat health.,SP0064_Anser_indicus.jpg
EDU0065,SP0065,Getting to know Ruddy Shelduck,"An educational overview of Ruddy Shelduck (Tadorna ferruginea), covering identification, habitat, and ecological role in the Kopargaon region.",Canal,None documented,Vulnerable,Ruddy Shelduck plays an important role in local ecosystem balance.,SP0065_Tadorna_ferruginea.jpg
EDU0066,SP0066,Getting to know Northern Shoveler,"An educational overview of Northern Shoveler (Spatula clypeata), covering identification, habitat, and ecological role in the Kopargaon region.",Godavari River,None documented,Least Concern,Northern Shoveler is considered a good indicator of local habitat health.,SP0066_Spatula_clypeata.jpg
EDU0067,SP0067,Getting to know Common Teal,"An educational overview of Common Teal (Anas crecca), covering identification, habitat, and ecological role in the Kopargaon region.",Wetland,None documented,Least Concern,Common Teal plays an important role in local ecosystem balance.,SP0067_Anas_crecca.jpg
EDU0068,SP0068,Getting to know Eurasian Coot,"An educational overview of Eurasian Coot (Fulica atra), covering identification, habitat, and ecological role in the Kopargaon region.",Grassland,None documented,Near Threatened,Eurasian Coot is most active during the Dec-Feb period.,SP0068_Fulica_atra.jpg
EDU0069,SP0069,Getting to know Purple Swamphen,"An educational overview of Purple Swamphen (Porphyrio porphyrio), covering identification, habitat, and ecological role in the Kopargaon region.",Grassland,None documented,Vulnerable,Purple Swamphen is considered a good indicator of local habitat health.,SP0069_Porphyrio_porphyrio.jpg
EDU0070,SP0070,Getting to know White-breasted Waterhen,"An educational overview of White-breasted Waterhen (Amaurornis phoenicurus), covering identification, habitat, and ecological role in the Kopargaon region.",Urban Garden,None documented,Data Deficient,White-breasted Waterhen is considered a good indicator of local habitat health.,SP0070_Amaurornis_phoenicurus.jpg
EDU0071,SP0071,Getting to know Common Moorhen,"An educational overview of Common Moorhen (Gallinula chloropus), covering identification, habitat, and ecological role in the Kopargaon region.",Canal,None documented,Least Concern,Common Moorhen is considered a good indicator of local habitat health.,SP0071_Gallinula_chloropus.jpg
EDU0072,SP0072,Getting to know Pheasant-tailed Jacana,"An educational overview of Pheasant-tailed Jacana (Hydrophasianus chirurgus), covering identification, habitat, and ecological role in the Kopargaon region.",Godavari River,None documented,Least Concern,Pheasant-tailed Jacana has been recorded by citizen scientists across multiple villages.,SP0072_Hydrophasianus_chirurgus.jpg
EDU0073,SP0073,Getting to know Bronze-winged Jacana,"An educational overview of Bronze-winged Jacana (Metopidius indicus), covering identification, habitat, and ecological role in the Kopargaon region.",Wetland,None documented,Least Concern,Bronze-winged Jacana is most active during the Mar-Jun period.,SP0073_Metopidius_indicus.jpg
EDU0074,SP0074,Getting to know Black-winged Stilt,"An educational overview of Black-winged Stilt (Himantopus himantopus), covering identification, habitat, and ecological role in the Kopargaon region.",Temple Grove,None documented,Near Threatened,Black-winged Stilt has been recorded by citizen scientists across multiple villages.,SP0074_Himantopus_himantopus.jpg
EDU0075,SP0075,Getting to know Red-wattled Lapwing,"An educational overview of Red-wattled Lapwing (Vanellus indicus), covering identification, habitat, and ecological role in the Kopargaon region.",Temple Grove,None documented,Not Evaluated,Red-wattled Lapwing is considered a good indicator of local habitat health.,SP0075_Vanellus_indicus.jpg
EDU0076,SP0076,Getting to know Yellow-wattled Lapwing,"An educational overview of Yellow-wattled Lapwing (Vanellus malabaricus), covering identification, habitat, and ecological role in the Kopargaon region.",Temple Grove,None documented,Endangered,Yellow-wattled Lapwing has been recorded by citizen scientists across multiple villages.,SP0076_Vanellus_malabaricus.jpg
EDU0077,SP0077,Getting to know River Tern,"An educational overview of River Tern (Sterna aurantia), covering identification, habitat, and ecological role in the Kopargaon region.",Wetland,None documented,Data Deficient,River Tern is most active during the Jun-Sep period.,SP0077_Sterna_aurantia.jpg
EDU0078,SP0078,Getting to know Small Pratincole,"An educational overview of Small Pratincole (Glareola lactea), covering identification, habitat, and ecological role in the Kopargaon region.",Godavari River,None documented,Near Threatened,Small Pratincole plays an important role in local ecosystem balance.,SP0078_Glareola_lactea.jpg
EDU0079,SP0079,Getting to know Grey Wagtail,"An educational overview of Grey Wagtail (Motacilla cinerea), covering identification, habitat, and ecological role in the Kopargaon region.",Grassland,None documented,Not Evaluated,Grey Wagtail is considered a good indicator of local habitat health.,SP0079_Motacilla_cinerea.jpg
EDU0080,SP0080,Getting to know White Wagtail,"An educational overview of White Wagtail (Motacilla alba), covering identification, habitat, and ecological role in the Kopargaon region.",Grassland,None documented,Data Deficient,White Wagtail is considered a good indicator of local habitat health.,SP0080_Motacilla_alba.jpg
EDU0081,SP0081,Getting to know Paddyfield Pipit,"An educational overview of Paddyfield Pipit (Anthus rufulus), covering identification, habitat, and ecological role in the Kopargaon region.",Temple Grove,None documented,Data Deficient,Paddyfield Pipit is most active during the Dec-Feb period.,SP0081_Anthus_rufulus.jpg
EDU0082,SP0082,Getting to know Indian Nightjar,"An educational overview of Indian Nightjar (Caprimulgus asiaticus), covering identification, habitat, and ecological role in the Kopargaon region.",Urban Garden,None documented,Least Concern,Indian Nightjar has been recorded by citizen scientists across multiple villages.,SP0082_Caprimulgus_asiaticus.jpg
EDU0083,SP0083,Getting to know Alpine Swift,"An educational overview of Alpine Swift (Tachymarptis melba), covering identification, habitat, and ecological role in the Kopargaon region.",Agricultural Field,None documented,Least Concern,Alpine Swift has been recorded by citizen scientists across multiple villages.,SP0083_Tachymarptis_melba.jpg
EDU0084,SP0084,Getting to know Little Swift,"An educational overview of Little Swift (Apus affinis), covering identification, habitat, and ecological role in the Kopargaon region.",Godavari River,None documented,Least Concern,Little Swift is considered a good indicator of local habitat health.,SP0084_Apus_affinis.jpg
EDU0085,SP0085,Getting to know House Swift,"An educational overview of House Swift (Apus nipalensis), covering identification, habitat, and ecological role in the Kopargaon region.",Wetland,None documented,Not Evaluated,House Swift is considered a good indicator of local habitat health.,SP0085_Apus_nipalensis.jpg
EDU0086,SP0086,Getting to know Crested Serpent Eagle,"An educational overview of Crested Serpent Eagle (Spilornis cheela), covering identification, habitat, and ecological role in the Kopargaon region.",Canal,None documented,Near Threatened,Crested Serpent Eagle has been recorded by citizen scientists across multiple villages.,SP0086_Spilornis_cheela.jpg
EDU0087,SP0087,Getting to know Common Kestrel,"An educational overview of Common Kestrel (Falco tinnunculus), covering identification, habitat, and ecological role in the Kopargaon region.",Grassland,None documented,Near Threatened,Common Kestrel plays an important role in local ecosystem balance.,SP0087_Falco_tinnunculus.jpg
EDU0088,SP0088,Getting to know Grey Francolin,"An educational overview of Grey Francolin (Francolinus pondicerianus), covering identification, habitat, and ecological role in the Kopargaon region.",Wetland,None documented,Vulnerable,Grey Francolin has been recorded by citizen scientists across multiple villages.,SP0088_Francolinus_pondicerianus.jpg
EDU0089,SP0089,Getting to know Rain Quail,"An educational overview of Rain Quail (Coturnix coromandelica), covering identification, habitat, and ecological role in the Kopargaon region.",Grassland,None documented,Data Deficient,Rain Quail plays an important role in local ecosystem balance.,SP0089_Coturnix_coromandelica.jpg
EDU0090,SP0090,Getting to know Sarus Crane,"An educational overview of Sarus Crane (Antigone antigone), covering identification, habitat, and ecological role in the Kopargaon region.",Godavari River,None documented,Vulnerable,Sarus Crane is most active during the Dec-Feb period.,SP0090_Antigone_antigone.jpg
EDU0091,SP0091,Getting to know Woolly-necked Stork,"An educational overview of Woolly-necked Stork (Ciconia episcopus), covering identification, habitat, and ecological role in the Kopargaon region.",Agricultural Field,None documented,Least Concern,Woolly-necked Stork has been recorded by citizen scientists across multiple villages.,SP0091_Ciconia_episcopus.jpg
EDU0092,SP0092,Getting to know Black-necked Stork,"An educational overview of Black-necked Stork (Ephippiorhynchus asiaticus), covering identification, habitat, and ecological role in the Kopargaon region.",Wetland,None documented,Least Concern,Black-necked Stork has been recorded by citizen scientists across multiple villages.,SP0092_Ephippiorhynchus_asiaticus.jpg
EDU0093,SP0093,Getting to know Glossy Ibis,"An educational overview of Glossy Ibis (Plegadis falcinellus), covering identification, habitat, and ecological role in the Kopargaon region.",Agricultural Field,None documented,Vulnerable,Glossy Ibis is considered a good indicator of local habitat health.,SP0093_Plegadis_falcinellus.jpg
EDU0094,SP0094,Getting to know Eurasian Spoonbill,"An educational overview of Eurasian Spoonbill (Platalea leucorodia), covering identification, habitat, and ecological role in the Kopargaon region.",Urban Garden,None documented,Least Concern,Eurasian Spoonbill is most active during the Dec-Feb period.,SP0094_Platalea_leucorodia.jpg
EDU0095,SP0095,Getting to know Little Cormorant,"An educational overview of Little Cormorant (Microcarbo niger), covering identification, habitat, and ecological role in the Kopargaon region.",Wetland,None documented,Least Concern,Little Cormorant has been recorded by citizen scientists across multiple villages.,SP0095_Microcarbo_niger.jpg
EDU0096,SP0096,Getting to know Indian Cormorant,"An educational overview of Indian Cormorant (Phalacrocorax fuscicollis), covering identification, habitat, and ecological role in the Kopargaon region.",Urban Garden,None documented,Least Concern,Indian Cormorant is considered a good indicator of local habitat health.,SP0096_Phalacrocorax_fuscicollis.jpg
EDU0097,SP0097,Getting to know Great Cormorant,"An educational overview of Great Cormorant (Phalacrocorax carbo), covering identification, habitat, and ecological role in the Kopargaon region.",Grassland,None documented,Least Concern,Great Cormorant is most active during the Mar-Jun period.,SP0097_Phalacrocorax_carbo.jpg
EDU0098,SP0098,Getting to know Oriental Darter,"An educational overview of Oriental Darter (Anhinga melanogaster), covering identification, habitat, and ecological role in the Kopargaon region.",Wetland,None documented,Not Evaluated,Oriental Darter is most active during the Dec-Feb period.,SP0098_Anhinga_melanogaster.jpg
EDU0099,SP0099,Getting to know Yellow-eyed Pigeon,"An educational overview of Yellow-eyed Pigeon (Columba eversmanni), covering identification, habitat, and ecological role in the Kopargaon region.",Godavari River,None documented,Least Concern,Yellow-eyed Pigeon has been recorded by citizen scientists across multiple villages.,SP0099_Columba_eversmanni.jpg
EDU0100,SP0100,Getting to know Blue Rock Thrush,"An educational overview of Blue Rock Thrush (Monticola solitarius), covering identification, habitat, and ecological role in the Kopargaon region.",Godavari River,None documented,Least Concern,Blue Rock Thrush has been recorded by citizen scientists across multiple villages.,SP0100_Monticola_solitarius.jpg
EDU0101,SP0101,Getting to know Common Sandpiper,"An educational overview of Common Sandpiper (Actitis hypoleucos), covering identification, habitat, and ecological role in the Kopargaon region.",Godavari River,None documented,Least Concern,Common Sandpiper plays an important role in local ecosystem balance.,SP0101_Actitis_hypoleucos.jpg
EDU0102,SP0102,Getting to know Wood Sandpiper,"An educational overview of Wood Sandpiper (Tringa glareola), covering identification, habitat, and ecological role in the Kopargaon region.",Godavari River,None documented,Least Concern,Wood Sandpiper plays an important role in local ecosystem balance.,SP0102_Tringa_glareola.jpg
EDU0103,SP0103,Getting to know Indian Fox,"An educational overview of Indian Fox (Vulpes bengalensis), covering identification, habitat, and ecological role in the Kopargaon region.",Scrubland,None documented,Not Evaluated,Indian Fox is most active during the Year-round period.,SP0103_Vulpes_bengalensis.jpg
EDU0104,SP0104,Getting to know Golden Jackal,"An educational overview of Golden Jackal (Canis aureus), covering identification, habitat, and ecological role in the Kopargaon region.",Roadside Plantation,None documented,Least Concern,Golden Jackal is considered a good indicator of local habitat health.,SP0104_Canis_aureus.jpg
EDU0105,SP0105,Getting to know Jungle Cat,"An educational overview of Jungle Cat (Felis chaus), covering identification, habitat, and ecological role in the Kopargaon region.",Scrubland,None documented,Endangered,Jungle Cat is considered a good indicator of local habitat health.,SP0105_Felis_chaus.jpg
EDU0106,SP0106,Getting to know Indian Leopard,"An educational overview of Indian Leopard (Panthera pardus fusca), covering identification, habitat, and ecological role in the Kopargaon region.",Temple Grove,None documented,Data Deficient,Indian Leopard is most active during the Year-round period.,SP0106_Panthera_pardus_fusca.jpg
EDU0107,SP0107,Getting to know Sloth Bear,"An educational overview of Sloth Bear (Melursus ursinus), covering identification, habitat, and ecological role in the Kopargaon region.",Grassland,None documented,Endangered,Sloth Bear has been recorded by citizen scientists across multiple villages.,SP0107_Melursus_ursinus.jpg
EDU0108,SP0108,Getting to know Wild Boar,"An educational overview of Wild Boar (Sus scrofa), covering identification, habitat, and ecological role in the Kopargaon region.",Agricultural Field,None documented,Least Concern,Wild Boar plays an important role in local ecosystem balance.,SP0108_Sus_scrofa.jpg
EDU0109,SP0109,Getting to know Blackbuck,"An educational overview of Blackbuck (Antilope cervicapra), covering identification, habitat, and ecological role in the Kopargaon region.",Scrubland,None documented,Near Threatened,Blackbuck is most active during the Dec-Feb period.,SP0109_Antilope_cervicapra.jpg
EDU0110,SP0110,Getting to know Chinkara,"An educational overview of Chinkara (Gazella bennettii), covering identification, habitat, and ecological role in the Kopargaon region.",Grassland,None documented,Least Concern,Chinkara is considered a good indicator of local habitat health.,SP0110_Gazella_bennettii.jpg
EDU0111,SP0111,Getting to know Nilgai,"An educational overview of Nilgai (Boselaphus tragocamelus), covering identification, habitat, and ecological role in the Kopargaon region.",Temple Grove,None documented,Least Concern,Nilgai plays an important role in local ecosystem balance.,SP0111_Boselaphus_tragocamelus.jpg
EDU0112,SP0112,Getting to know Indian Hare,"An educational overview of Indian Hare (Lepus nigricollis), covering identification, habitat, and ecological role in the Kopargaon region.",Roadside Plantation,None documented,Least Concern,Indian Hare is considered a good indicator of local habitat health.,SP0112_Lepus_nigricollis.jpg
EDU0113,SP0113,Getting to know Small Indian Civet,"An educational overview of Small Indian Civet (Viverricula indica), covering identification, habitat, and ecological role in the Kopargaon region.",Roadside Plantation,None documented,Least Concern,Small Indian Civet is considered a good indicator of local habitat health.,SP0113_Viverricula_indica.jpg
EDU0114,SP0114,Getting to know Common Palm Civet,"An educational overview of Common Palm Civet (Paradoxurus hermaphroditus), covering identification, habitat, and ecological role in the Kopargaon region.",Agricultural Field,None documented,Data Deficient,Common Palm Civet has been recorded by citizen scientists across multiple villages.,SP0114_Paradoxurus_hermaphroditus.jpg
EDU0115,SP0115,Getting to know Indian Grey Mongoose,"An educational overview of Indian Grey Mongoose (Herpestes edwardsii), covering identification, habitat, and ecological role in the Kopargaon region.",Grassland,None documented,Least Concern,Indian Grey Mongoose has been recorded by citizen scientists across multiple villages.,SP0115_Herpestes_edwardsii.jpg
EDU0116,SP0116,Getting to know Ruddy Mongoose,"An educational overview of Ruddy Mongoose (Herpestes smithii), covering identification, habitat, and ecological role in the Kopargaon region.",Roadside Plantation,None documented,Least Concern,Ruddy Mongoose is most active during the Jun-Sep period.,SP0116_Herpestes_smithii.jpg
EDU0117,SP0117,Getting to know Indian Flying Fox,"An educational overview of Indian Flying Fox (Pteropus giganteus), covering identification, habitat, and ecological role in the Kopargaon region.",Roadside Plantation,None documented,Least Concern,Indian Flying Fox is considered a good indicator of local habitat health.,SP0117_Pteropus_giganteus.jpg
EDU0118,SP0118,Getting to know Indian Pangolin,"An educational overview of Indian Pangolin (Manis crassicaudata), covering identification, habitat, and ecological role in the Kopargaon region.",Temple Grove,None documented,Near Threatened,Indian Pangolin has been recorded by citizen scientists across multiple villages.,SP0118_Manis_crassicaudata.jpg
EDU0119,SP0119,Getting to know Rhesus Macaque,"An educational overview of Rhesus Macaque (Macaca mulatta), covering identification, habitat, and ecological role in the Kopargaon region.",Roadside Plantation,None documented,Data Deficient,Rhesus Macaque plays an important role in local ecosystem balance.,SP0119_Macaca_mulatta.jpg
EDU0120,SP0120,Getting to know Hanuman Langur,"An educational overview of Hanuman Langur (Semnopithecus entellus), covering identification, habitat, and ecological role in the Kopargaon region.",Agricultural Field,None documented,Least Concern,Hanuman Langur plays an important role in local ecosystem balance.,SP0120_Semnopithecus_entellus.jpg
EDU0121,SP0121,Getting to know Striped Hyena,"An educational overview of Striped Hyena (Hyaena hyaena), covering identification, habitat, and ecological role in the Kopargaon region.",Grassland,None documented,Not Evaluated,Striped Hyena is considered a good indicator of local habitat health.,SP0121_Hyaena_hyaena.jpg
EDU0122,SP0122,Getting to know Indian Crested Porcupine,"An educational overview of Indian Crested Porcupine (Hystrix indica), covering identification, habitat, and ecological role in the Kopargaon region.",Roadside Plantation,None documented,Endangered,Indian Crested Porcupine is considered a good indicator of local habitat health.,SP0122_Hystrix_indica.jpg
EDU0123,SP0123,Getting to know Five-striped Palm Squirrel,"An educational overview of Five-striped Palm Squirrel (Funambulus pennantii), covering identification, habitat, and ecological role in the Kopargaon region.",Agricultural Field,None documented,Data Deficient,Five-striped Palm Squirrel is considered a good indicator of local habitat health.,SP0123_Funambulus_pennantii.jpg
EDU0124,SP0124,Getting to know Three-striped Palm Squirrel,"An educational overview of Three-striped Palm Squirrel (Funambulus palmarum), covering identification, habitat, and ecological role in the Kopargaon region.",Agricultural Field,None documented,Near Threatened,Three-striped Palm Squirrel is considered a good indicator of local habitat health.,SP0124_Funambulus_palmarum.jpg
EDU0125,SP0125,Getting to know Indian Gerbil,"An educational overview of Indian Gerbil (Tatera indica), covering identification, habitat, and ecological role in the Kopargaon region.",Temple Grove,None documented,Endangered,Indian Gerbil has been recorded by citizen scientists across multiple villages.,SP0125_Tatera_indica.jpg
EDU0126,SP0126,Getting to know Lesser Bandicoot Rat,"An educational overview of Lesser Bandicoot Rat (Bandicota bengalensis), covering identification, habitat, and ecological role in the Kopargaon region.",Roadside Plantation,None documented,Near Threatened,Lesser Bandicoot Rat is considered a good indicator of local habitat health.,SP0126_Bandicota_bengalensis.jpg
EDU0127,SP0127,Getting to know Indian Grey Wolf,"An educational overview of Indian Grey Wolf (Canis lupus pallipes), covering identification, habitat, and ecological role in the Kopargaon region.",Scrubland,None documented,Least Concern,Indian Grey Wolf is most active during the Dec-Feb period.,SP0127_Canis_lupus_pallipes.jpg
EDU0128,SP0128,Getting to know Smooth-coated Otter,"An educational overview of Smooth-coated Otter (Lutrogale perspicillata), covering identification, habitat, and ecological role in the Kopargaon region.",Roadside Plantation,None documented,Not Evaluated,Smooth-coated Otter is considered a good indicator of local habitat health.,SP0128_Lutrogale_perspicillata.jpg
EDU0129,SP0129,Getting to know Rusty-spotted Cat,"An educational overview of Rusty-spotted Cat (Prionailurus rubiginosus), covering identification, habitat, and ecological role in the Kopargaon region.",Temple Grove,None documented,Least Concern,Rusty-spotted Cat has been recorded by citizen scientists across multiple villages.,SP0129_Prionailurus_rubiginosus.jpg
EDU0130,SP0130,Getting to know Short-nosed Fruit Bat,"An educational overview of Short-nosed Fruit Bat (Cynopterus sphinx), covering identification, habitat, and ecological role in the Kopargaon region.",Roadside Plantation,None documented,Not Evaluated,Short-nosed Fruit Bat has been recorded by citizen scientists across multiple villages.,SP0130_Cynopterus_sphinx.jpg
EDU0131,SP0131,Getting to know Indian Pipistrelle,"An educational overview of Indian Pipistrelle (Pipistrellus coromandra), covering identification, habitat, and ecological role in the Kopargaon region.",Temple Grove,None documented,Least Concern,Indian Pipistrelle has been recorded by citizen scientists across multiple villages.,SP0131_Pipistrellus_coromandra.jpg
EDU0132,SP0132,Getting to know Chital,"An educational overview of Chital (Axis axis), covering identification, habitat, and ecological role in the Kopargaon region.",Scrubland,None documented,Least Concern,Chital is considered a good indicator of local habitat health.,SP0132_Axis_axis.jpg
EDU0133,SP0133,Getting to know Sambar,"An educational overview of Sambar (Rusa unicolor), covering identification, habitat, and ecological role in the Kopargaon region.",Temple Grove,None documented,Not Evaluated,Sambar has been recorded by citizen scientists across multiple villages.,SP0133_Rusa_unicolor.jpg
EDU0134,SP0134,Getting to know Four-horned Antelope,"An educational overview of Four-horned Antelope (Tetracerus quadricornis), covering identification, habitat, and ecological role in the Kopargaon region.",Roadside Plantation,None documented,Data Deficient,Four-horned Antelope plays an important role in local ecosystem balance.,SP0134_Tetracerus_quadricornis.jpg
EDU0135,SP0135,Getting to know Indian Wild Dog (Dhole),"An educational overview of Indian Wild Dog (Dhole) (Cuon alpinus), covering identification, habitat, and ecological role in the Kopargaon region.",Scrubland,None documented,Endangered,Indian Wild Dog (Dhole) has been recorded by citizen scientists across multiple villages.,SP0135_Cuon_alpinus.jpg
EDU0136,SP0136,Getting to know Common Shrew,"An educational overview of Common Shrew (Suncus murinus), covering identification, habitat, and ecological role in the Kopargaon region.",Scrubland,None documented,Near Threatened,Common Shrew is most active during the Dec-Feb period.,SP0136_Suncus_murinus.jpg
EDU0137,SP0137,Getting to know Indian Hedgehog,"An educational overview of Indian Hedgehog (Paraechinus micropus), covering identification, habitat, and ecological role in the Kopargaon region.",Roadside Plantation,None documented,Data Deficient,Indian Hedgehog has been recorded by citizen scientists across multiple villages.,SP0137_Paraechinus_micropus.jpg
EDU0138,SP0138,Getting to know Sand-coloured Soft-furred Rat,"An educational overview of Sand-coloured Soft-furred Rat (Millardia gleadowi), covering identification, habitat, and ecological role in the Kopargaon region.",Temple Grove,None documented,Near Threatened,Sand-coloured Soft-furred Rat is considered a good indicator of local habitat health.,SP0138_Millardia_gleadowi.jpg
EDU0139,SP0139,Getting to know Barking Deer,"An educational overview of Barking Deer (Muntiacus vaginalis), covering identification, habitat, and ecological role in the Kopargaon region.",Temple Grove,None documented,Least Concern,Barking Deer plays an important role in local ecosystem balance.,SP0139_Muntiacus_vaginalis.jpg
EDU0140,SP0140,Getting to know Indian Cobra,"An educational overview of Indian Cobra (Naja naja), covering identification, habitat, and ecological role in the Kopargaon region.",Canal,None documented,Vulnerable,Indian Cobra has been recorded by citizen scientists across multiple villages.,SP0140_Naja_naja.jpg
EDU0141,SP0141,Getting to know Russell's Viper,"An educational overview of Russell's Viper (Daboia russelii), covering identification, habitat, and ecological role in the Kopargaon region.",Roadside Plantation,None documented,Near Threatened,Russell's Viper has been recorded by citizen scientists across multiple villages.,SP0141_Daboia_russelii.jpg
EDU0142,SP0142,Getting to know Common Krait,"An educational overview of Common Krait (Bungarus caeruleus), covering identification, habitat, and ecological role in the Kopargaon region.",Rocky Outcrop,None documented,Endangered,Common Krait is considered a good indicator of local habitat health.,SP0142_Bungarus_caeruleus.jpg
EDU0143,SP0143,Getting to know Saw-scaled Viper,"An educational overview of Saw-scaled Viper (Echis carinatus), covering identification, habitat, and ecological role in the Kopargaon region.",Canal,None documented,Not Evaluated,Saw-scaled Viper plays an important role in local ecosystem balance.,SP0143_Echis_carinatus.jpg
EDU0144,SP0144,Getting to know Indian Rat Snake,"An educational overview of Indian Rat Snake (Ptyas mucosa), covering identification, habitat, and ecological role in the Kopargaon region.",Roadside Plantation,None documented,Least Concern,Indian Rat Snake plays an important role in local ecosystem balance.,SP0144_Ptyas_mucosa.jpg
EDU0145,SP0145,Getting to know Common Wolf Snake,"An educational overview of Common Wolf Snake (Lycodon aulicus), covering identification, habitat, and ecological role in the Kopargaon region.",Canal,None documented,Data Deficient,Common Wolf Snake plays an important role in local ecosystem balance.,SP0145_Lycodon_aulicus.jpg
EDU0146,SP0146,Getting to know Checkered Keelback,"An educational overview of Checkered Keelback (Fowlea piscator), covering identification, habitat, and ecological role in the Kopargaon region.",Canal,None documented,Data Deficient,Checkered Keelback is most active during the Jun-Sep period.,SP0146_Fowlea_piscator.jpg
EDU0147,SP0147,Getting to know Indian Rock Python,"An educational overview of Indian Rock Python (Python molurus), covering identification, habitat, and ecological role in the Kopargaon region.",Rocky Outcrop,None documented,Least Concern,Indian Rock Python is most active during the Year-round period.,SP0147_Python_molurus.jpg
EDU0148,SP0148,Getting to know Common Vine Snake,"An educational overview of Common Vine Snake (Ahaetulla nasuta), covering identification, habitat, and ecological role in the Kopargaon region.",Grassland,None documented,Least Concern,Common Vine Snake has been recorded by citizen scientists across multiple villages.,SP0148_Ahaetulla_nasuta.jpg
EDU0149,SP0149,Getting to know Common Trinket Snake,"An educational overview of Common Trinket Snake (Coelognathus helena), covering identification, habitat, and ecological role in the Kopargaon region.",Roadside Plantation,None documented,Least Concern,Common Trinket Snake plays an important role in local ecosystem balance.,SP0149_Coelognathus_helena.jpg
EDU0150,SP0150,Getting to know Indian Star Tortoise,"An educational overview of Indian Star Tortoise (Geochelone elegans), covering identification, habitat, and ecological role in the Kopargaon region.",Canal,None documented,Not Evaluated,Indian Star Tortoise is considered a good indicator of local habitat health.,SP0150_Geochelone_elegans.jpg
EDU0151,SP0151,Getting to know Indian Flapshell Turtle,"An educational overview of Indian Flapshell Turtle (Lissemys punctata), covering identification, habitat, and ecological role in the Kopargaon region.",Grassland,None documented,Least Concern,Indian Flapshell Turtle is most active during the Sep-Dec period.,SP0151_Lissemys_punctata.jpg
EDU0152,SP0152,Getting to know Indian Roofed Turtle,"An educational overview of Indian Roofed Turtle (Pangshura tecta), covering identification, habitat, and ecological role in the Kopargaon region.",Rocky Outcrop,None documented,Least Concern,Indian Roofed Turtle has been recorded by citizen scientists across multiple villages.,SP0152_Pangshura_tecta.jpg
EDU0153,SP0153,Getting to know Mugger Crocodile,"An educational overview of Mugger Crocodile (Crocodylus palustris), covering identification, habitat, and ecological role in the Kopargaon region.",Agricultural Field,None documented,Near Threatened,Mugger Crocodile is considered a good indicator of local habitat health.,SP0153_Crocodylus_palustris.jpg
EDU0154,SP0154,Getting to know Bengal Monitor,"An educational overview of Bengal Monitor (Varanus bengalensis), covering identification, habitat, and ecological role in the Kopargaon region.",Canal,None documented,Not Evaluated,Bengal Monitor has been recorded by citizen scientists across multiple villages.,SP0154_Varanus_bengalensis.jpg
EDU0155,SP0155,Getting to know Indian Garden Lizard,"An educational overview of Indian Garden Lizard (Calotes versicolor), covering identification, habitat, and ecological role in the Kopargaon region.",Canal,None documented,Vulnerable,Indian Garden Lizard has been recorded by citizen scientists across multiple villages.,SP0155_Calotes_versicolor.jpg
EDU0156,SP0156,Getting to know Fan-throated Lizard,"An educational overview of Fan-throated Lizard (Sitana ponticeriana), covering identification, habitat, and ecological role in the Kopargaon region.",Agricultural Field,None documented,Data Deficient,Fan-throated Lizard has been recorded by citizen scientists across multiple villages.,SP0156_Sitana_ponticeriana.jpg
EDU0157,SP0157,Getting to know Common House Gecko,"An educational overview of Common House Gecko (Hemidactylus frenatus), covering identification, habitat, and ecological role in the Kopargaon region.",Agricultural Field,None documented,Least Concern,Common House Gecko plays an important role in local ecosystem balance.,SP0157_Hemidactylus_frenatus.jpg
EDU0158,SP0158,Getting to know Termite Hill Gecko,"An educational overview of Termite Hill Gecko (Hemidactylus triedrus), covering identification, habitat, and ecological role in the Kopargaon region.",Grassland,None documented,Endangered,Termite Hill Gecko is most active during the Dec-Feb period.,SP0158_Hemidactylus_triedrus.jpg
EDU0159,SP0159,Getting to know Indian Chameleon,"An educational overview of Indian Chameleon (Chamaeleo zeylanicus), covering identification, habitat, and ecological role in the Kopargaon region.",Roadside Plantation,None documented,Not Evaluated,Indian Chameleon is most active during the Year-round period.,SP0159_Chamaeleo_zeylanicus.jpg
EDU0160,SP0160,Getting to know Common Skink,"An educational overview of Common Skink (Eutropis carinata), covering identification, habitat, and ecological role in the Kopargaon region.",Grassland,None documented,Near Threatened,Common Skink has been recorded by citizen scientists across multiple villages.,SP0160_Eutropis_carinata.jpg
EDU0161,SP0161,Getting to know Bronze Grass Skink,"An educational overview of Bronze Grass Skink (Eutropis macularia), covering identification, habitat, and ecological role in the Kopargaon region.",Agricultural Field,None documented,Not Evaluated,Bronze Grass Skink has been recorded by citizen scientists across multiple villages.,SP0161_Eutropis_macularia.jpg
EDU0162,SP0162,Getting to know Red Sand Boa,"An educational overview of Red Sand Boa (Eryx johnii), covering identification, habitat, and ecological role in the Kopargaon region.",Rocky Outcrop,None documented,Not Evaluated,Red Sand Boa plays an important role in local ecosystem balance.,SP0162_Eryx_johnii.jpg
EDU0163,SP0163,Getting to know Common Sand Boa,"An educational overview of Common Sand Boa (Eryx conicus), covering identification, habitat, and ecological role in the Kopargaon region.",Grassland,None documented,Least Concern,Common Sand Boa is considered a good indicator of local habitat health.,SP0163_Eryx_conicus.jpg
EDU0164,SP0164,Getting to know Common Bronzeback Tree Snake,"An educational overview of Common Bronzeback Tree Snake (Dendrelaphis tristis), covering identification, habitat, and ecological role in the Kopargaon region.",Roadside Plantation,None documented,Not Evaluated,Common Bronzeback Tree Snake is considered a good indicator of local habitat health.,SP0164_Dendrelaphis_tristis.jpg
EDU0165,SP0165,Getting to know Indian Cat Snake,"An educational overview of Indian Cat Snake (Boiga trigonata), covering identification, habitat, and ecological role in the Kopargaon region.",Canal,None documented,Least Concern,Indian Cat Snake has been recorded by citizen scientists across multiple villages.,SP0165_Boiga_trigonata.jpg
EDU0166,SP0166,Getting to know Barred Wolf Snake,"An educational overview of Barred Wolf Snake (Lycodon striatus), covering identification, habitat, and ecological role in the Kopargaon region.",Rocky Outcrop,None documented,Least Concern,Barred Wolf Snake is most active during the Dec-Feb period.,SP0166_Lycodon_striatus.jpg
EDU0167,SP0167,Getting to know Buff Striped Keelback,"An educational overview of Buff Striped Keelback (Amphiesma stolatum), covering identification, habitat, and ecological role in the Kopargaon region.",Agricultural Field,None documented,Endangered,Buff Striped Keelback is most active during the Jun-Sep period.,SP0167_Amphiesma_stolatum.jpg
EDU0168,SP0168,Getting to know Olive Keelback,"An educational overview of Olive Keelback (Atretium schistosum), covering identification, habitat, and ecological role in the Kopargaon region.",Agricultural Field,None documented,Near Threatened,Olive Keelback is considered a good indicator of local habitat health.,SP0168_Atretium_schistosum.jpg
EDU0169,SP0169,Getting to know Dog-faced Water Snake,"An educational overview of Dog-faced Water Snake (Cerberus rynchops), covering identification, habitat, and ecological role in the Kopargaon region.",Canal,None documented,Least Concern,Dog-faced Water Snake is most active during the Year-round period.,SP0169_Cerberus_rynchops.jpg
EDU0170,SP0170,Getting to know Painted Bronzeback,"An educational overview of Painted Bronzeback (Dendrelaphis pictus), covering identification, habitat, and ecological role in the Kopargaon region.",Rocky Outcrop,None documented,Endangered,Painted Bronzeback is considered a good indicator of local habitat health.,SP0170_Dendrelaphis_pictus.jpg
EDU0171,SP0171,Getting to know Rock Agama,"An educational overview of Rock Agama (Psammophilus dorsalis), covering identification, habitat, and ecological role in the Kopargaon region.",Roadside Plantation,None documented,Data Deficient,Rock Agama is most active during the Mar-Jun period.,SP0171_Psammophilus_dorsalis.jpg
EDU0172,SP0172,Getting to know South Indian Rock Agama,"An educational overview of South Indian Rock Agama (Psammophilus blanfordanus), covering identification, habitat, and ecological role in the Kopargaon region.",Grassland,None documented,Least Concern,South Indian Rock Agama is considered a good indicator of local habitat health.,SP0172_Psammophilus_blanfordanus.jpg
EDU0173,SP0173,Getting to know Indian Softshell Turtle,"An educational overview of Indian Softshell Turtle (Nilssonia gangetica), covering identification, habitat, and ecological role in the Kopargaon region.",Agricultural Field,None documented,Near Threatened,Indian Softshell Turtle is considered a good indicator of local habitat health.,SP0173_Nilssonia_gangetica.jpg
EDU0174,SP0174,Getting to know Common Trinket (Blotched),"An educational overview of Common Trinket (Blotched) (Coelognathus helena monticollaris), covering identification, habitat, and ecological role in the Kopargaon region.",Rocky Outcrop,None documented,Least Concern,Common Trinket (Blotched) is considered a good indicator of local habitat health.,SP0174_Coelognathus_helena_monticollaris.jpg
EDU0175,SP0175,Getting to know Indian Bullfrog,"An educational overview of Indian Bullfrog (Hoplobatrachus tigerinus), covering identification, habitat, and ecological role in the Kopargaon region.",Agricultural Field,None documented,Not Evaluated,Indian Bullfrog plays an important role in local ecosystem balance.,SP0175_Hoplobatrachus_tigerinus.jpg
EDU0176,SP0176,Getting to know Common Indian Toad,"An educational overview of Common Indian Toad (Duttaphrynus melanostictus), covering identification, habitat, and ecological role in the Kopargaon region.",Pond,None documented,Vulnerable,Common Indian Toad has been recorded by citizen scientists across multiple villages.,SP0176_Duttaphrynus_melanostictus.jpg
EDU0177,SP0177,Getting to know Indian Skipper Frog,"An educational overview of Indian Skipper Frog (Euphlyctis cyanophlyctis), covering identification, habitat, and ecological role in the Kopargaon region.",Wetland,None documented,Least Concern,Indian Skipper Frog is most active during the Mar-Jun period.,SP0177_Euphlyctis_cyanophlyctis.jpg
EDU0178,SP0178,Getting to know Bronze Frog,"An educational overview of Bronze Frog (Hylarana temporalis), covering identification, habitat, and ecological role in the Kopargaon region.",Canal,None documented,Least Concern,Bronze Frog plays an important role in local ecosystem balance.,SP0178_Hylarana_temporalis.jpg
EDU0179,SP0179,Getting to know Indian Tree Frog,"An educational overview of Indian Tree Frog (Polypedates maculatus), covering identification, habitat, and ecological role in the Kopargaon region.",Pond,None documented,Not Evaluated,Indian Tree Frog is most active during the Year-round period.,SP0179_Polypedates_maculatus.jpg
EDU0180,SP0180,Getting to know Ornate Narrow-mouthed Frog,"An educational overview of Ornate Narrow-mouthed Frog (Microhyla ornata), covering identification, habitat, and ecological role in the Kopargaon region.",Pond,None documented,Data Deficient,Ornate Narrow-mouthed Frog is most active during the Sep-Dec period.,SP0180_Microhyla_ornata.jpg
EDU0181,SP0181,Getting to know Marbled Balloon Frog,"An educational overview of Marbled Balloon Frog (Uperodon systoma), covering identification, habitat, and ecological role in the Kopargaon region.",Canal,None documented,Least Concern,Marbled Balloon Frog is most active during the Year-round period.,SP0181_Uperodon_systoma.jpg
EDU0182,SP0182,Getting to know Indian Cricket Frog,"An educational overview of Indian Cricket Frog (Fejervarya limnocharis), covering identification, habitat, and ecological role in the Kopargaon region.",Pond,None documented,Least Concern,Indian Cricket Frog has been recorded by citizen scientists across multiple villages.,SP0182_Fejervarya_limnocharis.jpg
EDU0183,SP0183,Getting to know Fungoid Frog,"An educational overview of Fungoid Frog (Hydrophylax leptoglossa), covering identification, habitat, and ecological role in the Kopargaon region.",Pond,None documented,Least Concern,Fungoid Frog has been recorded by citizen scientists across multiple villages.,SP0183_Hydrophylax_leptoglossa.jpg
EDU0184,SP0184,Getting to know Marbled Toad,"An educational overview of Marbled Toad (Duttaphrynus stomaticus), covering identification, habitat, and ecological role in the Kopargaon region.",Wetland,None documented,Vulnerable,Marbled Toad has been recorded by citizen scientists across multiple villages.,SP0184_Duttaphrynus_stomaticus.jpg
EDU0185,SP0185,Getting to know Terai Cricket Frog,"An educational overview of Terai Cricket Frog (Fejervarya syhadrensis), covering identification, habitat, and ecological role in the Kopargaon region.",Agricultural Field,None documented,Least Concern,Terai Cricket Frog is considered a good indicator of local habitat health.,SP0185_Fejervarya_syhadrensis.jpg
EDU0186,SP0186,Getting to know Bombay Bush Frog,"An educational overview of Bombay Bush Frog (Raorchestes bombayensis), covering identification, habitat, and ecological role in the Kopargaon region.",Pond,None documented,Least Concern,Bombay Bush Frog plays an important role in local ecosystem balance.,SP0186_Raorchestes_bombayensis.jpg
EDU0187,SP0187,Getting to know Deccan Toad,"An educational overview of Deccan Toad (Duttaphrynus hololius), covering identification, habitat, and ecological role in the Kopargaon region.",Wetland,None documented,Least Concern,Deccan Toad has been recorded by citizen scientists across multiple villages.,SP0187_Duttaphrynus_hololius.jpg
EDU0188,SP0188,Getting to know Indian Burrowing Frog,"An educational overview of Indian Burrowing Frog (Sphaerotheca breviceps), covering identification, habitat, and ecological role in the Kopargaon region.",Canal,None documented,Least Concern,Indian Burrowing Frog is most active during the Dec-Feb period.,SP0188_Sphaerotheca_breviceps.jpg
EDU0189,SP0189,Getting to know Ramanella Frog,"An educational overview of Ramanella Frog (Uperodon variegatus), covering identification, habitat, and ecological role in the Kopargaon region.",Godavari River,None documented,Least Concern,Ramanella Frog plays an important role in local ecosystem balance.,SP0189_Uperodon_variegatus.jpg
EDU0190,SP0190,Getting to know Painted Frog,"An educational overview of Painted Frog (Kaloula taprobanica), covering identification, habitat, and ecological role in the Kopargaon region.",Agricultural Field,None documented,Data Deficient,Painted Frog plays an important role in local ecosystem balance.,SP0190_Kaloula_taprobanica.jpg
EDU0191,SP0191,Getting to know Common Mormon,"An educational overview of Common Mormon (Papilio polytes), covering identification, habitat, and ecological role in the Kopargaon region.",Grassland,None documented,Near Threatened,Common Mormon is considered a good indicator of local habitat health.,SP0191_Papilio_polytes.jpg
EDU0192,SP0192,Getting to know Common Rose,"An educational overview of Common Rose (Pachliopta aristolochiae), covering identification, habitat, and ecological role in the Kopargaon region.",Temple Grove,None documented,Least Concern,Common Rose plays an important role in local ecosystem balance.,SP0192_Pachliopta_aristolochiae.jpg
EDU0193,SP0193,Getting to know Crimson Rose,"An educational overview of Crimson Rose (Pachliopta hector), covering identification, habitat, and ecological role in the Kopargaon region.",Grassland,None documented,Least Concern,Crimson Rose is most active during the Mar-Jun period.,SP0193_Pachliopta_hector.jpg
EDU0194,SP0194,Getting to know Blue Mormon,"An educational overview of Blue Mormon (Papilio polymnestor), covering identification, habitat, and ecological role in the Kopargaon region.",Urban Garden,None documented,Least Concern,Blue Mormon has been recorded by citizen scientists across multiple villages.,SP0194_Papilio_polymnestor.jpg
EDU0195,SP0195,Getting to know Lime Butterfly,"An educational overview of Lime Butterfly (Papilio demoleus), covering identification, habitat, and ecological role in the Kopargaon region.",Roadside Plantation,None documented,Least Concern,Lime Butterfly is most active during the Jun-Sep period.,SP0195_Papilio_demoleus.jpg
EDU0196,SP0196,Getting to know Common Jezebel,"An educational overview of Common Jezebel (Delias eucharis), covering identification, habitat, and ecological role in the Kopargaon region.",Roadside Plantation,None documented,Not Evaluated,Common Jezebel plays an important role in local ecosystem balance.,SP0196_Delias_eucharis.jpg
EDU0197,SP0197,Getting to know Plain Tiger,"An educational overview of Plain Tiger (Danaus chrysippus), covering identification, habitat, and ecological role in the Kopargaon region.",Temple Grove,None documented,Near Threatened,Plain Tiger has been recorded by citizen scientists across multiple villages.,SP0197_Danaus_chrysippus.jpg
EDU0198,SP0198,Getting to know Striped Tiger,"An educational overview of Striped Tiger (Danaus genutia), covering identification, habitat, and ecological role in the Kopargaon region.",Grassland,None documented,Endangered,Striped Tiger plays an important role in local ecosystem balance.,SP0198_Danaus_genutia.jpg
EDU0199,SP0199,Getting to know Danaid Eggfly,"An educational overview of Danaid Eggfly (Hypolimnas misippus), covering identification, habitat, and ecological role in the Kopargaon region.",Temple Grove,None documented,Least Concern,Danaid Eggfly has been recorded by citizen scientists across multiple villages.,SP0199_Hypolimnas_misippus.jpg
EDU0200,SP0200,Getting to know Common Crow,"An educational overview of Common Crow (Euploea core), covering identification, habitat, and ecological role in the Kopargaon region.",Temple Grove,None documented,Vulnerable,Common Crow plays an important role in local ecosystem balance.,SP0200_Euploea_core.jpg
EDU0201,SP0201,Getting to know Common Emigrant,"An educational overview of Common Emigrant (Catopsilia pomona), covering identification, habitat, and ecological role in the Kopargaon region.",Urban Garden,None documented,Data Deficient,Common Emigrant is considered a good indicator of local habitat health.,SP0201_Catopsilia_pomona.jpg
EDU0202,SP0202,Getting to know Common Grass Yellow,"An educational overview of Common Grass Yellow (Eurema hecabe), covering identification, habitat, and ecological role in the Kopargaon region.",Temple Grove,None documented,Not Evaluated,Common Grass Yellow has been recorded by citizen scientists across multiple villages.,SP0202_Eurema_hecabe.jpg
EDU0203,SP0203,Getting to know Small Grass Yellow,"An educational overview of Small Grass Yellow (Eurema brigitta), covering identification, habitat, and ecological role in the Kopargaon region.",Temple Grove,None documented,Vulnerable,Small Grass Yellow is most active during the Sep-Dec period.,SP0203_Eurema_brigitta.jpg
EDU0204,SP0204,Getting to know Common Wanderer,"An educational overview of Common Wanderer (Pareronia valeria), covering identification, habitat, and ecological role in the Kopargaon region.",Urban Garden,None documented,Endangered,Common Wanderer plays an important role in local ecosystem balance.,SP0204_Pareronia_valeria.jpg
EDU0205,SP0205,Getting to know Great Eggfly,"An educational overview of Great Eggfly (Hypolimnas bolina), covering identification, habitat, and ecological role in the Kopargaon region.",Temple Grove,None documented,Least Concern,Great Eggfly plays an important role in local ecosystem balance.,SP0205_Hypolimnas_bolina.jpg
EDU0206,SP0206,Getting to know Grey Pansy,"An educational overview of Grey Pansy (Junonia atlites), covering identification, habitat, and ecological role in the Kopargaon region.",Grassland,None documented,Least Concern,Grey Pansy is considered a good indicator of local habitat health.,SP0206_Junonia_atlites.jpg
EDU0207,SP0207,Getting to know Peacock Pansy,"An educational overview of Peacock Pansy (Junonia almana), covering identification, habitat, and ecological role in the Kopargaon region.",Urban Garden,None documented,Least Concern,Peacock Pansy is considered a good indicator of local habitat health.,SP0207_Junonia_almana.jpg
EDU0208,SP0208,Getting to know Lemon Pansy,"An educational overview of Lemon Pansy (Junonia lemonias), covering identification, habitat, and ecological role in the Kopargaon region.",Grassland,None documented,Endangered,Lemon Pansy has been recorded by citizen scientists across multiple villages.,SP0208_Junonia_lemonias.jpg
EDU0209,SP0209,Getting to know Chocolate Pansy,"An educational overview of Chocolate Pansy (Junonia iphita), covering identification, habitat, and ecological role in the Kopargaon region.",Agricultural Field,None documented,Near Threatened,Chocolate Pansy has been recorded by citizen scientists across multiple villages.,SP0209_Junonia_iphita.jpg
EDU0210,SP0210,Getting to know Yellow Pansy,"An educational overview of Yellow Pansy (Junonia hierta), covering identification, habitat, and ecological role in the Kopargaon region.",Grassland,None documented,Least Concern,Yellow Pansy plays an important role in local ecosystem balance.,SP0210_Junonia_hierta.jpg
EDU0211,SP0211,Getting to know Blue Pansy,"An educational overview of Blue Pansy (Junonia orithya), covering identification, habitat, and ecological role in the Kopargaon region.",Roadside Plantation,None documented,Near Threatened,Blue Pansy is most active during the Jun-Sep period.,SP0211_Junonia_orithya.jpg
EDU0212,SP0212,Getting to know Common Sailor,"An educational overview of Common Sailor (Neptis hylas), covering identification, habitat, and ecological role in the Kopargaon region.",Urban Garden,None documented,Least Concern,Common Sailor has been recorded by citizen scientists across multiple villages.,SP0212_Neptis_hylas.jpg
EDU0213,SP0213,Getting to know Common Baron,"An educational overview of Common Baron (Euthalia aconthea), covering identification, habitat, and ecological role in the Kopargaon region.",Roadside Plantation,None documented,Near Threatened,Common Baron is considered a good indicator of local habitat health.,SP0213_Euthalia_aconthea.jpg
EDU0214,SP0214,Getting to know Tawny Coster,"An educational overview of Tawny Coster (Acraea terpsicore), covering identification, habitat, and ecological role in the Kopargaon region.",Agricultural Field,None documented,Not Evaluated,Tawny Coster is most active during the Mar-Jun period.,SP0214_Acraea_terpsicore.jpg
EDU0215,SP0215,Getting to know Common Leopard,"An educational overview of Common Leopard (Phalanta phalantha), covering identification, habitat, and ecological role in the Kopargaon region.",Grassland,None documented,Vulnerable,Common Leopard is considered a good indicator of local habitat health.,SP0215_Phalanta_phalantha.jpg
EDU0216,SP0216,Getting to know Common Castor,"An educational overview of Common Castor (Ariadne merione), covering identification, habitat, and ecological role in the Kopargaon region.",Urban Garden,None documented,Least Concern,Common Castor has been recorded by citizen scientists across multiple villages.,SP0216_Ariadne_merione.jpg
EDU0217,SP0217,Getting to know Angled Castor,"An educational overview of Angled Castor (Ariadne ariadne), covering identification, habitat, and ecological role in the Kopargaon region.",Roadside Plantation,None documented,Not Evaluated,Angled Castor is most active during the Dec-Feb period.,SP0217_Ariadne_ariadne.jpg
EDU0218,SP0218,Getting to know Common Gull,"An educational overview of Common Gull (Cepora nerissa), covering identification, habitat, and ecological role in the Kopargaon region.",Urban Garden,None documented,Vulnerable,Common Gull plays an important role in local ecosystem balance.,SP0218_Cepora_nerissa.jpg
EDU0219,SP0219,Getting to know Common Jay,"An educational overview of Common Jay (Graphium doson), covering identification, habitat, and ecological role in the Kopargaon region.",Urban Garden,None documented,Least Concern,Common Jay is considered a good indicator of local habitat health.,SP0219_Graphium_doson.jpg
EDU0220,SP0220,Getting to know Tailed Jay,"An educational overview of Tailed Jay (Graphium agamemnon), covering identification, habitat, and ecological role in the Kopargaon region.",Agricultural Field,None documented,Endangered,Tailed Jay has been recorded by citizen scientists across multiple villages.,SP0220_Graphium_agamemnon.jpg
EDU0221,SP0221,Getting to know Common Banded Awl,"An educational overview of Common Banded Awl (Hasora chromus), covering identification, habitat, and ecological role in the Kopargaon region.",Urban Garden,None documented,Least Concern,Common Banded Awl is considered a good indicator of local habitat health.,SP0221_Hasora_chromus.jpg
EDU0222,SP0222,Getting to know Indian Skipper,"An educational overview of Indian Skipper (Spialia galba), covering identification, habitat, and ecological role in the Kopargaon region.",Urban Garden,None documented,Least Concern,Indian Skipper is most active during the Dec-Feb period.,SP0222_Spialia_galba.jpg
EDU0223,SP0223,Getting to know Common Grass Blue,"An educational overview of Common Grass Blue (Zizeeria karsandra), covering identification, habitat, and ecological role in the Kopargaon region.",Agricultural Field,None documented,Least Concern,Common Grass Blue is considered a good indicator of local habitat health.,SP0223_Zizeeria_karsandra.jpg
EDU0224,SP0224,Getting to know Pea Blue,"An educational overview of Pea Blue (Lampides boeticus), covering identification, habitat, and ecological role in the Kopargaon region.",Urban Garden,None documented,Not Evaluated,Pea Blue plays an important role in local ecosystem balance.,SP0224_Lampides_boeticus.jpg
EDU0225,SP0225,Getting to know Gram Blue,"An educational overview of Gram Blue (Euchrysops cnejus), covering identification, habitat, and ecological role in the Kopargaon region.",Roadside Plantation,None documented,Endangered,Gram Blue is considered a good indicator of local habitat health.,SP0225_Euchrysops_cnejus.jpg
EDU0226,SP0226,Getting to know Dark Grass Blue,"An educational overview of Dark Grass Blue (Zizeeria knysna), covering identification, habitat, and ecological role in the Kopargaon region.",Temple Grove,None documented,Near Threatened,Dark Grass Blue is most active during the Sep-Dec period.,SP0226_Zizeeria_knysna.jpg
EDU0227,SP0227,Getting to know Common Cerulean,"An educational overview of Common Cerulean (Jamides celeno), covering identification, habitat, and ecological role in the Kopargaon region.",Agricultural Field,None documented,Endangered,Common Cerulean has been recorded by citizen scientists across multiple villages.,SP0227_Jamides_celeno.jpg
EDU0228,SP0228,Getting to know Lime Blue,"An educational overview of Lime Blue (Chilades lajus), covering identification, habitat, and ecological role in the Kopargaon region.",Roadside Plantation,None documented,Least Concern,Lime Blue is considered a good indicator of local habitat health.,SP0228_Chilades_lajus.jpg
EDU0229,SP0229,Getting to know Red Pierrot,"An educational overview of Red Pierrot (Talicada nyseus), covering identification, habitat, and ecological role in the Kopargaon region.",Temple Grove,None documented,Least Concern,Red Pierrot plays an important role in local ecosystem balance.,SP0229_Talicada_nyseus.jpg
EDU0230,SP0230,Getting to know Common Pierrot,"An educational overview of Common Pierrot (Castalius rosimon), covering identification, habitat, and ecological role in the Kopargaon region.",Roadside Plantation,None documented,Least Concern,Common Pierrot has been recorded by citizen scientists across multiple villages.,SP0230_Castalius_rosimon.jpg
EDU0231,SP0231,Getting to know Striped Pierrot,"An educational overview of Striped Pierrot (Tarucus nara), covering identification, habitat, and ecological role in the Kopargaon region.",Roadside Plantation,None documented,Vulnerable,Striped Pierrot plays an important role in local ecosystem balance.,SP0231_Tarucus_nara.jpg
EDU0232,SP0232,Getting to know Zebra Blue,"An educational overview of Zebra Blue (Leptotes plinius), covering identification, habitat, and ecological role in the Kopargaon region.",Roadside Plantation,None documented,Least Concern,Zebra Blue is considered a good indicator of local habitat health.,SP0232_Leptotes_plinius.jpg
EDU0233,SP0233,Getting to know Common Silverline,"An educational overview of Common Silverline (Spindasis vulcanus), covering identification, habitat, and ecological role in the Kopargaon region.",Temple Grove,None documented,Endangered,Common Silverline is considered a good indicator of local habitat health.,SP0233_Spindasis_vulcanus.jpg
EDU0234,SP0234,Getting to know Common Bushbrown,"An educational overview of Common Bushbrown (Mycalesis perseus), covering identification, habitat, and ecological role in the Kopargaon region.",Roadside Plantation,None documented,Least Concern,Common Bushbrown plays an important role in local ecosystem balance.,SP0234_Mycalesis_perseus.jpg
EDU0235,SP0235,Getting to know Common Evening Brown,"An educational overview of Common Evening Brown (Melanitis leda), covering identification, habitat, and ecological role in the Kopargaon region.",Urban Garden,None documented,Vulnerable,Common Evening Brown is considered a good indicator of local habitat health.,SP0235_Melanitis_leda.jpg
EDU0236,SP0236,Getting to know Common Fivering,"An educational overview of Common Fivering (Ypthima baldus), covering identification, habitat, and ecological role in the Kopargaon region.",Urban Garden,None documented,Endangered,Common Fivering is considered a good indicator of local habitat health.,SP0236_Ypthima_baldus.jpg
EDU0237,SP0237,Getting to know Common Fourring,"An educational overview of Common Fourring (Ypthima huebneri), covering identification, habitat, and ecological role in the Kopargaon region.",Grassland,None documented,Least Concern,Common Fourring plays an important role in local ecosystem balance.,SP0237_Ypthima_huebneri.jpg
EDU0238,SP0238,Getting to know White Orange Tip,"An educational overview of White Orange Tip (Ixias marianne), covering identification, habitat, and ecological role in the Kopargaon region.",Roadside Plantation,None documented,Endangered,White Orange Tip plays an important role in local ecosystem balance.,SP0238_Ixias_marianne.jpg
EDU0239,SP0239,Getting to know Great Orange Tip,"An educational overview of Great Orange Tip (Hebomoia glaucippe), covering identification, habitat, and ecological role in the Kopargaon region.",Roadside Plantation,None documented,Least Concern,Great Orange Tip is considered a good indicator of local habitat health.,SP0239_Hebomoia_glaucippe.jpg
EDU0240,SP0240,Getting to know Common Albatross,"An educational overview of Common Albatross (Appias albina), covering identification, habitat, and ecological role in the Kopargaon region.",Agricultural Field,None documented,Least Concern,Common Albatross plays an important role in local ecosystem balance.,SP0240_Appias_albina.jpg
EDU0241,SP0241,Getting to know Common Palmfly,"An educational overview of Common Palmfly (Elymnias hypermnestra), covering identification, habitat, and ecological role in the Kopargaon region.",Temple Grove,None documented,Endangered,Common Palmfly is most active during the Sep-Dec period.,SP0241_Elymnias_hypermnestra.jpg
EDU0242,SP0242,Getting to know Common Crimson Tip,"An educational overview of Common Crimson Tip (Colotis danae), covering identification, habitat, and ecological role in the Kopargaon region.",Agricultural Field,None documented,Data Deficient,Common Crimson Tip is considered a good indicator of local habitat health.,SP0242_Colotis_danae.jpg
EDU0243,SP0243,Getting to know Spot Swordtail,"An educational overview of Spot Swordtail (Graphium nomius), covering identification, habitat, and ecological role in the Kopargaon region.",Roadside Plantation,None documented,Least Concern,Spot Swordtail plays an important role in local ecosystem balance.,SP0243_Graphium_nomius.jpg
EDU0244,SP0244,Getting to know Southern Birdwing,"An educational overview of Southern Birdwing (Troides minos), covering identification, habitat, and ecological role in the Kopargaon region.",Grassland,None documented,Least Concern,Southern Birdwing plays an important role in local ecosystem balance.,SP0244_Troides_minos.jpg
EDU0245,SP0245,Getting to know Common Mime,"An educational overview of Common Mime (Chilasa clytia), covering identification, habitat, and ecological role in the Kopargaon region.",Urban Garden,None documented,Vulnerable,Common Mime is most active during the Mar-Jun period.,SP0245_Chilasa_clytia.jpg
EDU0246,SP0246,Getting to know Common Line Blue,"An educational overview of Common Line Blue (Prosotas nora), covering identification, habitat, and ecological role in the Kopargaon region.",Grassland,None documented,Not Evaluated,Common Line Blue is considered a good indicator of local habitat health.,SP0246_Prosotas_nora.jpg
EDU0247,SP0247,Getting to know Psyche,"An educational overview of Psyche (Leptosia nina), covering identification, habitat, and ecological role in the Kopargaon region.",Grassland,None documented,Least Concern,Psyche has been recorded by citizen scientists across multiple villages.,SP0247_Leptosia_nina.jpg
EDU0248,SP0248,Getting to know Common Sergeant,"An educational overview of Common Sergeant (Athyma perius), covering identification, habitat, and ecological role in the Kopargaon region.",Roadside Plantation,None documented,Least Concern,Common Sergeant is considered a good indicator of local habitat health.,SP0248_Athyma_perius.jpg
EDU0249,SP0249,Getting to know Ground Skimmer,"An educational overview of Ground Skimmer (Diplacodes trivialis), covering identification, habitat, and ecological role in the Kopargaon region.",Wetland,None documented,Endangered,Ground Skimmer has been recorded by citizen scientists across multiple villages.,SP0249_Diplacodes_trivialis.jpg
EDU0250,SP0250,Getting to know Wandering Glider,"An educational overview of Wandering Glider (Pantala flavescens), covering identification, habitat, and ecological role in the Kopargaon region.",Wetland,None documented,Endangered,Wandering Glider has been recorded by citizen scientists across multiple villages.,SP0250_Pantala_flavescens.jpg
EDU0251,SP0251,Getting to know Crimson Marsh Glider,"An educational overview of Crimson Marsh Glider (Trithemis aurora), covering identification, habitat, and ecological role in the Kopargaon region.",Pond,None documented,Vulnerable,Crimson Marsh Glider plays an important role in local ecosystem balance.,SP0251_Trithemis_aurora.jpg
EDU0252,SP0252,Getting to know Common Clubtail,"An educational overview of Common Clubtail (Ictinogomphus rapax), covering identification, habitat, and ecological role in the Kopargaon region.",Godavari River,None documented,Near Threatened,Common Clubtail plays an important role in local ecosystem balance.,SP0252_Ictinogomphus_rapax.jpg
EDU0253,SP0253,Getting to know Rufous-backed Marsh Hawk,"An educational overview of Rufous-backed Marsh Hawk (Orthetrum pruinosum), covering identification, habitat, and ecological role in the Kopargaon region.",Godavari River,None documented,Least Concern,Rufous-backed Marsh Hawk has been recorded by citizen scientists across multiple villages.,SP0253_Orthetrum_pruinosum.jpg
EDU0254,SP0254,Getting to know Marsh Skimmer,"An educational overview of Marsh Skimmer (Orthetrum luzonicum), covering identification, habitat, and ecological role in the Kopargaon region.",Godavari River,None documented,Vulnerable,Marsh Skimmer is most active during the Sep-Dec period.,SP0254_Orthetrum_luzonicum.jpg
EDU0255,SP0255,Getting to know Common Parasol,"An educational overview of Common Parasol (Neurothemis tullia), covering identification, habitat, and ecological role in the Kopargaon region.",Godavari River,None documented,Not Evaluated,Common Parasol is most active during the Jun-Sep period.,SP0255_Neurothemis_tullia.jpg
EDU0256,SP0256,Getting to know Ditch Jewel,"An educational overview of Ditch Jewel (Brachythemis contaminata), covering identification, habitat, and ecological role in the Kopargaon region.",Canal,None documented,Data Deficient,Ditch Jewel has been recorded by citizen scientists across multiple villages.,SP0256_Brachythemis_contaminata.jpg
EDU0257,SP0257,Getting to know Coromandel Marsh Dart,"An educational overview of Coromandel Marsh Dart (Ceriagrion coromandelianum), covering identification, habitat, and ecological role in the Kopargaon region.",Godavari River,None documented,Endangered,Coromandel Marsh Dart is considered a good indicator of local habitat health.,SP0257_Ceriagrion_coromandelianum.jpg
EDU0258,SP0258,Getting to know Pigmy Dartlet,"An educational overview of Pigmy Dartlet (Agriocnemis pygmaea), covering identification, habitat, and ecological role in the Kopargaon region.",Pond,None documented,Endangered,Pigmy Dartlet is considered a good indicator of local habitat health.,SP0258_Agriocnemis_pygmaea.jpg
EDU0259,SP0259,Getting to know Ornate Coraltail,"An educational overview of Ornate Coraltail (Ceriagrion cerinorubellum), covering identification, habitat, and ecological role in the Kopargaon region.",Godavari River,None documented,Vulnerable,Ornate Coraltail plays an important role in local ecosystem balance.,SP0259_Ceriagrion_cerinorubellum.jpg
EDU0260,SP0260,Getting to know Blue-tailed Yellow Skimmer,"An educational overview of Blue-tailed Yellow Skimmer (Brachydiplax sobrina), covering identification, habitat, and ecological role in the Kopargaon region.",Godavari River,None documented,Least Concern,Blue-tailed Yellow Skimmer is considered a good indicator of local habitat health.,SP0260_Brachydiplax_sobrina.jpg
EDU0261,SP0261,Getting to know Green Marsh Hawk,"An educational overview of Green Marsh Hawk (Orthetrum sabina), covering identification, habitat, and ecological role in the Kopargaon region.",Wetland,None documented,Least Concern,Green Marsh Hawk is considered a good indicator of local habitat health.,SP0261_Orthetrum_sabina.jpg
EDU0262,SP0262,Getting to know Sociable Glider,"An educational overview of Sociable Glider (Tramea limbata), covering identification, habitat, and ecological role in the Kopargaon region.",Godavari River,None documented,Least Concern,Sociable Glider is most active during the Year-round period.,SP0262_Tramea_limbata.jpg
EDU0263,SP0263,Getting to know Trumpet Tail,"An educational overview of Trumpet Tail (Acisoma panorpoides), covering identification, habitat, and ecological role in the Kopargaon region.",Pond,None documented,Not Evaluated,Trumpet Tail is considered a good indicator of local habitat health.,SP0263_Acisoma_panorpoides.jpg
EDU0264,SP0264,Getting to know Common Redbolt,"An educational overview of Common Redbolt (Rhodothemis rufa), covering identification, habitat, and ecological role in the Kopargaon region.",Canal,None documented,Vulnerable,Common Redbolt has been recorded by citizen scientists across multiple villages.,SP0264_Rhodothemis_rufa.jpg
EDU0265,SP0265,Getting to know Restless Demon,"An educational overview of Restless Demon (Indothemis carnatica), covering identification, habitat, and ecological role in the Kopargaon region.",Godavari River,None documented,Near Threatened,Restless Demon is most active during the Dec-Feb period.,SP0265_Indothemis_carnatica.jpg
EDU0266,SP0266,Getting to know Black Stream Glider,"An educational overview of Black Stream Glider (Trithemis festiva), covering identification, habitat, and ecological role in the Kopargaon region.",Godavari River,None documented,Least Concern,Black Stream Glider is considered a good indicator of local habitat health.,SP0266_Trithemis_festiva.jpg
EDU0267,SP0267,Getting to know Yellow-striped Blue Dartlet,"An educational overview of Yellow-striped Blue Dartlet (Ceriagrion olivaceum), covering identification, habitat, and ecological role in the Kopargaon region.",Pond,None documented,Least Concern,Yellow-striped Blue Dartlet is considered a good indicator of local habitat health.,SP0267_Ceriagrion_olivaceum.jpg
EDU0268,SP0268,Getting to know Blue-tailed Damselfly,"An educational overview of Blue-tailed Damselfly (Ischnura senegalensis), covering identification, habitat, and ecological role in the Kopargaon region.",Wetland,None documented,Least Concern,Blue-tailed Damselfly is most active during the Dec-Feb period.,SP0268_Ischnura_senegalensis.jpg
EDU0269,SP0269,Getting to know Rohu,"An educational overview of Rohu (Labeo rohita), covering identification, habitat, and ecological role in the Kopargaon region.",Godavari River,None documented,Endangered,Rohu is considered a good indicator of local habitat health.,SP0269_Labeo_rohita.jpg
EDU0270,SP0270,Getting to know Catla,"An educational overview of Catla (Catla catla), covering identification, habitat, and ecological role in the Kopargaon region.",Pond,None documented,Least Concern,Catla is most active during the Sep-Dec period.,SP0270_Catla_catla.jpg
EDU0271,SP0271,Getting to know Mrigal,"An educational overview of Mrigal (Cirrhinus mrigala), covering identification, habitat, and ecological role in the Kopargaon region.",Godavari River,None documented,Data Deficient,Mrigal plays an important role in local ecosystem balance.,SP0271_Cirrhinus_mrigala.jpg
EDU0272,SP0272,Getting to know Common Carp,"An educational overview of Common Carp (Cyprinus carpio), covering identification, habitat, and ecological role in the Kopargaon region.",Canal,None documented,Vulnerable,Common Carp is considered a good indicator of local habitat health.,SP0272_Cyprinus_carpio.jpg
EDU0273,SP0273,Getting to know Grass Carp,"An educational overview of Grass Carp (Ctenopharyngodon idella), covering identification, habitat, and ecological role in the Kopargaon region.",Canal,None documented,Data Deficient,Grass Carp is most active during the Sep-Dec period.,SP0273_Ctenopharyngodon_idella.jpg
EDU0274,SP0274,Getting to know Silver Carp,"An educational overview of Silver Carp (Hypophthalmichthys molitrix), covering identification, habitat, and ecological role in the Kopargaon region.",Godavari River,None documented,Data Deficient,Silver Carp plays an important role in local ecosystem balance.,SP0274_Hypophthalmichthys_molitrix.jpg
EDU0275,SP0275,Getting to know Walking Catfish,"An educational overview of Walking Catfish (Clarias batrachus), covering identification, habitat, and ecological role in the Kopargaon region.",Reservoir,None documented,Endangered,Walking Catfish has been recorded by citizen scientists across multiple villages.,SP0275_Clarias_batrachus.jpg
EDU0276,SP0276,Getting to know Stinging Catfish,"An educational overview of Stinging Catfish (Heteropneustes fossilis), covering identification, habitat, and ecological role in the Kopargaon region.",Reservoir,None documented,Not Evaluated,Stinging Catfish has been recorded by citizen scientists across multiple villages.,SP0276_Heteropneustes_fossilis.jpg
EDU0277,SP0277,Getting to know Giant Snakehead,"An educational overview of Giant Snakehead (Channa marulius), covering identification, habitat, and ecological role in the Kopargaon region.",Godavari River,None documented,Least Concern,Giant Snakehead plays an important role in local ecosystem balance.,SP0277_Channa_marulius.jpg
EDU0278,SP0278,Getting to know Striped Snakehead,"An educational overview of Striped Snakehead (Channa striata), covering identification, habitat, and ecological role in the Kopargaon region.",Reservoir,None documented,Least Concern,Striped Snakehead plays an important role in local ecosystem balance.,SP0278_Channa_striata.jpg
EDU0279,SP0279,Getting to know Freshwater Garfish,"An educational overview of Freshwater Garfish (Xenentodon cancila), covering identification, habitat, and ecological role in the Kopargaon region.",Pond,None documented,Least Concern,Freshwater Garfish is most active during the Dec-Feb period.,SP0279_Xenentodon_cancila.jpg
EDU0280,SP0280,Getting to know Deccan Mahseer,"An educational overview of Deccan Mahseer (Tor khudree), covering identification, habitat, and ecological role in the Kopargaon region.",Godavari River,None documented,Least Concern,Deccan Mahseer plays an important role in local ecosystem balance.,SP0280_Tor_khudree.jpg
EDU0281,SP0281,Getting to know Climbing Perch,"An educational overview of Climbing Perch (Anabas testudineus), covering identification, habitat, and ecological role in the Kopargaon region.",Pond,None documented,Least Concern,Climbing Perch is most active during the Sep-Dec period.,SP0281_Anabas_testudineus.jpg
EDU0282,SP0282,Getting to know Indian Glassy Fish,"An educational overview of Indian Glassy Fish (Parambassis ranga), covering identification, habitat, and ecological role in the Kopargaon region.",Reservoir,None documented,Vulnerable,Indian Glassy Fish plays an important role in local ecosystem balance.,SP0282_Parambassis_ranga.jpg
EDU0283,SP0283,Getting to know Mystus Catfish,"An educational overview of Mystus Catfish (Mystus tengara), covering identification, habitat, and ecological role in the Kopargaon region.",Canal,None documented,Not Evaluated,Mystus Catfish is considered a good indicator of local habitat health.,SP0283_Mystus_tengara.jpg
EDU0284,SP0284,Getting to know Wallago Catfish,"An educational overview of Wallago Catfish (Wallago attu), covering identification, habitat, and ecological role in the Kopargaon region.",Reservoir,None documented,Least Concern,Wallago Catfish has been recorded by citizen scientists across multiple villages.,SP0284_Wallago_attu.jpg
EDU0285,SP0285,Getting to know Butter Catfish,"An educational overview of Butter Catfish (Ompok bimaculatus), covering identification, habitat, and ecological role in the Kopargaon region.",Godavari River,None documented,Least Concern,Butter Catfish is most active during the Sep-Dec period.,SP0285_Ompok_bimaculatus.jpg
EDU0286,SP0286,Getting to know Olive Barb,"An educational overview of Olive Barb (Systomus sarana), covering identification, habitat, and ecological role in the Kopargaon region.",Godavari River,None documented,Not Evaluated,Olive Barb has been recorded by citizen scientists across multiple villages.,SP0286_Systomus_sarana.jpg
EDU0287,SP0287,Getting to know Rosy Barb,"An educational overview of Rosy Barb (Pethia conchonius), covering identification, habitat, and ecological role in the Kopargaon region.",Godavari River,None documented,Least Concern,Rosy Barb is most active during the Dec-Feb period.,SP0287_Pethia_conchonius.jpg
EDU0288,SP0288,Getting to know Zebra Danio,"An educational overview of Zebra Danio (Danio rerio), covering identification, habitat, and ecological role in the Kopargaon region.",Godavari River,None documented,Endangered,Zebra Danio plays an important role in local ecosystem balance.,SP0288_Danio_rerio.jpg
EDU0289,SP0289,Getting to know Flying Barb,"An educational overview of Flying Barb (Esomus danricus), covering identification, habitat, and ecological role in the Kopargaon region.",Pond,None documented,Vulnerable,Flying Barb plays an important role in local ecosystem balance.,SP0289_Esomus_danricus.jpg
EDU0290,SP0290,Getting to know Bata,"An educational overview of Bata (Labeo bata), covering identification, habitat, and ecological role in the Kopargaon region.",Canal,None documented,Least Concern,Bata is considered a good indicator of local habitat health.,SP0290_Labeo_bata.jpg
EDU0291,SP0291,Getting to know Reba,"An educational overview of Reba (Cirrhinus reba), covering identification, habitat, and ecological role in the Kopargaon region.",Pond,None documented,Vulnerable,Reba plays an important role in local ecosystem balance.,SP0291_Cirrhinus_reba.jpg
EDU0292,SP0292,Getting to know Freshwater Eel,"An educational overview of Freshwater Eel (Anguilla bengalensis), covering identification, habitat, and ecological role in the Kopargaon region.",Reservoir,None documented,Least Concern,Freshwater Eel has been recorded by citizen scientists across multiple villages.,SP0292_Anguilla_bengalensis.jpg
EDU0293,SP0293,Getting to know Orange Chromide,"An educational overview of Orange Chromide (Etroplus maculatus), covering identification, habitat, and ecological role in the Kopargaon region.",Canal,None documented,Least Concern,Orange Chromide has been recorded by citizen scientists across multiple villages.,SP0293_Etroplus_maculatus.jpg
EDU0294,SP0294,Getting to know Deccan Barb,"An educational overview of Deccan Barb (Systomus canarensis), covering identification, habitat, and ecological role in the Kopargaon region.",Reservoir,None documented,Least Concern,Deccan Barb plays an important role in local ecosystem balance.,SP0294_Systomus_canarensis.jpg
EDU0295,SP0295,Getting to know Malabar Danio,"An educational overview of Malabar Danio (Devario aequipinnatus), covering identification, habitat, and ecological role in the Kopargaon region.",Pond,None documented,Data Deficient,Malabar Danio is most active during the Dec-Feb period.,SP0295_Devario_aequipinnatus.jpg
EDU0296,SP0296,Getting to know Indian Loach,"An educational overview of Indian Loach (Lepidocephalichthys thermalis), covering identification, habitat, and ecological role in the Kopargaon region.",Canal,None documented,Least Concern,Indian Loach is considered a good indicator of local habitat health.,SP0296_Lepidocephalichthys_thermalis.jpg
EDU0297,SP0297,Getting to know Indian Honey Bee,"An educational overview of Indian Honey Bee (Apis cerana), covering identification, habitat, and ecological role in the Kopargaon region.",Urban Garden,None documented,Least Concern,Indian Honey Bee has been recorded by citizen scientists across multiple villages.,SP0297_Apis_cerana.jpg
EDU0298,SP0298,Getting to know Giant Honey Bee,"An educational overview of Giant Honey Bee (Apis dorsata), covering identification, habitat, and ecological role in the Kopargaon region.",Agricultural Field,None documented,Least Concern,Giant Honey Bee is most active during the Dec-Feb period.,SP0298_Apis_dorsata.jpg
EDU0299,SP0299,Getting to know Little Honey Bee,"An educational overview of Little Honey Bee (Apis florea), covering identification, habitat, and ecological role in the Kopargaon region.",Urban Garden,None documented,Endangered,Little Honey Bee is most active during the Year-round period.,SP0299_Apis_florea.jpg
EDU0300,SP0300,Getting to know Indian Carpenter Bee,"An educational overview of Indian Carpenter Bee (Xylocopa violacea), covering identification, habitat, and ecological role in the Kopargaon region.",Agricultural Field,None documented,Least Concern,Indian Carpenter Bee has been recorded by citizen scientists across multiple villages.,SP0300_Xylocopa_violacea.jpg
EDU0301,SP0301,Getting to know Common Field Cricket,"An educational overview of Common Field Cricket (Gryllus bimaculatus), covering identification, habitat, and ecological role in the Kopargaon region.",Agricultural Field,None documented,Least Concern,Common Field Cricket has been recorded by citizen scientists across multiple villages.,SP0301_Gryllus_bimaculatus.jpg
EDU0302,SP0302,Getting to know Indian Grasshopper,"An educational overview of Indian Grasshopper (Oxya hyla), covering identification, habitat, and ecological role in the Kopargaon region.",Urban Garden,None documented,Data Deficient,Indian Grasshopper plays an important role in local ecosystem balance.,SP0302_Oxya_hyla.jpg
EDU0303,SP0303,Getting to know Praying Mantis,"An educational overview of Praying Mantis (Mantis religiosa), covering identification, habitat, and ecological role in the Kopargaon region.",Sugarcane Farm,None documented,Endangered,Praying Mantis is most active during the Mar-Jun period.,SP0303_Mantis_religiosa.jpg
EDU0304,SP0304,Getting to know Seven-spotted Ladybird,"An educational overview of Seven-spotted Ladybird (Coccinella septempunctata), covering identification, habitat, and ecological role in the Kopargaon region.",Urban Garden,None documented,Not Evaluated,Seven-spotted Ladybird has been recorded by citizen scientists across multiple villages.,SP0304_Coccinella_septempunctata.jpg
EDU0305,SP0305,Getting to know Rhinoceros Beetle,"An educational overview of Rhinoceros Beetle (Oryctes rhinoceros), covering identification, habitat, and ecological role in the Kopargaon region.",Grassland,None documented,Not Evaluated,Rhinoceros Beetle has been recorded by citizen scientists across multiple villages.,SP0305_Oryctes_rhinoceros.jpg
EDU0306,SP0306,Getting to know Dung Beetle,"An educational overview of Dung Beetle (Onthophagus taurus), covering identification, habitat, and ecological role in the Kopargaon region.",Agricultural Field,None documented,Endangered,Dung Beetle has been recorded by citizen scientists across multiple villages.,SP0306_Onthophagus_taurus.jpg
EDU0307,SP0307,Getting to know Common Indian Firefly,"An educational overview of Common Indian Firefly (Photuris noctiluca), covering identification, habitat, and ecological role in the Kopargaon region.",Urban Garden,None documented,Least Concern,Common Indian Firefly is most active during the Sep-Dec period.,SP0307_Photuris_noctiluca.jpg
EDU0308,SP0308,Getting to know Indian Stick Insect,"An educational overview of Indian Stick Insect (Carausius morosus), covering identification, habitat, and ecological role in the Kopargaon region.",Sugarcane Farm,None documented,Not Evaluated,Indian Stick Insect is considered a good indicator of local habitat health.,SP0308_Carausius_morosus.jpg
EDU0309,SP0309,Getting to know Termite,"An educational overview of Termite (Odontotermes obesus), covering identification, habitat, and ecological role in the Kopargaon region.",Agricultural Field,None documented,Least Concern,Termite is most active during the Jun-Sep period.,SP0309_Odontotermes_obesus.jpg
EDU0310,SP0310,Getting to know Weaver Ant,"An educational overview of Weaver Ant (Oecophylla smaragdina), covering identification, habitat, and ecological role in the Kopargaon region.",Urban Garden,None documented,Not Evaluated,Weaver Ant plays an important role in local ecosystem balance.,SP0310_Oecophylla_smaragdina.jpg
EDU0311,SP0311,Getting to know Black Garden Ant,"An educational overview of Black Garden Ant (Lasius niger), covering identification, habitat, and ecological role in the Kopargaon region.",Sugarcane Farm,None documented,Least Concern,Black Garden Ant plays an important role in local ecosystem balance.,SP0311_Lasius_niger.jpg
EDU0312,SP0312,Getting to know House Fly,"An educational overview of House Fly (Musca domestica), covering identification, habitat, and ecological role in the Kopargaon region.",Grassland,None documented,Least Concern,House Fly is considered a good indicator of local habitat health.,SP0312_Musca_domestica.jpg
EDU0313,SP0313,Getting to know Common House Mosquito,"An educational overview of Common House Mosquito (Culex quinquefasciatus), covering identification, habitat, and ecological role in the Kopargaon region.",Grassland,None documented,Near Threatened,Common House Mosquito is considered a good indicator of local habitat health.,SP0313_Culex_quinquefasciatus.jpg
EDU0314,SP0314,Getting to know Giant Wood Spider,"An educational overview of Giant Wood Spider (Nephila pilipes), covering identification, habitat, and ecological role in the Kopargaon region.",Grassland,None documented,Least Concern,Giant Wood Spider plays an important role in local ecosystem balance.,SP0314_Nephila_pilipes.jpg
EDU0315,SP0315,Getting to know Red Cotton Bug,"An educational overview of Red Cotton Bug (Dysdercus cingulatus), covering identification, habitat, and ecological role in the Kopargaon region.",Sugarcane Farm,None documented,Data Deficient,Red Cotton Bug is most active during the Sep-Dec period.,SP0315_Dysdercus_cingulatus.jpg
EDU0316,SP0316,Getting to know Painted Grasshopper,"An educational overview of Painted Grasshopper (Poekilocerus pictus), covering identification, habitat, and ecological role in the Kopargaon region.",Sugarcane Farm,None documented,Not Evaluated,Painted Grasshopper is most active during the Year-round period.,SP0316_Poekilocerus_pictus.jpg
EDU0317,SP0317,Getting to know Mango,"An educational overview of Mango (Mangifera indica), covering identification, habitat, and ecological role in the Kopargaon region.",Urban Garden,None documented,Vulnerable,Mango is considered a good indicator of local habitat health.,SP0317_Mangifera_indica.jpg
EDU0318,SP0318,Getting to know Neem,"An educational overview of Neem (Azadirachta indica), covering identification, habitat, and ecological role in the Kopargaon region.",Godavari River,Yes - traditional use documented,Least Concern,Neem is considered a good indicator of local habitat health.,SP0318_Azadirachta_indica.jpg
EDU0319,SP0319,Getting to know Banyan,"An educational overview of Banyan (Ficus benghalensis), covering identification, habitat, and ecological role in the Kopargaon region.",Temple Grove,None documented,Data Deficient,Banyan plays an important role in local ecosystem balance.,SP0319_Ficus_benghalensis.jpg
EDU0320,SP0320,Getting to know Peepal,"An educational overview of Peepal (Ficus religiosa), covering identification, habitat, and ecological role in the Kopargaon region.",Roadside Plantation,None documented,Near Threatened,Peepal typically flowers during Feb-Apr.,SP0320_Ficus_religiosa.jpg
EDU0321,SP0321,Getting to know Tamarind,"An educational overview of Tamarind (Tamarindus indica), covering identification, habitat, and ecological role in the Kopargaon region.",Temple Grove,None documented,Least Concern,Tamarind is considered a good indicator of local habitat health.,SP0321_Tamarindus_indica.jpg
EDU0322,SP0322,Getting to know Teak,"An educational overview of Teak (Tectona grandis), covering identification, habitat, and ecological role in the Kopargaon region.",Roadside Plantation,None documented,Least Concern,Teak has been recorded by citizen scientists across multiple villages.,SP0322_Tectona_grandis.jpg
EDU0323,SP0323,Getting to know Jamun,"An educational overview of Jamun (Syzygium cumini), covering identification, habitat, and ecological role in the Kopargaon region.",Urban Garden,None documented,Least Concern,Jamun has been recorded by citizen scientists across multiple villages.,SP0323_Syzygium_cumini.jpg
EDU0324,SP0324,Getting to know Gulmohar,"An educational overview of Gulmohar (Delonix regia), covering identification, habitat, and ecological role in the Kopargaon region.",Roadside Plantation,None documented,Least Concern,Gulmohar plays an important role in local ecosystem balance.,SP0324_Delonix_regia.jpg
EDU0325,SP0325,Getting to know Babul,"An educational overview of Babul (Vachellia nilotica), covering identification, habitat, and ecological role in the Kopargaon region.",Godavari River,Yes - traditional use documented,Endangered,Babul has been recorded by citizen scientists across multiple villages.,SP0325_Vachellia_nilotica.jpg
EDU0326,SP0326,Getting to know Karanj,"An educational overview of Karanj (Pongamia pinnata), covering identification, habitat, and ecological role in the Kopargaon region.",Godavari River,None documented,Least Concern,Karanj has been recorded by citizen scientists across multiple villages.,SP0326_Pongamia_pinnata.jpg
EDU0327,SP0327,Getting to know Ashoka,"An educational overview of Ashoka (Saraca asoca), covering identification, habitat, and ecological role in the Kopargaon region.",Temple Grove,None documented,Least Concern,Ashoka is considered a good indicator of local habitat health.,SP0327_Saraca_asoca.jpg
EDU0328,SP0328,Getting to know Amla,"An educational overview of Amla (Phyllanthus emblica), covering identification, habitat, and ecological role in the Kopargaon region.",Urban Garden,None documented,Data Deficient,Amla plays an important role in local ecosystem balance.,SP0328_Phyllanthus_emblica.jpg
EDU0329,SP0329,Getting to know Bel,"An educational overview of Bel (Aegle marmelos), covering identification, habitat, and ecological role in the Kopargaon region.",Urban Garden,None documented,Endangered,Bel has been recorded by citizen scientists across multiple villages.,SP0329_Aegle_marmelos.jpg
EDU0330,SP0330,Getting to know Custard Apple,"An educational overview of Custard Apple (Annona squamosa), covering identification, habitat, and ecological role in the Kopargaon region.",Temple Grove,Yes - traditional use documented,Least Concern,Custard Apple typically flowers during Year-round.,SP0330_Annona_squamosa.jpg
EDU0331,SP0331,Getting to know Jackfruit,"An educational overview of Jackfruit (Artocarpus heterophyllus), covering identification, habitat, and ecological role in the Kopargaon region.",Urban Garden,Yes - traditional use documented,Least Concern,Jackfruit typically flowers during Sep-Nov.,SP0331_Artocarpus_heterophyllus.jpg
EDU0332,SP0332,Getting to know Palas (Flame of the Forest),"An educational overview of Palas (Flame of the Forest) (Butea monosperma), covering identification, habitat, and ecological role in the Kopargaon region.",Temple Grove,None documented,Least Concern,Palas (Flame of the Forest) has been recorded by citizen scientists across multiple villages.,SP0332_Butea_monosperma.jpg
EDU0333,SP0333,Getting to know Sheesham,"An educational overview of Sheesham (Dalbergia sissoo), covering identification, habitat, and ecological role in the Kopargaon region.",Godavari River,None documented,Not Evaluated,Sheesham has been recorded by citizen scientists across multiple villages.,SP0333_Dalbergia_sissoo.jpg
EDU0334,SP0334,Getting to know Khair,"An educational overview of Khair (Senegalia catechu), covering identification, habitat, and ecological role in the Kopargaon region.",Godavari River,None documented,Near Threatened,Khair plays an important role in local ecosystem balance.,SP0334_Senegalia_catechu.jpg
EDU0335,SP0335,Getting to know Arjun,"An educational overview of Arjun (Terminalia arjuna), covering identification, habitat, and ecological role in the Kopargaon region.",Urban Garden,Yes - traditional use documented,Least Concern,Arjun typically flowers during Jun-Aug.,SP0335_Terminalia_arjuna.jpg
EDU0336,SP0336,Getting to know Bahava (Golden Shower Tree),"An educational overview of Bahava (Golden Shower Tree) (Cassia fistula), covering identification, habitat, and ecological role in the Kopargaon region.",Temple Grove,None documented,Least Concern,Bahava (Golden Shower Tree) is considered a good indicator of local habitat health.,SP0336_Cassia_fistula.jpg
EDU0337,SP0337,Getting to know Kadamba,"An educational overview of Kadamba (Neolamarckia cadamba), covering identification, habitat, and ecological role in the Kopargaon region.",Urban Garden,Yes - traditional use documented,Data Deficient,Kadamba typically flowers during Mar-May.,SP0337_Neolamarckia_cadamba.jpg
EDU0338,SP0338,Getting to know Rain Tree,"An educational overview of Rain Tree (Samanea saman), covering identification, habitat, and ecological role in the Kopargaon region.",Agricultural Field,None documented,Least Concern,Rain Tree typically flowers during Year-round.,SP0338_Samanea_saman.jpg
EDU0339,SP0339,Getting to know Silk Cotton Tree (Semal),"An educational overview of Silk Cotton Tree (Semal) (Bombax ceiba), covering identification, habitat, and ecological role in the Kopargaon region.",Roadside Plantation,None documented,Data Deficient,Silk Cotton Tree (Semal) plays an important role in local ecosystem balance.,SP0339_Bombax_ceiba.jpg
EDU0340,SP0340,Getting to know Mahua,"An educational overview of Mahua (Madhuca longifolia), covering identification, habitat, and ecological role in the Kopargaon region.",Roadside Plantation,Yes - traditional use documented,Least Concern,Mahua has been recorded by citizen scientists across multiple villages.,SP0340_Madhuca_longifolia.jpg
EDU0341,SP0341,Getting to know Bamboo,"An educational overview of Bamboo (Bambusa bambos), covering identification, habitat, and ecological role in the Kopargaon region.",Roadside Plantation,Yes - traditional use documented,Vulnerable,Bamboo has been recorded by citizen scientists across multiple villages.,SP0341_Bambusa_bambos.jpg
EDU0342,SP0342,Getting to know Coconut Palm,"An educational overview of Coconut Palm (Cocos nucifera), covering identification, habitat, and ecological role in the Kopargaon region.",Agricultural Field,None documented,Not Evaluated,Coconut Palm plays an important role in local ecosystem balance.,SP0342_Cocos_nucifera.jpg
EDU0343,SP0343,Getting to know Date Palm,"An educational overview of Date Palm (Phoenix sylvestris), covering identification, habitat, and ecological role in the Kopargaon region.",Urban Garden,None documented,Data Deficient,Date Palm is considered a good indicator of local habitat health.,SP0343_Phoenix_sylvestris.jpg
EDU0344,SP0344,Getting to know Areca Palm,"An educational overview of Areca Palm (Areca catechu), covering identification, habitat, and ecological role in the Kopargaon region.",Roadside Plantation,None documented,Endangered,Areca Palm typically flowers during Feb-Apr.,SP0344_Areca_catechu.jpg
EDU0345,SP0345,Getting to know Casuarina,"An educational overview of Casuarina (Casuarina equisetifolia), covering identification, habitat, and ecological role in the Kopargaon region.",Urban Garden,Yes - traditional use documented,Vulnerable,Casuarina plays an important role in local ecosystem balance.,SP0345_Casuarina_equisetifolia.jpg
EDU0346,SP0346,Getting to know Subabul,"An educational overview of Subabul (Leucaena leucocephala), covering identification, habitat, and ecological role in the Kopargaon region.",Agricultural Field,Yes - traditional use documented,Least Concern,Subabul plays an important role in local ecosystem balance.,SP0346_Leucaena_leucocephala.jpg
EDU0347,SP0347,Getting to know Ber (Indian Jujube),"An educational overview of Ber (Indian Jujube) (Ziziphus mauritiana), covering identification, habitat, and ecological role in the Kopargaon region.",Godavari River,None documented,Not Evaluated,Ber (Indian Jujube) typically flowers during Sep-Nov.,SP0347_Ziziphus_mauritiana.jpg
EDU0348,SP0348,Getting to know Anjeer (Fig),"An educational overview of Anjeer (Fig) (Ficus carica), covering identification, habitat, and ecological role in the Kopargaon region.",Roadside Plantation,Yes - traditional use documented,Least Concern,Anjeer (Fig) is considered a good indicator of local habitat health.,SP0348_Ficus_carica.jpg
EDU0349,SP0349,Getting to know Chikoo (Sapodilla),"An educational overview of Chikoo (Sapodilla) (Manilkara zapota), covering identification, habitat, and ecological role in the Kopargaon region.",Roadside Plantation,None documented,Least Concern,Chikoo (Sapodilla) typically flowers during Sep-Nov.,SP0349_Manilkara_zapota.jpg
EDU0350,SP0350,Getting to know Guava,"An educational overview of Guava (Psidium guajava), covering identification, habitat, and ecological role in the Kopargaon region.",Roadside Plantation,None documented,Least Concern,Guava has been recorded by citizen scientists across multiple villages.,SP0350_Psidium_guajava.jpg
EDU0351,SP0351,Getting to know Pomegranate,"An educational overview of Pomegranate (Punica granatum), covering identification, habitat, and ecological role in the Kopargaon region.",Temple Grove,None documented,Least Concern,Pomegranate has been recorded by citizen scientists across multiple villages.,SP0351_Punica_granatum.jpg
EDU0352,SP0352,Getting to know Champak,"An educational overview of Champak (Magnolia champaca), covering identification, habitat, and ecological role in the Kopargaon region.",Temple Grove,None documented,Data Deficient,Champak typically flowers during Nov-Jan.,SP0352_Magnolia_champaca.jpg
EDU0353,SP0353,Getting to know Frangipani,"An educational overview of Frangipani (Plumeria alba), covering identification, habitat, and ecological role in the Kopargaon region.",Godavari River,None documented,Vulnerable,Frangipani plays an important role in local ecosystem balance.,SP0353_Plumeria_alba.jpg
EDU0354,SP0354,Getting to know Rubber Fig,"An educational overview of Rubber Fig (Ficus elastica), covering identification, habitat, and ecological role in the Kopargaon region.",Temple Grove,None documented,Vulnerable,Rubber Fig is considered a good indicator of local habitat health.,SP0354_Ficus_elastica.jpg
EDU0355,SP0355,Getting to know Indian Coral Tree,"An educational overview of Indian Coral Tree (Erythrina variegata), covering identification, habitat, and ecological role in the Kopargaon region.",Agricultural Field,None documented,Endangered,Indian Coral Tree typically flowers during Mar-May.,SP0355_Erythrina_variegata.jpg
EDU0356,SP0356,Getting to know Copper Pod,"An educational overview of Copper Pod (Peltophorum pterocarpum), covering identification, habitat, and ecological role in the Kopargaon region.",Temple Grove,None documented,Vulnerable,Copper Pod plays an important role in local ecosystem balance.,SP0356_Peltophorum_pterocarpum.jpg
EDU0357,SP0357,Getting to know Toddy Palm,"An educational overview of Toddy Palm (Borassus flabellifer), covering identification, habitat, and ecological role in the Kopargaon region.",Agricultural Field,None documented,Not Evaluated,Toddy Palm plays an important role in local ecosystem balance.,SP0357_Borassus_flabellifer.jpg
EDU0358,SP0358,Getting to know Wood Apple,"An educational overview of Wood Apple (Limonia acidissima), covering identification, habitat, and ecological role in the Kopargaon region.",Urban Garden,None documented,Data Deficient,Wood Apple is considered a good indicator of local habitat health.,SP0358_Limonia_acidissima.jpg
EDU0359,SP0359,Getting to know Drumstick Tree,"An educational overview of Drumstick Tree (Moringa oleifera), covering identification, habitat, and ecological role in the Kopargaon region.",Urban Garden,None documented,Least Concern,Drumstick Tree has been recorded by citizen scientists across multiple villages.,SP0359_Moringa_oleifera.jpg
EDU0360,SP0360,Getting to know Curry Leaf Tree,"An educational overview of Curry Leaf Tree (Murraya koenigii), covering identification, habitat, and ecological role in the Kopargaon region.",Godavari River,None documented,Data Deficient,Curry Leaf Tree has been recorded by citizen scientists across multiple villages.,SP0360_Murraya_koenigii.jpg
EDU0361,SP0361,Getting to know Indian Elm,"An educational overview of Indian Elm (Holoptelea integrifolia), covering identification, habitat, and ecological role in the Kopargaon region.",Roadside Plantation,None documented,Data Deficient,Indian Elm has been recorded by citizen scientists across multiple villages.,SP0361_Holoptelea_integrifolia.jpg
EDU0362,SP0362,Getting to know Cluster Fig,"An educational overview of Cluster Fig (Ficus racemosa), covering identification, habitat, and ecological role in the Kopargaon region.",Agricultural Field,Yes - traditional use documented,Vulnerable,Cluster Fig plays an important role in local ecosystem balance.,SP0362_Ficus_racemosa.jpg
EDU0363,SP0363,Getting to know Indian Almond,"An educational overview of Indian Almond (Terminalia catappa), covering identification, habitat, and ecological role in the Kopargaon region.",Roadside Plantation,None documented,Near Threatened,Indian Almond is considered a good indicator of local habitat health.,SP0363_Terminalia_catappa.jpg
EDU0364,SP0364,Getting to know Ain,"An educational overview of Ain (Terminalia elliptica), covering identification, habitat, and ecological role in the Kopargaon region.",Agricultural Field,None documented,Least Concern,Ain typically flowers during Mar-May.,SP0364_Terminalia_elliptica.jpg
EDU0365,SP0365,Getting to know Behada,"An educational overview of Behada (Terminalia bellirica), covering identification, habitat, and ecological role in the Kopargaon region.",Agricultural Field,None documented,Least Concern,Behada is considered a good indicator of local habitat health.,SP0365_Terminalia_bellirica.jpg
EDU0366,SP0366,Getting to know Hirda,"An educational overview of Hirda (Terminalia chebula), covering identification, habitat, and ecological role in the Kopargaon region.",Temple Grove,None documented,Least Concern,Hirda typically flowers during Feb-Apr.,SP0366_Terminalia_chebula.jpg
EDU0367,SP0367,Getting to know Sal,"An educational overview of Sal (Shorea robusta), covering identification, habitat, and ecological role in the Kopargaon region.",Agricultural Field,Yes - traditional use documented,Data Deficient,Sal plays an important role in local ecosystem balance.,SP0367_Shorea_robusta.jpg
EDU0368,SP0368,Getting to know Indian Rosewood,"An educational overview of Indian Rosewood (Dalbergia latifolia), covering identification, habitat, and ecological role in the Kopargaon region.",Roadside Plantation,Yes - traditional use documented,Vulnerable,Indian Rosewood has been recorded by citizen scientists across multiple villages.,SP0368_Dalbergia_latifolia.jpg
EDU0369,SP0369,Getting to know Flame Amherstia,"An educational overview of Flame Amherstia (Amherstia nobilis), covering identification, habitat, and ecological role in the Kopargaon region.",Temple Grove,None documented,Near Threatened,Flame Amherstia typically flowers during Sep-Nov.,SP0369_Amherstia_nobilis.jpg
EDU0370,SP0370,Getting to know Bottle Palm,"An educational overview of Bottle Palm (Hyophorbe lagenicaulis), covering identification, habitat, and ecological role in the Kopargaon region.",Urban Garden,None documented,Vulnerable,Bottle Palm is considered a good indicator of local habitat health.,SP0370_Hyophorbe_lagenicaulis.jpg
EDU0371,SP0371,Getting to know Indian Willow,"An educational overview of Indian Willow (Salix tetrasperma), covering identification, habitat, and ecological role in the Kopargaon region.",Temple Grove,None documented,Least Concern,Indian Willow has been recorded by citizen scientists across multiple villages.,SP0371_Salix_tetrasperma.jpg
EDU0372,SP0372,Getting to know Rain of Gold Tree,"An educational overview of Rain of Gold Tree (Galphimia glauca), covering identification, habitat, and ecological role in the Kopargaon region.",Temple Grove,None documented,Least Concern,Rain of Gold Tree typically flowers during Feb-Apr.,SP0372_Galphimia_glauca.jpg
EDU0373,SP0373,Getting to know Tulsi (Holy Basil),"An educational overview of Tulsi (Holy Basil) (Ocimum tenuiflorum), covering identification, habitat, and ecological role in the Kopargaon region.",Agricultural Field,Yes - traditional use documented,Not Evaluated,Tulsi (Holy Basil) typically flowers during Year-round.,SP0373_Ocimum_tenuiflorum.jpg
EDU0374,SP0374,Getting to know Aloe Vera,"An educational overview of Aloe Vera (Aloe vera), covering identification, habitat, and ecological role in the Kopargaon region.",Agricultural Field,Yes - traditional use documented,Vulnerable,Aloe Vera has been recorded by citizen scientists across multiple villages.,SP0374_Aloe_vera.jpg
EDU0375,SP0375,Getting to know Ashwagandha,"An educational overview of Ashwagandha (Withania somnifera), covering identification, habitat, and ecological role in the Kopargaon region.",Agricultural Field,Yes - traditional use documented,Data Deficient,Ashwagandha typically flowers during Nov-Jan.,SP0375_Withania_somnifera.jpg
EDU0376,SP0376,Getting to know Brahmi,"An educational overview of Brahmi (Bacopa monnieri), covering identification, habitat, and ecological role in the Kopargaon region.",Temple Grove,Yes - traditional use documented,Data Deficient,Brahmi is considered a good indicator of local habitat health.,SP0376_Bacopa_monnieri.jpg
EDU0377,SP0377,Getting to know Giloy,"An educational overview of Giloy (Tinospora cordifolia), covering identification, habitat, and ecological role in the Kopargaon region.",Temple Grove,Yes - traditional use documented,Vulnerable,Giloy has been recorded by citizen scientists across multiple villages.,SP0377_Tinospora_cordifolia.jpg
EDU0378,SP0378,Getting to know Shatavari,"An educational overview of Shatavari (Asparagus racemosus), covering identification, habitat, and ecological role in the Kopargaon region.",Grassland,Yes - traditional use documented,Least Concern,Shatavari is considered a good indicator of local habitat health.,SP0378_Asparagus_racemosus.jpg
EDU0379,SP0379,Getting to know Turmeric,"An educational overview of Turmeric (Curcuma longa), covering identification, habitat, and ecological role in the Kopargaon region.",Agricultural Field,Yes - traditional use documented,Least Concern,Turmeric typically flowers during Sep-Nov.,SP0379_Curcuma_longa.jpg
EDU0380,SP0380,Getting to know Ginger,"An educational overview of Ginger (Zingiber officinale), covering identification, habitat, and ecological role in the Kopargaon region.",Agricultural Field,Yes - traditional use documented,Least Concern,Ginger is considered a good indicator of local habitat health.,SP0380_Zingiber_officinale.jpg
EDU0381,SP0381,Getting to know Nirgudi,"An educational overview of Nirgudi (Vitex negundo), covering identification, habitat, and ecological role in the Kopargaon region.",Temple Grove,Yes - traditional use documented,Least Concern,Nirgudi plays an important role in local ecosystem balance.,SP0381_Vitex_negundo.jpg
EDU0382,SP0382,Getting to know Adulsa (Vasaka),"An educational overview of Adulsa (Vasaka) (Justicia adhatoda), covering identification, habitat, and ecological role in the Kopargaon region.",Temple Grove,Yes - traditional use documented,Least Concern,Adulsa (Vasaka) plays an important role in local ecosystem balance.,SP0382_Justicia_adhatoda.jpg
EDU0383,SP0383,Getting to know Punarnava,"An educational overview of Punarnava (Boerhavia diffusa), covering identification, habitat, and ecological role in the Kopargaon region.",Agricultural Field,Yes - traditional use documented,Not Evaluated,Punarnava has been recorded by citizen scientists across multiple villages.,SP0383_Boerhavia_diffusa.jpg
EDU0384,SP0384,Getting to know Sarpagandha,"An educational overview of Sarpagandha (Rauvolfia serpentina), covering identification, habitat, and ecological role in the Kopargaon region.",Grassland,Yes - traditional use documented,Least Concern,Sarpagandha is considered a good indicator of local habitat health.,SP0384_Rauvolfia_serpentina.jpg
EDU0385,SP0385,Getting to know Gudmar,"An educational overview of Gudmar (Gymnema sylvestre), covering identification, habitat, and ecological role in the Kopargaon region.",Wasteland,Yes - traditional use documented,Near Threatened,Gudmar typically flowers during Jun-Aug.,SP0385_Gymnema_sylvestre.jpg
EDU0386,SP0386,Getting to know Kalmegh,"An educational overview of Kalmegh (Andrographis paniculata), covering identification, habitat, and ecological role in the Kopargaon region.",Agricultural Field,Yes - traditional use documented,Least Concern,Kalmegh has been recorded by citizen scientists across multiple villages.,SP0386_Andrographis_paniculata.jpg
EDU0387,SP0387,Getting to know Bhringraj,"An educational overview of Bhringraj (Eclipta prostrata), covering identification, habitat, and ecological role in the Kopargaon region.",Wasteland,Yes - traditional use documented,Not Evaluated,Bhringraj has been recorded by citizen scientists across multiple villages.,SP0387_Eclipta_prostrata.jpg
EDU0388,SP0388,Getting to know Shankhpushpi,"An educational overview of Shankhpushpi (Convolvulus pluricaulis), covering identification, habitat, and ecological role in the Kopargaon region.",Wasteland,Yes - traditional use documented,Not Evaluated,Shankhpushpi typically flowers during Nov-Jan.,SP0388_Convolvulus_pluricaulis.jpg
EDU0389,SP0389,Getting to know Vach,"An educational overview of Vach (Acorus calamus), covering identification, habitat, and ecological role in the Kopargaon region.",Wasteland,None documented,Vulnerable,Vach plays an important role in local ecosystem balance.,SP0389_Acorus_calamus.jpg
EDU0390,SP0390,Getting to know Vidari,"An educational overview of Vidari (Pueraria tuberosa), covering identification, habitat, and ecological role in the Kopargaon region.",Temple Grove,Yes - traditional use documented,Data Deficient,Vidari typically flowers during Nov-Jan.,SP0390_Pueraria_tuberosa.jpg
EDU0391,SP0391,Getting to know Kutki,"An educational overview of Kutki (Picrorhiza kurroa), covering identification, habitat, and ecological role in the Kopargaon region.",Agricultural Field,Yes - traditional use documented,Not Evaluated,Kutki typically flowers during Sep-Nov.,SP0391_Picrorhiza_kurroa.jpg
EDU0392,SP0392,Getting to know Chirayta,"An educational overview of Chirayta (Swertia chirata), covering identification, habitat, and ecological role in the Kopargaon region.",Wasteland,Yes - traditional use documented,Near Threatened,Chirayta plays an important role in local ecosystem balance.,SP0392_Swertia_chirata.jpg
EDU0393,SP0393,Getting to know Safed Musli,"An educational overview of Safed Musli (Chlorophytum borivilianum), covering identification, habitat, and ecological role in the Kopargaon region.",Temple Grove,Yes - traditional use documented,Endangered,Safed Musli typically flowers during Jun-Aug.,SP0393_Chlorophytum_borivilianum.jpg
EDU0394,SP0394,Getting to know Haritaki,"An educational overview of Haritaki (Terminalia chebula), covering identification, habitat, and ecological role in the Kopargaon region.",Agricultural Field,Yes - traditional use documented,Endangered,Haritaki is considered a good indicator of local habitat health.,SP0394_Terminalia_chebula.jpg
EDU0395,SP0395,Getting to know Bibhitaki,"An educational overview of Bibhitaki (Terminalia bellirica), covering identification, habitat, and ecological role in the Kopargaon region.",Wasteland,Yes - traditional use documented,Least Concern,Bibhitaki has been recorded by citizen scientists across multiple villages.,SP0395_Terminalia_bellirica.jpg
EDU0396,SP0396,Getting to know Datura,"An educational overview of Datura (Datura stramonium), covering identification, habitat, and ecological role in the Kopargaon region.",Grassland,Yes - traditional use documented,Near Threatened,Datura has been recorded by citizen scientists across multiple villages.,SP0396_Datura_stramonium.jpg
EDU0397,SP0397,Getting to know Bhui Amla,"An educational overview of Bhui Amla (Phyllanthus niruri), covering identification, habitat, and ecological role in the Kopargaon region.",Agricultural Field,Yes - traditional use documented,Data Deficient,Bhui Amla typically flowers during Jun-Aug.,SP0397_Phyllanthus_niruri.jpg
EDU0398,SP0398,Getting to know Rasna,"An educational overview of Rasna (Pluchea lanceolata), covering identification, habitat, and ecological role in the Kopargaon region.",Wasteland,Yes - traditional use documented,Not Evaluated,Rasna is considered a good indicator of local habitat health.,SP0398_Pluchea_lanceolata.jpg
EDU0399,SP0399,Getting to know Guggul,"An educational overview of Guggul (Commiphora wightii), covering identification, habitat, and ecological role in the Kopargaon region.",Agricultural Field,None documented,Least Concern,Guggul has been recorded by citizen scientists across multiple villages.,SP0399_Commiphora_wightii.jpg
EDU0400,SP0400,Getting to know Shallaki,"An educational overview of Shallaki (Boswellia serrata), covering identification, habitat, and ecological role in the Kopargaon region.",Grassland,None documented,Near Threatened,Shallaki typically flowers during Jun-Aug.,SP0400_Boswellia_serrata.jpg
EDU0401,SP0401,Getting to know Manjistha,"An educational overview of Manjistha (Rubia cordifolia), covering identification, habitat, and ecological role in the Kopargaon region.",Temple Grove,Yes - traditional use documented,Least Concern,Manjistha has been recorded by citizen scientists across multiple villages.,SP0401_Rubia_cordifolia.jpg
EDU0402,SP0402,Getting to know Lodhra,"An educational overview of Lodhra (Symplocos racemosa), covering identification, habitat, and ecological role in the Kopargaon region.",Temple Grove,Yes - traditional use documented,Near Threatened,Lodhra is considered a good indicator of local habitat health.,SP0402_Symplocos_racemosa.jpg
EDU0403,SP0403,Getting to know Nagarmotha,"An educational overview of Nagarmotha (Cyperus rotundus), covering identification, habitat, and ecological role in the Kopargaon region.",Temple Grove,None documented,Vulnerable,Nagarmotha typically flowers during Nov-Jan.,SP0403_Cyperus_rotundus.jpg
EDU0404,SP0404,Getting to know Ajwain,"An educational overview of Ajwain (Trachyspermum ammi), covering identification, habitat, and ecological role in the Kopargaon region.",Temple Grove,Yes - traditional use documented,Endangered,Ajwain plays an important role in local ecosystem balance.,SP0404_Trachyspermum_ammi.jpg
EDU0405,SP0405,Getting to know Methi (Fenugreek),"An educational overview of Methi (Fenugreek) (Trigonella foenum-graecum), covering identification, habitat, and ecological role in the Kopargaon region.",Wasteland,Yes - traditional use documented,Near Threatened,Methi (Fenugreek) has been recorded by citizen scientists across multiple villages.,SP0405_Trigonella_foenum-graecum.jpg
EDU0406,SP0406,Getting to know Jeera (Cumin),"An educational overview of Jeera (Cumin) (Cuminum cyminum), covering identification, habitat, and ecological role in the Kopargaon region.",Wasteland,Yes - traditional use documented,Vulnerable,Jeera (Cumin) is considered a good indicator of local habitat health.,SP0406_Cuminum_cyminum.jpg
EDU0407,SP0407,Getting to know Dhania (Coriander),"An educational overview of Dhania (Coriander) (Coriandrum sativum), covering identification, habitat, and ecological role in the Kopargaon region.",Temple Grove,None documented,Not Evaluated,Dhania (Coriander) is considered a good indicator of local habitat health.,SP0407_Coriandrum_sativum.jpg
EDU0408,SP0408,Getting to know Karela (Bitter Gourd),"An educational overview of Karela (Bitter Gourd) (Momordica charantia), covering identification, habitat, and ecological role in the Kopargaon region.",Agricultural Field,Yes - traditional use documented,Least Concern,Karela (Bitter Gourd) plays an important role in local ecosystem balance.,SP0408_Momordica_charantia.jpg
EDU0409,SP0409,Getting to know Sadabahar (Vinca),"An educational overview of Sadabahar (Vinca) (Catharanthus roseus), covering identification, habitat, and ecological role in the Kopargaon region.",Temple Grove,Yes - traditional use documented,Least Concern,Sadabahar (Vinca) typically flowers during Mar-May.,SP0409_Catharanthus_roseus.jpg
EDU0410,SP0410,Getting to know Bhang,"An educational overview of Bhang (Cannabis sativa), covering identification, habitat, and ecological role in the Kopargaon region.",Agricultural Field,Yes - traditional use documented,Endangered,Bhang is considered a good indicator of local habitat health.,SP0410_Cannabis_sativa.jpg
EDU0411,SP0411,Getting to know Ratanjot,"An educational overview of Ratanjot (Jatropha curcas), covering identification, habitat, and ecological role in the Kopargaon region.",Temple Grove,Yes - traditional use documented,Data Deficient,Ratanjot is considered a good indicator of local habitat health.,SP0411_Jatropha_curcas.jpg
EDU0412,SP0412,Getting to know Rui (Akra),"An educational overview of Rui (Akra) (Calotropis procera), covering identification, habitat, and ecological role in the Kopargaon region.",Temple Grove,Yes - traditional use documented,Least Concern,Rui (Akra) is considered a good indicator of local habitat health.,SP0412_Calotropis_procera.jpg
EDU0413,SP0413,Getting to know Doob Grass,"An educational overview of Doob Grass (Cynodon dactylon), covering identification, habitat, and ecological role in the Kopargaon region.",Grassland,Yes - traditional use documented,Least Concern,Doob Grass typically flowers during Sep-Nov.,SP0413_Cynodon_dactylon.jpg
EDU0414,SP0414,Getting to know Kuchla,"An educational overview of Kuchla (Strychnos nux-vomica), covering identification, habitat, and ecological role in the Kopargaon region.",Wasteland,Yes - traditional use documented,Least Concern,Kuchla is considered a good indicator of local habitat health.,SP0414_Strychnos_nux-vomica.jpg
EDU0415,SP0415,Getting to know Jatamansi,"An educational overview of Jatamansi (Nardostachys jatamansi), covering identification, habitat, and ecological role in the Kopargaon region.",Wasteland,Yes - traditional use documented,Not Evaluated,Jatamansi typically flowers during Jun-Aug.,SP0415_Nardostachys_jatamansi.jpg
EDU0416,SP0416,Getting to know Pashanbhed,"An educational overview of Pashanbhed (Bergenia ciliata), covering identification, habitat, and ecological role in the Kopargaon region.",Wasteland,Yes - traditional use documented,Least Concern,Pashanbhed has been recorded by citizen scientists across multiple villages.,SP0416_Bergenia_ciliata.jpg
EDU0417,SP0417,Getting to know Chitrak,"An educational overview of Chitrak (Plumbago zeylanica), covering identification, habitat, and ecological role in the Kopargaon region.",Agricultural Field,Yes - traditional use documented,Data Deficient,Chitrak has been recorded by citizen scientists across multiple villages.,SP0417_Plumbago_zeylanica.jpg
EDU0418,SP0418,Getting to know Bala,"An educational overview of Bala (Sida cordifolia), covering identification, habitat, and ecological role in the Kopargaon region.",Agricultural Field,Yes - traditional use documented,Endangered,Bala typically flowers during Jun-Aug.,SP0418_Sida_cordifolia.jpg
EDU0419,SP0419,Getting to know Amaltas Bark,"An educational overview of Amaltas Bark (Cassia fistula), covering identification, habitat, and ecological role in the Kopargaon region.",Wasteland,Yes - traditional use documented,Least Concern,Amaltas Bark has been recorded by citizen scientists across multiple villages.,SP0419_Cassia_fistula.jpg
EDU0420,SP0420,Getting to know Vidanga,"An educational overview of Vidanga (Embelia ribes), covering identification, habitat, and ecological role in the Kopargaon region.",Grassland,Yes - traditional use documented,Least Concern,Vidanga plays an important role in local ecosystem balance.,SP0420_Embelia_ribes.jpg
EDU0421,SP0421,Getting to know Mulethi (Licorice),"An educational overview of Mulethi (Licorice) (Glycyrrhiza glabra), covering identification, habitat, and ecological role in the Kopargaon region.",Wasteland,Yes - traditional use documented,Least Concern,Mulethi (Licorice) typically flowers during Mar-May.,SP0421_Glycyrrhiza_glabra.jpg
EDU0422,SP0422,Getting to know Neem Bark,"An educational overview of Neem Bark (Azadirachta indica), covering identification, habitat, and ecological role in the Kopargaon region.",Wasteland,Yes - traditional use documented,Least Concern,Neem Bark plays an important role in local ecosystem balance.,SP0422_Azadirachta_indica.jpg
EDU0423,SP0423,Getting to know Arjuna Bark,"An educational overview of Arjuna Bark (Terminalia arjuna), covering identification, habitat, and ecological role in the Kopargaon region.",Agricultural Field,Yes - traditional use documented,Data Deficient,Arjuna Bark plays an important role in local ecosystem balance.,SP0423_Terminalia_arjuna.jpg
EDU0424,SP0424,Getting to know Kalonji (Black Cumin),"An educational overview of Kalonji (Black Cumin) (Nigella sativa), covering identification, habitat, and ecological role in the Kopargaon region.",Grassland,Yes - traditional use documented,Least Concern,Kalonji (Black Cumin) plays an important role in local ecosystem balance.,SP0424_Nigella_sativa.jpg
EDU0425,SP0425,Getting to know Bel Leaves,"An educational overview of Bel Leaves (Aegle marmelos), covering identification, habitat, and ecological role in the Kopargaon region.",Grassland,Yes - traditional use documented,Least Concern,Bel Leaves is considered a good indicator of local habitat health.,SP0425_Aegle_marmelos.jpg
EDU0426,SP0426,Getting to know Hibiscus,"An educational overview of Hibiscus (Hibiscus rosa-sinensis), covering identification, habitat, and ecological role in the Kopargaon region.",Roadside Plantation,None documented,Least Concern,Hibiscus typically flowers during Mar-May.,SP0426_Hibiscus_rosa-sinensis.jpg
EDU0427,SP0427,Getting to know Bougainvillea,"An educational overview of Bougainvillea (Bougainvillea glabra), covering identification, habitat, and ecological role in the Kopargaon region.",Roadside Plantation,None documented,Least Concern,Bougainvillea has been recorded by citizen scientists across multiple villages.,SP0427_Bougainvillea_glabra.jpg
EDU0428,SP0428,Getting to know Lantana,"An educational overview of Lantana (Lantana camara), covering identification, habitat, and ecological role in the Kopargaon region.",Urban Garden,Yes - traditional use documented,Least Concern,Lantana plays an important role in local ecosystem balance.,SP0428_Lantana_camara.jpg
EDU0429,SP0429,Getting to know Jasmine,"An educational overview of Jasmine (Jasminum sambac), covering identification, habitat, and ecological role in the Kopargaon region.",Urban Garden,None documented,Least Concern,Jasmine is considered a good indicator of local habitat health.,SP0429_Jasminum_sambac.jpg
EDU0430,SP0430,Getting to know Henna (Mehendi),"An educational overview of Henna (Mehendi) (Lawsonia inermis), covering identification, habitat, and ecological role in the Kopargaon region.",Urban Garden,None documented,Endangered,Henna (Mehendi) has been recorded by citizen scientists across multiple villages.,SP0430_Lawsonia_inermis.jpg
EDU0431,SP0431,Getting to know Croton,"An educational overview of Croton (Codiaeum variegatum), covering identification, habitat, and ecological role in the Kopargaon region.",Urban Garden,None documented,Near Threatened,Croton is considered a good indicator of local habitat health.,SP0431_Codiaeum_variegatum.jpg
EDU0432,SP0432,Getting to know Ixora,"An educational overview of Ixora (Ixora coccinea), covering identification, habitat, and ecological role in the Kopargaon region.",Grassland,None documented,Least Concern,Ixora is considered a good indicator of local habitat health.,SP0432_Ixora_coccinea.jpg
EDU0433,SP0433,Getting to know Karonda,"An educational overview of Karonda (Carissa carandas), covering identification, habitat, and ecological role in the Kopargaon region.",Grassland,None documented,Least Concern,Karonda has been recorded by citizen scientists across multiple villages.,SP0433_Carissa_carandas.jpg
EDU0434,SP0434,Getting to know Kaner (Oleander),"An educational overview of Kaner (Oleander) (Nerium oleander), covering identification, habitat, and ecological role in the Kopargaon region.",Agricultural Field,None documented,Least Concern,Kaner (Oleander) has been recorded by citizen scientists across multiple villages.,SP0434_Nerium_oleander.jpg
EDU0435,SP0435,Getting to know Calotropis,"An educational overview of Calotropis (Calotropis gigantea), covering identification, habitat, and ecological role in the Kopargaon region.",Roadside Plantation,None documented,Not Evaluated,Calotropis is considered a good indicator of local habitat health.,SP0435_Calotropis_gigantea.jpg
EDU0436,SP0436,Getting to know Duranta,"An educational overview of Duranta (Duranta erecta), covering identification, habitat, and ecological role in the Kopargaon region.",Agricultural Field,None documented,Not Evaluated,Duranta is considered a good indicator of local habitat health.,SP0436_Duranta_erecta.jpg
EDU0437,SP0437,Getting to know Acalypha,"An educational overview of Acalypha (Acalypha wilkesiana), covering identification, habitat, and ecological role in the Kopargaon region.",Grassland,Yes - traditional use documented,Least Concern,Acalypha typically flowers during Mar-May.,SP0437_Acalypha_wilkesiana.jpg
EDU0438,SP0438,Getting to know Yellow Oleander,"An educational overview of Yellow Oleander (Thevetia peruviana), covering identification, habitat, and ecological role in the Kopargaon region.",Roadside Plantation,None documented,Vulnerable,Yellow Oleander has been recorded by citizen scientists across multiple villages.,SP0438_Thevetia_peruviana.jpg
EDU0439,SP0439,Getting to know Rose,"An educational overview of Rose (Rosa indica), covering identification, habitat, and ecological role in the Kopargaon region.",Grassland,None documented,Least Concern,Rose is considered a good indicator of local habitat health.,SP0439_Rosa_indica.jpg
EDU0440,SP0440,Getting to know Jatropha,"An educational overview of Jatropha (Jatropha gossypiifolia), covering identification, habitat, and ecological role in the Kopargaon region.",Roadside Plantation,None documented,Data Deficient,Jatropha plays an important role in local ecosystem balance.,SP0440_Jatropha_gossypiifolia.jpg
EDU0441,SP0441,Getting to know Castor,"An educational overview of Castor (Ricinus communis), covering identification, habitat, and ecological role in the Kopargaon region.",Grassland,None documented,Data Deficient,Castor typically flowers during Year-round.,SP0441_Ricinus_communis.jpg
EDU0442,SP0442,Getting to know Sesbania,"An educational overview of Sesbania (Sesbania grandiflora), covering identification, habitat, and ecological role in the Kopargaon region.",Urban Garden,None documented,Near Threatened,Sesbania typically flowers during Mar-May.,SP0442_Sesbania_grandiflora.jpg
EDU0443,SP0443,Getting to know Cassia (Senna),"An educational overview of Cassia (Senna) (Senna auriculata), covering identification, habitat, and ecological role in the Kopargaon region.",Agricultural Field,None documented,Least Concern,Cassia (Senna) is considered a good indicator of local habitat health.,SP0443_Senna_auriculata.jpg
EDU0444,SP0444,Getting to know Grewia,"An educational overview of Grewia (Grewia asiatica), covering identification, habitat, and ecological role in the Kopargaon region.",Roadside Plantation,Yes - traditional use documented,Endangered,Grewia plays an important role in local ecosystem balance.,SP0444_Grewia_asiatica.jpg
EDU0445,SP0445,Getting to know Ber Shrub,"An educational overview of Ber Shrub (Ziziphus nummularia), covering identification, habitat, and ecological role in the Kopargaon region.",Urban Garden,None documented,Data Deficient,Ber Shrub is considered a good indicator of local habitat health.,SP0445_Ziziphus_nummularia.jpg
EDU0446,SP0446,Getting to know Railway Creeper,"An educational overview of Railway Creeper (Ipomoea cairica), covering identification, habitat, and ecological role in the Kopargaon region.",Agricultural Field,Yes - traditional use documented,Near Threatened,Railway Creeper plays an important role in local ecosystem balance.,SP0446_Ipomoea_cairica.jpg
EDU0447,SP0447,Getting to know Clerodendrum,"An educational overview of Clerodendrum (Clerodendrum inerme), covering identification, habitat, and ecological role in the Kopargaon region.",Grassland,Yes - traditional use documented,Least Concern,Clerodendrum has been recorded by citizen scientists across multiple villages.,SP0447_Clerodendrum_inerme.jpg
EDU0448,SP0448,Getting to know Kamini,"An educational overview of Kamini (Murraya paniculata), covering identification, habitat, and ecological role in the Kopargaon region.",Urban Garden,None documented,Least Concern,Kamini plays an important role in local ecosystem balance.,SP0448_Murraya_paniculata.jpg
EDU0449,SP0449,Getting to know Night-blooming Jasmine,"An educational overview of Night-blooming Jasmine (Cestrum nocturnum), covering identification, habitat, and ecological role in the Kopargaon region.",Roadside Plantation,None documented,Least Concern,Night-blooming Jasmine plays an important role in local ecosystem balance.,SP0449_Cestrum_nocturnum.jpg
EDU0450,SP0450,Getting to know Tecoma,"An educational overview of Tecoma (Tecoma stans), covering identification, habitat, and ecological role in the Kopargaon region.",Roadside Plantation,Yes - traditional use documented,Vulnerable,Tecoma typically flowers during Feb-Apr.,SP0450_Tecoma_stans.jpg
EDU0451,SP0451,Getting to know Ceylon Leadwort,"An educational overview of Ceylon Leadwort (Plumbago zeylanica), covering identification, habitat, and ecological role in the Kopargaon region.",Urban Garden,Yes - traditional use documented,Least Concern,Ceylon Leadwort has been recorded by citizen scientists across multiple villages.,SP0451_Plumbago_zeylanica.jpg
EDU0452,SP0452,Getting to know Barleria,"An educational overview of Barleria (Barleria cristata), covering identification, habitat, and ecological role in the Kopargaon region.",Roadside Plantation,None documented,Near Threatened,Barleria is considered a good indicator of local habitat health.,SP0452_Barleria_cristata.jpg
EDU0453,SP0453,Getting to know Ruellia,"An educational overview of Ruellia (Ruellia tuberosa), covering identification, habitat, and ecological role in the Kopargaon region.",Urban Garden,None documented,Least Concern,Ruellia typically flowers during Mar-May.,SP0453_Ruellia_tuberosa.jpg
EDU0454,SP0454,Getting to know Caper Bush,"An educational overview of Caper Bush (Capparis zeylanica), covering identification, habitat, and ecological role in the Kopargaon region.",Roadside Plantation,None documented,Vulnerable,Caper Bush is considered a good indicator of local habitat health.,SP0454_Capparis_zeylanica.jpg
EDU0455,SP0455,Getting to know Bramble,"An educational overview of Bramble (Rubus ellipticus), covering identification, habitat, and ecological role in the Kopargaon region.",Grassland,None documented,Least Concern,Bramble plays an important role in local ecosystem balance.,SP0455_Rubus_ellipticus.jpg
EDU0456,SP0456,Getting to know Wild Jasmine,"An educational overview of Wild Jasmine (Jasminum auriculatum), covering identification, habitat, and ecological role in the Kopargaon region.",Grassland,Yes - traditional use documented,Least Concern,Wild Jasmine is considered a good indicator of local habitat health.,SP0456_Jasminum_auriculatum.jpg
EDU0457,SP0457,Getting to know Country Mallow,"An educational overview of Country Mallow (Abutilon indicum), covering identification, habitat, and ecological role in the Kopargaon region.",Urban Garden,Yes - traditional use documented,Least Concern,Country Mallow plays an important role in local ecosystem balance.,SP0457_Abutilon_indicum.jpg
EDU0458,SP0458,Getting to know Prickly Chaff Flower,"An educational overview of Prickly Chaff Flower (Achyranthes aspera), covering identification, habitat, and ecological role in the Kopargaon region.",Urban Garden,None documented,Data Deficient,Prickly Chaff Flower typically flowers during Nov-Jan.,SP0458_Achyranthes_aspera.jpg
EDU0459,SP0459,Getting to know Custard Apple Shrub Form,"An educational overview of Custard Apple Shrub Form (Annona reticulata), covering identification, habitat, and ecological role in the Kopargaon region.",Grassland,None documented,Vulnerable,Custard Apple Shrub Form is considered a good indicator of local habitat health.,SP0459_Annona_reticulata.jpg
EDU0460,SP0460,Getting to know Adhatoda Shrub,"An educational overview of Adhatoda Shrub (Justicia adhatoda), covering identification, habitat, and ecological role in the Kopargaon region.",Agricultural Field,None documented,Vulnerable,Adhatoda Shrub typically flowers during Feb-Apr.,SP0460_Justicia_adhatoda.jpg
