image_id,species_id,observation_id,filename,photographer,upload_date,gps_latitude,gps_longitude,image_category
IMG00001,SP0124,,IMG00001_SP0124.jpg,Swati Shinde,2018-07-14,19.926652,74.409446,Field Survey
IMG00002,SP0410,OBS010538,IMG00002_SP0410.jpg,Swati Bhosale,2020-10-21,19.835911,74.452189,Citizen Submission
IMG00003,SP0164,,IMG00003_SP0164.jpg,Rahul Deshpande,2018-08-20,19.910534,74.433015,Habitat
IMG00004,SP0350,,IMG00004_SP0350.jpg,Sneha Patil,2024-11-25,19.868779,74.574537,Field Survey
IMG00005,SP0189,,IMG00005_SP0189.jpg,Om Shinde,2018-12-16,19.822112,74.357883,Wildlife
IMG00006,SP0241,OBS011886,IMG00006_SP0241.jpg,Neha Pawar,2017-06-25,19.863837,74.561888,Flora
IMG00007,SP0070,OBS008117,IMG00007_SP0070.jpg,Om Bhosale,2018-03-03,19.92522,74.428544,Citizen Submission
IMG00008,SP0025,OBS007715,IMG00008_SP0025.jpg,Vikram Joshi,2018-04-30,19.800576,74.418905,Citizen Submission
IMG00009,SP0304,OBS017333,IMG00009_SP0304.jpg,Amit Kulkarni,2017-05-14,19.862925,74.542543,Field Survey
IMG00010,SP0357,OBS015180,IMG00010_SP0357.jpg,Kirti Kale,2025-06-29,19.876161,74.371134,Flora
IMG00011,SP0292,OBS012780,IMG00011_SP0292.jpg,Nikhil Pawar,2023-09-10,19.812006,74.518076,Field Survey
IMG00012,SP0012,,IMG00012_SP0012.jpg,Vikram Joshi,2024-03-06,19.945448,74.421591,Field Survey
IMG00013,SP0418,OBS006841,IMG00013_SP0418.jpg,Sneha More,2023-04-30,19.815373,74.416547,Citizen Submission
IMG00014,SP0279,OBS003541,IMG00014_SP0279.jpg,Neha Pawar,2017-03-06,19.808296,74.391261,Field Survey
IMG00015,SP0275,OBS017536,IMG00015_SP0275.jpg,Rahul Deshpande,2024-09-05,19.906779,74.593038,Habitat
IMG00016,SP0357,,IMG00016_SP0357.jpg,Kirti Kale,2025-11-30,19.915788,74.496204,Citizen Submission
IMG00017,SP0356,OBS008533,IMG00017_SP0356.jpg,Nikhil Pawar,2017-06-29,19.840526,74.427318,Habitat
IMG00018,SP0237,,IMG00018_SP0237.jpg,Nikhil Deshpande,2018-01-06,19.86619,74.494329,Water Body
IMG00019,SP0357,OBS007208,IMG00019_SP0357.jpg,Rahul Pawar,2025-10-26,19.82623,74.505054,Citizen Submission
IMG00020,SP0005,OBS009255,IMG00020_SP0005.jpg,Sandeep More,2023-11-29,19.845778,74.374521,Citizen Submission
IMG00021,SP0231,OBS006203,IMG00021_SP0231.jpg,Priyanka More,2024-04-17,19.8024,74.447016,Wildlife
IMG00022,SP0325,OBS004251,IMG00022_SP0325.jpg,Pooja Shinde,2025-11-29,19.832013,74.473809,Citizen Submission
IMG00023,SP0031,OBS015473,IMG00023_SP0031.jpg,Nikhil Deshpande,2023-12-15,19.821318,74.503413,Wildlife
IMG00024,SP0331,,IMG00024_SP0331.jpg,Amit Kulkarni,2021-11-16,19.8512,74.430264,Citizen Submission
IMG00025,SP0334,OBS017977,IMG00025_SP0334.jpg,Amit Kale,2019-02-19,19.809875,74.350386,Citizen Submission
IMG00026,SP0318,OBS015064,IMG00026_SP0318.jpg,Vikram Jadhav,2022-11-25,19.926735,74.423946,Habitat
IMG00027,SP0189,OBS019594,IMG00027_SP0189.jpg,Nikhil Pawar,2026-07-29,19.830075,74.486008,Flora
IMG00028,SP0004,OBS010884,IMG00028_SP0004.jpg,Swati Shinde,2020-01-20,19.80171,74.5491,Field Survey
IMG00029,SP0260,OBS016481,IMG00029_SP0260.jpg,Rajesh Kulkarni,2026-07-01,19.927021,74.541907,Citizen Submission
IMG00030,SP0017,,IMG00030_SP0017.jpg,Om Shinde,2020-11-13,19.857857,74.402777,Water Body
IMG00031,SP0406,OBS006051,IMG00031_SP0406.jpg,Vikram Joshi,2019-07-24,19.914018,74.451643,Flora
IMG00032,SP0237,OBS018460,IMG00032_SP0237.jpg,Om Shinde,2022-04-14,19.8791,74.598113,Wildlife
IMG00033,SP0404,,IMG00033_SP0404.jpg,Amit Kulkarni,2019-12-02,19.852646,74.400276,Wildlife
IMG00034,SP0402,OBS017032,IMG00034_SP0402.jpg,Sneha Patil,2024-12-25,19.882026,74.354549,Field Survey
IMG00035,SP0029,OBS005045,IMG00035_SP0029.jpg,Kirti Kulkarni,2024-10-13,19.912713,74.46205,Flora
IMG00036,SP0422,OBS004834,IMG00036_SP0422.jpg,Om Bhosale,2022-03-26,19.89852,74.51653,Flora
IMG00037,SP0083,,IMG00037_SP0083.jpg,Nikhil Deshpande,2022-10-03,19.881168,74.474394,Field Survey
IMG00038,SP0410,OBS002641,IMG00038_SP0410.jpg,Sneha Patil,2022-09-11,19.924596,74.381871,Flora
IMG00039,SP0168,,IMG00039_SP0168.jpg,Swati Shinde,2023-08-11,19.896991,74.359893,Water Body
IMG00040,SP0056,OBS016078,IMG00040_SP0056.jpg,Sandeep More,2025-10-17,19.862913,74.49439,Wildlife
IMG00041,SP0325,OBS003212,IMG00041_SP0325.jpg,Neha Pawar,2022-04-21,19.814093,74.496531,Water Body
IMG00042,SP0232,OBS001817,IMG00042_SP0232.jpg,Vikram Joshi,2024-07-16,19.827873,74.511829,Wildlife
IMG00043,SP0432,,IMG00043_SP0432.jpg,Rajesh Kulkarni,2020-02-01,19.840924,74.424069,Citizen Submission
IMG00044,SP0343,OBS015133,IMG00044_SP0343.jpg,Rahul Deshpande,2024-05-18,19.888661,74.494139,Water Body
IMG00045,SP0102,OBS008424,IMG00045_SP0102.jpg,Priyanka Patil,2017-08-11,19.858897,74.539954,Wildlife
IMG00046,SP0259,,IMG00046_SP0259.jpg,Swati Shinde,2023-01-04,19.810949,74.54512,Field Survey
IMG00047,SP0022,,IMG00047_SP0022.jpg,Nikhil Pawar,2019-04-01,19.801743,74.540519,Citizen Submission
IMG00048,SP0119,OBS015465,IMG00048_SP0119.jpg,Tejas Jadhav,2022-07-07,19.827567,74.362381,Field Survey
IMG00049,SP0110,OBS013019,IMG00049_SP0110.jpg,Vikram Joshi,2018-06-14,19.889561,74.437471,Wildlife
IMG00050,SP0453,OBS016692,IMG00050_SP0453.jpg,Kirti Kale,2016-08-19,19.802308,74.417779,Water Body
IMG00051,SP0252,OBS005920,IMG00051_SP0252.jpg,Nikhil Pawar,2018-05-09,19.8059,74.534624,Wildlife
IMG00052,SP0352,OBS009241,IMG00052_SP0352.jpg,Priyanka Patil,2021-02-02,19.921017,74.373474,Citizen Submission
IMG00053,SP0127,,IMG00053_SP0127.jpg,Om Shinde,2026-04-24,19.88337,74.458859,Field Survey
IMG00054,SP0408,,IMG00054_SP0408.jpg,Aarti Joshi,2017-11-04,19.934253,74.537024,Wildlife
IMG00055,SP0158,,IMG00055_SP0158.jpg,Vikram Joshi,2017-03-11,19.804998,74.428066,Wildlife
IMG00056,SP0007,,IMG00056_SP0007.jpg,Om Bhosale,2025-02-10,19.907096,74.464252,Wildlife
IMG00057,SP0019,OBS003197,IMG00057_SP0019.jpg,Nikhil Deshpande,2026-07-01,19.904379,74.574555,Habitat
IMG00058,SP0253,OBS002803,IMG00058_SP0253.jpg,Neha Pawar,2024-01-17,19.837402,74.557039,Habitat
IMG00059,SP0077,OBS000413,IMG00059_SP0077.jpg,Amit Kulkarni,2023-09-18,19.93761,74.559871,Water Body
IMG00060,SP0070,OBS012063,IMG00060_SP0070.jpg,Neha Deshpande,2018-09-28,19.940146,74.57754,Wildlife
IMG00061,SP0002,OBS002998,IMG00061_SP0002.jpg,Vikram Joshi,2020-01-24,19.857088,74.410935,Water Body
IMG00062,SP0460,OBS007973,IMG00062_SP0460.jpg,Rahul Pawar,2021-11-03,19.82103,74.576585,Habitat
IMG00063,SP0019,OBS008853,IMG00063_SP0019.jpg,Aarti Jadhav,2021-04-06,19.849752,74.571092,Habitat
IMG00064,SP0208,,IMG00064_SP0208.jpg,Tejas Jadhav,2019-09-08,19.866886,74.457321,Wildlife
IMG00065,SP0128,OBS006721,IMG00065_SP0128.jpg,Rahul Deshpande,2022-07-02,19.884855,74.459748,Flora
IMG00066,SP0442,OBS002343,IMG00066_SP0442.jpg,Rajesh Kale,2019-07-22,19.855167,74.521184,Habitat
IMG00067,SP0397,OBS003838,IMG00067_SP0397.jpg,Kirti Kale,2022-02-20,19.831927,74.54008,Wildlife
IMG00068,SP0005,OBS003675,IMG00068_SP0005.jpg,Nikhil Deshpande,2026-02-09,19.869376,74.543102,Flora
IMG00069,SP0068,OBS008570,IMG00069_SP0068.jpg,Tejas Jadhav,2020-04-03,19.877845,74.500306,Citizen Submission
IMG00070,SP0011,OBS005634,IMG00070_SP0011.jpg,Nikhil Pawar,2023-08-10,19.858988,74.475288,Field Survey
IMG00071,SP0216,,IMG00071_SP0216.jpg,Nikhil Deshpande,2018-05-13,19.861148,74.539899,Habitat
IMG00072,SP0089,OBS000603,IMG00072_SP0089.jpg,Pooja Bhosale,2024-09-14,19.831485,74.385482,Field Survey
IMG00073,SP0099,OBS008223,IMG00073_SP0099.jpg,Amit Kulkarni,2017-12-08,19.809535,74.375509,Flora
IMG00074,SP0446,OBS005854,IMG00074_SP0446.jpg,Om Bhosale,2023-04-28,19.863127,74.576288,Flora
IMG00075,SP0435,,IMG00075_SP0435.jpg,Kirti Kulkarni,2023-10-18,19.909351,74.408172,Flora
IMG00076,SP0168,OBS015864,IMG00076_SP0168.jpg,Nikhil Deshpande,2022-07-20,19.826532,74.478545,Flora
IMG00077,SP0010,,IMG00077_SP0010.jpg,Om Bhosale,2026-05-28,19.93986,74.362844,Water Body
IMG00078,SP0242,OBS018761,IMG00078_SP0242.jpg,Rahul Deshpande,2019-06-22,19.817535,74.396094,Flora
IMG00079,SP0196,,IMG00079_SP0196.jpg,Nikhil Pawar,2019-04-28,19.806885,74.457834,Flora
IMG00080,SP0223,OBS015416,IMG00080_SP0223.jpg,Aarti Joshi,2025-07-17,19.832001,74.48326,Field Survey
IMG00081,SP0016,,IMG00081_SP0016.jpg,Rahul Deshpande,2026-07-10,19.802802,74.568522,Flora
IMG00082,SP0136,OBS016621,IMG00082_SP0136.jpg,Tejas Joshi,2023-09-22,19.887492,74.528627,Field Survey
IMG00083,SP0130,OBS018960,IMG00083_SP0130.jpg,Priyanka More,2017-07-05,19.835299,74.386072,Habitat
IMG00084,SP0443,OBS018335,IMG00084_SP0443.jpg,Vikram Jadhav,2023-09-07,19.933817,74.584373,Water Body
IMG00085,SP0140,,IMG00085_SP0140.jpg,Sandeep Patil,2018-02-24,19.816563,74.546185,Water Body
IMG00086,SP0164,,IMG00086_SP0164.jpg,Tejas Joshi,2024-06-20,19.818465,74.567227,Wildlife
IMG00087,SP0250,,IMG00087_SP0250.jpg,Sneha More,2022-01-04,19.828016,74.545573,Citizen Submission
IMG00088,SP0157,OBS008852,IMG00088_SP0157.jpg,Amit Kulkarni,2018-02-26,19.850753,74.508926,Flora
IMG00089,SP0413,OBS011873,IMG00089_SP0413.jpg,Amit Kulkarni,2018-07-19,19.891734,74.577991,Citizen Submission
IMG00090,SP0432,OBS000767,IMG00090_SP0432.jpg,Priyanka Patil,2026-07-17,19.907457,74.391913,Wildlife
IMG00091,SP0035,OBS013346,IMG00091_SP0035.jpg,Aarti Joshi,2023-02-08,19.877431,74.561754,Field Survey
IMG00092,SP0199,OBS002774,IMG00092_SP0199.jpg,Kirti Kale,2019-06-30,19.858153,74.467683,Habitat
IMG00093,SP0357,,IMG00093_SP0357.jpg,Tejas Joshi,2021-05-09,19.910769,74.513589,Flora
IMG00094,SP0268,OBS006689,IMG00094_SP0268.jpg,Rahul Deshpande,2025-03-30,19.933484,74.418434,Field Survey
IMG00095,SP0116,OBS001054,IMG00095_SP0116.jpg,Rahul Pawar,2022-11-24,19.948346,74.477413,Wildlife
IMG00096,SP0283,OBS019316,IMG00096_SP0283.jpg,Priyanka Patil,2023-09-12,19.937577,74.531392,Citizen Submission
IMG00097,SP0044,OBS005852,IMG00097_SP0044.jpg,Neha Pawar,2018-06-27,19.918289,74.43584,Citizen Submission
IMG00098,SP0006,OBS011635,IMG00098_SP0006.jpg,Tejas Jadhav,2019-11-11,19.900394,74.599367,Water Body
IMG00099,SP0398,OBS006091,IMG00099_SP0398.jpg,Vikram Joshi,2023-10-12,19.857134,74.525036,Field Survey
IMG00100,SP0115,,IMG00100_SP0115.jpg,Pooja Shinde,2024-10-13,19.900789,74.592758,Citizen Submission
IMG00101,SP0234,,IMG00101_SP0234.jpg,Vikram Jadhav,2016-09-17,19.809471,74.515512,Field Survey
IMG00102,SP0315,OBS015924,IMG00102_SP0315.jpg,Om Bhosale,2016-09-11,19.94576,74.444324,Field Survey
IMG00103,SP0040,OBS002286,IMG00103_SP0040.jpg,Rahul Pawar,2022-05-26,19.845171,74.48491,Citizen Submission
IMG00104,SP0173,OBS008219,IMG00104_SP0173.jpg,Vikram Joshi,2019-01-22,19.908827,74.486494,Field Survey
IMG00105,SP0339,OBS005428,IMG00105_SP0339.jpg,Rahul Deshpande,2019-03-08,19.948911,74.539116,Field Survey
IMG00106,SP0080,OBS017885,IMG00106_SP0080.jpg,Sneha More,2023-03-29,19.916887,74.500083,Flora
IMG00107,SP0114,OBS008900,IMG00107_SP0114.jpg,Tejas Jadhav,2023-01-05,19.931013,74.467769,Flora
IMG00108,SP0254,OBS007367,IMG00108_SP0254.jpg,Sandeep Patil,2018-06-08,19.861426,74.53509,Wildlife
IMG00109,SP0147,OBS001872,IMG00109_SP0147.jpg,Kirti Kale,2021-12-18,19.832341,74.520065,Habitat
IMG00110,SP0306,,IMG00110_SP0306.jpg,Aarti Jadhav,2021-05-31,19.856223,74.362751,Wildlife
IMG00111,SP0125,OBS016174,IMG00111_SP0125.jpg,Priyanka More,2018-06-05,19.805009,74.48062,Water Body
IMG00112,SP0074,OBS018259,IMG00112_SP0074.jpg,Om Bhosale,2022-08-24,19.883189,74.389676,Habitat
IMG00113,SP0342,OBS011012,IMG00113_SP0342.jpg,Vikram Jadhav,2025-11-06,19.838121,74.357977,Flora
IMG00114,SP0153,,IMG00114_SP0153.jpg,Vikram Jadhav,2019-07-19,19.917769,74.599102,Flora
IMG00115,SP0029,OBS019003,IMG00115_SP0029.jpg,Neha Deshpande,2025-01-23,19.912361,74.522879,Wildlife
IMG00116,SP0427,OBS004290,IMG00116_SP0427.jpg,Pooja Shinde,2019-01-02,19.917625,74.468755,Field Survey
IMG00117,SP0162,,IMG00117_SP0162.jpg,Rajesh Kulkarni,2024-02-07,19.870157,74.591489,Citizen Submission
IMG00118,SP0109,OBS001978,IMG00118_SP0109.jpg,Amit Kale,2023-05-20,19.802855,74.546375,Habitat
IMG00119,SP0095,OBS002278,IMG00119_SP0095.jpg,Tejas Joshi,2020-02-29,19.814704,74.380865,Citizen Submission
IMG00120,SP0240,OBS000220,IMG00120_SP0240.jpg,Vikram Jadhav,2017-01-10,19.906098,74.549251,Field Survey
IMG00121,SP0369,OBS018491,IMG00121_SP0369.jpg,Tejas Joshi,2017-03-29,19.943563,74.544965,Habitat
IMG00122,SP0450,,IMG00122_SP0450.jpg,Vikram Joshi,2018-02-13,19.851343,74.539938,Wildlife
IMG00123,SP0309,,IMG00123_SP0309.jpg,Sandeep Patil,2016-09-21,19.926049,74.550466,Water Body
IMG00124,SP0423,OBS012775,IMG00124_SP0423.jpg,Tejas Jadhav,2016-08-14,19.857375,74.4851,Flora
IMG00125,SP0274,OBS007103,IMG00125_SP0274.jpg,Neha Deshpande,2023-03-20,19.836458,74.392724,Field Survey
IMG00126,SP0324,OBS010176,IMG00126_SP0324.jpg,Rahul Pawar,2020-01-04,19.81213,74.582428,Flora
IMG00127,SP0243,OBS005851,IMG00127_SP0243.jpg,Sandeep More,2022-08-03,19.843532,74.582588,Citizen Submission
IMG00128,SP0038,OBS006995,IMG00128_SP0038.jpg,Pooja Shinde,2025-09-11,19.842274,74.497445,Flora
IMG00129,SP0033,OBS017972,IMG00129_SP0033.jpg,Tejas Jadhav,2022-02-13,19.885822,74.476297,Flora
IMG00130,SP0389,OBS012957,IMG00130_SP0389.jpg,Amit Kulkarni,2020-02-06,19.853017,74.452341,Wildlife
IMG00131,SP0133,,IMG00131_SP0133.jpg,Tejas Joshi,2022-06-01,19.871286,74.415503,Habitat
IMG00132,SP0288,OBS002696,IMG00132_SP0288.jpg,Om Shinde,2022-02-24,19.859989,74.362748,Flora
IMG00133,SP0406,,IMG00133_SP0406.jpg,Tejas Jadhav,2019-01-21,19.923852,74.419412,Habitat
IMG00134,SP0329,OBS002294,IMG00134_SP0329.jpg,Pooja Bhosale,2025-01-06,19.872644,74.447797,Citizen Submission
IMG00135,SP0307,OBS004679,IMG00135_SP0307.jpg,Sandeep More,2018-09-04,19.807031,74.461657,Flora
IMG00136,SP0230,OBS006301,IMG00136_SP0230.jpg,Swati Shinde,2018-02-17,19.902026,74.530893,Water Body
IMG00137,SP0038,OBS005443,IMG00137_SP0038.jpg,Rahul Deshpande,2017-04-08,19.873427,74.580328,Habitat
IMG00138,SP0145,,IMG00138_SP0145.jpg,Kirti Kale,2020-10-22,19.884872,74.460264,Citizen Submission
IMG00139,SP0222,OBS001087,IMG00139_SP0222.jpg,Rajesh Kale,2023-02-11,19.859757,74.568266,Flora
IMG00140,SP0105,OBS002082,IMG00140_SP0105.jpg,Kirti Kale,2023-09-23,19.84902,74.552243,Wildlife
IMG00141,SP0258,OBS019673,IMG00141_SP0258.jpg,Om Shinde,2022-03-26,19.862098,74.521027,Flora
IMG00142,SP0020,OBS003332,IMG00142_SP0020.jpg,Om Bhosale,2021-08-15,19.849285,74.56253,Wildlife
IMG00143,SP0054,OBS019510,IMG00143_SP0054.jpg,Tejas Joshi,2022-12-15,19.937985,74.516953,Wildlife
IMG00144,SP0111,,IMG00144_SP0111.jpg,Pooja Bhosale,2020-02-14,19.844655,74.576646,Citizen Submission
IMG00145,SP0198,OBS002087,IMG00145_SP0198.jpg,Tejas Jadhav,2021-09-19,19.827389,74.559938,Citizen Submission
IMG00146,SP0080,,IMG00146_SP0080.jpg,Sandeep More,2018-10-06,19.88744,74.538184,Field Survey
IMG00147,SP0087,,IMG00147_SP0087.jpg,Aarti Jadhav,2019-07-12,19.835893,74.425922,Wildlife
IMG00148,SP0203,,IMG00148_SP0203.jpg,Tejas Joshi,2017-08-25,19.864003,74.403693,Citizen Submission
IMG00149,SP0068,,IMG00149_SP0068.jpg,Nikhil Pawar,2019-04-12,19.9105,74.469342,Flora
IMG00150,SP0444,,IMG00150_SP0444.jpg,Vikram Joshi,2018-11-16,19.86116,74.426575,Field Survey
IMG00151,SP0167,,IMG00151_SP0167.jpg,Priyanka Patil,2026-02-13,19.839247,74.482943,Wildlife
IMG00152,SP0120,OBS002967,IMG00152_SP0120.jpg,Nikhil Deshpande,2017-09-03,19.855311,74.533039,Habitat
IMG00153,SP0423,,IMG00153_SP0423.jpg,Amit Kulkarni,2020-03-30,19.832166,74.519188,Field Survey
IMG00154,SP0184,OBS018776,IMG00154_SP0184.jpg,Aarti Jadhav,2020-10-24,19.935531,74.549308,Field Survey
IMG00155,SP0225,OBS016887,IMG00155_SP0225.jpg,Pooja Shinde,2019-03-27,19.923433,74.51733,Flora
IMG00156,SP0024,,IMG00156_SP0024.jpg,Neha Pawar,2021-01-22,19.860244,74.589199,Flora
IMG00157,SP0038,,IMG00157_SP0038.jpg,Sneha Patil,2020-09-21,19.865965,74.439462,Flora
IMG00158,SP0196,,IMG00158_SP0196.jpg,Rahul Pawar,2019-10-04,19.82136,74.523618,Wildlife
IMG00159,SP0201,OBS006621,IMG00159_SP0201.jpg,Swati Bhosale,2026-01-08,19.940607,74.50349,Habitat
IMG00160,SP0242,OBS018794,IMG00160_SP0242.jpg,Swati Shinde,2021-12-02,19.921816,74.485541,Water Body
IMG00161,SP0281,,IMG00161_SP0281.jpg,Nikhil Pawar,2021-11-06,19.86466,74.559924,Habitat
IMG00162,SP0028,OBS014895,IMG00162_SP0028.jpg,Pooja Shinde,2022-12-27,19.889462,74.53388,Water Body
IMG00163,SP0180,,IMG00163_SP0180.jpg,Kirti Kale,2025-04-20,19.910832,74.567937,Water Body
IMG00164,SP0444,OBS000125,IMG00164_SP0444.jpg,Vikram Joshi,2020-11-22,19.863172,74.364719,Wildlife
IMG00165,SP0392,OBS014908,IMG00165_SP0392.jpg,Aarti Jadhav,2017-07-01,19.836835,74.497376,Field Survey
IMG00166,SP0118,OBS008005,IMG00166_SP0118.jpg,Neha Pawar,2024-04-22,19.903985,74.51649,Field Survey
IMG00167,SP0361,OBS012334,IMG00167_SP0361.jpg,Vikram Jadhav,2019-07-29,19.8194,74.585706,Field Survey
IMG00168,SP0129,OBS019373,IMG00168_SP0129.jpg,Sandeep More,2017-12-17,19.921189,74.354401,Water Body
IMG00169,SP0395,OBS015380,IMG00169_SP0395.jpg,Aarti Joshi,2018-09-12,19.945496,74.369512,Citizen Submission
IMG00170,SP0298,OBS010699,IMG00170_SP0298.jpg,Rahul Deshpande,2024-11-27,19.917612,74.35199,Flora
IMG00171,SP0103,OBS012488,IMG00171_SP0103.jpg,Kirti Kulkarni,2024-08-26,19.806954,74.56952,Flora
IMG00172,SP0284,,IMG00172_SP0284.jpg,Neha Deshpande,2019-05-03,19.826934,74.359978,Habitat
IMG00173,SP0230,OBS017673,IMG00173_SP0230.jpg,Tejas Joshi,2026-07-24,19.814885,74.570607,Wildlife
IMG00174,SP0270,OBS019466,IMG00174_SP0270.jpg,Rahul Pawar,2023-07-13,19.909388,74.593398,Flora
IMG00175,SP0121,OBS006881,IMG00175_SP0121.jpg,Amit Kulkarni,2022-08-17,19.865491,74.477503,Water Body
IMG00176,SP0211,OBS005390,IMG00176_SP0211.jpg,Neha Pawar,2017-04-20,19.836047,74.499977,Habitat
IMG00177,SP0224,,IMG00177_SP0224.jpg,Kirti Kulkarni,2019-02-13,19.901217,74.597725,Field Survey
IMG00178,SP0303,OBS006757,IMG00178_SP0303.jpg,Vikram Jadhav,2021-10-09,19.916945,74.591469,Habitat
IMG00179,SP0107,OBS019610,IMG00179_SP0107.jpg,Aarti Jadhav,2019-09-19,19.824495,74.388974,Habitat
IMG00180,SP0351,OBS012099,IMG00180_SP0351.jpg,Neha Pawar,2020-11-21,19.831288,74.552258,Flora
IMG00181,SP0182,OBS017623,IMG00181_SP0182.jpg,Rajesh Kale,2021-06-25,19.854735,74.386652,Water Body
IMG00182,SP0013,OBS003777,IMG00182_SP0013.jpg,Priyanka More,2021-12-08,19.832132,74.362312,Wildlife
IMG00183,SP0107,OBS006264,IMG00183_SP0107.jpg,Tejas Joshi,2017-08-21,19.948707,74.590281,Citizen Submission
IMG00184,SP0362,OBS017739,IMG00184_SP0362.jpg,Nikhil Pawar,2022-06-01,19.815285,74.557355,Habitat
IMG00185,SP0269,OBS017990,IMG00185_SP0269.jpg,Vikram Joshi,2022-05-03,19.819753,74.372373,Water Body
IMG00186,SP0159,OBS013298,IMG00186_SP0159.jpg,Kirti Kulkarni,2021-10-29,19.843312,74.588701,Water Body
IMG00187,SP0384,OBS006975,IMG00187_SP0384.jpg,Sneha Patil,2023-07-04,19.91112,74.514741,Field Survey
IMG00188,SP0278,,IMG00188_SP0278.jpg,Swati Shinde,2022-02-18,19.873442,74.3757,Habitat
IMG00189,SP0194,,IMG00189_SP0194.jpg,Rahul Deshpande,2026-08-01,19.835342,74.413032,Citizen Submission
IMG00190,SP0334,OBS008810,IMG00190_SP0334.jpg,Om Shinde,2021-04-09,19.931474,74.492599,Wildlife
IMG00191,SP0216,OBS004382,IMG00191_SP0216.jpg,Aarti Joshi,2017-03-27,19.932483,74.361003,Field Survey
IMG00192,SP0390,OBS002766,IMG00192_SP0390.jpg,Sneha More,2018-09-01,19.905715,74.438874,Field Survey
IMG00193,SP0313,OBS001303,IMG00193_SP0313.jpg,Swati Bhosale,2021-08-18,19.864561,74.528253,Field Survey
IMG00194,SP0083,OBS014872,IMG00194_SP0083.jpg,Rahul Deshpande,2018-12-08,19.837923,74.503319,Water Body
IMG00195,SP0016,OBS013120,IMG00195_SP0016.jpg,Sandeep More,2017-05-07,19.889716,74.350921,Citizen Submission
IMG00196,SP0197,OBS010777,IMG00196_SP0197.jpg,Amit Kulkarni,2017-08-05,19.91961,74.561807,Water Body
IMG00197,SP0363,OBS000486,IMG00197_SP0363.jpg,Aarti Joshi,2026-06-29,19.84473,74.484165,Water Body
IMG00198,SP0012,,IMG00198_SP0012.jpg,Sandeep More,2017-07-27,19.930655,74.370265,Field Survey
IMG00199,SP0359,OBS005310,IMG00199_SP0359.jpg,Amit Kale,2022-04-01,19.929533,74.597943,Citizen Submission
IMG00200,SP0098,,IMG00200_SP0098.jpg,Rahul Deshpande,2023-03-17,19.855982,74.416663,Habitat
IMG00201,SP0438,OBS007030,IMG00201_SP0438.jpg,Aarti Jadhav,2025-06-04,19.916086,74.523236,Wildlife
IMG00202,SP0237,OBS010532,IMG00202_SP0237.jpg,Nikhil Deshpande,2020-07-29,19.811605,74.51065,Wildlife
IMG00203,SP0307,OBS010439,IMG00203_SP0307.jpg,Rajesh Kulkarni,2025-03-08,19.919713,74.537823,Citizen Submission
IMG00204,SP0250,OBS005319,IMG00204_SP0250.jpg,Vikram Jadhav,2019-09-07,19.815728,74.458919,Habitat
IMG00205,SP0276,OBS013465,IMG00205_SP0276.jpg,Vikram Jadhav,2022-08-25,19.944491,74.420041,Flora
IMG00206,SP0164,OBS005199,IMG00206_SP0164.jpg,Om Shinde,2016-08-23,19.936351,74.536732,Water Body
IMG00207,SP0380,OBS009040,IMG00207_SP0380.jpg,Rajesh Kulkarni,2023-10-20,19.812333,74.454471,Habitat
IMG00208,SP0407,OBS015022,IMG00208_SP0407.jpg,Rajesh Kale,2021-03-09,19.89005,74.411714,Flora
IMG00209,SP0215,OBS004678,IMG00209_SP0215.jpg,Aarti Jadhav,2022-04-22,19.863697,74.412197,Flora
IMG00210,SP0444,OBS019251,IMG00210_SP0444.jpg,Nikhil Pawar,2019-12-05,19.819525,74.544435,Citizen Submission
IMG00211,SP0365,,IMG00211_SP0365.jpg,Sneha Patil,2023-11-03,19.935285,74.486463,Water Body
IMG00212,SP0115,,IMG00212_SP0115.jpg,Kirti Kulkarni,2016-08-04,19.946929,74.584416,Field Survey
IMG00213,SP0068,OBS019335,IMG00213_SP0068.jpg,Amit Kulkarni,2020-07-21,19.93516,74.492864,Flora
IMG00214,SP0284,OBS011813,IMG00214_SP0284.jpg,Swati Shinde,2022-05-22,19.809904,74.491083,Citizen Submission
IMG00215,SP0406,OBS007065,IMG00215_SP0406.jpg,Aarti Jadhav,2024-06-13,19.871701,74.390646,Habitat
IMG00216,SP0125,OBS003525,IMG00216_SP0125.jpg,Pooja Bhosale,2024-01-18,19.910323,74.494987,Flora
IMG00217,SP0178,,IMG00217_SP0178.jpg,Nikhil Pawar,2017-03-15,19.830715,74.50624,Water Body
IMG00218,SP0321,,IMG00218_SP0321.jpg,Sneha More,2023-09-04,19.946723,74.532986,Water Body
IMG00219,SP0249,OBS009652,IMG00219_SP0249.jpg,Amit Kale,2021-08-05,19.894008,74.592049,Habitat
IMG00220,SP0099,,IMG00220_SP0099.jpg,Om Shinde,2020-07-13,19.849472,74.466554,Citizen Submission
IMG00221,SP0335,OBS012842,IMG00221_SP0335.jpg,Nikhil Pawar,2024-12-12,19.89761,74.496577,Habitat
IMG00222,SP0417,,IMG00222_SP0417.jpg,Kirti Kulkarni,2024-08-17,19.844681,74.384738,Habitat
IMG00223,SP0232,OBS002791,IMG00223_SP0232.jpg,Neha Pawar,2020-12-31,19.807031,74.402781,Flora
IMG00224,SP0156,OBS011144,IMG00224_SP0156.jpg,Om Bhosale,2018-08-03,19.872298,74.538933,Water Body
IMG00225,SP0127,OBS005365,IMG00225_SP0127.jpg,Amit Kulkarni,2024-01-23,19.802625,74.572463,Habitat
IMG00226,SP0059,OBS009396,IMG00226_SP0059.jpg,Vikram Joshi,2022-11-01,19.918589,74.412251,Citizen Submission
IMG00227,SP0120,OBS010285,IMG00227_SP0120.jpg,Kirti Kulkarni,2022-09-15,19.913958,74.383245,Field Survey
IMG00228,SP0145,,IMG00228_SP0145.jpg,Sneha More,2020-09-09,19.873728,74.398609,Flora
IMG00229,SP0408,OBS004357,IMG00229_SP0408.jpg,Sneha Patil,2023-12-24,19.857603,74.407259,Wildlife
IMG00230,SP0185,OBS012772,IMG00230_SP0185.jpg,Priyanka More,2016-12-04,19.85879,74.511825,Wildlife
IMG00231,SP0082,,IMG00231_SP0082.jpg,Aarti Joshi,2017-06-13,19.943377,74.561595,Field Survey
IMG00232,SP0102,OBS007847,IMG00232_SP0102.jpg,Kirti Kulkarni,2021-10-28,19.825416,74.492799,Flora
IMG00233,SP0251,OBS002388,IMG00233_SP0251.jpg,Sneha Patil,2026-08-02,19.829483,74.404552,Wildlife
IMG00234,SP0357,OBS018360,IMG00234_SP0357.jpg,Amit Kale,2024-05-06,19.914432,74.388927,Wildlife
IMG00235,SP0021,,IMG00235_SP0021.jpg,Aarti Jadhav,2025-08-17,19.93519,74.431932,Wildlife
IMG00236,SP0369,OBS006326,IMG00236_SP0369.jpg,Pooja Bhosale,2024-12-18,19.854685,74.383884,Flora
IMG00237,SP0194,,IMG00237_SP0194.jpg,Rahul Pawar,2021-07-12,19.841714,74.41344,Flora
IMG00238,SP0170,,IMG00238_SP0170.jpg,Amit Kale,2022-09-22,19.868048,74.597346,Habitat
IMG00239,SP0068,,IMG00239_SP0068.jpg,Om Shinde,2026-06-13,19.846305,74.561805,Wildlife
IMG00240,SP0425,OBS002856,IMG00240_SP0425.jpg,Om Bhosale,2023-11-28,19.879604,74.508646,Water Body
IMG00241,SP0435,,IMG00241_SP0435.jpg,Kirti Kulkarni,2025-05-01,19.84382,74.357943,Habitat
IMG00242,SP0440,OBS009959,IMG00242_SP0440.jpg,Aarti Joshi,2017-09-21,19.945321,74.462674,Field Survey
IMG00243,SP0130,OBS014664,IMG00243_SP0130.jpg,Tejas Jadhav,2024-10-27,19.839873,74.413652,Habitat
IMG00244,SP0133,,IMG00244_SP0133.jpg,Rajesh Kale,2019-03-21,19.800312,74.467726,Field Survey
IMG00245,SP0077,OBS014731,IMG00245_SP0077.jpg,Kirti Kulkarni,2021-01-06,19.820361,74.36349,Field Survey
IMG00246,SP0226,OBS008621,IMG00246_SP0226.jpg,Neha Pawar,2022-05-30,19.898676,74.353136,Habitat
IMG00247,SP0403,,IMG00247_SP0403.jpg,Pooja Bhosale,2017-10-13,19.875821,74.531383,Citizen Submission
IMG00248,SP0425,OBS015349,IMG00248_SP0425.jpg,Sneha Patil,2024-02-21,19.947682,74.426414,Flora
IMG00249,SP0239,OBS014073,IMG00249_SP0239.jpg,Pooja Shinde,2021-02-22,19.832492,74.493207,Flora
IMG00250,SP0034,OBS006674,IMG00250_SP0034.jpg,Rahul Pawar,2022-08-04,19.893627,74.563669,Citizen Submission
IMG00251,SP0011,OBS019363,IMG00251_SP0011.jpg,Kirti Kale,2019-06-15,19.858104,74.447924,Habitat
IMG00252,SP0341,,IMG00252_SP0341.jpg,Priyanka Patil,2019-08-11,19.891963,74.469895,Flora
IMG00253,SP0100,,IMG00253_SP0100.jpg,Pooja Shinde,2024-08-29,19.909568,74.40137,Wildlife
IMG00254,SP0207,OBS005296,IMG00254_SP0207.jpg,Pooja Shinde,2020-07-22,19.892988,74.592883,Habitat
IMG00255,SP0048,,IMG00255_SP0048.jpg,Neha Deshpande,2023-01-14,19.838717,74.397334,Citizen Submission
IMG00256,SP0135,OBS015692,IMG00256_SP0135.jpg,Sneha Patil,2017-06-27,19.868991,74.424577,Field Survey
IMG00257,SP0370,OBS011199,IMG00257_SP0370.jpg,Tejas Joshi,2023-03-24,19.87688,74.47193,Citizen Submission
IMG00258,SP0340,OBS010787,IMG00258_SP0340.jpg,Sandeep More,2026-07-15,19.928066,74.468357,Flora
IMG00259,SP0402,OBS019768,IMG00259_SP0402.jpg,Neha Pawar,2026-01-30,19.807821,74.385249,Field Survey
IMG00260,SP0207,OBS009368,IMG00260_SP0207.jpg,Om Shinde,2024-01-18,19.831783,74.576956,Flora
IMG00261,SP0005,OBS005091,IMG00261_SP0005.jpg,Nikhil Pawar,2023-10-04,19.853168,74.370052,Wildlife
IMG00262,SP0092,OBS005982,IMG00262_SP0092.jpg,Om Bhosale,2023-10-21,19.867916,74.433081,Field Survey
IMG00263,SP0430,,IMG00263_SP0430.jpg,Pooja Shinde,2017-01-12,19.934967,74.369212,Field Survey
IMG00264,SP0385,OBS010447,IMG00264_SP0385.jpg,Amit Kulkarni,2026-04-07,19.920946,74.382259,Flora
IMG00265,SP0446,OBS006517,IMG00265_SP0446.jpg,Sneha Patil,2021-10-16,19.871097,74.463638,Flora
IMG00266,SP0055,OBS013905,IMG00266_SP0055.jpg,Rahul Deshpande,2020-09-16,19.853093,74.383003,Field Survey
IMG00267,SP0410,OBS017802,IMG00267_SP0410.jpg,Vikram Joshi,2019-08-20,19.945531,74.534595,Habitat
IMG00268,SP0191,OBS008573,IMG00268_SP0191.jpg,Vikram Joshi,2019-11-09,19.824571,74.51861,Water Body
IMG00269,SP0033,OBS000444,IMG00269_SP0033.jpg,Om Bhosale,2025-08-21,19.850782,74.565054,Water Body
IMG00270,SP0428,,IMG00270_SP0428.jpg,Neha Pawar,2026-07-16,19.877948,74.504396,Wildlife
IMG00271,SP0393,OBS012173,IMG00271_SP0393.jpg,Rahul Pawar,2021-08-20,19.935722,74.498098,Water Body
IMG00272,SP0287,,IMG00272_SP0287.jpg,Rahul Deshpande,2017-02-25,19.915683,74.524043,Wildlife
IMG00273,SP0361,OBS007305,IMG00273_SP0361.jpg,Swati Shinde,2025-04-08,19.896077,74.371132,Citizen Submission
IMG00274,SP0426,OBS000669,IMG00274_SP0426.jpg,Tejas Jadhav,2016-08-06,19.912701,74.551776,Citizen Submission
IMG00275,SP0205,OBS012831,IMG00275_SP0205.jpg,Rajesh Kale,2022-03-11,19.885772,74.486067,Field Survey
IMG00276,SP0250,OBS013124,IMG00276_SP0250.jpg,Priyanka More,2025-10-29,19.927997,74.434747,Flora
IMG00277,SP0072,OBS009641,IMG00277_SP0072.jpg,Nikhil Pawar,2026-07-15,19.815161,74.355216,Water Body
IMG00278,SP0393,OBS009992,IMG00278_SP0393.jpg,Pooja Bhosale,2022-07-24,19.900397,74.469463,Field Survey
IMG00279,SP0453,OBS000924,IMG00279_SP0453.jpg,Kirti Kale,2017-02-23,19.891461,74.49745,Wildlife
IMG00280,SP0158,OBS008182,IMG00280_SP0158.jpg,Sandeep Patil,2025-04-29,19.842203,74.428353,Habitat
IMG00281,SP0399,OBS010253,IMG00281_SP0399.jpg,Tejas Jadhav,2019-04-08,19.899219,74.560491,Habitat
IMG00282,SP0244,OBS018700,IMG00282_SP0244.jpg,Aarti Jadhav,2024-04-07,19.838951,74.390155,Flora
IMG00283,SP0459,,IMG00283_SP0459.jpg,Rajesh Kale,2025-05-11,19.8717,74.545133,Wildlife
IMG00284,SP0126,OBS005607,IMG00284_SP0126.jpg,Aarti Joshi,2026-06-25,19.926493,74.360296,Citizen Submission
IMG00285,SP0051,OBS002935,IMG00285_SP0051.jpg,Rahul Pawar,2018-11-10,19.922942,74.554779,Water Body
IMG00286,SP0384,OBS018125,IMG00286_SP0384.jpg,Vikram Joshi,2022-08-04,19.930711,74.353327,Field Survey
IMG00287,SP0412,OBS004612,IMG00287_SP0412.jpg,Priyanka More,2019-11-08,19.838164,74.460804,Wildlife
IMG00288,SP0147,,IMG00288_SP0147.jpg,Sandeep More,2024-01-09,19.814982,74.454167,Flora
IMG00289,SP0273,,IMG00289_SP0273.jpg,Vikram Joshi,2020-03-23,19.809624,74.421751,Flora
IMG00290,SP0017,OBS019120,IMG00290_SP0017.jpg,Om Shinde,2023-11-09,19.81306,74.377842,Field Survey
IMG00291,SP0039,OBS015931,IMG00291_SP0039.jpg,Amit Kulkarni,2023-09-03,19.922444,74.471778,Water Body
IMG00292,SP0121,OBS013696,IMG00292_SP0121.jpg,Sandeep More,2020-09-09,19.946797,74.484498,Water Body
IMG00293,SP0013,,IMG00293_SP0013.jpg,Aarti Jadhav,2021-05-27,19.844958,74.564352,Wildlife
IMG00294,SP0087,,IMG00294_SP0087.jpg,Swati Bhosale,2019-06-01,19.838391,74.383045,Flora
IMG00295,SP0207,OBS015128,IMG00295_SP0207.jpg,Swati Shinde,2021-10-22,19.84781,74.547478,Field Survey
IMG00296,SP0121,OBS017437,IMG00296_SP0121.jpg,Vikram Joshi,2020-11-13,19.801826,74.355222,Flora
IMG00297,SP0182,OBS001018,IMG00297_SP0182.jpg,Om Bhosale,2018-09-21,19.82947,74.599467,Flora
IMG00298,SP0070,OBS002379,IMG00298_SP0070.jpg,Amit Kulkarni,2017-06-09,19.846994,74.561743,Water Body
IMG00299,SP0109,,IMG00299_SP0109.jpg,Neha Deshpande,2024-05-26,19.813176,74.386817,Habitat
IMG00300,SP0426,,IMG00300_SP0426.jpg,Rahul Deshpande,2024-10-22,19.806107,74.486544,Habitat
IMG00301,SP0451,OBS004906,IMG00301_SP0451.jpg,Aarti Jadhav,2025-02-22,19.861449,74.394923,Flora
IMG00302,SP0447,OBS010344,IMG00302_SP0447.jpg,Sneha Patil,2018-03-12,19.923244,74.497574,Citizen Submission
IMG00303,SP0161,OBS018204,IMG00303_SP0161.jpg,Amit Kulkarni,2025-06-14,19.935721,74.415973,Field Survey
IMG00304,SP0104,OBS003896,IMG00304_SP0104.jpg,Kirti Kale,2025-05-20,19.837635,74.553182,Citizen Submission
IMG00305,SP0115,OBS000259,IMG00305_SP0115.jpg,Nikhil Pawar,2016-11-12,19.838978,74.386126,Water Body
IMG00306,SP0065,OBS019102,IMG00306_SP0065.jpg,Neha Pawar,2022-01-14,19.919648,74.47526,Wildlife
IMG00307,SP0101,OBS015598,IMG00307_SP0101.jpg,Kirti Kulkarni,2019-06-25,19.893162,74.48312,Field Survey
IMG00308,SP0235,,IMG00308_SP0235.jpg,Aarti Jadhav,2022-01-16,19.830408,74.352766,Citizen Submission
IMG00309,SP0297,OBS019632,IMG00309_SP0297.jpg,Om Bhosale,2026-01-05,19.806801,74.420743,Flora
IMG00310,SP0144,,IMG00310_SP0144.jpg,Aarti Joshi,2025-07-28,19.80074,74.374346,Citizen Submission
IMG00311,SP0422,OBS009636,IMG00311_SP0422.jpg,Neha Deshpande,2018-07-13,19.888782,74.526182,Wildlife
IMG00312,SP0054,,IMG00312_SP0054.jpg,Aarti Joshi,2025-01-10,19.887379,74.555921,Habitat
IMG00313,SP0057,OBS009143,IMG00313_SP0057.jpg,Om Shinde,2020-09-16,19.809417,74.392556,Water Body
IMG00314,SP0405,OBS019742,IMG00314_SP0405.jpg,Aarti Jadhav,2021-02-26,19.841391,74.536981,Wildlife
IMG00315,SP0024,OBS000889,IMG00315_SP0024.jpg,Aarti Jadhav,2021-10-22,19.869259,74.424411,Water Body
IMG00316,SP0460,OBS001535,IMG00316_SP0460.jpg,Amit Kulkarni,2022-03-12,19.805714,74.404349,Citizen Submission
IMG00317,SP0069,OBS015141,IMG00317_SP0069.jpg,Om Shinde,2025-10-10,19.907472,74.401456,Water Body
IMG00318,SP0268,OBS003239,IMG00318_SP0268.jpg,Amit Kale,2025-05-14,19.857236,74.569981,Habitat
IMG00319,SP0083,,IMG00319_SP0083.jpg,Swati Shinde,2020-10-21,19.809065,74.493557,Wildlife
IMG00320,SP0123,OBS011026,IMG00320_SP0123.jpg,Rajesh Kale,2023-05-22,19.837096,74.596561,Water Body
IMG00321,SP0389,OBS001395,IMG00321_SP0389.jpg,Rahul Deshpande,2024-01-28,19.949503,74.597339,Habitat
IMG00322,SP0186,,IMG00322_SP0186.jpg,Kirti Kulkarni,2019-07-24,19.834805,74.362647,Citizen Submission
IMG00323,SP0374,,IMG00323_SP0374.jpg,Pooja Shinde,2024-12-09,19.824689,74.423342,Citizen Submission
IMG00324,SP0113,OBS008382,IMG00324_SP0113.jpg,Sneha More,2016-09-28,19.810196,74.425451,Field Survey
IMG00325,SP0243,OBS003647,IMG00325_SP0243.jpg,Sandeep Patil,2020-01-08,19.881206,74.485928,Habitat
IMG00326,SP0250,OBS003380,IMG00326_SP0250.jpg,Tejas Jadhav,2020-11-28,19.904902,74.394536,Wildlife
IMG00327,SP0315,,IMG00327_SP0315.jpg,Tejas Jadhav,2025-01-04,19.893724,74.592673,Field Survey
IMG00328,SP0247,OBS014290,IMG00328_SP0247.jpg,Pooja Shinde,2021-06-03,19.874303,74.546919,Water Body
IMG00329,SP0055,OBS018779,IMG00329_SP0055.jpg,Neha Deshpande,2025-08-23,19.800303,74.53079,Citizen Submission
IMG00330,SP0023,OBS002537,IMG00330_SP0023.jpg,Nikhil Pawar,2019-03-11,19.921488,74.577915,Citizen Submission
IMG00331,SP0220,OBS012790,IMG00331_SP0220.jpg,Rahul Deshpande,2023-01-25,19.849808,74.429439,Wildlife
IMG00332,SP0402,OBS004918,IMG00332_SP0402.jpg,Vikram Joshi,2023-05-01,19.827701,74.474,Habitat
IMG00333,SP0233,OBS002097,IMG00333_SP0233.jpg,Rajesh Kulkarni,2019-06-29,19.845245,74.569946,Wildlife
IMG00334,SP0062,OBS019986,IMG00334_SP0062.jpg,Sneha Patil,2024-07-03,19.893043,74.390032,Water Body
IMG00335,SP0097,OBS015796,IMG00335_SP0097.jpg,Kirti Kale,2021-05-24,19.850774,74.446775,Habitat
IMG00336,SP0449,OBS017491,IMG00336_SP0449.jpg,Rahul Deshpande,2026-03-28,19.84818,74.350512,Wildlife
IMG00337,SP0439,OBS006221,IMG00337_SP0439.jpg,Sandeep More,2017-11-19,19.861138,74.550591,Citizen Submission
IMG00338,SP0018,OBS003319,IMG00338_SP0018.jpg,Sneha Patil,2025-04-09,19.806992,74.570225,Field Survey
IMG00339,SP0375,OBS010899,IMG00339_SP0375.jpg,Swati Bhosale,2018-02-12,19.813782,74.402387,Flora
IMG00340,SP0329,OBS012890,IMG00340_SP0329.jpg,Priyanka More,2024-11-18,19.883864,74.547999,Field Survey
IMG00341,SP0230,OBS019434,IMG00341_SP0230.jpg,Swati Bhosale,2026-06-06,19.832779,74.593766,Field Survey
IMG00342,SP0417,OBS009602,IMG00342_SP0417.jpg,Priyanka Patil,2019-12-07,19.884479,74.4522,Habitat
IMG00343,SP0065,OBS012807,IMG00343_SP0065.jpg,Kirti Kulkarni,2021-10-15,19.800451,74.437047,Wildlife
IMG00344,SP0123,OBS016707,IMG00344_SP0123.jpg,Sneha More,2022-09-06,19.930822,74.538045,Habitat
IMG00345,SP0110,OBS013593,IMG00345_SP0110.jpg,Priyanka More,2022-02-22,19.883476,74.563115,Citizen Submission
IMG00346,SP0005,,IMG00346_SP0005.jpg,Rahul Deshpande,2020-11-16,19.882929,74.373764,Water Body
IMG00347,SP0221,OBS013551,IMG00347_SP0221.jpg,Swati Shinde,2025-08-09,19.895353,74.563678,Flora
IMG00348,SP0448,,IMG00348_SP0448.jpg,Vikram Joshi,2023-01-30,19.878483,74.487766,Field Survey
IMG00349,SP0420,OBS002372,IMG00349_SP0420.jpg,Sneha Patil,2019-12-20,19.912034,74.356341,Flora
IMG00350,SP0359,,IMG00350_SP0359.jpg,Pooja Shinde,2019-09-08,19.946958,74.36824,Field Survey
IMG00351,SP0432,,IMG00351_SP0432.jpg,Kirti Kulkarni,2021-09-09,19.842179,74.406389,Flora
IMG00352,SP0216,OBS014507,IMG00352_SP0216.jpg,Neha Pawar,2023-02-15,19.869541,74.537829,Field Survey
IMG00353,SP0254,OBS014985,IMG00353_SP0254.jpg,Nikhil Pawar,2025-08-11,19.800483,74.563411,Habitat
IMG00354,SP0358,OBS001279,IMG00354_SP0358.jpg,Aarti Joshi,2019-04-18,19.922447,74.424776,Flora
IMG00355,SP0438,OBS002731,IMG00355_SP0438.jpg,Kirti Kale,2021-07-07,19.83292,74.38999,Habitat
IMG00356,SP0176,,IMG00356_SP0176.jpg,Priyanka Patil,2017-07-23,19.941021,74.567263,Flora
IMG00357,SP0089,OBS005917,IMG00357_SP0089.jpg,Pooja Bhosale,2019-06-04,19.843678,74.563857,Water Body
IMG00358,SP0231,OBS011275,IMG00358_SP0231.jpg,Aarti Jadhav,2021-11-22,19.900946,74.356631,Habitat
IMG00359,SP0438,,IMG00359_SP0438.jpg,Aarti Joshi,2017-07-18,19.903279,74.498658,Habitat
IMG00360,SP0449,,IMG00360_SP0449.jpg,Om Shinde,2018-08-26,19.838975,74.462806,Field Survey
IMG00361,SP0412,OBS018986,IMG00361_SP0412.jpg,Sandeep More,2017-05-10,19.948944,74.514945,Water Body
IMG00362,SP0183,,IMG00362_SP0183.jpg,Vikram Joshi,2017-11-29,19.9059,74.508328,Habitat
IMG00363,SP0242,OBS016715,IMG00363_SP0242.jpg,Sneha More,2026-05-09,19.842214,74.553253,Habitat
IMG00364,SP0314,OBS006835,IMG00364_SP0314.jpg,Vikram Joshi,2023-05-12,19.861832,74.549729,Flora
IMG00365,SP0118,OBS011878,IMG00365_SP0118.jpg,Aarti Jadhav,2025-04-21,19.833715,74.560613,Flora
IMG00366,SP0026,OBS002941,IMG00366_SP0026.jpg,Tejas Jadhav,2016-09-29,19.876768,74.455478,Wildlife
IMG00367,SP0014,OBS008956,IMG00367_SP0014.jpg,Rajesh Kale,2024-06-11,19.930723,74.468438,Field Survey
IMG00368,SP0213,OBS005785,IMG00368_SP0213.jpg,Rajesh Kulkarni,2021-10-31,19.85263,74.487336,Habitat
IMG00369,SP0072,OBS019752,IMG00369_SP0072.jpg,Rajesh Kale,2025-12-17,19.923731,74.565616,Water Body
IMG00370,SP0129,OBS009815,IMG00370_SP0129.jpg,Priyanka More,2019-04-06,19.933359,74.417843,Wildlife
IMG00371,SP0437,OBS018281,IMG00371_SP0437.jpg,Om Shinde,2024-02-08,19.885747,74.357393,Field Survey
IMG00372,SP0081,OBS011171,IMG00372_SP0081.jpg,Sneha Patil,2024-04-23,19.894617,74.58643,Wildlife
IMG00373,SP0124,OBS017736,IMG00373_SP0124.jpg,Neha Deshpande,2022-01-18,19.904722,74.437253,Citizen Submission
IMG00374,SP0351,OBS006986,IMG00374_SP0351.jpg,Rahul Deshpande,2025-03-07,19.827011,74.485516,Water Body
IMG00375,SP0106,OBS010781,IMG00375_SP0106.jpg,Neha Pawar,2023-08-29,19.870079,74.396079,Wildlife
IMG00376,SP0162,OBS006006,IMG00376_SP0162.jpg,Nikhil Deshpande,2022-12-25,19.810852,74.457809,Habitat
IMG00377,SP0060,OBS003951,IMG00377_SP0060.jpg,Priyanka More,2026-05-21,19.87718,74.367729,Habitat
IMG00378,SP0245,OBS014199,IMG00378_SP0245.jpg,Pooja Shinde,2025-09-24,19.827007,74.439032,Flora
IMG00379,SP0239,OBS018480,IMG00379_SP0239.jpg,Om Bhosale,2018-09-14,19.933445,74.542044,Habitat
IMG00380,SP0370,,IMG00380_SP0370.jpg,Sandeep More,2026-06-11,19.84243,74.483669,Field Survey
IMG00381,SP0113,,IMG00381_SP0113.jpg,Sandeep More,2020-12-26,19.897096,74.509334,Wildlife
IMG00382,SP0082,OBS002431,IMG00382_SP0082.jpg,Sneha Patil,2016-08-16,19.915696,74.371457,Wildlife
IMG00383,SP0167,OBS010098,IMG00383_SP0167.jpg,Sneha Patil,2020-03-10,19.803815,74.459101,Flora
IMG00384,SP0441,,IMG00384_SP0441.jpg,Pooja Bhosale,2023-09-19,19.946104,74.582011,Flora
IMG00385,SP0075,OBS012652,IMG00385_SP0075.jpg,Kirti Kale,2017-12-03,19.823052,74.542997,Habitat
IMG00386,SP0125,OBS017010,IMG00386_SP0125.jpg,Kirti Kale,2018-04-22,19.835436,74.553606,Habitat
IMG00387,SP0457,OBS007351,IMG00387_SP0457.jpg,Sneha More,2026-03-08,19.903996,74.539797,Citizen Submission
IMG00388,SP0373,OBS005531,IMG00388_SP0373.jpg,Rahul Deshpande,2024-02-14,19.828426,74.365755,Flora
IMG00389,SP0395,OBS017372,IMG00389_SP0395.jpg,Sneha More,2017-01-24,19.946003,74.381473,Flora
IMG00390,SP0330,,IMG00390_SP0330.jpg,Swati Bhosale,2024-09-24,19.949885,74.509254,Citizen Submission
IMG00391,SP0133,OBS013381,IMG00391_SP0133.jpg,Om Shinde,2024-04-20,19.898355,74.56593,Water Body
IMG00392,SP0034,OBS016313,IMG00392_SP0034.jpg,Aarti Jadhav,2019-07-11,19.906716,74.365553,Field Survey
IMG00393,SP0206,OBS007834,IMG00393_SP0206.jpg,Swati Bhosale,2020-07-10,19.845715,74.452561,Water Body
IMG00394,SP0137,OBS017721,IMG00394_SP0137.jpg,Sneha Patil,2022-07-31,19.801836,74.516022,Habitat
IMG00395,SP0390,,IMG00395_SP0390.jpg,Pooja Bhosale,2021-04-02,19.80309,74.568534,Habitat
IMG00396,SP0369,,IMG00396_SP0369.jpg,Rahul Pawar,2017-01-16,19.928337,74.488284,Flora
IMG00397,SP0418,OBS000825,IMG00397_SP0418.jpg,Neha Pawar,2019-11-02,19.938039,74.57189,Citizen Submission
IMG00398,SP0417,OBS015523,IMG00398_SP0417.jpg,Rahul Deshpande,2025-10-03,19.896533,74.442608,Field Survey
IMG00399,SP0028,,IMG00399_SP0028.jpg,Swati Shinde,2025-03-23,19.892764,74.5017,Flora
IMG00400,SP0380,OBS007247,IMG00400_SP0380.jpg,Swati Shinde,2018-03-20,19.928207,74.47358,Habitat
IMG00401,SP0239,,IMG00401_SP0239.jpg,Rahul Deshpande,2021-01-28,19.884666,74.400348,Citizen Submission
IMG00402,SP0072,OBS013462,IMG00402_SP0072.jpg,Rahul Pawar,2024-01-29,19.893875,74.410702,Wildlife
IMG00403,SP0351,OBS017819,IMG00403_SP0351.jpg,Tejas Joshi,2020-08-03,19.878666,74.437318,Wildlife
IMG00404,SP0176,OBS006796,IMG00404_SP0176.jpg,Om Bhosale,2018-09-27,19.927924,74.394836,Citizen Submission
IMG00405,SP0081,OBS010917,IMG00405_SP0081.jpg,Om Bhosale,2019-06-07,19.877124,74.53138,Water Body
IMG00406,SP0289,,IMG00406_SP0289.jpg,Priyanka Patil,2019-11-17,19.832295,74.371487,Flora
IMG00407,SP0316,OBS013756,IMG00407_SP0316.jpg,Aarti Jadhav,2025-01-25,19.873066,74.580879,Citizen Submission
IMG00408,SP0139,OBS019641,IMG00408_SP0139.jpg,Vikram Joshi,2020-03-23,19.940487,74.569335,Water Body
IMG00409,SP0105,,IMG00409_SP0105.jpg,Om Bhosale,2020-08-17,19.899777,74.571416,Water Body
IMG00410,SP0404,OBS006738,IMG00410_SP0404.jpg,Vikram Joshi,2026-06-21,19.930654,74.526341,Citizen Submission
IMG00411,SP0222,,IMG00411_SP0222.jpg,Aarti Jadhav,2022-12-19,19.88066,74.351942,Field Survey
IMG00412,SP0289,OBS009920,IMG00412_SP0289.jpg,Swati Shinde,2016-12-22,19.846111,74.597862,Water Body
IMG00413,SP0070,OBS015199,IMG00413_SP0070.jpg,Kirti Kale,2023-02-13,19.840921,74.589995,Citizen Submission
IMG00414,SP0130,,IMG00414_SP0130.jpg,Amit Kulkarni,2017-05-26,19.821002,74.40125,Field Survey
IMG00415,SP0272,OBS011130,IMG00415_SP0272.jpg,Sandeep Patil,2017-12-08,19.935018,74.397434,Citizen Submission
IMG00416,SP0446,OBS004049,IMG00416_SP0446.jpg,Swati Bhosale,2017-09-30,19.932982,74.477936,Field Survey
IMG00417,SP0317,,IMG00417_SP0317.jpg,Neha Pawar,2017-05-22,19.872857,74.418348,Wildlife
IMG00418,SP0386,OBS004372,IMG00418_SP0386.jpg,Rajesh Kulkarni,2023-03-09,19.881992,74.586857,Wildlife
IMG00419,SP0061,OBS003633,IMG00419_SP0061.jpg,Kirti Kulkarni,2024-07-24,19.910701,74.426328,Wildlife
IMG00420,SP0392,,IMG00420_SP0392.jpg,Rahul Pawar,2021-09-01,19.927401,74.543075,Flora
IMG00421,SP0336,OBS002642,IMG00421_SP0336.jpg,Om Shinde,2024-07-04,19.895254,74.432549,Citizen Submission
IMG00422,SP0200,,IMG00422_SP0200.jpg,Sneha Patil,2021-09-05,19.870838,74.561125,Citizen Submission
IMG00423,SP0308,OBS004169,IMG00423_SP0308.jpg,Rajesh Kale,2025-03-30,19.80326,74.385442,Flora
IMG00424,SP0378,OBS008276,IMG00424_SP0378.jpg,Sneha Patil,2016-12-06,19.931835,74.465393,Water Body
IMG00425,SP0351,OBS000272,IMG00425_SP0351.jpg,Sandeep More,2017-05-26,19.837339,74.386017,Flora
IMG00426,SP0029,,IMG00426_SP0029.jpg,Amit Kulkarni,2019-03-06,19.820419,74.505403,Field Survey
IMG00427,SP0398,,IMG00427_SP0398.jpg,Amit Kulkarni,2020-10-26,19.894784,74.365852,Citizen Submission
IMG00428,SP0102,OBS005307,IMG00428_SP0102.jpg,Vikram Joshi,2022-04-22,19.865872,74.473257,Field Survey
IMG00429,SP0316,,IMG00429_SP0316.jpg,Aarti Joshi,2025-11-25,19.842967,74.55365,Water Body
IMG00430,SP0209,,IMG00430_SP0209.jpg,Rahul Pawar,2018-07-01,19.886512,74.483579,Water Body
IMG00431,SP0300,,IMG00431_SP0300.jpg,Neha Pawar,2019-02-01,19.93654,74.511754,Wildlife
IMG00432,SP0273,OBS016105,IMG00432_SP0273.jpg,Om Shinde,2016-08-15,19.87132,74.426334,Wildlife
IMG00433,SP0331,OBS004828,IMG00433_SP0331.jpg,Rajesh Kulkarni,2019-06-29,19.856478,74.450995,Water Body
IMG00434,SP0408,OBS016180,IMG00434_SP0408.jpg,Kirti Kale,2022-02-19,19.905398,74.593529,Field Survey
IMG00435,SP0237,OBS010961,IMG00435_SP0237.jpg,Sneha More,2017-11-14,19.827435,74.593474,Wildlife
IMG00436,SP0151,OBS017524,IMG00436_SP0151.jpg,Sneha More,2020-01-28,19.880456,74.592786,Habitat
IMG00437,SP0394,OBS012430,IMG00437_SP0394.jpg,Amit Kulkarni,2020-05-27,19.833926,74.552558,Citizen Submission
IMG00438,SP0055,,IMG00438_SP0055.jpg,Pooja Bhosale,2022-06-08,19.883552,74.523205,Citizen Submission
IMG00439,SP0120,OBS003421,IMG00439_SP0120.jpg,Nikhil Deshpande,2020-06-06,19.800511,74.44899,Wildlife
IMG00440,SP0367,OBS013315,IMG00440_SP0367.jpg,Tejas Joshi,2025-08-05,19.898231,74.412675,Citizen Submission
IMG00441,SP0333,OBS015917,IMG00441_SP0333.jpg,Om Bhosale,2025-11-07,19.867551,74.500504,Water Body
IMG00442,SP0247,OBS001609,IMG00442_SP0247.jpg,Rahul Deshpande,2025-07-07,19.864168,74.573735,Water Body
IMG00443,SP0248,,IMG00443_SP0248.jpg,Neha Deshpande,2022-06-05,19.829498,74.535909,Field Survey
IMG00444,SP0088,OBS014239,IMG00444_SP0088.jpg,Pooja Bhosale,2025-03-06,19.902021,74.523933,Water Body
IMG00445,SP0359,OBS014948,IMG00445_SP0359.jpg,Vikram Joshi,2019-09-26,19.805209,74.56952,Flora
IMG00446,SP0077,OBS016436,IMG00446_SP0077.jpg,Sandeep More,2022-06-09,19.948762,74.586997,Wildlife
IMG00447,SP0131,OBS016965,IMG00447_SP0131.jpg,Pooja Shinde,2022-09-06,19.87832,74.359251,Flora
IMG00448,SP0106,,IMG00448_SP0106.jpg,Sneha Patil,2022-09-10,19.833718,74.437872,Citizen Submission
IMG00449,SP0255,OBS015395,IMG00449_SP0255.jpg,Amit Kulkarni,2018-12-27,19.924851,74.453829,Citizen Submission
IMG00450,SP0125,,IMG00450_SP0125.jpg,Neha Pawar,2023-09-17,19.828816,74.369124,Flora
IMG00451,SP0369,OBS011154,IMG00451_SP0369.jpg,Swati Shinde,2019-05-23,19.9013,74.517844,Flora
IMG00452,SP0308,OBS003010,IMG00452_SP0308.jpg,Rajesh Kale,2026-02-16,19.827305,74.404518,Field Survey
IMG00453,SP0067,OBS017650,IMG00453_SP0067.jpg,Sandeep More,2018-05-02,19.848939,74.479873,Habitat
IMG00454,SP0327,OBS007102,IMG00454_SP0327.jpg,Tejas Joshi,2026-04-26,19.80059,74.516332,Habitat
IMG00455,SP0305,OBS002105,IMG00455_SP0305.jpg,Amit Kulkarni,2019-10-30,19.86518,74.488194,Field Survey
IMG00456,SP0348,,IMG00456_SP0348.jpg,Rahul Pawar,2022-02-22,19.838727,74.408722,Citizen Submission
IMG00457,SP0021,,IMG00457_SP0021.jpg,Rajesh Kulkarni,2017-02-17,19.800732,74.369455,Water Body
IMG00458,SP0203,OBS017941,IMG00458_SP0203.jpg,Aarti Jadhav,2018-05-14,19.811196,74.421615,Water Body
IMG00459,SP0213,OBS010010,IMG00459_SP0213.jpg,Pooja Bhosale,2024-04-12,19.929401,74.495225,Citizen Submission
IMG00460,SP0307,,IMG00460_SP0307.jpg,Aarti Joshi,2025-12-06,19.880028,74.405189,Habitat
IMG00461,SP0156,OBS010444,IMG00461_SP0156.jpg,Sandeep Patil,2016-09-09,19.866695,74.369176,Wildlife
IMG00462,SP0446,OBS008124,IMG00462_SP0446.jpg,Aarti Jadhav,2025-01-10,19.823983,74.528376,Field Survey
IMG00463,SP0069,,IMG00463_SP0069.jpg,Aarti Jadhav,2026-01-16,19.932066,74.504829,Flora
IMG00464,SP0346,OBS019476,IMG00464_SP0346.jpg,Neha Pawar,2019-10-30,19.863071,74.464703,Field Survey
IMG00465,SP0226,OBS006709,IMG00465_SP0226.jpg,Nikhil Deshpande,2020-01-22,19.865225,74.503876,Habitat
IMG00466,SP0374,,IMG00466_SP0374.jpg,Aarti Jadhav,2020-06-27,19.812321,74.451287,Flora
IMG00467,SP0025,OBS017243,IMG00467_SP0025.jpg,Sneha Patil,2018-05-10,19.859771,74.42346,Wildlife
IMG00468,SP0159,OBS008960,IMG00468_SP0159.jpg,Swati Bhosale,2019-04-20,19.946142,74.557135,Field Survey
IMG00469,SP0242,OBS013791,IMG00469_SP0242.jpg,Neha Pawar,2019-06-07,19.881221,74.488197,Water Body
IMG00470,SP0115,,IMG00470_SP0115.jpg,Om Bhosale,2025-01-31,19.860253,74.370989,Flora
IMG00471,SP0433,OBS004812,IMG00471_SP0433.jpg,Rahul Pawar,2019-02-16,19.828365,74.528936,Wildlife
IMG00472,SP0395,OBS002940,IMG00472_SP0395.jpg,Tejas Jadhav,2020-08-25,19.815345,74.383699,Field Survey
IMG00473,SP0348,,IMG00473_SP0348.jpg,Sneha Patil,2024-01-28,19.934722,74.393144,Citizen Submission
IMG00474,SP0374,,IMG00474_SP0374.jpg,Om Bhosale,2017-01-28,19.815415,74.59624,Wildlife
IMG00475,SP0029,OBS011224,IMG00475_SP0029.jpg,Priyanka More,2026-07-08,19.862007,74.365325,Water Body
IMG00476,SP0401,OBS008511,IMG00476_SP0401.jpg,Pooja Shinde,2018-01-17,19.867575,74.404226,Wildlife
IMG00477,SP0017,OBS008271,IMG00477_SP0017.jpg,Nikhil Deshpande,2018-05-07,19.90039,74.498496,Wildlife
IMG00478,SP0447,,IMG00478_SP0447.jpg,Swati Shinde,2019-02-27,19.926031,74.356702,Field Survey
IMG00479,SP0308,OBS016411,IMG00479_SP0308.jpg,Sandeep Patil,2025-07-30,19.909624,74.508933,Water Body
IMG00480,SP0166,,IMG00480_SP0166.jpg,Om Shinde,2023-01-08,19.886093,74.593232,Water Body
IMG00481,SP0048,OBS007651,IMG00481_SP0048.jpg,Sneha Patil,2019-07-17,19.878874,74.446067,Flora
IMG00482,SP0290,,IMG00482_SP0290.jpg,Vikram Jadhav,2026-01-24,19.922756,74.492886,Flora
IMG00483,SP0190,,IMG00483_SP0190.jpg,Pooja Shinde,2023-05-31,19.895063,74.444854,Wildlife
IMG00484,SP0076,OBS002990,IMG00484_SP0076.jpg,Tejas Jadhav,2022-04-14,19.848154,74.512071,Flora
IMG00485,SP0394,OBS015434,IMG00485_SP0394.jpg,Sneha Patil,2017-12-25,19.898199,74.465024,Citizen Submission
IMG00486,SP0204,OBS019792,IMG00486_SP0204.jpg,Priyanka More,2017-01-24,19.863052,74.539044,Citizen Submission
IMG00487,SP0001,OBS002628,IMG00487_SP0001.jpg,Rahul Deshpande,2025-06-24,19.844058,74.452778,Flora
IMG00488,SP0036,OBS014918,IMG00488_SP0036.jpg,Tejas Jadhav,2016-10-06,19.810288,74.499803,Habitat
IMG00489,SP0140,OBS002191,IMG00489_SP0140.jpg,Om Bhosale,2020-07-25,19.816223,74.396633,Field Survey
IMG00490,SP0374,OBS010329,IMG00490_SP0374.jpg,Kirti Kale,2017-03-16,19.931423,74.586537,Flora
IMG00491,SP0257,,IMG00491_SP0257.jpg,Sandeep More,2019-06-23,19.855024,74.53946,Citizen Submission
IMG00492,SP0088,OBS011718,IMG00492_SP0088.jpg,Pooja Shinde,2025-01-11,19.909376,74.565031,Citizen Submission
IMG00493,SP0392,OBS003579,IMG00493_SP0392.jpg,Rajesh Kale,2026-05-08,19.891711,74.549401,Wildlife
IMG00494,SP0208,OBS013058,IMG00494_SP0208.jpg,Pooja Shinde,2022-02-05,19.883228,74.379505,Water Body
IMG00495,SP0001,OBS007159,IMG00495_SP0001.jpg,Neha Pawar,2025-05-14,19.84078,74.536017,Habitat
IMG00496,SP0304,OBS011921,IMG00496_SP0304.jpg,Aarti Jadhav,2018-05-24,19.834149,74.570073,Water Body
IMG00497,SP0285,,IMG00497_SP0285.jpg,Kirti Kulkarni,2024-08-10,19.858112,74.462427,Wildlife
IMG00498,SP0351,OBS000314,IMG00498_SP0351.jpg,Priyanka More,2018-12-30,19.807316,74.52027,Water Body
IMG00499,SP0331,OBS007508,IMG00499_SP0331.jpg,Vikram Joshi,2024-12-29,19.835701,74.37825,Field Survey
IMG00500,SP0377,OBS003130,IMG00500_SP0377.jpg,Kirti Kale,2025-08-14,19.802802,74.402181,Flora
IMG00501,SP0345,OBS009856,IMG00501_SP0345.jpg,Vikram Jadhav,2018-10-28,19.889454,74.393814,Habitat
IMG00502,SP0071,,IMG00502_SP0071.jpg,Amit Kulkarni,2023-04-11,19.878955,74.54952,Wildlife
IMG00503,SP0019,,IMG00503_SP0019.jpg,Aarti Jadhav,2019-09-07,19.931972,74.350736,Field Survey
IMG00504,SP0151,,IMG00504_SP0151.jpg,Om Shinde,2025-09-23,19.884011,74.44146,Field Survey
IMG00505,SP0303,OBS004377,IMG00505_SP0303.jpg,Neha Pawar,2017-12-20,19.949892,74.421888,Flora
IMG00506,SP0052,OBS007994,IMG00506_SP0052.jpg,Swati Shinde,2016-11-14,19.866437,74.361011,Wildlife
IMG00507,SP0063,OBS006267,IMG00507_SP0063.jpg,Rajesh Kale,2019-02-28,19.882304,74.568234,Habitat
IMG00508,SP0153,OBS012463,IMG00508_SP0153.jpg,Nikhil Deshpande,2022-11-04,19.913044,74.433516,Field Survey
IMG00509,SP0394,,IMG00509_SP0394.jpg,Om Bhosale,2021-02-26,19.839109,74.533236,Wildlife
IMG00510,SP0081,OBS011488,IMG00510_SP0081.jpg,Neha Pawar,2023-09-24,19.927369,74.445808,Citizen Submission
IMG00511,SP0218,OBS014874,IMG00511_SP0218.jpg,Vikram Joshi,2018-04-10,19.827078,74.488606,Water Body
IMG00512,SP0071,OBS014839,IMG00512_SP0071.jpg,Pooja Bhosale,2025-05-31,19.921416,74.477503,Flora
IMG00513,SP0119,OBS007971,IMG00513_SP0119.jpg,Rajesh Kulkarni,2021-11-07,19.803329,74.366223,Water Body
IMG00514,SP0390,OBS014366,IMG00514_SP0390.jpg,Aarti Jadhav,2020-05-28,19.920844,74.594212,Citizen Submission
IMG00515,SP0109,OBS000524,IMG00515_SP0109.jpg,Sandeep More,2019-11-06,19.898398,74.452823,Citizen Submission
IMG00516,SP0391,,IMG00516_SP0391.jpg,Nikhil Pawar,2023-09-23,19.907425,74.471536,Habitat
IMG00517,SP0296,OBS001933,IMG00517_SP0296.jpg,Om Shinde,2023-06-10,19.862533,74.544225,Flora
IMG00518,SP0170,OBS013469,IMG00518_SP0170.jpg,Rahul Deshpande,2023-07-10,19.822608,74.405451,Field Survey
IMG00519,SP0234,OBS019342,IMG00519_SP0234.jpg,Sneha More,2017-04-07,19.843519,74.418713,Flora
IMG00520,SP0007,OBS009400,IMG00520_SP0007.jpg,Priyanka More,2020-08-18,19.886766,74.455046,Water Body
IMG00521,SP0249,,IMG00521_SP0249.jpg,Rahul Pawar,2018-01-03,19.87084,74.538329,Flora
IMG00522,SP0046,,IMG00522_SP0046.jpg,Sandeep More,2021-05-28,19.827596,74.523989,Field Survey
IMG00523,SP0176,,IMG00523_SP0176.jpg,Sneha Patil,2023-11-23,19.909594,74.461854,Citizen Submission
IMG00524,SP0282,OBS015181,IMG00524_SP0282.jpg,Priyanka Patil,2020-12-14,19.927513,74.452687,Flora
IMG00525,SP0263,OBS008331,IMG00525_SP0263.jpg,Rajesh Kale,2022-08-27,19.81897,74.492054,Citizen Submission
IMG00526,SP0348,,IMG00526_SP0348.jpg,Sandeep Patil,2018-05-07,19.882114,74.363506,Habitat
IMG00527,SP0352,,IMG00527_SP0352.jpg,Tejas Joshi,2021-01-01,19.939871,74.48633,Habitat
IMG00528,SP0037,,IMG00528_SP0037.jpg,Rahul Deshpande,2024-03-25,19.844601,74.391682,Habitat
IMG00529,SP0163,OBS004066,IMG00529_SP0163.jpg,Rahul Pawar,2022-10-12,19.865888,74.410016,Citizen Submission
IMG00530,SP0069,OBS019008,IMG00530_SP0069.jpg,Sneha More,2020-04-27,19.856106,74.362114,Field Survey
IMG00531,SP0423,OBS011991,IMG00531_SP0423.jpg,Amit Kale,2018-02-26,19.869475,74.432976,Field Survey
IMG00532,SP0023,,IMG00532_SP0023.jpg,Kirti Kulkarni,2022-12-01,19.883174,74.435467,Citizen Submission
IMG00533,SP0034,OBS013345,IMG00533_SP0034.jpg,Rahul Deshpande,2020-07-22,19.823017,74.560392,Habitat
IMG00534,SP0253,OBS004878,IMG00534_SP0253.jpg,Nikhil Deshpande,2023-11-07,19.86861,74.489428,Citizen Submission
IMG00535,SP0255,OBS009849,IMG00535_SP0255.jpg,Rahul Deshpande,2025-04-24,19.82851,74.490176,Flora
IMG00536,SP0428,OBS012152,IMG00536_SP0428.jpg,Sneha More,2017-10-28,19.9329,74.482976,Water Body
IMG00537,SP0027,,IMG00537_SP0027.jpg,Kirti Kale,2019-09-25,19.902355,74.596977,Water Body
IMG00538,SP0160,,IMG00538_SP0160.jpg,Rajesh Kale,2019-09-22,19.813323,74.495533,Water Body
IMG00539,SP0424,OBS007108,IMG00539_SP0424.jpg,Sneha More,2019-01-09,19.938049,74.477677,Habitat
IMG00540,SP0123,OBS018628,IMG00540_SP0123.jpg,Amit Kulkarni,2017-01-25,19.865299,74.37485,Wildlife
IMG00541,SP0327,,IMG00541_SP0327.jpg,Amit Kale,2017-01-31,19.933915,74.439209,Wildlife
IMG00542,SP0332,OBS010789,IMG00542_SP0332.jpg,Sandeep More,2017-02-16,19.906372,74.533233,Field Survey
IMG00543,SP0394,,IMG00543_SP0394.jpg,Swati Shinde,2025-09-16,19.880331,74.435376,Water Body
IMG00544,SP0390,OBS018534,IMG00544_SP0390.jpg,Sneha Patil,2024-08-24,19.861835,74.532455,Field Survey
IMG00545,SP0330,,IMG00545_SP0330.jpg,Nikhil Pawar,2019-12-06,19.850291,74.381389,Citizen Submission
IMG00546,SP0247,OBS000332,IMG00546_SP0247.jpg,Om Bhosale,2023-09-11,19.865164,74.434682,Water Body
IMG00547,SP0420,OBS002148,IMG00547_SP0420.jpg,Aarti Jadhav,2025-10-20,19.875148,74.589653,Flora
IMG00548,SP0130,OBS009509,IMG00548_SP0130.jpg,Rajesh Kulkarni,2018-09-23,19.909376,74.376794,Wildlife
IMG00549,SP0249,OBS013087,IMG00549_SP0249.jpg,Neha Pawar,2020-05-16,19.886242,74.404377,Wildlife
IMG00550,SP0095,OBS000709,IMG00550_SP0095.jpg,Aarti Joshi,2020-01-19,19.80333,74.399814,Flora
IMG00551,SP0222,OBS018053,IMG00551_SP0222.jpg,Rahul Pawar,2019-04-03,19.911747,74.472668,Citizen Submission
IMG00552,SP0056,OBS015733,IMG00552_SP0056.jpg,Neha Deshpande,2020-07-28,19.946134,74.567476,Citizen Submission
IMG00553,SP0309,,IMG00553_SP0309.jpg,Rajesh Kale,2016-08-14,19.93079,74.492076,Flora
IMG00554,SP0167,OBS012368,IMG00554_SP0167.jpg,Neha Pawar,2025-03-04,19.898618,74.37949,Field Survey
IMG00555,SP0390,OBS017603,IMG00555_SP0390.jpg,Kirti Kale,2025-05-19,19.858573,74.489952,Flora
IMG00556,SP0003,OBS017430,IMG00556_SP0003.jpg,Aarti Jadhav,2023-05-04,19.893847,74.407323,Habitat
IMG00557,SP0330,OBS003412,IMG00557_SP0330.jpg,Pooja Shinde,2023-04-05,19.87826,74.412207,Water Body
IMG00558,SP0182,OBS007905,IMG00558_SP0182.jpg,Rahul Pawar,2024-03-19,19.919857,74.545457,Citizen Submission
IMG00559,SP0356,OBS018129,IMG00559_SP0356.jpg,Tejas Jadhav,2022-02-28,19.895282,74.467978,Water Body
IMG00560,SP0128,OBS006688,IMG00560_SP0128.jpg,Rahul Deshpande,2016-09-27,19.890868,74.493357,Wildlife
IMG00561,SP0133,OBS003646,IMG00561_SP0133.jpg,Sandeep Patil,2017-12-09,19.9444,74.56465,Water Body
IMG00562,SP0390,OBS002842,IMG00562_SP0390.jpg,Pooja Shinde,2022-11-25,19.8308,74.467411,Flora
IMG00563,SP0187,OBS018568,IMG00563_SP0187.jpg,Aarti Jadhav,2022-12-17,19.86038,74.50768,Wildlife
IMG00564,SP0022,OBS005812,IMG00564_SP0022.jpg,Neha Deshpande,2026-02-17,19.850975,74.391791,Field Survey
IMG00565,SP0371,OBS019173,IMG00565_SP0371.jpg,Kirti Kale,2017-04-02,19.907009,74.542055,Wildlife
IMG00566,SP0394,,IMG00566_SP0394.jpg,Rajesh Kulkarni,2017-10-13,19.881245,74.398346,Habitat
IMG00567,SP0353,,IMG00567_SP0353.jpg,Priyanka Patil,2021-11-22,19.932097,74.463337,Water Body
IMG00568,SP0362,OBS014608,IMG00568_SP0362.jpg,Neha Deshpande,2020-05-04,19.827084,74.471217,Wildlife
IMG00569,SP0324,OBS008867,IMG00569_SP0324.jpg,Pooja Bhosale,2024-08-13,19.804579,74.563763,Flora
IMG00570,SP0390,,IMG00570_SP0390.jpg,Rahul Deshpande,2025-09-26,19.831825,74.474414,Citizen Submission
IMG00571,SP0360,OBS000492,IMG00571_SP0360.jpg,Vikram Joshi,2024-07-19,19.934544,74.477818,Field Survey
IMG00572,SP0328,OBS005109,IMG00572_SP0328.jpg,Priyanka More,2024-11-26,19.947085,74.364525,Field Survey
IMG00573,SP0220,,IMG00573_SP0220.jpg,Neha Pawar,2024-05-02,19.887347,74.59865,Wildlife
IMG00574,SP0113,OBS016813,IMG00574_SP0113.jpg,Aarti Jadhav,2025-05-07,19.860059,74.451827,Citizen Submission
IMG00575,SP0344,,IMG00575_SP0344.jpg,Sandeep More,2026-01-30,19.807321,74.422492,Wildlife
IMG00576,SP0356,,IMG00576_SP0356.jpg,Tejas Jadhav,2021-12-28,19.811514,74.481043,Citizen Submission
IMG00577,SP0067,OBS002886,IMG00577_SP0067.jpg,Amit Kale,2021-11-30,19.948518,74.497569,Water Body
IMG00578,SP0435,OBS006467,IMG00578_SP0435.jpg,Pooja Shinde,2018-11-01,19.893824,74.554344,Water Body
IMG00579,SP0411,,IMG00579_SP0411.jpg,Rahul Deshpande,2017-11-23,19.898696,74.36304,Field Survey
IMG00580,SP0136,OBS005217,IMG00580_SP0136.jpg,Sneha Patil,2025-12-30,19.868152,74.513785,Citizen Submission
IMG00581,SP0317,OBS016788,IMG00581_SP0317.jpg,Sandeep More,2026-02-10,19.909218,74.497672,Citizen Submission
IMG00582,SP0138,OBS016467,IMG00582_SP0138.jpg,Priyanka More,2025-06-28,19.931163,74.589231,Flora
IMG00583,SP0417,OBS000012,IMG00583_SP0417.jpg,Priyanka Patil,2019-02-20,19.83573,74.453628,Water Body
IMG00584,SP0135,OBS014980,IMG00584_SP0135.jpg,Neha Pawar,2023-07-10,19.873788,74.410597,Wildlife
IMG00585,SP0026,OBS000284,IMG00585_SP0026.jpg,Priyanka More,2023-12-09,19.942453,74.469659,Flora
IMG00586,SP0057,OBS018562,IMG00586_SP0057.jpg,Priyanka Patil,2023-04-01,19.944167,74.593332,Wildlife
IMG00587,SP0320,OBS009546,IMG00587_SP0320.jpg,Amit Kulkarni,2023-11-13,19.877189,74.488552,Citizen Submission
IMG00588,SP0220,,IMG00588_SP0220.jpg,Om Shinde,2017-12-08,19.854237,74.598789,Habitat
IMG00589,SP0031,,IMG00589_SP0031.jpg,Sandeep Patil,2021-11-07,19.817882,74.40461,Field Survey
IMG00590,SP0099,,IMG00590_SP0099.jpg,Priyanka More,2018-04-11,19.906195,74.454846,Field Survey
IMG00591,SP0392,OBS001256,IMG00591_SP0392.jpg,Rajesh Kulkarni,2017-10-22,19.89018,74.586405,Flora
IMG00592,SP0093,OBS001216,IMG00592_SP0093.jpg,Kirti Kale,2023-08-03,19.853374,74.371739,Habitat
IMG00593,SP0314,,IMG00593_SP0314.jpg,Kirti Kulkarni,2017-01-10,19.935484,74.46703,Flora
IMG00594,SP0130,,IMG00594_SP0130.jpg,Neha Pawar,2017-07-22,19.936007,74.411509,Wildlife
IMG00595,SP0235,,IMG00595_SP0235.jpg,Aarti Joshi,2023-08-03,19.835912,74.472274,Citizen Submission
IMG00596,SP0312,,IMG00596_SP0312.jpg,Nikhil Deshpande,2022-05-13,19.838407,74.568924,Flora
IMG00597,SP0050,OBS001296,IMG00597_SP0050.jpg,Priyanka More,2019-08-12,19.88825,74.535898,Field Survey
IMG00598,SP0211,OBS015080,IMG00598_SP0211.jpg,Sandeep More,2024-03-05,19.849664,74.412419,Water Body
IMG00599,SP0398,OBS018051,IMG00599_SP0398.jpg,Neha Pawar,2019-09-13,19.836969,74.350761,Habitat
IMG00600,SP0375,OBS009090,IMG00600_SP0375.jpg,Swati Bhosale,2016-10-27,19.92861,74.388762,Flora
IMG00601,SP0281,OBS016312,IMG00601_SP0281.jpg,Aarti Joshi,2022-05-01,19.935936,74.596586,Habitat
IMG00602,SP0090,,IMG00602_SP0090.jpg,Sandeep Patil,2023-01-26,19.896446,74.364566,Flora
IMG00603,SP0366,,IMG00603_SP0366.jpg,Priyanka Patil,2019-05-07,19.941181,74.503681,Water Body
IMG00604,SP0391,,IMG00604_SP0391.jpg,Aarti Jadhav,2019-06-05,19.948138,74.370884,Water Body
IMG00605,SP0104,,IMG00605_SP0104.jpg,Pooja Bhosale,2026-07-25,19.860722,74.560896,Citizen Submission
IMG00606,SP0032,OBS002515,IMG00606_SP0032.jpg,Rahul Deshpande,2024-03-04,19.938062,74.535113,Field Survey
IMG00607,SP0434,OBS015607,IMG00607_SP0434.jpg,Sandeep More,2022-05-23,19.877978,74.510235,Wildlife
IMG00608,SP0111,OBS002927,IMG00608_SP0111.jpg,Neha Pawar,2020-10-27,19.829052,74.418612,Flora
IMG00609,SP0181,OBS007785,IMG00609_SP0181.jpg,Sandeep Patil,2024-01-02,19.843534,74.420719,Water Body
IMG00610,SP0335,,IMG00610_SP0335.jpg,Pooja Bhosale,2018-05-11,19.899532,74.563687,Habitat
IMG00611,SP0246,OBS000111,IMG00611_SP0246.jpg,Amit Kulkarni,2018-08-28,19.870442,74.37526,Field Survey
IMG00612,SP0337,OBS018397,IMG00612_SP0337.jpg,Neha Pawar,2019-12-07,19.805924,74.443068,Wildlife
IMG00613,SP0070,,IMG00613_SP0070.jpg,Om Shinde,2023-05-17,19.912557,74.53248,Citizen Submission
IMG00614,SP0116,OBS003200,IMG00614_SP0116.jpg,Nikhil Deshpande,2018-05-13,19.884634,74.450708,Wildlife
IMG00615,SP0070,OBS015626,IMG00615_SP0070.jpg,Sneha More,2025-11-28,19.929649,74.473984,Water Body
IMG00616,SP0057,OBS005453,IMG00616_SP0057.jpg,Rahul Pawar,2023-11-21,19.842249,74.457474,Flora
IMG00617,SP0379,OBS013840,IMG00617_SP0379.jpg,Vikram Joshi,2023-12-21,19.842557,74.564371,Water Body
IMG00618,SP0337,,IMG00618_SP0337.jpg,Tejas Jadhav,2017-10-19,19.88847,74.421156,Flora
IMG00619,SP0004,OBS001998,IMG00619_SP0004.jpg,Amit Kulkarni,2020-11-22,19.873887,74.513188,Field Survey
IMG00620,SP0440,,IMG00620_SP0440.jpg,Priyanka Patil,2019-08-21,19.825309,74.49133,Flora
IMG00621,SP0108,OBS007998,IMG00621_SP0108.jpg,Kirti Kale,2024-02-11,19.829862,74.552436,Flora
IMG00622,SP0107,,IMG00622_SP0107.jpg,Pooja Bhosale,2017-11-16,19.940609,74.567737,Wildlife
IMG00623,SP0112,OBS017817,IMG00623_SP0112.jpg,Neha Deshpande,2019-06-03,19.858977,74.457193,Habitat
IMG00624,SP0371,OBS000071,IMG00624_SP0371.jpg,Aarti Joshi,2025-02-19,19.89489,74.473199,Habitat
IMG00625,SP0406,OBS013821,IMG00625_SP0406.jpg,Om Shinde,2017-01-09,19.885447,74.473497,Habitat
IMG00626,SP0023,OBS001597,IMG00626_SP0023.jpg,Nikhil Pawar,2017-02-16,19.8796,74.51,Wildlife
IMG00627,SP0410,,IMG00627_SP0410.jpg,Rajesh Kale,2019-07-17,19.87179,74.449726,Water Body
IMG00628,SP0180,OBS009832,IMG00628_SP0180.jpg,Sneha Patil,2026-02-11,19.923959,74.46215,Wildlife
IMG00629,SP0033,OBS001960,IMG00629_SP0033.jpg,Neha Pawar,2017-10-27,19.810214,74.598834,Field Survey
IMG00630,SP0219,,IMG00630_SP0219.jpg,Rahul Pawar,2022-08-19,19.911092,74.407527,Flora
IMG00631,SP0246,OBS018913,IMG00631_SP0246.jpg,Vikram Joshi,2018-08-07,19.917782,74.480915,Citizen Submission
IMG00632,SP0283,OBS018598,IMG00632_SP0283.jpg,Sneha Patil,2017-11-08,19.918898,74.427019,Habitat
IMG00633,SP0138,,IMG00633_SP0138.jpg,Vikram Joshi,2020-09-25,19.871778,74.385926,Field Survey
IMG00634,SP0080,,IMG00634_SP0080.jpg,Rahul Deshpande,2021-02-22,19.808597,74.369317,Habitat
IMG00635,SP0114,OBS014709,IMG00635_SP0114.jpg,Sandeep Patil,2023-03-05,19.940413,74.463974,Flora
IMG00636,SP0292,OBS001718,IMG00636_SP0292.jpg,Rajesh Kale,2025-11-02,19.84413,74.451614,Habitat
IMG00637,SP0155,,IMG00637_SP0155.jpg,Priyanka Patil,2022-04-07,19.916766,74.483494,Water Body
IMG00638,SP0415,OBS003601,IMG00638_SP0415.jpg,Neha Pawar,2026-04-23,19.928287,74.522256,Field Survey
IMG00639,SP0119,,IMG00639_SP0119.jpg,Priyanka Patil,2022-01-08,19.814307,74.425901,Field Survey
IMG00640,SP0173,OBS000026,IMG00640_SP0173.jpg,Aarti Jadhav,2021-05-06,19.930413,74.452487,Citizen Submission
IMG00641,SP0065,OBS004518,IMG00641_SP0065.jpg,Sneha Patil,2017-12-19,19.854678,74.579104,Field Survey
IMG00642,SP0279,,IMG00642_SP0279.jpg,Rahul Pawar,2025-08-09,19.820184,74.552527,Flora
IMG00643,SP0015,OBS011990,IMG00643_SP0015.jpg,Om Shinde,2024-05-19,19.820478,74.59095,Citizen Submission
IMG00644,SP0239,OBS001677,IMG00644_SP0239.jpg,Priyanka More,2025-12-03,19.90855,74.587926,Field Survey
IMG00645,SP0408,,IMG00645_SP0408.jpg,Rajesh Kulkarni,2017-07-08,19.917512,74.489778,Habitat
IMG00646,SP0371,OBS017871,IMG00646_SP0371.jpg,Rahul Deshpande,2026-02-09,19.820057,74.364123,Citizen Submission
IMG00647,SP0017,OBS010173,IMG00647_SP0017.jpg,Amit Kulkarni,2023-01-21,19.883409,74.407952,Water Body
IMG00648,SP0053,OBS012243,IMG00648_SP0053.jpg,Kirti Kulkarni,2019-11-28,19.87595,74.589624,Habitat
IMG00649,SP0325,OBS010626,IMG00649_SP0325.jpg,Om Bhosale,2016-11-19,19.885557,74.478878,Citizen Submission
IMG00650,SP0138,,IMG00650_SP0138.jpg,Aarti Jadhav,2025-09-29,19.917903,74.523049,Wildlife
IMG00651,SP0454,OBS013527,IMG00651_SP0454.jpg,Sneha More,2020-04-13,19.863229,74.480355,Flora
IMG00652,SP0044,OBS007761,IMG00652_SP0044.jpg,Tejas Joshi,2017-11-19,19.836311,74.514968,Flora
IMG00653,SP0215,OBS008988,IMG00653_SP0215.jpg,Kirti Kale,2021-08-30,19.936448,74.562525,Citizen Submission
IMG00654,SP0374,OBS008443,IMG00654_SP0374.jpg,Amit Kulkarni,2024-03-20,19.827054,74.365605,Habitat
IMG00655,SP0352,OBS003813,IMG00655_SP0352.jpg,Om Shinde,2018-11-14,19.944236,74.567292,Water Body
IMG00656,SP0429,OBS015929,IMG00656_SP0429.jpg,Kirti Kale,2022-01-05,19.820273,74.450253,Habitat
IMG00657,SP0181,OBS003054,IMG00657_SP0181.jpg,Aarti Joshi,2025-09-29,19.894958,74.524538,Habitat
IMG00658,SP0386,OBS010162,IMG00658_SP0386.jpg,Nikhil Deshpande,2018-12-29,19.81783,74.537398,Water Body
IMG00659,SP0416,OBS017900,IMG00659_SP0416.jpg,Rahul Deshpande,2017-04-23,19.800339,74.592455,Wildlife
IMG00660,SP0317,,IMG00660_SP0317.jpg,Amit Kale,2018-11-20,19.800394,74.550871,Citizen Submission
IMG00661,SP0148,,IMG00661_SP0148.jpg,Kirti Kulkarni,2026-05-11,19.885141,74.483141,Wildlife
IMG00662,SP0005,OBS004583,IMG00662_SP0005.jpg,Amit Kulkarni,2024-12-22,19.899521,74.55872,Citizen Submission
IMG00663,SP0369,OBS003789,IMG00663_SP0369.jpg,Sneha Patil,2018-06-29,19.899702,74.461999,Habitat
IMG00664,SP0238,OBS017570,IMG00664_SP0238.jpg,Kirti Kale,2022-05-28,19.830183,74.368226,Citizen Submission
IMG00665,SP0137,,IMG00665_SP0137.jpg,Vikram Jadhav,2016-08-30,19.826788,74.406809,Water Body
IMG00666,SP0409,OBS013112,IMG00666_SP0409.jpg,Tejas Jadhav,2022-04-20,19.835786,74.475,Field Survey
IMG00667,SP0251,OBS011636,IMG00667_SP0251.jpg,Aarti Joshi,2025-10-04,19.929517,74.354276,Field Survey
IMG00668,SP0301,OBS005146,IMG00668_SP0301.jpg,Neha Pawar,2019-04-26,19.808336,74.513565,Habitat
IMG00669,SP0091,OBS006471,IMG00669_SP0091.jpg,Nikhil Pawar,2024-10-10,19.947997,74.513412,Water Body
IMG00670,SP0082,OBS012552,IMG00670_SP0082.jpg,Sneha Patil,2024-12-23,19.930165,74.406994,Flora
IMG00671,SP0314,OBS014379,IMG00671_SP0314.jpg,Pooja Shinde,2023-11-25,19.884709,74.44175,Wildlife
IMG00672,SP0050,,IMG00672_SP0050.jpg,Kirti Kale,2026-05-27,19.902603,74.569191,Habitat
IMG00673,SP0068,OBS019298,IMG00673_SP0068.jpg,Sneha More,2016-11-22,19.852208,74.512096,Flora
IMG00674,SP0078,OBS008501,IMG00674_SP0078.jpg,Pooja Shinde,2019-09-30,19.932901,74.421906,Flora
IMG00675,SP0260,OBS006609,IMG00675_SP0260.jpg,Sandeep Patil,2023-02-01,19.910163,74.367997,Habitat
IMG00676,SP0252,,IMG00676_SP0252.jpg,Rahul Deshpande,2021-09-06,19.836223,74.576204,Habitat
IMG00677,SP0088,OBS001220,IMG00677_SP0088.jpg,Neha Pawar,2018-07-15,19.804243,74.596314,Field Survey
IMG00678,SP0396,OBS016719,IMG00678_SP0396.jpg,Aarti Jadhav,2020-10-26,19.91773,74.442254,Flora
IMG00679,SP0126,,IMG00679_SP0126.jpg,Neha Pawar,2019-09-14,19.915512,74.582817,Wildlife
IMG00680,SP0436,OBS001494,IMG00680_SP0436.jpg,Kirti Kulkarni,2022-12-27,19.934306,74.370112,Habitat
IMG00681,SP0269,OBS002356,IMG00681_SP0269.jpg,Kirti Kulkarni,2023-05-21,19.864916,74.526734,Wildlife
IMG00682,SP0153,OBS008019,IMG00682_SP0153.jpg,Kirti Kale,2016-09-20,19.92508,74.434853,Flora
IMG00683,SP0231,OBS000757,IMG00683_SP0231.jpg,Vikram Joshi,2017-03-20,19.832184,74.513877,Water Body
IMG00684,SP0317,,IMG00684_SP0317.jpg,Tejas Jadhav,2024-07-16,19.865728,74.572234,Water Body
IMG00685,SP0249,OBS016124,IMG00685_SP0249.jpg,Sneha More,2018-06-06,19.936679,74.526414,Water Body
IMG00686,SP0373,,IMG00686_SP0373.jpg,Priyanka More,2018-01-19,19.807607,74.494859,Water Body
IMG00687,SP0203,,IMG00687_SP0203.jpg,Kirti Kulkarni,2023-02-06,19.84023,74.506617,Field Survey
IMG00688,SP0396,OBS014681,IMG00688_SP0396.jpg,Sneha Patil,2024-11-25,19.921277,74.39849,Flora
IMG00689,SP0096,OBS013662,IMG00689_SP0096.jpg,Sandeep Patil,2019-07-18,19.91353,74.497509,Wildlife
IMG00690,SP0296,,IMG00690_SP0296.jpg,Sneha Patil,2016-10-13,19.842294,74.490307,Water Body
IMG00691,SP0230,OBS017442,IMG00691_SP0230.jpg,Sneha Patil,2016-09-09,19.900306,74.506045,Wildlife
IMG00692,SP0342,OBS015667,IMG00692_SP0342.jpg,Amit Kale,2025-03-05,19.885955,74.3626,Water Body
IMG00693,SP0352,,IMG00693_SP0352.jpg,Neha Deshpande,2026-06-10,19.936507,74.390784,Flora
IMG00694,SP0027,OBS005959,IMG00694_SP0027.jpg,Pooja Shinde,2022-08-30,19.800211,74.407814,Wildlife
IMG00695,SP0198,OBS012665,IMG00695_SP0198.jpg,Neha Pawar,2023-06-26,19.865129,74.547234,Field Survey
IMG00696,SP0218,OBS015402,IMG00696_SP0218.jpg,Rajesh Kale,2025-07-10,19.94397,74.422095,Field Survey
IMG00697,SP0356,OBS007870,IMG00697_SP0356.jpg,Sandeep More,2021-08-30,19.884995,74.553934,Flora
IMG00698,SP0270,OBS019146,IMG00698_SP0270.jpg,Sandeep More,2019-06-29,19.807885,74.431395,Citizen Submission
IMG00699,SP0323,OBS000092,IMG00699_SP0323.jpg,Aarti Jadhav,2022-06-12,19.886836,74.456178,Habitat
IMG00700,SP0364,OBS009101,IMG00700_SP0364.jpg,Swati Bhosale,2017-09-03,19.827823,74.495334,Water Body
IMG00701,SP0238,,IMG00701_SP0238.jpg,Neha Deshpande,2024-02-14,19.866135,74.511297,Flora
IMG00702,SP0414,OBS001292,IMG00702_SP0414.jpg,Aarti Jadhav,2024-05-29,19.806143,74.416295,Citizen Submission
IMG00703,SP0258,OBS017094,IMG00703_SP0258.jpg,Nikhil Pawar,2023-07-08,19.942868,74.421126,Water Body
IMG00704,SP0106,OBS010961,IMG00704_SP0106.jpg,Pooja Shinde,2019-10-27,19.900728,74.56099,Wildlife
IMG00705,SP0194,OBS009044,IMG00705_SP0194.jpg,Rahul Deshpande,2023-07-10,19.937008,74.459587,Field Survey
IMG00706,SP0460,,IMG00706_SP0460.jpg,Priyanka More,2020-09-03,19.880357,74.359315,Wildlife
IMG00707,SP0158,OBS009777,IMG00707_SP0158.jpg,Rahul Deshpande,2023-11-26,19.868217,74.568021,Water Body
IMG00708,SP0318,OBS009438,IMG00708_SP0318.jpg,Aarti Joshi,2019-02-06,19.884898,74.36927,Wildlife
IMG00709,SP0303,,IMG00709_SP0303.jpg,Aarti Jadhav,2022-07-26,19.9081,74.511891,Citizen Submission
IMG00710,SP0183,OBS013050,IMG00710_SP0183.jpg,Pooja Shinde,2017-04-21,19.866014,74.587238,Habitat
IMG00711,SP0204,,IMG00711_SP0204.jpg,Vikram Joshi,2025-11-23,19.880039,74.467569,Flora
IMG00712,SP0169,,IMG00712_SP0169.jpg,Kirti Kulkarni,2023-05-20,19.885781,74.445638,Water Body
IMG00713,SP0414,OBS012756,IMG00713_SP0414.jpg,Amit Kale,2022-12-13,19.920554,74.415186,Water Body
IMG00714,SP0116,,IMG00714_SP0116.jpg,Sneha More,2025-08-22,19.831034,74.411382,Field Survey
IMG00715,SP0371,,IMG00715_SP0371.jpg,Nikhil Deshpande,2023-07-31,19.838753,74.406539,Flora
IMG00716,SP0391,OBS018503,IMG00716_SP0391.jpg,Kirti Kulkarni,2026-04-23,19.876243,74.435562,Field Survey
IMG00717,SP0460,OBS013563,IMG00717_SP0460.jpg,Tejas Jadhav,2021-08-29,19.920557,74.510451,Flora
IMG00718,SP0285,OBS016707,IMG00718_SP0285.jpg,Swati Bhosale,2022-04-17,19.860587,74.363206,Water Body
IMG00719,SP0419,,IMG00719_SP0419.jpg,Priyanka More,2020-08-22,19.85481,74.364379,Water Body
IMG00720,SP0440,OBS010517,IMG00720_SP0440.jpg,Sneha Patil,2019-04-15,19.826043,74.432035,Flora
IMG00721,SP0327,OBS016243,IMG00721_SP0327.jpg,Sneha More,2017-05-31,19.913942,74.478527,Habitat
IMG00722,SP0336,,IMG00722_SP0336.jpg,Rajesh Kale,2017-11-01,19.909837,74.398283,Citizen Submission
IMG00723,SP0153,OBS015342,IMG00723_SP0153.jpg,Priyanka Patil,2018-06-20,19.882975,74.3868,Field Survey
IMG00724,SP0040,OBS015023,IMG00724_SP0040.jpg,Priyanka Patil,2021-07-22,19.903501,74.572398,Flora
IMG00725,SP0003,OBS003599,IMG00725_SP0003.jpg,Rajesh Kale,2020-01-23,19.908877,74.45131,Water Body
IMG00726,SP0045,OBS018096,IMG00726_SP0045.jpg,Neha Pawar,2026-01-24,19.896166,74.377172,Citizen Submission
IMG00727,SP0007,OBS011509,IMG00727_SP0007.jpg,Nikhil Pawar,2022-09-03,19.906116,74.49503,Wildlife
IMG00728,SP0415,OBS002054,IMG00728_SP0415.jpg,Swati Bhosale,2024-05-07,19.868718,74.390414,Field Survey
IMG00729,SP0401,,IMG00729_SP0401.jpg,Aarti Joshi,2026-01-21,19.827051,74.584959,Flora
IMG00730,SP0396,OBS014216,IMG00730_SP0396.jpg,Nikhil Deshpande,2018-12-27,19.839003,74.544371,Citizen Submission
IMG00731,SP0001,OBS012294,IMG00731_SP0001.jpg,Aarti Jadhav,2023-02-19,19.813248,74.528221,Flora
IMG00732,SP0056,,IMG00732_SP0056.jpg,Vikram Joshi,2018-08-02,19.891246,74.561143,Habitat
IMG00733,SP0381,OBS019646,IMG00733_SP0381.jpg,Amit Kulkarni,2020-06-17,19.857628,74.408382,Flora
IMG00734,SP0207,,IMG00734_SP0207.jpg,Vikram Joshi,2020-10-03,19.828517,74.569502,Citizen Submission
IMG00735,SP0415,OBS013387,IMG00735_SP0415.jpg,Om Shinde,2018-03-09,19.945498,74.511611,Field Survey
IMG00736,SP0436,OBS017822,IMG00736_SP0436.jpg,Om Shinde,2020-03-11,19.924828,74.406083,Habitat
IMG00737,SP0221,OBS012445,IMG00737_SP0221.jpg,Kirti Kulkarni,2020-12-02,19.804516,74.380601,Citizen Submission
IMG00738,SP0067,,IMG00738_SP0067.jpg,Om Bhosale,2024-12-18,19.904839,74.577791,Water Body
IMG00739,SP0314,,IMG00739_SP0314.jpg,Swati Bhosale,2021-11-20,19.892058,74.483372,Wildlife
IMG00740,SP0007,OBS013168,IMG00740_SP0007.jpg,Om Shinde,2018-01-16,19.820895,74.445517,Water Body
IMG00741,SP0133,,IMG00741_SP0133.jpg,Sandeep More,2025-11-15,19.933301,74.505759,Wildlife
IMG00742,SP0280,,IMG00742_SP0280.jpg,Vikram Joshi,2020-09-07,19.919585,74.458644,Flora
IMG00743,SP0201,,IMG00743_SP0201.jpg,Rajesh Kale,2018-08-11,19.809229,74.354547,Habitat
IMG00744,SP0093,OBS019017,IMG00744_SP0093.jpg,Sandeep More,2020-11-10,19.874617,74.35614,Water Body
IMG00745,SP0139,OBS016324,IMG00745_SP0139.jpg,Vikram Joshi,2021-04-27,19.801521,74.471417,Flora
IMG00746,SP0062,OBS018686,IMG00746_SP0062.jpg,Pooja Shinde,2017-05-30,19.845481,74.5205,Water Body
IMG00747,SP0287,OBS000534,IMG00747_SP0287.jpg,Vikram Joshi,2018-05-28,19.894824,74.432521,Water Body
IMG00748,SP0227,,IMG00748_SP0227.jpg,Amit Kulkarni,2020-07-08,19.834417,74.446697,Flora
IMG00749,SP0165,OBS009777,IMG00749_SP0165.jpg,Pooja Shinde,2019-11-25,19.929243,74.518733,Water Body
IMG00750,SP0458,OBS004182,IMG00750_SP0458.jpg,Vikram Jadhav,2018-09-21,19.839186,74.49485,Habitat
IMG00751,SP0180,OBS006414,IMG00751_SP0180.jpg,Rahul Pawar,2020-06-13,19.80142,74.556445,Field Survey
IMG00752,SP0433,OBS019410,IMG00752_SP0433.jpg,Aarti Jadhav,2024-10-28,19.814163,74.481165,Habitat
IMG00753,SP0046,OBS017745,IMG00753_SP0046.jpg,Tejas Jadhav,2020-01-30,19.832042,74.565874,Wildlife
IMG00754,SP0229,OBS016519,IMG00754_SP0229.jpg,Neha Pawar,2020-09-20,19.811898,74.582973,Citizen Submission
IMG00755,SP0338,OBS015586,IMG00755_SP0338.jpg,Rahul Deshpande,2026-05-23,19.821531,74.559883,Wildlife
IMG00756,SP0363,,IMG00756_SP0363.jpg,Amit Kulkarni,2026-05-07,19.891788,74.598586,Water Body
IMG00757,SP0041,OBS019688,IMG00757_SP0041.jpg,Neha Pawar,2023-05-23,19.838356,74.45019,Field Survey
IMG00758,SP0173,,IMG00758_SP0173.jpg,Sandeep More,2024-05-17,19.945591,74.576521,Water Body
IMG00759,SP0126,OBS018512,IMG00759_SP0126.jpg,Vikram Jadhav,2023-02-13,19.91268,74.468092,Habitat
IMG00760,SP0009,OBS002048,IMG00760_SP0009.jpg,Vikram Joshi,2021-07-29,19.903607,74.402558,Water Body
IMG00761,SP0101,,IMG00761_SP0101.jpg,Vikram Joshi,2025-02-16,19.844116,74.470093,Field Survey
IMG00762,SP0205,,IMG00762_SP0205.jpg,Kirti Kulkarni,2024-01-07,19.922488,74.361136,Wildlife
IMG00763,SP0408,,IMG00763_SP0408.jpg,Pooja Shinde,2017-02-03,19.931148,74.384319,Citizen Submission
IMG00764,SP0002,OBS002499,IMG00764_SP0002.jpg,Kirti Kulkarni,2024-12-15,19.849338,74.405446,Habitat
IMG00765,SP0376,OBS001042,IMG00765_SP0376.jpg,Aarti Jadhav,2018-07-16,19.847849,74.567617,Wildlife
IMG00766,SP0055,OBS001288,IMG00766_SP0055.jpg,Swati Shinde,2025-08-02,19.867352,74.58235,Citizen Submission
IMG00767,SP0458,OBS002295,IMG00767_SP0458.jpg,Rajesh Kulkarni,2017-02-16,19.948708,74.594803,Wildlife
IMG00768,SP0234,OBS011547,IMG00768_SP0234.jpg,Priyanka More,2017-01-23,19.876594,74.563506,Wildlife
IMG00769,SP0155,OBS001224,IMG00769_SP0155.jpg,Om Shinde,2017-09-21,19.908957,74.480623,Field Survey
IMG00770,SP0091,OBS008492,IMG00770_SP0091.jpg,Sandeep Patil,2025-02-23,19.822487,74.54311,Flora
IMG00771,SP0250,,IMG00771_SP0250.jpg,Rahul Deshpande,2023-01-14,19.889751,74.465955,Habitat
IMG00772,SP0092,,IMG00772_SP0092.jpg,Kirti Kale,2018-03-04,19.85144,74.575182,Wildlife
IMG00773,SP0078,OBS019588,IMG00773_SP0078.jpg,Rajesh Kale,2023-04-25,19.871495,74.59557,Flora
IMG00774,SP0238,OBS016700,IMG00774_SP0238.jpg,Om Shinde,2025-07-17,19.802162,74.527124,Wildlife
IMG00775,SP0174,OBS009738,IMG00775_SP0174.jpg,Sandeep Patil,2024-10-27,19.948193,74.59454,Field Survey
IMG00776,SP0326,OBS007051,IMG00776_SP0326.jpg,Neha Deshpande,2024-09-01,19.897584,74.500101,Habitat
IMG00777,SP0139,OBS018270,IMG00777_SP0139.jpg,Aarti Joshi,2019-06-28,19.861832,74.423208,Field Survey
IMG00778,SP0054,OBS004654,IMG00778_SP0054.jpg,Tejas Joshi,2021-10-01,19.882029,74.569674,Water Body
IMG00779,SP0031,,IMG00779_SP0031.jpg,Vikram Jadhav,2016-08-17,19.803391,74.570348,Citizen Submission
IMG00780,SP0042,OBS005176,IMG00780_SP0042.jpg,Pooja Shinde,2022-04-29,19.826513,74.542524,Habitat
IMG00781,SP0192,,IMG00781_SP0192.jpg,Neha Deshpande,2020-12-01,19.875685,74.492932,Habitat
IMG00782,SP0126,OBS007300,IMG00782_SP0126.jpg,Swati Bhosale,2017-11-17,19.848669,74.46881,Habitat
IMG00783,SP0065,OBS012520,IMG00783_SP0065.jpg,Amit Kulkarni,2018-11-24,19.919018,74.513809,Water Body
IMG00784,SP0045,,IMG00784_SP0045.jpg,Kirti Kale,2025-10-03,19.860087,74.441262,Citizen Submission
IMG00785,SP0442,OBS017059,IMG00785_SP0442.jpg,Priyanka More,2022-05-02,19.877846,74.379676,Water Body
IMG00786,SP0220,OBS013298,IMG00786_SP0220.jpg,Amit Kulkarni,2026-03-16,19.806149,74.505039,Wildlife
IMG00787,SP0196,OBS014965,IMG00787_SP0196.jpg,Vikram Jadhav,2022-04-09,19.861414,74.369509,Wildlife
IMG00788,SP0283,OBS018478,IMG00788_SP0283.jpg,Amit Kulkarni,2025-06-17,19.844572,74.558775,Citizen Submission
IMG00789,SP0414,,IMG00789_SP0414.jpg,Aarti Jadhav,2019-12-08,19.935316,74.442931,Citizen Submission
IMG00790,SP0396,OBS012081,IMG00790_SP0396.jpg,Neha Pawar,2024-11-05,19.894438,74.55508,Habitat
IMG00791,SP0249,,IMG00791_SP0249.jpg,Swati Bhosale,2020-12-07,19.912196,74.413804,Habitat
IMG00792,SP0373,,IMG00792_SP0373.jpg,Om Bhosale,2016-09-25,19.883365,74.521295,Citizen Submission
IMG00793,SP0188,,IMG00793_SP0188.jpg,Om Bhosale,2025-11-06,19.948482,74.444712,Citizen Submission
IMG00794,SP0121,OBS003915,IMG00794_SP0121.jpg,Aarti Joshi,2024-03-05,19.892805,74.407124,Citizen Submission
IMG00795,SP0235,OBS008301,IMG00795_SP0235.jpg,Tejas Joshi,2020-05-03,19.80477,74.374234,Wildlife
IMG00796,SP0114,OBS008428,IMG00796_SP0114.jpg,Pooja Bhosale,2016-09-19,19.927814,74.518236,Water Body
IMG00797,SP0250,OBS004279,IMG00797_SP0250.jpg,Priyanka Patil,2022-08-08,19.807117,74.422203,Water Body
IMG00798,SP0246,OBS014600,IMG00798_SP0246.jpg,Vikram Joshi,2021-08-05,19.893889,74.53121,Wildlife
IMG00799,SP0137,OBS014438,IMG00799_SP0137.jpg,Om Shinde,2022-08-25,19.811404,74.594155,Habitat
IMG00800,SP0218,,IMG00800_SP0218.jpg,Vikram Joshi,2021-12-25,19.920562,74.437962,Wildlife
IMG00801,SP0055,OBS004949,IMG00801_SP0055.jpg,Vikram Joshi,2024-12-27,19.91098,74.582972,Habitat
IMG00802,SP0304,,IMG00802_SP0304.jpg,Rahul Pawar,2018-05-10,19.8994,74.450672,Habitat
IMG00803,SP0128,,IMG00803_SP0128.jpg,Nikhil Deshpande,2017-12-11,19.89143,74.460415,Field Survey
IMG00804,SP0092,OBS002453,IMG00804_SP0092.jpg,Pooja Shinde,2026-08-04,19.946947,74.483872,Habitat
IMG00805,SP0040,OBS018359,IMG00805_SP0040.jpg,Rajesh Kale,2019-02-08,19.858973,74.450944,Field Survey
IMG00806,SP0362,OBS008172,IMG00806_SP0362.jpg,Sneha Patil,2023-07-22,19.865289,74.362552,Wildlife
IMG00807,SP0026,,IMG00807_SP0026.jpg,Priyanka Patil,2023-09-27,19.839883,74.356921,Water Body
IMG00808,SP0046,,IMG00808_SP0046.jpg,Rajesh Kulkarni,2019-06-18,19.872449,74.440329,Flora
IMG00809,SP0091,OBS012534,IMG00809_SP0091.jpg,Pooja Bhosale,2023-01-07,19.888608,74.547441,Flora
IMG00810,SP0255,OBS011449,IMG00810_SP0255.jpg,Sneha More,2019-07-31,19.813156,74.526618,Wildlife
IMG00811,SP0113,,IMG00811_SP0113.jpg,Amit Kulkarni,2025-05-23,19.913177,74.482913,Field Survey
IMG00812,SP0126,OBS001564,IMG00812_SP0126.jpg,Rahul Deshpande,2025-04-13,19.929587,74.439847,Wildlife
IMG00813,SP0106,OBS010271,IMG00813_SP0106.jpg,Rajesh Kulkarni,2025-08-11,19.918495,74.495018,Field Survey
IMG00814,SP0298,OBS004667,IMG00814_SP0298.jpg,Sneha Patil,2020-08-03,19.876606,74.501465,Citizen Submission
IMG00815,SP0202,,IMG00815_SP0202.jpg,Sneha Patil,2025-10-05,19.943899,74.506807,Flora
IMG00816,SP0043,OBS016873,IMG00816_SP0043.jpg,Swati Bhosale,2019-01-21,19.844692,74.380024,Field Survey
IMG00817,SP0154,OBS000754,IMG00817_SP0154.jpg,Rahul Deshpande,2018-08-17,19.883234,74.574718,Habitat
IMG00818,SP0251,OBS017935,IMG00818_SP0251.jpg,Swati Bhosale,2022-06-05,19.8746,74.44682,Habitat
IMG00819,SP0075,OBS006231,IMG00819_SP0075.jpg,Sandeep Patil,2023-12-31,19.809413,74.561289,Wildlife
IMG00820,SP0037,OBS014909,IMG00820_SP0037.jpg,Vikram Joshi,2016-12-25,19.885851,74.504948,Habitat
IMG00821,SP0428,OBS010867,IMG00821_SP0428.jpg,Tejas Joshi,2021-11-12,19.859383,74.526685,Habitat
IMG00822,SP0378,,IMG00822_SP0378.jpg,Kirti Kulkarni,2024-06-06,19.914852,74.477127,Flora
IMG00823,SP0102,OBS016033,IMG00823_SP0102.jpg,Om Bhosale,2023-05-24,19.851129,74.568556,Field Survey
IMG00824,SP0222,OBS004645,IMG00824_SP0222.jpg,Kirti Kale,2024-07-10,19.856431,74.534454,Water Body
IMG00825,SP0428,,IMG00825_SP0428.jpg,Vikram Joshi,2017-12-30,19.881246,74.550846,Field Survey
IMG00826,SP0045,,IMG00826_SP0045.jpg,Swati Shinde,2018-10-06,19.840301,74.559753,Wildlife
IMG00827,SP0119,OBS017399,IMG00827_SP0119.jpg,Priyanka More,2023-11-15,19.831264,74.364919,Citizen Submission
IMG00828,SP0424,OBS009113,IMG00828_SP0424.jpg,Nikhil Pawar,2017-08-31,19.936699,74.538683,Wildlife
IMG00829,SP0165,OBS012187,IMG00829_SP0165.jpg,Om Shinde,2018-02-11,19.8534,74.376964,Citizen Submission
IMG00830,SP0406,,IMG00830_SP0406.jpg,Sneha Patil,2024-05-28,19.947189,74.402465,Wildlife
IMG00831,SP0237,,IMG00831_SP0237.jpg,Amit Kale,2020-04-29,19.823084,74.358539,Flora
IMG00832,SP0150,OBS008895,IMG00832_SP0150.jpg,Amit Kulkarni,2023-01-17,19.822183,74.434455,Water Body
IMG00833,SP0294,OBS003483,IMG00833_SP0294.jpg,Sneha More,2019-11-21,19.88884,74.492126,Wildlife
IMG00834,SP0164,OBS019271,IMG00834_SP0164.jpg,Swati Shinde,2019-08-05,19.903686,74.432425,Habitat
IMG00835,SP0258,OBS013666,IMG00835_SP0258.jpg,Neha Deshpande,2022-08-02,19.94571,74.474746,Water Body
IMG00836,SP0233,,IMG00836_SP0233.jpg,Priyanka More,2018-05-22,19.841397,74.491813,Habitat
IMG00837,SP0367,OBS010205,IMG00837_SP0367.jpg,Aarti Joshi,2019-03-10,19.817403,74.419835,Habitat
IMG00838,SP0150,OBS006909,IMG00838_SP0150.jpg,Rahul Deshpande,2019-08-03,19.866722,74.471885,Wildlife
IMG00839,SP0238,OBS001551,IMG00839_SP0238.jpg,Rahul Deshpande,2017-05-15,19.947375,74.364122,Flora
IMG00840,SP0375,,IMG00840_SP0375.jpg,Neha Pawar,2024-10-30,19.932539,74.538273,Field Survey
IMG00841,SP0073,OBS007244,IMG00841_SP0073.jpg,Amit Kulkarni,2019-03-17,19.945782,74.383602,Water Body
IMG00842,SP0091,OBS001795,IMG00842_SP0091.jpg,Rahul Deshpande,2021-02-05,19.934441,74.448717,Flora
IMG00843,SP0008,,IMG00843_SP0008.jpg,Om Bhosale,2022-09-16,19.870902,74.573936,Field Survey
IMG00844,SP0423,,IMG00844_SP0423.jpg,Nikhil Deshpande,2026-03-26,19.948197,74.429976,Citizen Submission
IMG00845,SP0135,,IMG00845_SP0135.jpg,Sneha Patil,2021-06-01,19.830539,74.521277,Habitat
IMG00846,SP0302,OBS013301,IMG00846_SP0302.jpg,Rahul Pawar,2021-01-10,19.921821,74.584886,Citizen Submission
IMG00847,SP0449,,IMG00847_SP0449.jpg,Priyanka Patil,2022-07-07,19.820536,74.474782,Field Survey
IMG00848,SP0109,,IMG00848_SP0109.jpg,Neha Deshpande,2020-07-29,19.870499,74.370883,Wildlife
IMG00849,SP0245,,IMG00849_SP0245.jpg,Rajesh Kale,2020-09-26,19.924666,74.580832,Citizen Submission
IMG00850,SP0213,OBS015971,IMG00850_SP0213.jpg,Priyanka Patil,2020-09-23,19.908954,74.57255,Field Survey
IMG00851,SP0460,OBS005109,IMG00851_SP0460.jpg,Amit Kulkarni,2020-01-01,19.922657,74.376209,Flora
IMG00852,SP0069,OBS007731,IMG00852_SP0069.jpg,Rahul Deshpande,2025-07-14,19.893713,74.581478,Flora
IMG00853,SP0200,OBS009733,IMG00853_SP0200.jpg,Tejas Joshi,2023-03-09,19.915208,74.575279,Wildlife
IMG00854,SP0057,OBS019702,IMG00854_SP0057.jpg,Sandeep More,2025-04-09,19.880551,74.578683,Habitat
IMG00855,SP0093,OBS011462,IMG00855_SP0093.jpg,Vikram Joshi,2025-05-09,19.869313,74.591002,Wildlife
IMG00856,SP0397,OBS011204,IMG00856_SP0397.jpg,Pooja Bhosale,2024-04-14,19.907166,74.529812,Wildlife
IMG00857,SP0415,OBS002107,IMG00857_SP0415.jpg,Kirti Kale,2022-05-20,19.930583,74.433853,Habitat
IMG00858,SP0056,OBS000300,IMG00858_SP0056.jpg,Vikram Jadhav,2022-12-26,19.815614,74.538711,Citizen Submission
IMG00859,SP0005,OBS017846,IMG00859_SP0005.jpg,Vikram Joshi,2024-03-27,19.826772,74.589212,Flora
IMG00860,SP0132,OBS008140,IMG00860_SP0132.jpg,Pooja Shinde,2019-05-12,19.871858,74.406324,Water Body
IMG00861,SP0022,,IMG00861_SP0022.jpg,Om Shinde,2019-02-18,19.856523,74.410506,Citizen Submission
IMG00862,SP0097,OBS002812,IMG00862_SP0097.jpg,Kirti Kulkarni,2017-09-30,19.874994,74.509483,Water Body
IMG00863,SP0254,OBS000360,IMG00863_SP0254.jpg,Priyanka More,2022-02-20,19.909701,74.473777,Field Survey
IMG00864,SP0195,OBS013088,IMG00864_SP0195.jpg,Sandeep More,2020-03-23,19.867519,74.458219,Field Survey
IMG00865,SP0387,,IMG00865_SP0387.jpg,Swati Shinde,2020-08-15,19.896578,74.426664,Habitat
IMG00866,SP0187,OBS007765,IMG00866_SP0187.jpg,Rahul Pawar,2024-08-13,19.933663,74.495849,Field Survey
IMG00867,SP0460,OBS013206,IMG00867_SP0460.jpg,Nikhil Deshpande,2021-06-30,19.940404,74.508271,Field Survey
IMG00868,SP0223,OBS011046,IMG00868_SP0223.jpg,Rahul Pawar,2022-09-02,19.940698,74.515814,Wildlife
IMG00869,SP0387,OBS016394,IMG00869_SP0387.jpg,Pooja Bhosale,2022-05-15,19.948525,74.443176,Habitat
IMG00870,SP0161,OBS018696,IMG00870_SP0161.jpg,Aarti Jadhav,2021-07-29,19.932076,74.511711,Citizen Submission
IMG00871,SP0277,,IMG00871_SP0277.jpg,Kirti Kale,2026-08-01,19.941315,74.466073,Water Body
IMG00872,SP0446,OBS019215,IMG00872_SP0446.jpg,Sneha Patil,2019-03-19,19.892052,74.389101,Flora
IMG00873,SP0092,OBS009837,IMG00873_SP0092.jpg,Vikram Jadhav,2016-11-09,19.879507,74.576261,Flora
IMG00874,SP0258,OBS008666,IMG00874_SP0258.jpg,Tejas Jadhav,2016-11-03,19.803797,74.453041,Flora
IMG00875,SP0143,,IMG00875_SP0143.jpg,Pooja Shinde,2025-06-30,19.817669,74.581049,Flora
IMG00876,SP0046,,IMG00876_SP0046.jpg,Sandeep More,2020-03-07,19.905677,74.379589,Flora
IMG00877,SP0451,OBS011130,IMG00877_SP0451.jpg,Amit Kulkarni,2023-12-18,19.89291,74.387424,Field Survey
IMG00878,SP0429,,IMG00878_SP0429.jpg,Sneha Patil,2022-02-06,19.947835,74.465259,Field Survey
IMG00879,SP0386,OBS002618,IMG00879_SP0386.jpg,Aarti Joshi,2026-07-28,19.877671,74.462762,Field Survey
IMG00880,SP0376,OBS004891,IMG00880_SP0376.jpg,Sandeep More,2018-11-24,19.941319,74.566636,Flora
IMG00881,SP0357,OBS007186,IMG00881_SP0357.jpg,Om Bhosale,2022-02-04,19.874976,74.502841,Habitat
IMG00882,SP0247,,IMG00882_SP0247.jpg,Vikram Joshi,2017-02-07,19.823764,74.449247,Habitat
IMG00883,SP0234,OBS001594,IMG00883_SP0234.jpg,Sneha Patil,2019-08-29,19.826324,74.556981,Water Body
IMG00884,SP0324,OBS009183,IMG00884_SP0324.jpg,Rahul Deshpande,2018-11-03,19.918435,74.385667,Habitat
IMG00885,SP0081,OBS016174,IMG00885_SP0081.jpg,Amit Kale,2021-06-09,19.931044,74.551336,Flora
IMG00886,SP0111,OBS005210,IMG00886_SP0111.jpg,Rahul Deshpande,2016-12-17,19.931756,74.540288,Field Survey
IMG00887,SP0323,OBS002081,IMG00887_SP0323.jpg,Nikhil Pawar,2023-09-28,19.892543,74.543544,Wildlife
IMG00888,SP0273,OBS016231,IMG00888_SP0273.jpg,Pooja Bhosale,2021-09-28,19.873432,74.532019,Wildlife
IMG00889,SP0154,OBS005935,IMG00889_SP0154.jpg,Neha Pawar,2018-08-05,19.92716,74.476625,Habitat
IMG00890,SP0305,OBS011512,IMG00890_SP0305.jpg,Kirti Kale,2022-07-05,19.904672,74.40305,Habitat
IMG00891,SP0359,,IMG00891_SP0359.jpg,Vikram Joshi,2026-01-12,19.857552,74.507119,Citizen Submission
IMG00892,SP0314,OBS017932,IMG00892_SP0314.jpg,Priyanka More,2023-03-24,19.871717,74.350216,Citizen Submission
IMG00893,SP0220,OBS012684,IMG00893_SP0220.jpg,Rajesh Kale,2025-05-29,19.840963,74.560679,Field Survey
IMG00894,SP0253,OBS008147,IMG00894_SP0253.jpg,Kirti Kulkarni,2017-01-28,19.881085,74.541525,Water Body
IMG00895,SP0212,,IMG00895_SP0212.jpg,Sandeep More,2021-06-09,19.946633,74.428256,Wildlife
IMG00896,SP0345,OBS009640,IMG00896_SP0345.jpg,Sneha Patil,2023-08-11,19.862807,74.562045,Habitat
IMG00897,SP0018,OBS010496,IMG00897_SP0018.jpg,Priyanka More,2024-10-13,19.817814,74.578226,Citizen Submission
IMG00898,SP0401,OBS003628,IMG00898_SP0401.jpg,Sandeep More,2021-07-13,19.83938,74.591706,Field Survey
IMG00899,SP0092,OBS008236,IMG00899_SP0092.jpg,Swati Bhosale,2022-06-11,19.911157,74.364345,Wildlife
IMG00900,SP0201,OBS015685,IMG00900_SP0201.jpg,Sneha Patil,2021-05-06,19.910952,74.414964,Citizen Submission
IMG00901,SP0262,OBS014805,IMG00901_SP0262.jpg,Om Bhosale,2023-03-20,19.885858,74.409223,Water Body
IMG00902,SP0102,OBS006149,IMG00902_SP0102.jpg,Pooja Bhosale,2026-01-19,19.927865,74.567336,Wildlife
IMG00903,SP0378,OBS006322,IMG00903_SP0378.jpg,Nikhil Deshpande,2019-10-28,19.930348,74.579194,Water Body
IMG00904,SP0118,,IMG00904_SP0118.jpg,Sandeep More,2020-09-19,19.914734,74.540278,Flora
IMG00905,SP0378,OBS016184,IMG00905_SP0378.jpg,Kirti Kulkarni,2026-04-26,19.862663,74.457416,Habitat
IMG00906,SP0084,,IMG00906_SP0084.jpg,Neha Pawar,2016-12-18,19.885822,74.398386,Water Body
IMG00907,SP0321,OBS014473,IMG00907_SP0321.jpg,Om Bhosale,2021-09-11,19.840321,74.515498,Water Body
IMG00908,SP0299,OBS012285,IMG00908_SP0299.jpg,Neha Pawar,2017-07-03,19.894522,74.492828,Wildlife
IMG00909,SP0370,OBS011800,IMG00909_SP0370.jpg,Sneha Patil,2020-04-29,19.898418,74.4436,Wildlife
IMG00910,SP0235,OBS002067,IMG00910_SP0235.jpg,Tejas Jadhav,2024-10-06,19.865286,74.406665,Wildlife
IMG00911,SP0085,OBS006637,IMG00911_SP0085.jpg,Priyanka Patil,2021-08-25,19.864052,74.575893,Citizen Submission
IMG00912,SP0246,,IMG00912_SP0246.jpg,Amit Kale,2016-11-08,19.94853,74.364306,Flora
IMG00913,SP0251,,IMG00913_SP0251.jpg,Priyanka More,2025-05-19,19.94963,74.523971,Citizen Submission
IMG00914,SP0075,OBS010330,IMG00914_SP0075.jpg,Sandeep Patil,2019-01-02,19.879746,74.543234,Habitat
IMG00915,SP0157,OBS011344,IMG00915_SP0157.jpg,Sandeep Patil,2025-08-03,19.904026,74.36734,Water Body
IMG00916,SP0374,OBS002404,IMG00916_SP0374.jpg,Sandeep More,2021-09-24,19.939448,74.385313,Field Survey
IMG00917,SP0261,,IMG00917_SP0261.jpg,Tejas Jadhav,2024-08-25,19.917219,74.419265,Wildlife
IMG00918,SP0009,,IMG00918_SP0009.jpg,Pooja Shinde,2021-12-31,19.8582,74.570454,Citizen Submission
IMG00919,SP0193,OBS009960,IMG00919_SP0193.jpg,Aarti Jadhav,2017-10-02,19.866263,74.521278,Citizen Submission
IMG00920,SP0391,OBS004643,IMG00920_SP0391.jpg,Neha Pawar,2016-12-04,19.817914,74.389809,Habitat
IMG00921,SP0029,OBS004465,IMG00921_SP0029.jpg,Amit Kale,2025-07-24,19.850804,74.370632,Flora
IMG00922,SP0458,OBS012466,IMG00922_SP0458.jpg,Rahul Pawar,2022-07-31,19.877272,74.449242,Water Body
IMG00923,SP0277,,IMG00923_SP0277.jpg,Sneha Patil,2025-06-24,19.91884,74.569545,Habitat
IMG00924,SP0219,,IMG00924_SP0219.jpg,Tejas Joshi,2020-09-30,19.813171,74.388986,Field Survey
IMG00925,SP0217,OBS014171,IMG00925_SP0217.jpg,Sandeep Patil,2025-05-17,19.881486,74.561466,Citizen Submission
IMG00926,SP0121,OBS011630,IMG00926_SP0121.jpg,Vikram Joshi,2021-06-29,19.815061,74.434177,Wildlife
IMG00927,SP0122,,IMG00927_SP0122.jpg,Amit Kulkarni,2023-10-23,19.921335,74.539018,Wildlife
IMG00928,SP0259,OBS010590,IMG00928_SP0259.jpg,Kirti Kale,2019-10-07,19.87752,74.390119,Citizen Submission
IMG00929,SP0089,OBS013170,IMG00929_SP0089.jpg,Rahul Deshpande,2025-03-29,19.925412,74.589096,Citizen Submission
IMG00930,SP0351,,IMG00930_SP0351.jpg,Kirti Kale,2025-10-10,19.926417,74.465119,Water Body
IMG00931,SP0425,,IMG00931_SP0425.jpg,Pooja Shinde,2024-07-04,19.80419,74.564696,Habitat
IMG00932,SP0238,OBS000347,IMG00932_SP0238.jpg,Sandeep More,2019-09-10,19.856356,74.549983,Citizen Submission
IMG00933,SP0034,,IMG00933_SP0034.jpg,Sneha More,2025-10-01,19.93601,74.529668,Wildlife
IMG00934,SP0433,,IMG00934_SP0433.jpg,Tejas Jadhav,2016-12-16,19.824498,74.440104,Water Body
IMG00935,SP0351,,IMG00935_SP0351.jpg,Sandeep More,2024-02-03,19.887503,74.548533,Wildlife
IMG00936,SP0103,OBS019335,IMG00936_SP0103.jpg,Rajesh Kale,2025-08-04,19.936879,74.391319,Wildlife
IMG00937,SP0024,OBS016755,IMG00937_SP0024.jpg,Amit Kale,2024-02-25,19.860711,74.50126,Flora
IMG00938,SP0145,OBS018494,IMG00938_SP0145.jpg,Vikram Joshi,2020-03-26,19.812526,74.559721,Habitat
IMG00939,SP0149,OBS006306,IMG00939_SP0149.jpg,Sandeep More,2025-07-12,19.872762,74.362746,Field Survey
IMG00940,SP0118,OBS019863,IMG00940_SP0118.jpg,Pooja Bhosale,2025-12-18,19.88191,74.528691,Citizen Submission
IMG00941,SP0270,,IMG00941_SP0270.jpg,Kirti Kulkarni,2017-12-22,19.881364,74.426316,Wildlife
IMG00942,SP0207,OBS014541,IMG00942_SP0207.jpg,Swati Shinde,2021-10-11,19.834973,74.565818,Wildlife
IMG00943,SP0050,OBS012225,IMG00943_SP0050.jpg,Vikram Jadhav,2020-03-25,19.888137,74.548399,Flora
IMG00944,SP0366,OBS006344,IMG00944_SP0366.jpg,Aarti Joshi,2017-08-07,19.818921,74.546843,Wildlife
IMG00945,SP0364,,IMG00945_SP0364.jpg,Pooja Shinde,2019-02-28,19.801956,74.568363,Wildlife
IMG00946,SP0033,OBS008103,IMG00946_SP0033.jpg,Aarti Jadhav,2017-02-05,19.882157,74.581741,Habitat
IMG00947,SP0045,,IMG00947_SP0045.jpg,Rajesh Kale,2020-03-06,19.943337,74.499441,Citizen Submission
IMG00948,SP0297,OBS017078,IMG00948_SP0297.jpg,Nikhil Pawar,2023-03-11,19.932659,74.498258,Wildlife
IMG00949,SP0034,OBS007924,IMG00949_SP0034.jpg,Vikram Joshi,2022-06-20,19.921828,74.49482,Water Body
IMG00950,SP0397,,IMG00950_SP0397.jpg,Pooja Shinde,2019-08-26,19.924565,74.553383,Water Body
IMG00951,SP0269,OBS004983,IMG00951_SP0269.jpg,Pooja Bhosale,2019-08-04,19.858136,74.571644,Citizen Submission
IMG00952,SP0112,OBS019502,IMG00952_SP0112.jpg,Rahul Deshpande,2020-10-27,19.88256,74.498033,Flora
IMG00953,SP0098,OBS007129,IMG00953_SP0098.jpg,Priyanka More,2018-12-29,19.842555,74.58045,Wildlife
IMG00954,SP0317,,IMG00954_SP0317.jpg,Priyanka Patil,2022-02-20,19.817199,74.472065,Flora
IMG00955,SP0255,OBS019612,IMG00955_SP0255.jpg,Vikram Joshi,2021-01-15,19.83631,74.454369,Wildlife
IMG00956,SP0218,OBS010462,IMG00956_SP0218.jpg,Sneha Patil,2025-01-19,19.849593,74.370462,Habitat
IMG00957,SP0391,OBS010173,IMG00957_SP0391.jpg,Pooja Bhosale,2019-01-29,19.817008,74.364789,Wildlife
IMG00958,SP0337,OBS014244,IMG00958_SP0337.jpg,Rajesh Kulkarni,2025-05-22,19.842285,74.556172,Flora
IMG00959,SP0066,,IMG00959_SP0066.jpg,Swati Shinde,2019-06-08,19.849854,74.365558,Flora
IMG00960,SP0415,OBS019009,IMG00960_SP0415.jpg,Kirti Kulkarni,2021-12-01,19.881982,74.379496,Flora
IMG00961,SP0255,OBS005632,IMG00961_SP0255.jpg,Pooja Bhosale,2019-11-11,19.894301,74.484801,Field Survey
IMG00962,SP0066,OBS016509,IMG00962_SP0066.jpg,Om Bhosale,2018-10-31,19.815198,74.555702,Field Survey
IMG00963,SP0351,OBS010926,IMG00963_SP0351.jpg,Sneha More,2025-01-05,19.868006,74.598968,Flora
IMG00964,SP0102,,IMG00964_SP0102.jpg,Vikram Jadhav,2022-08-06,19.941146,74.532035,Field Survey
IMG00965,SP0447,OBS019587,IMG00965_SP0447.jpg,Aarti Jadhav,2021-01-29,19.832306,74.504485,Wildlife
IMG00966,SP0304,OBS017223,IMG00966_SP0304.jpg,Sandeep More,2021-10-25,19.849115,74.595529,Flora
IMG00967,SP0063,OBS003018,IMG00967_SP0063.jpg,Vikram Joshi,2025-11-27,19.918301,74.351694,Wildlife
IMG00968,SP0347,OBS016777,IMG00968_SP0347.jpg,Pooja Shinde,2022-06-24,19.876708,74.464884,Habitat
IMG00969,SP0399,OBS016448,IMG00969_SP0399.jpg,Priyanka Patil,2021-02-06,19.857525,74.51015,Wildlife
IMG00970,SP0262,,IMG00970_SP0262.jpg,Rahul Deshpande,2021-12-17,19.920927,74.560534,Water Body
IMG00971,SP0311,OBS007025,IMG00971_SP0311.jpg,Amit Kulkarni,2018-08-16,19.8572,74.373968,Flora
IMG00972,SP0183,OBS004680,IMG00972_SP0183.jpg,Aarti Jadhav,2020-10-11,19.810619,74.382045,Field Survey
IMG00973,SP0294,OBS019597,IMG00973_SP0294.jpg,Aarti Jadhav,2025-06-24,19.938109,74.39099,Habitat
IMG00974,SP0360,OBS014469,IMG00974_SP0360.jpg,Sneha Patil,2018-01-24,19.842629,74.475989,Habitat
IMG00975,SP0311,OBS006150,IMG00975_SP0311.jpg,Om Bhosale,2018-11-17,19.86253,74.580212,Wildlife
IMG00976,SP0121,OBS009469,IMG00976_SP0121.jpg,Neha Pawar,2023-01-28,19.907892,74.512885,Field Survey
IMG00977,SP0097,,IMG00977_SP0097.jpg,Om Bhosale,2020-04-23,19.833049,74.547815,Water Body
IMG00978,SP0290,,IMG00978_SP0290.jpg,Rahul Pawar,2025-10-11,19.907025,74.562203,Field Survey
IMG00979,SP0215,OBS004334,IMG00979_SP0215.jpg,Neha Pawar,2024-09-26,19.869078,74.482892,Flora
IMG00980,SP0086,OBS014554,IMG00980_SP0086.jpg,Vikram Jadhav,2026-07-21,19.893199,74.406702,Water Body
IMG00981,SP0048,OBS009865,IMG00981_SP0048.jpg,Nikhil Deshpande,2022-07-02,19.931902,74.586704,Wildlife
IMG00982,SP0456,,IMG00982_SP0456.jpg,Nikhil Deshpande,2024-09-23,19.925828,74.534881,Water Body
IMG00983,SP0312,OBS018067,IMG00983_SP0312.jpg,Vikram Jadhav,2019-03-24,19.900916,74.519784,Water Body
IMG00984,SP0357,OBS001833,IMG00984_SP0357.jpg,Aarti Jadhav,2018-08-01,19.882347,74.425193,Flora
IMG00985,SP0337,OBS001700,IMG00985_SP0337.jpg,Sandeep Patil,2017-11-30,19.876216,74.476722,Habitat
IMG00986,SP0456,,IMG00986_SP0456.jpg,Neha Pawar,2016-10-12,19.823662,74.428853,Habitat
IMG00987,SP0217,OBS013972,IMG00987_SP0217.jpg,Om Shinde,2018-08-07,19.892637,74.37986,Flora
IMG00988,SP0265,OBS010860,IMG00988_SP0265.jpg,Rahul Pawar,2023-09-09,19.821718,74.457976,Field Survey
IMG00989,SP0146,,IMG00989_SP0146.jpg,Aarti Jadhav,2020-12-01,19.932926,74.498923,Wildlife
IMG00990,SP0290,OBS011776,IMG00990_SP0290.jpg,Sandeep More,2022-02-20,19.886918,74.359703,Wildlife
IMG00991,SP0032,OBS004582,IMG00991_SP0032.jpg,Sandeep More,2020-09-14,19.942267,74.432494,Flora
IMG00992,SP0263,OBS007922,IMG00992_SP0263.jpg,Vikram Jadhav,2017-08-20,19.831141,74.397208,Citizen Submission
IMG00993,SP0121,OBS003832,IMG00993_SP0121.jpg,Vikram Joshi,2018-03-06,19.947498,74.358494,Field Survey
IMG00994,SP0236,OBS016859,IMG00994_SP0236.jpg,Vikram Jadhav,2024-04-25,19.914001,74.380949,Wildlife
IMG00995,SP0426,OBS006088,IMG00995_SP0426.jpg,Kirti Kale,2019-02-02,19.8735,74.56323,Habitat
IMG00996,SP0313,OBS003469,IMG00996_SP0313.jpg,Amit Kale,2022-10-16,19.846967,74.379474,Field Survey
IMG00997,SP0071,,IMG00997_SP0071.jpg,Vikram Joshi,2025-08-01,19.850801,74.415435,Citizen Submission
IMG00998,SP0038,OBS012803,IMG00998_SP0038.jpg,Pooja Shinde,2018-12-03,19.809955,74.542996,Wildlife
IMG00999,SP0147,OBS013987,IMG00999_SP0147.jpg,Vikram Joshi,2021-08-24,19.866144,74.435384,Field Survey
IMG01000,SP0235,OBS001619,IMG01000_SP0235.jpg,Vikram Jadhav,2026-05-22,19.836184,74.524643,Flora
IMG01001,SP0063,OBS019544,IMG01001_SP0063.jpg,Amit Kale,2025-12-06,19.831556,74.478181,Habitat
IMG01002,SP0223,OBS018675,IMG01002_SP0223.jpg,Neha Deshpande,2022-11-19,19.902669,74.505395,Habitat
IMG01003,SP0451,,IMG01003_SP0451.jpg,Pooja Bhosale,2023-01-23,19.823056,74.594766,Citizen Submission
IMG01004,SP0412,OBS010974,IMG01004_SP0412.jpg,Rahul Pawar,2020-07-30,19.900984,74.559528,Field Survey
IMG01005,SP0095,,IMG01005_SP0095.jpg,Kirti Kulkarni,2020-05-24,19.910664,74.399862,Water Body
IMG01006,SP0066,OBS004365,IMG01006_SP0066.jpg,Rajesh Kale,2025-08-06,19.925235,74.357265,Citizen Submission
IMG01007,SP0021,OBS016781,IMG01007_SP0021.jpg,Aarti Jadhav,2020-12-15,19.894278,74.589176,Flora
IMG01008,SP0175,OBS000250,IMG01008_SP0175.jpg,Sandeep Patil,2023-04-29,19.895566,74.390358,Habitat
IMG01009,SP0138,OBS002685,IMG01009_SP0138.jpg,Kirti Kulkarni,2025-05-25,19.826148,74.539528,Water Body
IMG01010,SP0018,OBS015036,IMG01010_SP0018.jpg,Pooja Bhosale,2018-09-12,19.877,74.597336,Flora
IMG01011,SP0020,OBS006578,IMG01011_SP0020.jpg,Kirti Kulkarni,2023-04-12,19.871572,74.591977,Field Survey
IMG01012,SP0053,,IMG01012_SP0053.jpg,Kirti Kale,2022-05-29,19.925346,74.467804,Citizen Submission
IMG01013,SP0343,OBS003959,IMG01013_SP0343.jpg,Sneha Patil,2024-04-29,19.855053,74.445335,Wildlife
IMG01014,SP0109,OBS008478,IMG01014_SP0109.jpg,Tejas Jadhav,2019-04-18,19.822501,74.459191,Citizen Submission
IMG01015,SP0404,,IMG01015_SP0404.jpg,Nikhil Pawar,2018-10-11,19.94877,74.540008,Habitat
IMG01016,SP0008,OBS015517,IMG01016_SP0008.jpg,Kirti Kulkarni,2020-08-19,19.948282,74.396957,Habitat
IMG01017,SP0061,OBS004823,IMG01017_SP0061.jpg,Rahul Deshpande,2023-03-17,19.898708,74.588831,Habitat
IMG01018,SP0131,,IMG01018_SP0131.jpg,Sandeep More,2022-02-11,19.875955,74.439197,Habitat
IMG01019,SP0015,,IMG01019_SP0015.jpg,Rajesh Kale,2023-06-14,19.836094,74.540236,Habitat
IMG01020,SP0406,OBS004081,IMG01020_SP0406.jpg,Rahul Deshpande,2017-09-30,19.836519,74.489634,Field Survey
IMG01021,SP0256,OBS013127,IMG01021_SP0256.jpg,Amit Kulkarni,2018-09-30,19.904876,74.432452,Habitat
IMG01022,SP0343,OBS006644,IMG01022_SP0343.jpg,Tejas Joshi,2018-03-18,19.825169,74.590757,Field Survey
IMG01023,SP0312,,IMG01023_SP0312.jpg,Rahul Deshpande,2021-01-20,19.832391,74.596382,Citizen Submission
IMG01024,SP0164,OBS019001,IMG01024_SP0164.jpg,Pooja Shinde,2021-10-05,19.859426,74.522317,Habitat
IMG01025,SP0374,OBS005247,IMG01025_SP0374.jpg,Om Bhosale,2021-12-16,19.841174,74.490599,Wildlife
IMG01026,SP0286,OBS012166,IMG01026_SP0286.jpg,Amit Kulkarni,2020-11-23,19.847131,74.377365,Habitat
IMG01027,SP0110,,IMG01027_SP0110.jpg,Amit Kale,2025-10-13,19.870733,74.55866,Habitat
IMG01028,SP0127,,IMG01028_SP0127.jpg,Aarti Joshi,2020-09-13,19.855813,74.380832,Wildlife
IMG01029,SP0139,OBS016923,IMG01029_SP0139.jpg,Sneha More,2019-08-14,19.858063,74.470078,Water Body
IMG01030,SP0426,,IMG01030_SP0426.jpg,Neha Pawar,2017-06-04,19.86544,74.535307,Citizen Submission
IMG01031,SP0046,OBS011000,IMG01031_SP0046.jpg,Vikram Jadhav,2018-06-01,19.932444,74.466239,Water Body
IMG01032,SP0211,OBS015022,IMG01032_SP0211.jpg,Rahul Deshpande,2018-03-10,19.917811,74.414455,Field Survey
IMG01033,SP0055,OBS014170,IMG01033_SP0055.jpg,Sneha More,2018-09-03,19.926083,74.496619,Flora
IMG01034,SP0316,,IMG01034_SP0316.jpg,Aarti Jadhav,2021-04-27,19.908022,74.502316,Flora
IMG01035,SP0214,OBS001285,IMG01035_SP0214.jpg,Aarti Jadhav,2019-04-27,19.855752,74.507522,Habitat
IMG01036,SP0035,,IMG01036_SP0035.jpg,Rahul Deshpande,2023-01-02,19.881534,74.563414,Flora
IMG01037,SP0196,OBS016852,IMG01037_SP0196.jpg,Amit Kulkarni,2019-05-23,19.862376,74.569588,Citizen Submission
IMG01038,SP0324,,IMG01038_SP0324.jpg,Vikram Jadhav,2025-11-18,19.919196,74.370888,Field Survey
IMG01039,SP0443,OBS015100,IMG01039_SP0443.jpg,Neha Pawar,2018-07-11,19.862861,74.355107,Flora
IMG01040,SP0348,OBS010357,IMG01040_SP0348.jpg,Neha Deshpande,2026-08-02,19.881033,74.413915,Field Survey
IMG01041,SP0012,OBS012042,IMG01041_SP0012.jpg,Kirti Kale,2022-08-21,19.910831,74.388821,Field Survey
IMG01042,SP0159,OBS008856,IMG01042_SP0159.jpg,Swati Shinde,2020-01-13,19.810857,74.448477,Citizen Submission
IMG01043,SP0079,OBS018336,IMG01043_SP0079.jpg,Priyanka Patil,2018-10-09,19.939244,74.454224,Habitat
IMG01044,SP0336,OBS004368,IMG01044_SP0336.jpg,Sneha Patil,2017-07-01,19.819393,74.387126,Water Body
IMG01045,SP0145,OBS007493,IMG01045_SP0145.jpg,Om Bhosale,2025-04-12,19.871889,74.474286,Field Survey
IMG01046,SP0204,,IMG01046_SP0204.jpg,Sandeep More,2019-03-18,19.898997,74.53008,Flora
IMG01047,SP0270,OBS009428,IMG01047_SP0270.jpg,Nikhil Pawar,2025-02-27,19.874285,74.375268,Citizen Submission
IMG01048,SP0200,,IMG01048_SP0200.jpg,Swati Shinde,2025-09-30,19.809827,74.599958,Citizen Submission
IMG01049,SP0406,OBS005734,IMG01049_SP0406.jpg,Nikhil Deshpande,2016-09-22,19.928943,74.384582,Habitat
IMG01050,SP0381,OBS002910,IMG01050_SP0381.jpg,Sandeep More,2022-12-26,19.834772,74.481486,Field Survey
IMG01051,SP0429,OBS003279,IMG01051_SP0429.jpg,Pooja Shinde,2021-10-04,19.854816,74.364695,Field Survey
IMG01052,SP0063,,IMG01052_SP0063.jpg,Sandeep More,2017-06-17,19.915018,74.41492,Citizen Submission
IMG01053,SP0260,OBS004117,IMG01053_SP0260.jpg,Rahul Deshpande,2018-11-11,19.849984,74.40167,Wildlife
IMG01054,SP0360,OBS007187,IMG01054_SP0360.jpg,Aarti Jadhav,2022-05-23,19.833693,74.59089,Wildlife
IMG01055,SP0110,OBS011613,IMG01055_SP0110.jpg,Sandeep Patil,2018-10-25,19.831588,74.352789,Habitat
IMG01056,SP0321,OBS000139,IMG01056_SP0321.jpg,Rahul Pawar,2017-08-28,19.860623,74.453325,Flora
IMG01057,SP0263,OBS014644,IMG01057_SP0263.jpg,Sneha Patil,2019-06-05,19.8752,74.500116,Field Survey
IMG01058,SP0416,,IMG01058_SP0416.jpg,Neha Pawar,2019-01-05,19.913182,74.358332,Field Survey
IMG01059,SP0183,,IMG01059_SP0183.jpg,Om Bhosale,2022-05-22,19.844455,74.546912,Habitat
IMG01060,SP0141,,IMG01060_SP0141.jpg,Kirti Kulkarni,2018-03-04,19.909595,74.573414,Field Survey
IMG01061,SP0394,OBS000229,IMG01061_SP0394.jpg,Sandeep More,2025-11-11,19.830324,74.462269,Water Body
IMG01062,SP0326,OBS000373,IMG01062_SP0326.jpg,Om Shinde,2019-11-08,19.808371,74.412488,Citizen Submission
IMG01063,SP0198,OBS017520,IMG01063_SP0198.jpg,Om Bhosale,2025-04-14,19.816033,74.37108,Wildlife
IMG01064,SP0413,OBS019192,IMG01064_SP0413.jpg,Sneha Patil,2026-04-15,19.877881,74.557614,Wildlife
IMG01065,SP0425,,IMG01065_SP0425.jpg,Kirti Kulkarni,2026-02-06,19.908014,74.350299,Flora
IMG01066,SP0103,,IMG01066_SP0103.jpg,Tejas Joshi,2018-10-30,19.922058,74.467915,Field Survey
IMG01067,SP0321,,IMG01067_SP0321.jpg,Om Bhosale,2016-12-08,19.86223,74.479967,Water Body
IMG01068,SP0329,OBS002992,IMG01068_SP0329.jpg,Swati Shinde,2019-04-19,19.837818,74.451748,Habitat
IMG01069,SP0111,OBS003161,IMG01069_SP0111.jpg,Aarti Joshi,2020-09-23,19.851576,74.491862,Water Body
IMG01070,SP0276,OBS015512,IMG01070_SP0276.jpg,Amit Kulkarni,2022-09-20,19.816746,74.526864,Flora
IMG01071,SP0447,,IMG01071_SP0447.jpg,Kirti Kale,2022-05-07,19.825979,74.58785,Flora
IMG01072,SP0053,OBS010411,IMG01072_SP0053.jpg,Priyanka More,2023-08-05,19.865891,74.487347,Field Survey
IMG01073,SP0208,OBS017147,IMG01073_SP0208.jpg,Nikhil Deshpande,2024-02-05,19.865829,74.430626,Citizen Submission
IMG01074,SP0164,OBS004589,IMG01074_SP0164.jpg,Sneha More,2019-08-17,19.868736,74.558162,Field Survey
IMG01075,SP0332,OBS012251,IMG01075_SP0332.jpg,Om Shinde,2023-01-29,19.837653,74.575404,Water Body
IMG01076,SP0373,OBS005579,IMG01076_SP0373.jpg,Sneha Patil,2022-05-22,19.878933,74.449386,Field Survey
IMG01077,SP0417,OBS009628,IMG01077_SP0417.jpg,Sneha More,2026-06-21,19.823948,74.573477,Citizen Submission
IMG01078,SP0221,,IMG01078_SP0221.jpg,Sneha Patil,2016-10-28,19.843527,74.383681,Water Body
IMG01079,SP0403,OBS004985,IMG01079_SP0403.jpg,Rajesh Kale,2024-05-28,19.918144,74.551796,Flora
IMG01080,SP0367,OBS018958,IMG01080_SP0367.jpg,Tejas Jadhav,2019-08-17,19.837988,74.437188,Habitat
IMG01081,SP0227,OBS000806,IMG01081_SP0227.jpg,Sneha Patil,2018-05-23,19.939247,74.506225,Wildlife
IMG01082,SP0364,,IMG01082_SP0364.jpg,Sneha Patil,2018-01-19,19.888753,74.389933,Citizen Submission
IMG01083,SP0258,OBS012333,IMG01083_SP0258.jpg,Om Shinde,2018-12-16,19.913493,74.53656,Habitat
IMG01084,SP0451,OBS012750,IMG01084_SP0451.jpg,Kirti Kale,2025-09-26,19.849455,74.359363,Water Body
IMG01085,SP0008,OBS014622,IMG01085_SP0008.jpg,Aarti Jadhav,2016-10-15,19.907659,74.579952,Wildlife
IMG01086,SP0211,,IMG01086_SP0211.jpg,Nikhil Pawar,2019-05-08,19.946249,74.509924,Water Body
IMG01087,SP0161,OBS012807,IMG01087_SP0161.jpg,Amit Kale,2018-04-30,19.924295,74.400497,Habitat
IMG01088,SP0018,OBS005692,IMG01088_SP0018.jpg,Om Bhosale,2023-03-15,19.911407,74.385698,Wildlife
IMG01089,SP0380,OBS001623,IMG01089_SP0380.jpg,Nikhil Pawar,2016-08-06,19.948943,74.591083,Citizen Submission
IMG01090,SP0127,OBS002849,IMG01090_SP0127.jpg,Tejas Joshi,2016-09-16,19.814575,74.494943,Habitat
IMG01091,SP0337,OBS012449,IMG01091_SP0337.jpg,Sneha More,2025-09-02,19.805867,74.546898,Field Survey
IMG01092,SP0410,OBS015914,IMG01092_SP0410.jpg,Nikhil Pawar,2024-05-08,19.863046,74.555994,Flora
IMG01093,SP0339,OBS006453,IMG01093_SP0339.jpg,Pooja Bhosale,2025-01-17,19.879216,74.409503,Citizen Submission
IMG01094,SP0232,OBS019237,IMG01094_SP0232.jpg,Kirti Kale,2023-05-31,19.835224,74.464159,Water Body
IMG01095,SP0324,OBS002731,IMG01095_SP0324.jpg,Kirti Kulkarni,2017-01-31,19.837547,74.372592,Field Survey
IMG01096,SP0333,,IMG01096_SP0333.jpg,Vikram Jadhav,2025-11-05,19.8879,74.570268,Habitat
IMG01097,SP0110,OBS002519,IMG01097_SP0110.jpg,Sneha More,2021-08-04,19.924791,74.374066,Habitat
IMG01098,SP0169,,IMG01098_SP0169.jpg,Rahul Deshpande,2023-07-24,19.91022,74.351056,Wildlife
IMG01099,SP0385,OBS010095,IMG01099_SP0385.jpg,Amit Kulkarni,2024-05-04,19.843378,74.513588,Water Body
IMG01100,SP0459,OBS019041,IMG01100_SP0459.jpg,Tejas Joshi,2024-05-13,19.911667,74.566382,Wildlife
IMG01101,SP0410,,IMG01101_SP0410.jpg,Sandeep Patil,2019-07-21,19.865441,74.4349,Flora
IMG01102,SP0023,OBS015171,IMG01102_SP0023.jpg,Priyanka Patil,2018-09-20,19.924705,74.466642,Field Survey
IMG01103,SP0413,OBS001064,IMG01103_SP0413.jpg,Vikram Joshi,2024-10-11,19.901963,74.526671,Citizen Submission
IMG01104,SP0024,OBS015503,IMG01104_SP0024.jpg,Pooja Bhosale,2020-05-17,19.822553,74.383305,Habitat
IMG01105,SP0365,OBS008321,IMG01105_SP0365.jpg,Sandeep Patil,2025-11-15,19.858431,74.416739,Wildlife
IMG01106,SP0022,OBS011330,IMG01106_SP0022.jpg,Swati Bhosale,2016-11-22,19.919413,74.508381,Citizen Submission
IMG01107,SP0198,OBS013066,IMG01107_SP0198.jpg,Priyanka More,2024-12-27,19.830895,74.390646,Wildlife
IMG01108,SP0101,OBS005679,IMG01108_SP0101.jpg,Priyanka Patil,2021-12-29,19.891851,74.432625,Field Survey
IMG01109,SP0456,,IMG01109_SP0456.jpg,Neha Pawar,2017-01-30,19.899919,74.475359,Field Survey
IMG01110,SP0201,OBS011674,IMG01110_SP0201.jpg,Sandeep More,2023-01-18,19.818183,74.364394,Habitat
IMG01111,SP0221,,IMG01111_SP0221.jpg,Sandeep Patil,2022-03-12,19.802724,74.470469,Wildlife
IMG01112,SP0440,OBS008072,IMG01112_SP0440.jpg,Kirti Kale,2025-08-06,19.856877,74.399459,Flora
IMG01113,SP0333,OBS008501,IMG01113_SP0333.jpg,Om Bhosale,2022-09-04,19.923397,74.550664,Habitat
IMG01114,SP0057,,IMG01114_SP0057.jpg,Neha Pawar,2020-07-20,19.911937,74.371215,Field Survey
IMG01115,SP0154,OBS009327,IMG01115_SP0154.jpg,Tejas Joshi,2022-07-30,19.910418,74.493581,Water Body
IMG01116,SP0359,,IMG01116_SP0359.jpg,Kirti Kale,2017-12-30,19.871472,74.521888,Field Survey
IMG01117,SP0206,OBS019625,IMG01117_SP0206.jpg,Rahul Deshpande,2026-03-04,19.941618,74.385122,Water Body
IMG01118,SP0229,OBS004678,IMG01118_SP0229.jpg,Aarti Jadhav,2017-08-04,19.912199,74.394043,Habitat
IMG01119,SP0010,OBS017123,IMG01119_SP0010.jpg,Kirti Kulkarni,2019-01-30,19.92226,74.466003,Wildlife
IMG01120,SP0400,OBS001472,IMG01120_SP0400.jpg,Tejas Joshi,2026-07-29,19.846272,74.516466,Habitat
IMG01121,SP0367,OBS005034,IMG01121_SP0367.jpg,Om Bhosale,2018-01-25,19.947771,74.420627,Habitat
IMG01122,SP0325,OBS011285,IMG01122_SP0325.jpg,Rajesh Kulkarni,2021-01-31,19.84021,74.35343,Flora
IMG01123,SP0406,,IMG01123_SP0406.jpg,Om Bhosale,2023-12-01,19.924763,74.360178,Habitat
IMG01124,SP0052,OBS005691,IMG01124_SP0052.jpg,Om Bhosale,2024-06-19,19.909563,74.50756,Flora
IMG01125,SP0276,OBS016172,IMG01125_SP0276.jpg,Pooja Bhosale,2022-09-07,19.939286,74.411968,Water Body
IMG01126,SP0430,OBS010239,IMG01126_SP0430.jpg,Priyanka More,2019-09-02,19.937815,74.547719,Field Survey
IMG01127,SP0327,OBS013758,IMG01127_SP0327.jpg,Aarti Jadhav,2016-12-08,19.929237,74.356928,Flora
IMG01128,SP0053,,IMG01128_SP0053.jpg,Sneha Patil,2021-06-11,19.811134,74.574049,Water Body
IMG01129,SP0050,,IMG01129_SP0050.jpg,Sneha More,2025-01-14,19.948835,74.456103,Water Body
IMG01130,SP0307,OBS014672,IMG01130_SP0307.jpg,Vikram Joshi,2020-11-01,19.932887,74.58462,Wildlife
IMG01131,SP0403,OBS013451,IMG01131_SP0403.jpg,Neha Deshpande,2025-03-25,19.865236,74.523187,Field Survey
IMG01132,SP0123,OBS002081,IMG01132_SP0123.jpg,Amit Kulkarni,2026-05-04,19.942401,74.518981,Habitat
IMG01133,SP0023,OBS015194,IMG01133_SP0023.jpg,Sandeep More,2020-01-10,19.912923,74.428922,Field Survey
IMG01134,SP0310,OBS012477,IMG01134_SP0310.jpg,Swati Bhosale,2021-08-09,19.860801,74.474852,Wildlife
IMG01135,SP0443,OBS019282,IMG01135_SP0443.jpg,Kirti Kulkarni,2025-09-13,19.826709,74.565206,Field Survey
IMG01136,SP0175,OBS001982,IMG01136_SP0175.jpg,Om Shinde,2018-06-13,19.890883,74.506015,Water Body
IMG01137,SP0164,,IMG01137_SP0164.jpg,Kirti Kulkarni,2021-06-26,19.844693,74.493993,Water Body
IMG01138,SP0050,OBS001379,IMG01138_SP0050.jpg,Kirti Kale,2023-05-01,19.83993,74.418,Water Body
IMG01139,SP0290,OBS004354,IMG01139_SP0290.jpg,Kirti Kale,2025-10-29,19.91286,74.525077,Habitat
IMG01140,SP0324,OBS009442,IMG01140_SP0324.jpg,Rajesh Kale,2022-07-08,19.805729,74.530927,Citizen Submission
IMG01141,SP0247,OBS018717,IMG01141_SP0247.jpg,Sandeep More,2021-11-15,19.870232,74.386033,Wildlife
IMG01142,SP0049,OBS009926,IMG01142_SP0049.jpg,Aarti Jadhav,2021-07-10,19.833135,74.449097,Water Body
IMG01143,SP0082,OBS019778,IMG01143_SP0082.jpg,Nikhil Deshpande,2026-02-24,19.832183,74.433207,Wildlife
IMG01144,SP0404,OBS003299,IMG01144_SP0404.jpg,Priyanka Patil,2022-07-18,19.934506,74.409536,Flora
IMG01145,SP0061,OBS016432,IMG01145_SP0061.jpg,Neha Pawar,2020-10-16,19.901575,74.538781,Habitat
IMG01146,SP0379,OBS018914,IMG01146_SP0379.jpg,Amit Kulkarni,2016-10-06,19.859195,74.501835,Water Body
IMG01147,SP0248,,IMG01147_SP0248.jpg,Vikram Joshi,2018-04-09,19.853518,74.449039,Flora
IMG01148,SP0116,OBS009763,IMG01148_SP0116.jpg,Pooja Bhosale,2026-05-06,19.879923,74.494572,Water Body
IMG01149,SP0124,OBS014577,IMG01149_SP0124.jpg,Neha Deshpande,2023-04-18,19.924092,74.371284,Field Survey
IMG01150,SP0409,OBS001785,IMG01150_SP0409.jpg,Sandeep Patil,2020-10-06,19.937239,74.588291,Citizen Submission
IMG01151,SP0289,OBS012548,IMG01151_SP0289.jpg,Rajesh Kulkarni,2024-12-05,19.805633,74.522864,Habitat
IMG01152,SP0332,OBS001436,IMG01152_SP0332.jpg,Kirti Kulkarni,2025-03-23,19.852809,74.571503,Citizen Submission
IMG01153,SP0433,,IMG01153_SP0433.jpg,Rahul Pawar,2019-02-06,19.840113,74.365679,Field Survey
IMG01154,SP0072,OBS001637,IMG01154_SP0072.jpg,Swati Bhosale,2018-04-17,19.825939,74.355622,Habitat
IMG01155,SP0443,OBS001254,IMG01155_SP0443.jpg,Sneha More,2024-04-06,19.852046,74.413353,Wildlife
IMG01156,SP0344,,IMG01156_SP0344.jpg,Tejas Jadhav,2019-03-14,19.845225,74.597199,Habitat
IMG01157,SP0008,OBS002044,IMG01157_SP0008.jpg,Om Shinde,2019-08-17,19.918899,74.518867,Citizen Submission
IMG01158,SP0037,OBS018594,IMG01158_SP0037.jpg,Amit Kulkarni,2018-05-16,19.846417,74.561942,Flora
IMG01159,SP0331,OBS000516,IMG01159_SP0331.jpg,Vikram Joshi,2022-12-09,19.933369,74.424618,Citizen Submission
IMG01160,SP0068,,IMG01160_SP0068.jpg,Om Shinde,2020-07-29,19.903205,74.358361,Wildlife
IMG01161,SP0035,,IMG01161_SP0035.jpg,Aarti Joshi,2023-05-29,19.812462,74.383819,Water Body
IMG01162,SP0226,,IMG01162_SP0226.jpg,Vikram Joshi,2016-09-08,19.897784,74.544333,Citizen Submission
IMG01163,SP0281,,IMG01163_SP0281.jpg,Sneha More,2023-03-24,19.840906,74.374988,Water Body
IMG01164,SP0234,OBS017712,IMG01164_SP0234.jpg,Neha Deshpande,2023-07-20,19.923324,74.360912,Water Body
IMG01165,SP0236,OBS001028,IMG01165_SP0236.jpg,Nikhil Deshpande,2026-06-22,19.946392,74.432694,Flora
IMG01166,SP0070,OBS012563,IMG01166_SP0070.jpg,Pooja Bhosale,2024-10-09,19.854108,74.474569,Field Survey
IMG01167,SP0176,OBS019910,IMG01167_SP0176.jpg,Vikram Joshi,2023-05-08,19.832547,74.552597,Habitat
IMG01168,SP0422,OBS007677,IMG01168_SP0422.jpg,Sandeep Patil,2025-07-21,19.820881,74.504779,Habitat
IMG01169,SP0075,,IMG01169_SP0075.jpg,Om Bhosale,2019-01-14,19.839371,74.410507,Flora
IMG01170,SP0301,OBS017097,IMG01170_SP0301.jpg,Nikhil Deshpande,2021-01-30,19.935245,74.383093,Field Survey
IMG01171,SP0398,OBS005027,IMG01171_SP0398.jpg,Pooja Shinde,2020-02-02,19.928316,74.490179,Citizen Submission
IMG01172,SP0325,OBS013441,IMG01172_SP0325.jpg,Sneha Patil,2018-01-02,19.932757,74.46367,Water Body
IMG01173,SP0270,OBS008622,IMG01173_SP0270.jpg,Vikram Joshi,2016-08-22,19.892496,74.545491,Habitat
IMG01174,SP0042,OBS006147,IMG01174_SP0042.jpg,Amit Kale,2019-12-16,19.822566,74.474334,Field Survey
IMG01175,SP0394,,IMG01175_SP0394.jpg,Priyanka Patil,2019-09-03,19.931207,74.43029,Water Body
IMG01176,SP0353,,IMG01176_SP0353.jpg,Swati Shinde,2022-09-29,19.904382,74.432019,Flora
IMG01177,SP0033,OBS019519,IMG01177_SP0033.jpg,Neha Pawar,2025-01-27,19.920228,74.445304,Field Survey
IMG01178,SP0329,OBS008547,IMG01178_SP0329.jpg,Sandeep Patil,2023-06-02,19.84271,74.413934,Field Survey
IMG01179,SP0076,,IMG01179_SP0076.jpg,Aarti Jadhav,2019-12-29,19.815295,74.486974,Wildlife
IMG01180,SP0359,OBS004126,IMG01180_SP0359.jpg,Rahul Pawar,2025-05-29,19.852098,74.489791,Flora
IMG01181,SP0365,OBS014078,IMG01181_SP0365.jpg,Aarti Joshi,2024-07-11,19.921746,74.476253,Flora
IMG01182,SP0071,OBS001527,IMG01182_SP0071.jpg,Sneha More,2019-01-25,19.923672,74.56999,Flora
IMG01183,SP0150,,IMG01183_SP0150.jpg,Sandeep More,2018-10-30,19.852897,74.507255,Field Survey
IMG01184,SP0370,OBS019861,IMG01184_SP0370.jpg,Amit Kale,2022-05-29,19.820661,74.531659,Wildlife
IMG01185,SP0251,OBS015404,IMG01185_SP0251.jpg,Amit Kale,2025-03-02,19.836987,74.513546,Flora
IMG01186,SP0229,,IMG01186_SP0229.jpg,Sandeep More,2023-08-21,19.84272,74.456579,Water Body
IMG01187,SP0390,OBS015933,IMG01187_SP0390.jpg,Rahul Pawar,2018-10-17,19.819125,74.562982,Citizen Submission
IMG01188,SP0331,,IMG01188_SP0331.jpg,Om Shinde,2024-04-23,19.908131,74.4986,Flora
IMG01189,SP0394,OBS019651,IMG01189_SP0394.jpg,Tejas Jadhav,2022-12-25,19.838287,74.424671,Citizen Submission
IMG01190,SP0330,OBS004431,IMG01190_SP0330.jpg,Sandeep More,2023-04-18,19.845492,74.414561,Flora
IMG01191,SP0055,,IMG01191_SP0055.jpg,Pooja Shinde,2018-02-04,19.852885,74.488053,Habitat
IMG01192,SP0204,OBS004518,IMG01192_SP0204.jpg,Neha Deshpande,2023-08-03,19.800975,74.53001,Wildlife
IMG01193,SP0268,OBS014675,IMG01193_SP0268.jpg,Vikram Jadhav,2018-04-12,19.922304,74.497943,Flora
IMG01194,SP0262,OBS015151,IMG01194_SP0262.jpg,Om Shinde,2018-02-09,19.941849,74.570178,Citizen Submission
IMG01195,SP0359,OBS017196,IMG01195_SP0359.jpg,Sneha More,2016-10-23,19.86944,74.457002,Habitat
IMG01196,SP0268,OBS019507,IMG01196_SP0268.jpg,Sandeep More,2017-04-17,19.879561,74.561345,Citizen Submission
IMG01197,SP0295,OBS005361,IMG01197_SP0295.jpg,Sneha Patil,2022-06-29,19.817356,74.484577,Flora
IMG01198,SP0436,OBS011897,IMG01198_SP0436.jpg,Priyanka More,2019-04-03,19.812171,74.512368,Water Body
IMG01199,SP0104,,IMG01199_SP0104.jpg,Aarti Jadhav,2023-07-19,19.880994,74.383338,Water Body
IMG01200,SP0055,OBS006348,IMG01200_SP0055.jpg,Rahul Deshpande,2024-09-26,19.905712,74.517513,Citizen Submission
IMG01201,SP0020,OBS019247,IMG01201_SP0020.jpg,Vikram Jadhav,2025-11-25,19.94727,74.425458,Habitat
IMG01202,SP0169,OBS012318,IMG01202_SP0169.jpg,Sneha Patil,2024-09-23,19.853224,74.351166,Field Survey
IMG01203,SP0104,,IMG01203_SP0104.jpg,Om Shinde,2019-03-30,19.840503,74.520544,Field Survey
IMG01204,SP0362,OBS010227,IMG01204_SP0362.jpg,Aarti Joshi,2024-02-02,19.828997,74.570361,Flora
IMG01205,SP0319,,IMG01205_SP0319.jpg,Nikhil Pawar,2026-01-08,19.923532,74.481709,Flora
IMG01206,SP0423,,IMG01206_SP0423.jpg,Pooja Bhosale,2018-09-21,19.926636,74.570745,Water Body
IMG01207,SP0311,OBS018640,IMG01207_SP0311.jpg,Sandeep More,2020-08-18,19.941787,74.578105,Flora
IMG01208,SP0305,,IMG01208_SP0305.jpg,Swati Bhosale,2017-01-24,19.941484,74.589574,Field Survey
IMG01209,SP0266,OBS010428,IMG01209_SP0266.jpg,Sneha More,2019-11-18,19.920711,74.593803,Citizen Submission
IMG01210,SP0377,,IMG01210_SP0377.jpg,Priyanka More,2025-04-30,19.850523,74.432523,Citizen Submission
IMG01211,SP0190,,IMG01211_SP0190.jpg,Amit Kale,2019-07-11,19.807995,74.553806,Habitat
IMG01212,SP0222,,IMG01212_SP0222.jpg,Amit Kulkarni,2021-05-26,19.811828,74.350187,Citizen Submission
IMG01213,SP0132,OBS008039,IMG01213_SP0132.jpg,Tejas Joshi,2025-01-30,19.889454,74.466005,Field Survey
IMG01214,SP0308,,IMG01214_SP0308.jpg,Nikhil Pawar,2024-09-28,19.802961,74.359606,Field Survey
IMG01215,SP0249,OBS007984,IMG01215_SP0249.jpg,Rahul Pawar,2019-10-23,19.81032,74.522336,Habitat
IMG01216,SP0282,OBS018800,IMG01216_SP0282.jpg,Swati Bhosale,2025-02-21,19.83385,74.436294,Wildlife
IMG01217,SP0143,,IMG01217_SP0143.jpg,Amit Kale,2016-12-11,19.884725,74.56162,Wildlife
IMG01218,SP0022,OBS009314,IMG01218_SP0022.jpg,Kirti Kulkarni,2024-02-24,19.812667,74.385863,Flora
IMG01219,SP0067,OBS014883,IMG01219_SP0067.jpg,Aarti Jadhav,2023-06-17,19.803003,74.596474,Citizen Submission
IMG01220,SP0423,,IMG01220_SP0423.jpg,Swati Shinde,2019-10-06,19.80508,74.412594,Flora
IMG01221,SP0282,OBS017209,IMG01221_SP0282.jpg,Om Bhosale,2022-03-05,19.812299,74.599762,Citizen Submission
IMG01222,SP0309,OBS008427,IMG01222_SP0309.jpg,Rahul Deshpande,2023-01-16,19.806615,74.429513,Flora
IMG01223,SP0309,OBS012702,IMG01223_SP0309.jpg,Tejas Joshi,2024-01-18,19.882592,74.557794,Citizen Submission
IMG01224,SP0069,OBS016002,IMG01224_SP0069.jpg,Vikram Joshi,2017-07-15,19.88313,74.521051,Flora
IMG01225,SP0205,OBS013107,IMG01225_SP0205.jpg,Neha Pawar,2023-11-09,19.811325,74.565879,Flora
IMG01226,SP0014,,IMG01226_SP0014.jpg,Pooja Shinde,2023-02-19,19.943297,74.551761,Flora
IMG01227,SP0181,,IMG01227_SP0181.jpg,Vikram Joshi,2023-09-23,19.949407,74.358301,Citizen Submission
IMG01228,SP0190,OBS010792,IMG01228_SP0190.jpg,Swati Shinde,2023-09-13,19.85449,74.472357,Citizen Submission
IMG01229,SP0302,,IMG01229_SP0302.jpg,Pooja Bhosale,2017-01-01,19.909337,74.59655,Citizen Submission
IMG01230,SP0027,OBS012799,IMG01230_SP0027.jpg,Sandeep More,2021-10-14,19.92193,74.419801,Field Survey
IMG01231,SP0025,OBS006419,IMG01231_SP0025.jpg,Neha Pawar,2026-07-18,19.922027,74.378816,Wildlife
IMG01232,SP0376,OBS013314,IMG01232_SP0376.jpg,Vikram Joshi,2023-04-02,19.941061,74.443126,Citizen Submission
IMG01233,SP0154,OBS017420,IMG01233_SP0154.jpg,Rahul Deshpande,2024-09-21,19.836847,74.56183,Field Survey
IMG01234,SP0107,OBS019426,IMG01234_SP0107.jpg,Rajesh Kale,2022-07-02,19.850676,74.593446,Flora
IMG01235,SP0080,OBS003970,IMG01235_SP0080.jpg,Sneha Patil,2019-03-10,19.891576,74.396267,Water Body
IMG01236,SP0381,OBS018789,IMG01236_SP0381.jpg,Kirti Kulkarni,2019-01-31,19.848052,74.575638,Citizen Submission
IMG01237,SP0075,OBS004130,IMG01237_SP0075.jpg,Om Bhosale,2022-12-15,19.853108,74.4185,Citizen Submission
IMG01238,SP0082,OBS010791,IMG01238_SP0082.jpg,Neha Pawar,2025-01-02,19.936306,74.548013,Field Survey
IMG01239,SP0393,OBS009205,IMG01239_SP0393.jpg,Kirti Kale,2020-03-15,19.923201,74.431859,Flora
IMG01240,SP0282,OBS010278,IMG01240_SP0282.jpg,Sneha Patil,2023-02-15,19.938106,74.419243,Flora
IMG01241,SP0391,,IMG01241_SP0391.jpg,Aarti Joshi,2017-09-04,19.899564,74.378051,Water Body
IMG01242,SP0159,,IMG01242_SP0159.jpg,Sandeep More,2019-08-04,19.855549,74.448914,Habitat
IMG01243,SP0323,,IMG01243_SP0323.jpg,Om Bhosale,2019-04-13,19.836411,74.404545,Water Body
IMG01244,SP0424,OBS010021,IMG01244_SP0424.jpg,Pooja Bhosale,2019-05-16,19.851812,74.584658,Habitat
IMG01245,SP0329,OBS003665,IMG01245_SP0329.jpg,Sneha Patil,2019-01-09,19.936251,74.48599,Habitat
IMG01246,SP0191,OBS012990,IMG01246_SP0191.jpg,Vikram Joshi,2017-11-07,19.855471,74.557343,Water Body
IMG01247,SP0094,OBS000134,IMG01247_SP0094.jpg,Nikhil Deshpande,2017-11-26,19.940889,74.503959,Water Body
IMG01248,SP0229,,IMG01248_SP0229.jpg,Pooja Shinde,2021-05-30,19.854572,74.522829,Citizen Submission
IMG01249,SP0337,OBS011974,IMG01249_SP0337.jpg,Sneha Patil,2020-01-05,19.929376,74.560423,Habitat
IMG01250,SP0148,,IMG01250_SP0148.jpg,Sneha Patil,2024-02-09,19.84698,74.460188,Flora
IMG01251,SP0249,,IMG01251_SP0249.jpg,Aarti Jadhav,2020-11-12,19.910398,74.446161,Habitat
IMG01252,SP0404,,IMG01252_SP0404.jpg,Amit Kale,2021-02-22,19.843646,74.548327,Habitat
IMG01253,SP0397,OBS018349,IMG01253_SP0397.jpg,Sneha More,2024-11-09,19.823236,74.403936,Habitat
IMG01254,SP0241,,IMG01254_SP0241.jpg,Om Shinde,2024-07-02,19.809414,74.578467,Flora
IMG01255,SP0193,OBS005316,IMG01255_SP0193.jpg,Kirti Kale,2016-09-23,19.905986,74.350146,Water Body
IMG01256,SP0384,,IMG01256_SP0384.jpg,Sandeep Patil,2025-08-13,19.93873,74.399749,Water Body
IMG01257,SP0301,OBS015304,IMG01257_SP0301.jpg,Pooja Bhosale,2016-08-22,19.812603,74.356017,Citizen Submission
IMG01258,SP0216,OBS017921,IMG01258_SP0216.jpg,Sneha More,2024-03-15,19.816194,74.428216,Habitat
IMG01259,SP0353,OBS014937,IMG01259_SP0353.jpg,Tejas Joshi,2016-08-16,19.904457,74.481246,Wildlife
IMG01260,SP0067,,IMG01260_SP0067.jpg,Priyanka More,2025-05-02,19.813121,74.512765,Citizen Submission
IMG01261,SP0002,OBS014268,IMG01261_SP0002.jpg,Nikhil Deshpande,2017-06-26,19.873501,74.536676,Flora
IMG01262,SP0333,OBS000055,IMG01262_SP0333.jpg,Tejas Joshi,2017-12-04,19.92533,74.397105,Habitat
IMG01263,SP0013,,IMG01263_SP0013.jpg,Neha Pawar,2021-11-28,19.94489,74.477026,Wildlife
IMG01264,SP0067,OBS003653,IMG01264_SP0067.jpg,Priyanka More,2022-05-06,19.90609,74.471029,Water Body
IMG01265,SP0402,OBS014535,IMG01265_SP0402.jpg,Sandeep More,2017-04-24,19.85508,74.406211,Habitat
IMG01266,SP0354,OBS017001,IMG01266_SP0354.jpg,Neha Pawar,2018-03-13,19.921568,74.438027,Field Survey
IMG01267,SP0459,,IMG01267_SP0459.jpg,Vikram Joshi,2024-11-11,19.801443,74.453391,Citizen Submission
IMG01268,SP0029,OBS009859,IMG01268_SP0029.jpg,Vikram Joshi,2020-03-23,19.835405,74.423101,Habitat
IMG01269,SP0346,OBS007223,IMG01269_SP0346.jpg,Aarti Joshi,2024-08-10,19.888713,74.437499,Habitat
IMG01270,SP0354,OBS019267,IMG01270_SP0354.jpg,Neha Pawar,2020-03-26,19.925362,74.411231,Flora
IMG01271,SP0053,OBS013169,IMG01271_SP0053.jpg,Rahul Deshpande,2025-02-12,19.844115,74.452597,Flora
IMG01272,SP0262,OBS009976,IMG01272_SP0262.jpg,Nikhil Deshpande,2026-07-08,19.828494,74.362468,Citizen Submission
IMG01273,SP0106,,IMG01273_SP0106.jpg,Tejas Jadhav,2023-11-12,19.906632,74.454412,Habitat
IMG01274,SP0265,OBS000863,IMG01274_SP0265.jpg,Pooja Bhosale,2019-04-27,19.84275,74.452845,Habitat
IMG01275,SP0174,OBS002921,IMG01275_SP0174.jpg,Kirti Kulkarni,2017-03-27,19.806228,74.571072,Field Survey
IMG01276,SP0360,OBS006505,IMG01276_SP0360.jpg,Vikram Joshi,2022-03-21,19.805651,74.576636,Flora
IMG01277,SP0393,,IMG01277_SP0393.jpg,Sneha Patil,2018-07-14,19.890992,74.443763,Flora
IMG01278,SP0277,OBS014184,IMG01278_SP0277.jpg,Sandeep Patil,2025-08-18,19.804731,74.547123,Water Body
IMG01279,SP0226,OBS011685,IMG01279_SP0226.jpg,Rajesh Kulkarni,2023-11-29,19.923678,74.428144,Habitat
IMG01280,SP0277,OBS019049,IMG01280_SP0277.jpg,Rahul Pawar,2026-01-24,19.807683,74.554433,Flora
IMG01281,SP0242,OBS005108,IMG01281_SP0242.jpg,Aarti Jadhav,2017-02-15,19.890024,74.506074,Water Body
IMG01282,SP0039,OBS007413,IMG01282_SP0039.jpg,Amit Kulkarni,2019-02-02,19.808749,74.503812,Field Survey
IMG01283,SP0328,,IMG01283_SP0328.jpg,Neha Deshpande,2021-11-27,19.813611,74.505559,Habitat
IMG01284,SP0132,,IMG01284_SP0132.jpg,Swati Shinde,2024-03-12,19.92218,74.389365,Water Body
IMG01285,SP0246,OBS003392,IMG01285_SP0246.jpg,Rahul Deshpande,2020-08-24,19.901291,74.474543,Citizen Submission
IMG01286,SP0069,OBS012965,IMG01286_SP0069.jpg,Om Shinde,2019-02-10,19.937852,74.477732,Wildlife
IMG01287,SP0075,OBS006297,IMG01287_SP0075.jpg,Pooja Bhosale,2021-06-05,19.82111,74.356744,Wildlife
IMG01288,SP0311,OBS014469,IMG01288_SP0311.jpg,Priyanka More,2021-07-03,19.879439,74.543229,Wildlife
IMG01289,SP0312,OBS012101,IMG01289_SP0312.jpg,Vikram Joshi,2017-07-21,19.904552,74.482407,Citizen Submission
IMG01290,SP0425,OBS006208,IMG01290_SP0425.jpg,Rahul Pawar,2025-03-22,19.835023,74.429084,Flora
IMG01291,SP0057,OBS012147,IMG01291_SP0057.jpg,Kirti Kale,2018-05-10,19.885276,74.555233,Field Survey
IMG01292,SP0243,,IMG01292_SP0243.jpg,Kirti Kale,2024-09-05,19.876262,74.566085,Flora
IMG01293,SP0388,OBS016525,IMG01293_SP0388.jpg,Amit Kulkarni,2025-11-16,19.923588,74.400683,Citizen Submission
IMG01294,SP0088,OBS011265,IMG01294_SP0088.jpg,Pooja Bhosale,2019-08-23,19.940375,74.403689,Flora
IMG01295,SP0310,OBS006646,IMG01295_SP0310.jpg,Swati Shinde,2020-10-11,19.853781,74.42643,Citizen Submission
IMG01296,SP0229,,IMG01296_SP0229.jpg,Vikram Joshi,2019-06-11,19.935661,74.43736,Citizen Submission
IMG01297,SP0261,,IMG01297_SP0261.jpg,Kirti Kale,2020-09-30,19.83883,74.430484,Citizen Submission
IMG01298,SP0042,OBS018773,IMG01298_SP0042.jpg,Kirti Kale,2019-04-14,19.812983,74.372295,Citizen Submission
IMG01299,SP0191,OBS001734,IMG01299_SP0191.jpg,Pooja Shinde,2021-12-06,19.947346,74.401678,Wildlife
IMG01300,SP0204,OBS006704,IMG01300_SP0204.jpg,Aarti Joshi,2022-11-24,19.888009,74.438124,Habitat
IMG01301,SP0062,OBS018405,IMG01301_SP0062.jpg,Vikram Joshi,2019-11-19,19.923899,74.591264,Flora
IMG01302,SP0055,OBS004729,IMG01302_SP0055.jpg,Pooja Shinde,2025-07-28,19.921865,74.523651,Citizen Submission
IMG01303,SP0149,OBS006801,IMG01303_SP0149.jpg,Neha Pawar,2022-09-17,19.928407,74.583802,Habitat
IMG01304,SP0195,,IMG01304_SP0195.jpg,Aarti Jadhav,2025-06-29,19.922379,74.366076,Field Survey
IMG01305,SP0254,OBS008169,IMG01305_SP0254.jpg,Rajesh Kulkarni,2024-12-28,19.818605,74.534313,Habitat
IMG01306,SP0139,OBS001100,IMG01306_SP0139.jpg,Neha Pawar,2024-12-06,19.884128,74.392815,Water Body
IMG01307,SP0153,OBS014860,IMG01307_SP0153.jpg,Priyanka Patil,2018-12-02,19.832667,74.500608,Citizen Submission
IMG01308,SP0046,OBS012247,IMG01308_SP0046.jpg,Priyanka Patil,2019-06-19,19.834844,74.379535,Wildlife
IMG01309,SP0271,OBS013983,IMG01309_SP0271.jpg,Sandeep Patil,2024-01-20,19.918058,74.47053,Flora
IMG01310,SP0057,,IMG01310_SP0057.jpg,Vikram Joshi,2025-03-19,19.899536,74.527276,Field Survey
IMG01311,SP0207,OBS013553,IMG01311_SP0207.jpg,Aarti Joshi,2019-02-03,19.879474,74.530029,Wildlife
IMG01312,SP0109,OBS011883,IMG01312_SP0109.jpg,Om Bhosale,2023-07-28,19.804447,74.448826,Habitat
IMG01313,SP0018,OBS015594,IMG01313_SP0018.jpg,Om Bhosale,2025-09-08,19.822837,74.507428,Field Survey
IMG01314,SP0245,,IMG01314_SP0245.jpg,Kirti Kulkarni,2024-06-13,19.808178,74.359266,Field Survey
IMG01315,SP0251,OBS002875,IMG01315_SP0251.jpg,Kirti Kale,2024-03-25,19.866937,74.352225,Wildlife
IMG01316,SP0247,,IMG01316_SP0247.jpg,Neha Pawar,2022-11-07,19.849758,74.390331,Citizen Submission
IMG01317,SP0197,OBS003254,IMG01317_SP0197.jpg,Nikhil Pawar,2025-02-20,19.901222,74.545505,Wildlife
IMG01318,SP0424,OBS000719,IMG01318_SP0424.jpg,Nikhil Deshpande,2024-04-12,19.864661,74.527582,Field Survey
IMG01319,SP0115,OBS017955,IMG01319_SP0115.jpg,Rajesh Kale,2024-12-03,19.931125,74.350766,Citizen Submission
IMG01320,SP0124,,IMG01320_SP0124.jpg,Nikhil Pawar,2023-11-04,19.888196,74.414074,Water Body
IMG01321,SP0352,OBS009178,IMG01321_SP0352.jpg,Amit Kulkarni,2024-10-09,19.882863,74.517672,Wildlife
IMG01322,SP0041,,IMG01322_SP0041.jpg,Sandeep More,2021-01-11,19.889114,74.415529,Habitat
IMG01323,SP0325,,IMG01323_SP0325.jpg,Rajesh Kale,2020-12-22,19.886032,74.424344,Wildlife
IMG01324,SP0142,,IMG01324_SP0142.jpg,Nikhil Pawar,2023-12-20,19.930954,74.472283,Citizen Submission
IMG01325,SP0049,,IMG01325_SP0049.jpg,Om Shinde,2026-04-07,19.814955,74.483408,Wildlife
IMG01326,SP0267,OBS018684,IMG01326_SP0267.jpg,Rahul Deshpande,2026-02-25,19.880957,74.442042,Flora
IMG01327,SP0142,,IMG01327_SP0142.jpg,Sandeep More,2021-03-27,19.88749,74.471267,Habitat
IMG01328,SP0229,OBS008749,IMG01328_SP0229.jpg,Sandeep More,2021-03-17,19.940472,74.368574,Habitat
IMG01329,SP0211,OBS017242,IMG01329_SP0211.jpg,Swati Bhosale,2019-02-04,19.92963,74.46693,Water Body
IMG01330,SP0235,OBS009151,IMG01330_SP0235.jpg,Kirti Kale,2023-11-23,19.819063,74.513231,Water Body
IMG01331,SP0428,OBS010894,IMG01331_SP0428.jpg,Aarti Jadhav,2020-11-23,19.91893,74.521164,Citizen Submission
IMG01332,SP0183,,IMG01332_SP0183.jpg,Tejas Jadhav,2023-08-26,19.89104,74.498578,Field Survey
IMG01333,SP0110,OBS012630,IMG01333_SP0110.jpg,Rajesh Kulkarni,2018-02-02,19.941189,74.366759,Field Survey
IMG01334,SP0005,OBS003671,IMG01334_SP0005.jpg,Priyanka Patil,2017-06-23,19.863078,74.511934,Field Survey
IMG01335,SP0427,OBS018559,IMG01335_SP0427.jpg,Sneha More,2025-11-07,19.872265,74.429304,Wildlife
IMG01336,SP0166,OBS001471,IMG01336_SP0166.jpg,Swati Bhosale,2020-04-20,19.855567,74.423456,Citizen Submission
IMG01337,SP0310,,IMG01337_SP0310.jpg,Vikram Jadhav,2022-08-07,19.911454,74.372475,Habitat
IMG01338,SP0236,OBS008905,IMG01338_SP0236.jpg,Pooja Shinde,2018-01-05,19.867025,74.478862,Field Survey
IMG01339,SP0338,,IMG01339_SP0338.jpg,Neha Deshpande,2020-10-10,19.919046,74.422638,Water Body
IMG01340,SP0375,,IMG01340_SP0375.jpg,Nikhil Pawar,2025-05-21,19.930427,74.415434,Wildlife
IMG01341,SP0261,OBS001724,IMG01341_SP0261.jpg,Nikhil Pawar,2022-12-25,19.807347,74.453226,Habitat
IMG01342,SP0273,OBS000531,IMG01342_SP0273.jpg,Kirti Kulkarni,2017-02-19,19.913414,74.49516,Habitat
IMG01343,SP0343,OBS010459,IMG01343_SP0343.jpg,Sandeep More,2017-01-25,19.831242,74.597879,Field Survey
IMG01344,SP0298,,IMG01344_SP0298.jpg,Om Bhosale,2026-02-08,19.932766,74.399437,Habitat
IMG01345,SP0292,,IMG01345_SP0292.jpg,Sneha Patil,2020-12-09,19.930055,74.534392,Citizen Submission
IMG01346,SP0045,OBS015868,IMG01346_SP0045.jpg,Vikram Jadhav,2018-10-24,19.922767,74.372254,Habitat
IMG01347,SP0095,OBS014628,IMG01347_SP0095.jpg,Pooja Bhosale,2022-12-01,19.913591,74.474479,Flora
IMG01348,SP0302,OBS009067,IMG01348_SP0302.jpg,Rahul Deshpande,2022-08-19,19.858024,74.536412,Citizen Submission
IMG01349,SP0457,,IMG01349_SP0457.jpg,Vikram Jadhav,2019-11-26,19.945664,74.394266,Flora
IMG01350,SP0194,OBS001580,IMG01350_SP0194.jpg,Tejas Jadhav,2021-09-16,19.800304,74.435468,Water Body
IMG01351,SP0276,OBS019161,IMG01351_SP0276.jpg,Nikhil Deshpande,2024-09-04,19.820122,74.573375,Citizen Submission
IMG01352,SP0162,,IMG01352_SP0162.jpg,Neha Deshpande,2024-07-17,19.893809,74.494485,Wildlife
IMG01353,SP0280,OBS007144,IMG01353_SP0280.jpg,Tejas Joshi,2018-08-07,19.924085,74.545013,Water Body
IMG01354,SP0013,,IMG01354_SP0013.jpg,Neha Pawar,2019-04-14,19.80612,74.407843,Flora
IMG01355,SP0009,,IMG01355_SP0009.jpg,Sandeep Patil,2026-07-19,19.857772,74.422711,Flora
IMG01356,SP0248,OBS003325,IMG01356_SP0248.jpg,Sandeep Patil,2021-11-09,19.911051,74.421949,Citizen Submission
IMG01357,SP0067,,IMG01357_SP0067.jpg,Kirti Kale,2020-04-29,19.833509,74.475252,Water Body
IMG01358,SP0401,,IMG01358_SP0401.jpg,Om Bhosale,2024-04-20,19.884991,74.441385,Habitat
IMG01359,SP0193,OBS011773,IMG01359_SP0193.jpg,Neha Pawar,2023-09-16,19.910691,74.489112,Water Body
IMG01360,SP0387,OBS000308,IMG01360_SP0387.jpg,Rahul Deshpande,2021-10-20,19.948021,74.594016,Citizen Submission
IMG01361,SP0433,OBS009910,IMG01361_SP0433.jpg,Sneha Patil,2022-01-26,19.922576,74.39881,Field Survey
IMG01362,SP0424,OBS018254,IMG01362_SP0424.jpg,Neha Pawar,2026-06-05,19.89122,74.588153,Water Body
IMG01363,SP0031,,IMG01363_SP0031.jpg,Neha Deshpande,2017-11-26,19.809078,74.474905,Citizen Submission
IMG01364,SP0167,,IMG01364_SP0167.jpg,Sandeep More,2023-07-25,19.825729,74.449982,Flora
IMG01365,SP0139,,IMG01365_SP0139.jpg,Amit Kulkarni,2019-10-26,19.86517,74.373041,Habitat
IMG01366,SP0021,,IMG01366_SP0021.jpg,Pooja Bhosale,2021-08-31,19.894608,74.352673,Citizen Submission
IMG01367,SP0168,OBS012775,IMG01367_SP0168.jpg,Kirti Kale,2017-09-06,19.847667,74.46038,Field Survey
IMG01368,SP0435,OBS005970,IMG01368_SP0435.jpg,Rahul Pawar,2018-05-09,19.862525,74.389076,Flora
IMG01369,SP0190,,IMG01369_SP0190.jpg,Vikram Joshi,2025-12-07,19.947437,74.424528,Citizen Submission
IMG01370,SP0218,,IMG01370_SP0218.jpg,Sandeep More,2020-08-30,19.942351,74.527183,Flora
IMG01371,SP0060,OBS016706,IMG01371_SP0060.jpg,Sandeep More,2023-01-18,19.905214,74.377097,Water Body
IMG01372,SP0120,,IMG01372_SP0120.jpg,Sandeep Patil,2024-02-25,19.931932,74.463141,Citizen Submission
IMG01373,SP0418,,IMG01373_SP0418.jpg,Kirti Kale,2017-10-07,19.864299,74.394246,Field Survey
IMG01374,SP0248,OBS012419,IMG01374_SP0248.jpg,Nikhil Deshpande,2024-05-26,19.816981,74.410522,Flora
IMG01375,SP0355,OBS006561,IMG01375_SP0355.jpg,Rahul Pawar,2025-08-29,19.841394,74.570931,Citizen Submission
IMG01376,SP0412,OBS000405,IMG01376_SP0412.jpg,Vikram Joshi,2017-03-09,19.92137,74.466814,Wildlife
IMG01377,SP0128,OBS003958,IMG01377_SP0128.jpg,Rahul Pawar,2019-03-03,19.937762,74.413632,Citizen Submission
IMG01378,SP0003,OBS004121,IMG01378_SP0003.jpg,Rahul Pawar,2018-07-09,19.898172,74.468508,Water Body
IMG01379,SP0301,,IMG01379_SP0301.jpg,Pooja Shinde,2021-07-14,19.860749,74.379716,Water Body
IMG01380,SP0315,OBS018592,IMG01380_SP0315.jpg,Om Bhosale,2024-08-20,19.917902,74.367393,Field Survey
IMG01381,SP0457,OBS014028,IMG01381_SP0457.jpg,Amit Kulkarni,2020-11-24,19.870135,74.541373,Flora
IMG01382,SP0410,OBS010988,IMG01382_SP0410.jpg,Priyanka More,2019-05-03,19.821291,74.506611,Water Body
IMG01383,SP0233,OBS008351,IMG01383_SP0233.jpg,Tejas Joshi,2019-07-26,19.88638,74.54599,Citizen Submission
IMG01384,SP0287,,IMG01384_SP0287.jpg,Sneha Patil,2023-10-14,19.825198,74.422504,Citizen Submission
IMG01385,SP0364,OBS019678,IMG01385_SP0364.jpg,Kirti Kulkarni,2021-12-03,19.868052,74.368724,Citizen Submission
IMG01386,SP0180,OBS004950,IMG01386_SP0180.jpg,Rahul Deshpande,2022-10-27,19.90452,74.584861,Flora
IMG01387,SP0116,OBS009720,IMG01387_SP0116.jpg,Tejas Jadhav,2018-12-25,19.805409,74.423744,Citizen Submission
IMG01388,SP0132,OBS008337,IMG01388_SP0132.jpg,Kirti Kale,2018-05-10,19.917642,74.45829,Flora
IMG01389,SP0431,OBS007435,IMG01389_SP0431.jpg,Neha Pawar,2024-07-12,19.861755,74.58718,Citizen Submission
IMG01390,SP0096,,IMG01390_SP0096.jpg,Aarti Joshi,2019-08-25,19.942382,74.484531,Water Body
IMG01391,SP0347,OBS006774,IMG01391_SP0347.jpg,Swati Shinde,2024-04-15,19.810444,74.395283,Water Body
IMG01392,SP0196,OBS003308,IMG01392_SP0196.jpg,Kirti Kale,2022-08-18,19.941007,74.351252,Habitat
IMG01393,SP0150,,IMG01393_SP0150.jpg,Amit Kulkarni,2025-03-29,19.802157,74.351195,Citizen Submission
IMG01394,SP0247,OBS000753,IMG01394_SP0247.jpg,Neha Deshpande,2024-02-18,19.938104,74.412768,Habitat
IMG01395,SP0225,,IMG01395_SP0225.jpg,Rahul Deshpande,2025-12-15,19.881215,74.430867,Flora
IMG01396,SP0340,OBS001783,IMG01396_SP0340.jpg,Tejas Joshi,2021-04-18,19.800491,74.499015,Citizen Submission
IMG01397,SP0054,,IMG01397_SP0054.jpg,Vikram Joshi,2025-09-01,19.813897,74.485203,Flora
IMG01398,SP0057,OBS010794,IMG01398_SP0057.jpg,Aarti Joshi,2017-05-12,19.82947,74.404286,Water Body
IMG01399,SP0225,,IMG01399_SP0225.jpg,Pooja Shinde,2025-05-07,19.872267,74.559975,Flora
IMG01400,SP0424,OBS003651,IMG01400_SP0424.jpg,Rajesh Kulkarni,2018-09-01,19.841182,74.524479,Flora
IMG01401,SP0198,OBS010328,IMG01401_SP0198.jpg,Om Bhosale,2016-12-28,19.848959,74.530934,Citizen Submission
IMG01402,SP0246,OBS007104,IMG01402_SP0246.jpg,Tejas Joshi,2022-06-07,19.87431,74.482348,Habitat
IMG01403,SP0022,,IMG01403_SP0022.jpg,Rajesh Kulkarni,2025-09-30,19.884637,74.445674,Flora
IMG01404,SP0091,,IMG01404_SP0091.jpg,Vikram Joshi,2023-08-28,19.861622,74.475662,Flora
IMG01405,SP0149,,IMG01405_SP0149.jpg,Kirti Kale,2025-10-23,19.930249,74.415473,Citizen Submission
IMG01406,SP0041,OBS017271,IMG01406_SP0041.jpg,Kirti Kale,2026-02-10,19.941593,74.356537,Water Body
IMG01407,SP0004,OBS004653,IMG01407_SP0004.jpg,Sneha Patil,2020-04-26,19.912744,74.373089,Water Body
IMG01408,SP0204,OBS012392,IMG01408_SP0204.jpg,Sneha More,2024-02-26,19.934393,74.502939,Water Body
IMG01409,SP0447,,IMG01409_SP0447.jpg,Tejas Jadhav,2020-02-10,19.830673,74.394878,Water Body
IMG01410,SP0299,OBS008428,IMG01410_SP0299.jpg,Tejas Joshi,2026-05-20,19.896772,74.386776,Flora
IMG01411,SP0232,,IMG01411_SP0232.jpg,Neha Deshpande,2016-10-08,19.889559,74.54223,Citizen Submission
IMG01412,SP0300,,IMG01412_SP0300.jpg,Amit Kulkarni,2022-06-05,19.883322,74.458893,Field Survey
IMG01413,SP0083,OBS007659,IMG01413_SP0083.jpg,Pooja Bhosale,2021-07-23,19.874138,74.385159,Water Body
IMG01414,SP0056,OBS009824,IMG01414_SP0056.jpg,Rajesh Kale,2016-08-13,19.930387,74.371064,Habitat
IMG01415,SP0047,,IMG01415_SP0047.jpg,Sneha Patil,2024-12-12,19.849288,74.577311,Habitat
IMG01416,SP0196,OBS016663,IMG01416_SP0196.jpg,Aarti Jadhav,2025-04-17,19.911159,74.464202,Citizen Submission
IMG01417,SP0037,OBS018548,IMG01417_SP0037.jpg,Priyanka More,2021-07-04,19.869419,74.429984,Field Survey
IMG01418,SP0160,,IMG01418_SP0160.jpg,Priyanka More,2024-11-27,19.85181,74.443243,Flora
IMG01419,SP0236,,IMG01419_SP0236.jpg,Sandeep More,2020-01-20,19.801138,74.446186,Habitat
IMG01420,SP0084,,IMG01420_SP0084.jpg,Nikhil Deshpande,2020-09-25,19.884045,74.515549,Flora
IMG01421,SP0262,OBS005501,IMG01421_SP0262.jpg,Aarti Jadhav,2019-04-09,19.815412,74.423019,Field Survey
IMG01422,SP0248,,IMG01422_SP0248.jpg,Nikhil Deshpande,2024-07-07,19.939176,74.368219,Water Body
IMG01423,SP0074,,IMG01423_SP0074.jpg,Kirti Kulkarni,2023-03-30,19.862361,74.486718,Field Survey
IMG01424,SP0074,,IMG01424_SP0074.jpg,Sneha Patil,2018-10-02,19.888899,74.46103,Wildlife
IMG01425,SP0062,OBS013579,IMG01425_SP0062.jpg,Pooja Shinde,2016-09-01,19.928486,74.58879,Wildlife
IMG01426,SP0149,OBS015130,IMG01426_SP0149.jpg,Nikhil Deshpande,2024-12-30,19.90043,74.573748,Wildlife
IMG01427,SP0039,OBS003039,IMG01427_SP0039.jpg,Tejas Joshi,2022-07-10,19.830104,74.420428,Wildlife
IMG01428,SP0201,,IMG01428_SP0201.jpg,Neha Deshpande,2021-05-28,19.907776,74.484671,Habitat
IMG01429,SP0122,OBS007734,IMG01429_SP0122.jpg,Sneha More,2024-09-28,19.922254,74.577999,Field Survey
IMG01430,SP0375,,IMG01430_SP0375.jpg,Rahul Deshpande,2021-04-12,19.808712,74.518325,Citizen Submission
IMG01431,SP0155,OBS006371,IMG01431_SP0155.jpg,Nikhil Pawar,2016-10-27,19.883814,74.370822,Wildlife
IMG01432,SP0224,OBS015664,IMG01432_SP0224.jpg,Aarti Joshi,2024-05-05,19.901378,74.575545,Citizen Submission
IMG01433,SP0443,OBS011357,IMG01433_SP0443.jpg,Swati Bhosale,2021-11-13,19.817517,74.55271,Field Survey
IMG01434,SP0230,OBS003556,IMG01434_SP0230.jpg,Neha Pawar,2024-11-01,19.931573,74.499308,Field Survey
IMG01435,SP0459,OBS005665,IMG01435_SP0459.jpg,Rahul Deshpande,2025-12-31,19.908858,74.57157,Wildlife
IMG01436,SP0117,OBS007047,IMG01436_SP0117.jpg,Pooja Shinde,2021-02-24,19.918225,74.510913,Habitat
IMG01437,SP0445,OBS012656,IMG01437_SP0445.jpg,Neha Pawar,2026-05-26,19.918161,74.355462,Water Body
IMG01438,SP0331,,IMG01438_SP0331.jpg,Tejas Joshi,2023-04-02,19.926382,74.463511,Citizen Submission
IMG01439,SP0046,OBS015847,IMG01439_SP0046.jpg,Neha Pawar,2019-09-04,19.804223,74.394074,Flora
IMG01440,SP0228,OBS007041,IMG01440_SP0228.jpg,Pooja Bhosale,2023-11-16,19.918301,74.49095,Flora
IMG01441,SP0018,OBS003533,IMG01441_SP0018.jpg,Rahul Pawar,2024-07-22,19.874636,74.466269,Citizen Submission
IMG01442,SP0027,OBS017298,IMG01442_SP0027.jpg,Rahul Deshpande,2019-11-10,19.848688,74.362795,Water Body
IMG01443,SP0144,OBS016432,IMG01443_SP0144.jpg,Tejas Joshi,2020-02-19,19.84649,74.530674,Wildlife
IMG01444,SP0116,,IMG01444_SP0116.jpg,Aarti Jadhav,2016-11-15,19.80179,74.458123,Field Survey
IMG01445,SP0164,OBS005890,IMG01445_SP0164.jpg,Vikram Joshi,2017-04-21,19.939941,74.386283,Habitat
IMG01446,SP0228,OBS017139,IMG01446_SP0228.jpg,Kirti Kulkarni,2024-03-21,19.851789,74.571625,Citizen Submission
IMG01447,SP0003,OBS006534,IMG01447_SP0003.jpg,Om Bhosale,2017-09-09,19.852268,74.593675,Field Survey
IMG01448,SP0424,,IMG01448_SP0424.jpg,Tejas Joshi,2019-03-01,19.833947,74.525936,Citizen Submission
IMG01449,SP0233,OBS014125,IMG01449_SP0233.jpg,Tejas Joshi,2025-10-02,19.895674,74.461958,Wildlife
IMG01450,SP0379,OBS010973,IMG01450_SP0379.jpg,Sneha Patil,2024-04-01,19.85123,74.449702,Wildlife
IMG01451,SP0097,OBS016661,IMG01451_SP0097.jpg,Swati Shinde,2017-07-01,19.846505,74.473633,Field Survey
IMG01452,SP0309,OBS016687,IMG01452_SP0309.jpg,Kirti Kale,2017-09-12,19.864625,74.357876,Citizen Submission
IMG01453,SP0387,OBS009202,IMG01453_SP0387.jpg,Priyanka Patil,2017-02-15,19.887587,74.47106,Flora
IMG01454,SP0154,OBS010095,IMG01454_SP0154.jpg,Rahul Pawar,2023-10-03,19.902821,74.485658,Habitat
IMG01455,SP0015,OBS008397,IMG01455_SP0015.jpg,Sneha Patil,2025-10-25,19.902502,74.425509,Flora
IMG01456,SP0122,OBS006902,IMG01456_SP0122.jpg,Rajesh Kale,2017-06-27,19.822886,74.578329,Habitat
IMG01457,SP0187,OBS018935,IMG01457_SP0187.jpg,Amit Kulkarni,2025-05-14,19.89178,74.432807,Water Body
IMG01458,SP0218,OBS001139,IMG01458_SP0218.jpg,Sneha More,2024-08-23,19.820709,74.496306,Citizen Submission
IMG01459,SP0142,OBS018114,IMG01459_SP0142.jpg,Vikram Joshi,2025-12-03,19.83565,74.59808,Flora
IMG01460,SP0060,,IMG01460_SP0060.jpg,Sneha Patil,2020-10-13,19.825786,74.511957,Field Survey
IMG01461,SP0076,OBS013275,IMG01461_SP0076.jpg,Om Bhosale,2017-03-02,19.929183,74.400666,Wildlife
IMG01462,SP0397,OBS012151,IMG01462_SP0397.jpg,Sneha Patil,2022-02-13,19.928214,74.576801,Flora
IMG01463,SP0128,OBS003783,IMG01463_SP0128.jpg,Om Bhosale,2023-02-01,19.919631,74.558909,Wildlife
IMG01464,SP0346,OBS001319,IMG01464_SP0346.jpg,Tejas Joshi,2026-07-12,19.885305,74.364527,Citizen Submission
IMG01465,SP0342,OBS016748,IMG01465_SP0342.jpg,Tejas Joshi,2020-12-10,19.946097,74.549853,Wildlife
IMG01466,SP0191,OBS011682,IMG01466_SP0191.jpg,Sneha More,2023-03-02,19.808785,74.555438,Wildlife
IMG01467,SP0183,OBS006848,IMG01467_SP0183.jpg,Nikhil Deshpande,2016-11-07,19.889028,74.437928,Flora
IMG01468,SP0276,OBS011850,IMG01468_SP0276.jpg,Sandeep More,2021-04-04,19.86622,74.450513,Wildlife
IMG01469,SP0275,OBS000465,IMG01469_SP0275.jpg,Om Shinde,2021-08-12,19.944287,74.358137,Water Body
IMG01470,SP0286,OBS002246,IMG01470_SP0286.jpg,Sneha Patil,2022-03-05,19.910477,74.507532,Flora
IMG01471,SP0458,,IMG01471_SP0458.jpg,Priyanka Patil,2022-03-14,19.842121,74.540107,Habitat
IMG01472,SP0171,OBS001323,IMG01472_SP0171.jpg,Pooja Shinde,2023-06-16,19.880927,74.508177,Habitat
IMG01473,SP0231,OBS006933,IMG01473_SP0231.jpg,Om Bhosale,2017-03-28,19.848574,74.53951,Field Survey
IMG01474,SP0059,,IMG01474_SP0059.jpg,Rajesh Kulkarni,2017-10-04,19.880226,74.461734,Flora
IMG01475,SP0093,OBS001242,IMG01475_SP0093.jpg,Vikram Jadhav,2020-03-28,19.86352,74.383868,Wildlife
IMG01476,SP0398,OBS005068,IMG01476_SP0398.jpg,Tejas Joshi,2016-08-15,19.870303,74.385762,Wildlife
IMG01477,SP0110,OBS014858,IMG01477_SP0110.jpg,Aarti Joshi,2022-10-11,19.866896,74.360993,Field Survey
IMG01478,SP0120,OBS004888,IMG01478_SP0120.jpg,Amit Kulkarni,2022-02-12,19.817304,74.466947,Flora
IMG01479,SP0184,OBS014847,IMG01479_SP0184.jpg,Om Shinde,2018-03-17,19.804883,74.450008,Water Body
IMG01480,SP0257,,IMG01480_SP0257.jpg,Om Bhosale,2020-11-20,19.878394,74.401356,Field Survey
IMG01481,SP0344,OBS019623,IMG01481_SP0344.jpg,Rahul Deshpande,2025-02-21,19.803986,74.452883,Field Survey
IMG01482,SP0022,OBS016486,IMG01482_SP0022.jpg,Nikhil Pawar,2026-01-08,19.845547,74.379962,Habitat
IMG01483,SP0298,,IMG01483_SP0298.jpg,Nikhil Pawar,2025-10-11,19.949039,74.401762,Field Survey
IMG01484,SP0370,OBS000327,IMG01484_SP0370.jpg,Aarti Jadhav,2025-01-29,19.864382,74.459569,Wildlife
IMG01485,SP0274,,IMG01485_SP0274.jpg,Swati Shinde,2019-07-22,19.892884,74.465766,Wildlife
IMG01486,SP0250,,IMG01486_SP0250.jpg,Kirti Kulkarni,2025-12-31,19.844114,74.465827,Wildlife
IMG01487,SP0344,OBS017831,IMG01487_SP0344.jpg,Nikhil Pawar,2022-11-12,19.860724,74.520098,Field Survey
IMG01488,SP0205,OBS002205,IMG01488_SP0205.jpg,Neha Pawar,2017-07-14,19.833938,74.361974,Flora
IMG01489,SP0356,OBS005287,IMG01489_SP0356.jpg,Neha Deshpande,2019-01-20,19.871259,74.440326,Habitat
IMG01490,SP0375,OBS007457,IMG01490_SP0375.jpg,Tejas Joshi,2026-03-17,19.859714,74.409867,Wildlife
IMG01491,SP0066,,IMG01491_SP0066.jpg,Sandeep More,2021-10-23,19.896563,74.489718,Habitat
IMG01492,SP0415,OBS013041,IMG01492_SP0415.jpg,Aarti Jadhav,2019-08-08,19.926665,74.513982,Habitat
IMG01493,SP0074,OBS016830,IMG01493_SP0074.jpg,Amit Kulkarni,2021-09-13,19.81076,74.430934,Wildlife
IMG01494,SP0170,OBS006419,IMG01494_SP0170.jpg,Sneha Patil,2021-01-15,19.828712,74.455113,Flora
IMG01495,SP0139,OBS002712,IMG01495_SP0139.jpg,Aarti Joshi,2018-12-20,19.850338,74.382611,Flora
IMG01496,SP0103,,IMG01496_SP0103.jpg,Sneha Patil,2023-07-17,19.892103,74.589328,Habitat
IMG01497,SP0102,OBS003506,IMG01497_SP0102.jpg,Aarti Jadhav,2022-12-22,19.824372,74.350656,Citizen Submission
IMG01498,SP0079,OBS014494,IMG01498_SP0079.jpg,Vikram Jadhav,2018-12-03,19.902754,74.491441,Habitat
IMG01499,SP0400,OBS015570,IMG01499_SP0400.jpg,Kirti Kulkarni,2017-08-19,19.801258,74.458785,Field Survey
IMG01500,SP0104,OBS001984,IMG01500_SP0104.jpg,Sneha More,2019-01-09,19.848347,74.390605,Flora
IMG01501,SP0206,OBS002615,IMG01501_SP0206.jpg,Pooja Shinde,2026-06-14,19.85196,74.435923,Wildlife
IMG01502,SP0119,OBS006588,IMG01502_SP0119.jpg,Om Bhosale,2023-01-10,19.930209,74.597807,Habitat
IMG01503,SP0108,OBS010771,IMG01503_SP0108.jpg,Nikhil Deshpande,2018-06-23,19.859392,74.373139,Water Body
IMG01504,SP0028,OBS013609,IMG01504_SP0028.jpg,Sandeep Patil,2019-07-27,19.891888,74.577424,Wildlife
IMG01505,SP0348,OBS015514,IMG01505_SP0348.jpg,Rajesh Kale,2018-06-26,19.815761,74.540022,Citizen Submission
IMG01506,SP0104,,IMG01506_SP0104.jpg,Amit Kulkarni,2017-02-01,19.940949,74.599306,Water Body
IMG01507,SP0279,OBS011154,IMG01507_SP0279.jpg,Rajesh Kulkarni,2018-04-24,19.857349,74.599508,Field Survey
IMG01508,SP0382,OBS019611,IMG01508_SP0382.jpg,Tejas Jadhav,2021-10-02,19.896184,74.497619,Wildlife
IMG01509,SP0369,,IMG01509_SP0369.jpg,Kirti Kale,2019-12-23,19.896256,74.495918,Flora
IMG01510,SP0234,OBS002416,IMG01510_SP0234.jpg,Kirti Kale,2020-06-08,19.944495,74.564432,Wildlife
IMG01511,SP0112,,IMG01511_SP0112.jpg,Aarti Jadhav,2021-07-21,19.819999,74.406355,Wildlife
IMG01512,SP0087,OBS013709,IMG01512_SP0087.jpg,Sneha Patil,2017-06-13,19.931434,74.436974,Wildlife
IMG01513,SP0072,OBS000297,IMG01513_SP0072.jpg,Neha Deshpande,2022-10-24,19.945911,74.377056,Flora
IMG01514,SP0038,,IMG01514_SP0038.jpg,Rahul Pawar,2021-11-13,19.940223,74.535163,Field Survey
IMG01515,SP0268,,IMG01515_SP0268.jpg,Rahul Deshpande,2020-09-28,19.895931,74.575382,Field Survey
IMG01516,SP0097,OBS007472,IMG01516_SP0097.jpg,Rahul Deshpande,2021-02-06,19.839655,74.518237,Flora
IMG01517,SP0007,,IMG01517_SP0007.jpg,Sneha More,2022-11-02,19.932084,74.587074,Flora
IMG01518,SP0022,OBS011129,IMG01518_SP0022.jpg,Vikram Joshi,2023-10-31,19.916365,74.432485,Flora
IMG01519,SP0451,OBS008443,IMG01519_SP0451.jpg,Nikhil Deshpande,2023-03-15,19.835653,74.401899,Water Body
IMG01520,SP0086,,IMG01520_SP0086.jpg,Om Shinde,2023-11-08,19.849149,74.469832,Habitat
IMG01521,SP0169,OBS000576,IMG01521_SP0169.jpg,Vikram Joshi,2021-02-16,19.913705,74.436983,Habitat
IMG01522,SP0293,OBS017507,IMG01522_SP0293.jpg,Sandeep Patil,2019-04-30,19.854286,74.564906,Flora
IMG01523,SP0134,,IMG01523_SP0134.jpg,Rahul Deshpande,2018-12-11,19.884393,74.50357,Citizen Submission
IMG01524,SP0295,OBS003049,IMG01524_SP0295.jpg,Om Bhosale,2023-02-09,19.92315,74.501451,Water Body
IMG01525,SP0280,OBS019992,IMG01525_SP0280.jpg,Rajesh Kale,2021-03-22,19.933402,74.3643,Habitat
IMG01526,SP0047,OBS019313,IMG01526_SP0047.jpg,Amit Kulkarni,2017-04-02,19.927745,74.40714,Flora
IMG01527,SP0440,OBS016258,IMG01527_SP0440.jpg,Sneha Patil,2021-06-18,19.815794,74.372287,Citizen Submission
IMG01528,SP0226,OBS017161,IMG01528_SP0226.jpg,Sandeep More,2021-03-16,19.820462,74.385688,Citizen Submission
IMG01529,SP0367,OBS014157,IMG01529_SP0367.jpg,Rajesh Kulkarni,2018-06-15,19.890965,74.400171,Habitat
IMG01530,SP0291,OBS012955,IMG01530_SP0291.jpg,Rajesh Kulkarni,2016-11-13,19.878856,74.58917,Wildlife
IMG01531,SP0437,,IMG01531_SP0437.jpg,Priyanka More,2023-04-01,19.855474,74.473407,Field Survey
IMG01532,SP0180,OBS016083,IMG01532_SP0180.jpg,Rahul Deshpande,2025-12-03,19.841963,74.578203,Citizen Submission
IMG01533,SP0098,OBS009212,IMG01533_SP0098.jpg,Amit Kulkarni,2022-04-09,19.90895,74.504478,Water Body
IMG01534,SP0242,OBS019633,IMG01534_SP0242.jpg,Vikram Jadhav,2023-12-03,19.827681,74.515128,Wildlife
IMG01535,SP0273,OBS018967,IMG01535_SP0273.jpg,Sneha Patil,2025-02-05,19.915957,74.54298,Citizen Submission
IMG01536,SP0249,OBS019715,IMG01536_SP0249.jpg,Rahul Pawar,2019-07-22,19.800684,74.421313,Field Survey
IMG01537,SP0013,OBS014533,IMG01537_SP0013.jpg,Vikram Jadhav,2021-12-12,19.849486,74.576345,Flora
IMG01538,SP0011,OBS012992,IMG01538_SP0011.jpg,Sneha Patil,2021-03-30,19.857012,74.523055,Citizen Submission
IMG01539,SP0372,OBS018004,IMG01539_SP0372.jpg,Sandeep Patil,2020-01-02,19.854763,74.431637,Water Body
IMG01540,SP0109,OBS004878,IMG01540_SP0109.jpg,Tejas Joshi,2019-08-12,19.812826,74.59744,Water Body
IMG01541,SP0253,OBS016575,IMG01541_SP0253.jpg,Swati Shinde,2025-02-25,19.912699,74.513595,Habitat
IMG01542,SP0420,OBS000491,IMG01542_SP0420.jpg,Kirti Kulkarni,2018-05-26,19.883434,74.547244,Water Body
IMG01543,SP0286,OBS003034,IMG01543_SP0286.jpg,Aarti Jadhav,2018-11-05,19.949543,74.514837,Wildlife
IMG01544,SP0268,OBS004897,IMG01544_SP0268.jpg,Nikhil Deshpande,2020-08-25,19.881726,74.528135,Field Survey
IMG01545,SP0409,OBS004786,IMG01545_SP0409.jpg,Kirti Kale,2022-03-30,19.888846,74.3805,Habitat
IMG01546,SP0047,OBS011198,IMG01546_SP0047.jpg,Pooja Bhosale,2018-09-13,19.805712,74.48688,Citizen Submission
IMG01547,SP0318,,IMG01547_SP0318.jpg,Kirti Kulkarni,2023-11-22,19.934124,74.358483,Water Body
IMG01548,SP0283,OBS001168,IMG01548_SP0283.jpg,Kirti Kale,2024-07-30,19.823459,74.485558,Wildlife
IMG01549,SP0280,OBS007015,IMG01549_SP0280.jpg,Tejas Joshi,2016-12-01,19.929817,74.584625,Water Body
IMG01550,SP0239,OBS006172,IMG01550_SP0239.jpg,Amit Kulkarni,2019-03-02,19.930446,74.4203,Flora
IMG01551,SP0282,OBS018088,IMG01551_SP0282.jpg,Neha Pawar,2021-05-06,19.812533,74.574039,Citizen Submission
IMG01552,SP0411,OBS000412,IMG01552_SP0411.jpg,Sneha More,2018-10-18,19.880161,74.557844,Citizen Submission
IMG01553,SP0259,,IMG01553_SP0259.jpg,Sneha More,2024-06-20,19.825647,74.57866,Citizen Submission
IMG01554,SP0045,,IMG01554_SP0045.jpg,Aarti Joshi,2025-07-09,19.895785,74.5018,Citizen Submission
IMG01555,SP0194,,IMG01555_SP0194.jpg,Kirti Kale,2018-11-14,19.852976,74.424591,Water Body
IMG01556,SP0209,OBS019137,IMG01556_SP0209.jpg,Swati Bhosale,2022-08-25,19.910396,74.495345,Water Body
IMG01557,SP0246,OBS012415,IMG01557_SP0246.jpg,Aarti Joshi,2024-06-08,19.897632,74.43181,Flora
IMG01558,SP0441,OBS015491,IMG01558_SP0441.jpg,Sneha Patil,2021-02-06,19.875093,74.545045,Flora
IMG01559,SP0011,OBS007491,IMG01559_SP0011.jpg,Amit Kulkarni,2018-07-11,19.913006,74.4464,Field Survey
IMG01560,SP0153,OBS002631,IMG01560_SP0153.jpg,Nikhil Pawar,2016-08-30,19.85554,74.357064,Habitat
IMG01561,SP0017,OBS003447,IMG01561_SP0017.jpg,Om Bhosale,2021-06-25,19.92293,74.510933,Flora
IMG01562,SP0076,OBS010030,IMG01562_SP0076.jpg,Om Bhosale,2018-05-31,19.930062,74.473317,Wildlife
IMG01563,SP0129,,IMG01563_SP0129.jpg,Aarti Jadhav,2025-11-10,19.913756,74.363019,Water Body
IMG01564,SP0145,OBS011429,IMG01564_SP0145.jpg,Neha Deshpande,2017-04-02,19.895491,74.484326,Field Survey
IMG01565,SP0440,OBS003943,IMG01565_SP0440.jpg,Nikhil Deshpande,2016-11-20,19.938137,74.577112,Habitat
IMG01566,SP0128,OBS018226,IMG01566_SP0128.jpg,Sneha More,2016-09-11,19.926605,74.539432,Water Body
IMG01567,SP0452,,IMG01567_SP0452.jpg,Amit Kulkarni,2018-06-28,19.943985,74.571844,Flora
IMG01568,SP0223,OBS013811,IMG01568_SP0223.jpg,Sneha More,2024-11-29,19.878889,74.555811,Water Body
IMG01569,SP0359,OBS015555,IMG01569_SP0359.jpg,Rajesh Kale,2020-06-28,19.931028,74.477238,Field Survey
IMG01570,SP0097,OBS018888,IMG01570_SP0097.jpg,Pooja Bhosale,2026-05-28,19.838346,74.359478,Habitat
IMG01571,SP0098,OBS014009,IMG01571_SP0098.jpg,Neha Pawar,2017-11-30,19.896275,74.5935,Field Survey
IMG01572,SP0150,OBS004584,IMG01572_SP0150.jpg,Swati Bhosale,2019-04-17,19.909591,74.590492,Field Survey
IMG01573,SP0296,OBS002994,IMG01573_SP0296.jpg,Rajesh Kale,2019-03-06,19.840097,74.541204,Wildlife
IMG01574,SP0115,OBS013206,IMG01574_SP0115.jpg,Pooja Bhosale,2023-05-26,19.907059,74.586022,Flora
IMG01575,SP0460,OBS011328,IMG01575_SP0460.jpg,Aarti Joshi,2019-03-15,19.901699,74.591307,Wildlife
IMG01576,SP0013,,IMG01576_SP0013.jpg,Aarti Jadhav,2023-03-01,19.908723,74.596572,Water Body
IMG01577,SP0092,OBS005077,IMG01577_SP0092.jpg,Swati Bhosale,2023-01-16,19.8587,74.565918,Flora
IMG01578,SP0268,OBS002405,IMG01578_SP0268.jpg,Om Bhosale,2022-12-10,19.832814,74.376041,Water Body
IMG01579,SP0314,OBS005723,IMG01579_SP0314.jpg,Tejas Joshi,2016-12-29,19.86185,74.509757,Water Body
IMG01580,SP0172,OBS004281,IMG01580_SP0172.jpg,Sneha Patil,2025-06-10,19.941564,74.420459,Wildlife
IMG01581,SP0311,,IMG01581_SP0311.jpg,Rajesh Kulkarni,2018-11-12,19.827854,74.584974,Habitat
IMG01582,SP0214,OBS009776,IMG01582_SP0214.jpg,Rajesh Kale,2022-06-22,19.907637,74.408934,Citizen Submission
IMG01583,SP0007,OBS012529,IMG01583_SP0007.jpg,Swati Bhosale,2021-10-10,19.824114,74.448366,Flora
IMG01584,SP0459,,IMG01584_SP0459.jpg,Vikram Joshi,2025-12-06,19.820045,74.557639,Flora
IMG01585,SP0074,,IMG01585_SP0074.jpg,Aarti Jadhav,2017-08-30,19.8945,74.485049,Field Survey
IMG01586,SP0457,,IMG01586_SP0457.jpg,Rajesh Kulkarni,2021-07-13,19.885312,74.441139,Water Body
IMG01587,SP0420,OBS009360,IMG01587_SP0420.jpg,Aarti Joshi,2020-09-11,19.826141,74.48458,Habitat
IMG01588,SP0285,,IMG01588_SP0285.jpg,Sneha Patil,2017-07-28,19.914237,74.527186,Field Survey
IMG01589,SP0358,OBS007968,IMG01589_SP0358.jpg,Om Bhosale,2016-09-15,19.903014,74.354544,Citizen Submission
IMG01590,SP0456,OBS006867,IMG01590_SP0456.jpg,Kirti Kale,2023-12-09,19.851863,74.543465,Water Body
IMG01591,SP0457,,IMG01591_SP0457.jpg,Tejas Joshi,2020-11-21,19.827468,74.494777,Flora
IMG01592,SP0249,OBS004386,IMG01592_SP0249.jpg,Aarti Joshi,2021-10-24,19.863156,74.451014,Flora
IMG01593,SP0037,OBS001982,IMG01593_SP0037.jpg,Rahul Deshpande,2023-10-08,19.860429,74.551399,Habitat
IMG01594,SP0399,OBS011298,IMG01594_SP0399.jpg,Nikhil Deshpande,2026-02-05,19.821429,74.403744,Water Body
IMG01595,SP0451,OBS010543,IMG01595_SP0451.jpg,Swati Shinde,2021-01-12,19.852439,74.425024,Flora
IMG01596,SP0202,OBS015914,IMG01596_SP0202.jpg,Vikram Joshi,2021-10-29,19.911755,74.570118,Wildlife
IMG01597,SP0086,,IMG01597_SP0086.jpg,Priyanka More,2021-06-20,19.911618,74.446639,Wildlife
IMG01598,SP0420,OBS000516,IMG01598_SP0420.jpg,Rahul Deshpande,2017-07-04,19.922367,74.428884,Field Survey
IMG01599,SP0434,,IMG01599_SP0434.jpg,Tejas Jadhav,2026-02-05,19.930625,74.509967,Citizen Submission
IMG01600,SP0343,,IMG01600_SP0343.jpg,Neha Pawar,2024-05-14,19.828776,74.460388,Water Body
IMG01601,SP0216,OBS003011,IMG01601_SP0216.jpg,Vikram Joshi,2021-07-15,19.860881,74.469279,Citizen Submission
IMG01602,SP0146,,IMG01602_SP0146.jpg,Pooja Bhosale,2023-03-16,19.926373,74.597342,Water Body
IMG01603,SP0123,OBS011322,IMG01603_SP0123.jpg,Sneha Patil,2025-08-17,19.849809,74.376484,Water Body
IMG01604,SP0118,OBS008060,IMG01604_SP0118.jpg,Vikram Joshi,2017-06-27,19.922887,74.597246,Field Survey
IMG01605,SP0305,OBS013301,IMG01605_SP0305.jpg,Pooja Shinde,2021-12-11,19.882063,74.43071,Field Survey
IMG01606,SP0028,OBS014003,IMG01606_SP0028.jpg,Sandeep More,2023-12-24,19.915757,74.593595,Flora
IMG01607,SP0365,,IMG01607_SP0365.jpg,Amit Kale,2020-04-09,19.803378,74.542635,Habitat
IMG01608,SP0126,OBS017617,IMG01608_SP0126.jpg,Amit Kulkarni,2023-02-05,19.918652,74.55702,Habitat
IMG01609,SP0223,OBS009943,IMG01609_SP0223.jpg,Kirti Kulkarni,2020-12-15,19.932706,74.575326,Water Body
IMG01610,SP0300,,IMG01610_SP0300.jpg,Neha Deshpande,2020-06-15,19.908893,74.402152,Field Survey
IMG01611,SP0216,OBS015093,IMG01611_SP0216.jpg,Amit Kulkarni,2017-04-22,19.833276,74.564741,Field Survey
IMG01612,SP0178,OBS010020,IMG01612_SP0178.jpg,Kirti Kale,2022-04-15,19.83117,74.58207,Flora
IMG01613,SP0175,OBS001564,IMG01613_SP0175.jpg,Rajesh Kulkarni,2021-06-11,19.833459,74.432996,Field Survey
IMG01614,SP0155,,IMG01614_SP0155.jpg,Tejas Joshi,2018-11-26,19.852125,74.508072,Wildlife
IMG01615,SP0269,OBS013585,IMG01615_SP0269.jpg,Rahul Deshpande,2025-02-28,19.894424,74.429619,Citizen Submission
IMG01616,SP0299,OBS018746,IMG01616_SP0299.jpg,Nikhil Deshpande,2026-05-13,19.940303,74.540807,Wildlife
IMG01617,SP0437,OBS014112,IMG01617_SP0437.jpg,Nikhil Pawar,2021-04-23,19.832223,74.549415,Field Survey
IMG01618,SP0351,OBS000055,IMG01618_SP0351.jpg,Sandeep Patil,2018-11-18,19.874007,74.512058,Citizen Submission
IMG01619,SP0223,OBS016540,IMG01619_SP0223.jpg,Nikhil Deshpande,2025-06-11,19.936111,74.435682,Habitat
IMG01620,SP0003,,IMG01620_SP0003.jpg,Rahul Pawar,2018-10-06,19.904827,74.388426,Wildlife
IMG01621,SP0136,,IMG01621_SP0136.jpg,Tejas Joshi,2024-04-24,19.873676,74.352191,Habitat
IMG01622,SP0145,,IMG01622_SP0145.jpg,Rajesh Kale,2018-12-01,19.870942,74.598642,Water Body
IMG01623,SP0051,OBS019275,IMG01623_SP0051.jpg,Sneha Patil,2024-03-29,19.811366,74.571308,Habitat
IMG01624,SP0316,,IMG01624_SP0316.jpg,Priyanka Patil,2023-10-01,19.845842,74.488589,Citizen Submission
IMG01625,SP0339,OBS014723,IMG01625_SP0339.jpg,Sandeep More,2021-12-11,19.850931,74.558144,Field Survey
IMG01626,SP0431,OBS001003,IMG01626_SP0431.jpg,Sandeep More,2019-06-27,19.801266,74.568387,Citizen Submission
IMG01627,SP0335,OBS009686,IMG01627_SP0335.jpg,Pooja Bhosale,2024-10-06,19.85519,74.466815,Water Body
IMG01628,SP0169,OBS018794,IMG01628_SP0169.jpg,Amit Kale,2024-09-12,19.821169,74.55862,Citizen Submission
IMG01629,SP0216,,IMG01629_SP0216.jpg,Sandeep More,2021-01-16,19.817433,74.472497,Wildlife
IMG01630,SP0078,OBS019208,IMG01630_SP0078.jpg,Kirti Kale,2025-01-06,19.866851,74.398552,Flora
IMG01631,SP0065,OBS010626,IMG01631_SP0065.jpg,Sneha Patil,2026-07-18,19.876565,74.572498,Citizen Submission
IMG01632,SP0275,OBS007008,IMG01632_SP0275.jpg,Aarti Joshi,2022-11-03,19.814924,74.594946,Wildlife
IMG01633,SP0156,OBS010127,IMG01633_SP0156.jpg,Vikram Joshi,2019-08-03,19.922239,74.351927,Habitat
IMG01634,SP0424,OBS003073,IMG01634_SP0424.jpg,Rajesh Kale,2018-07-09,19.947913,74.439572,Wildlife
IMG01635,SP0331,,IMG01635_SP0331.jpg,Sneha Patil,2023-05-19,19.914315,74.408317,Field Survey
IMG01636,SP0035,,IMG01636_SP0035.jpg,Amit Kulkarni,2025-04-13,19.820379,74.486857,Field Survey
IMG01637,SP0109,,IMG01637_SP0109.jpg,Priyanka Patil,2020-03-15,19.854828,74.561419,Water Body
IMG01638,SP0378,OBS013041,IMG01638_SP0378.jpg,Sandeep More,2024-09-12,19.823588,74.489644,Habitat
IMG01639,SP0380,OBS000585,IMG01639_SP0380.jpg,Kirti Kale,2024-09-01,19.859625,74.376314,Water Body
IMG01640,SP0416,,IMG01640_SP0416.jpg,Vikram Joshi,2019-05-01,19.918875,74.383975,Citizen Submission
IMG01641,SP0236,OBS001261,IMG01641_SP0236.jpg,Aarti Jadhav,2017-01-13,19.875636,74.354788,Flora
IMG01642,SP0036,,IMG01642_SP0036.jpg,Rajesh Kale,2024-11-16,19.869202,74.539196,Habitat
IMG01643,SP0398,OBS016387,IMG01643_SP0398.jpg,Nikhil Pawar,2022-11-18,19.864446,74.458973,Water Body
IMG01644,SP0032,,IMG01644_SP0032.jpg,Kirti Kale,2018-08-23,19.84708,74.59215,Habitat
IMG01645,SP0407,OBS013177,IMG01645_SP0407.jpg,Vikram Joshi,2017-01-08,19.941252,74.467034,Flora
IMG01646,SP0215,,IMG01646_SP0215.jpg,Kirti Kale,2019-04-11,19.870807,74.589921,Habitat
IMG01647,SP0442,OBS014289,IMG01647_SP0442.jpg,Amit Kale,2017-02-17,19.835354,74.513146,Citizen Submission
IMG01648,SP0050,OBS014195,IMG01648_SP0050.jpg,Sneha Patil,2020-07-27,19.881626,74.538717,Citizen Submission
IMG01649,SP0153,OBS014142,IMG01649_SP0153.jpg,Kirti Kulkarni,2021-06-16,19.862047,74.497173,Habitat
IMG01650,SP0290,,IMG01650_SP0290.jpg,Amit Kulkarni,2019-11-24,19.814709,74.538483,Habitat
IMG01651,SP0439,OBS007605,IMG01651_SP0439.jpg,Tejas Jadhav,2018-09-03,19.929933,74.59071,Citizen Submission
IMG01652,SP0326,,IMG01652_SP0326.jpg,Pooja Shinde,2017-09-07,19.835144,74.354798,Field Survey
IMG01653,SP0246,OBS014202,IMG01653_SP0246.jpg,Sneha Patil,2020-04-16,19.943673,74.50348,Flora
IMG01654,SP0019,OBS012898,IMG01654_SP0019.jpg,Amit Kale,2023-06-19,19.832589,74.467125,Citizen Submission
IMG01655,SP0286,OBS011876,IMG01655_SP0286.jpg,Neha Pawar,2025-09-26,19.946714,74.561288,Wildlife
IMG01656,SP0158,OBS014686,IMG01656_SP0158.jpg,Rajesh Kale,2019-03-09,19.922362,74.588913,Habitat
IMG01657,SP0036,OBS013382,IMG01657_SP0036.jpg,Rajesh Kulkarni,2018-01-25,19.938133,74.408659,Wildlife
IMG01658,SP0284,,IMG01658_SP0284.jpg,Aarti Joshi,2023-04-15,19.838779,74.487188,Flora
IMG01659,SP0402,OBS017001,IMG01659_SP0402.jpg,Sandeep Patil,2020-07-03,19.915276,74.560315,Habitat
IMG01660,SP0348,,IMG01660_SP0348.jpg,Nikhil Deshpande,2019-09-05,19.817561,74.358842,Habitat
IMG01661,SP0174,OBS016619,IMG01661_SP0174.jpg,Kirti Kulkarni,2022-04-24,19.896926,74.58209,Field Survey
IMG01662,SP0298,,IMG01662_SP0298.jpg,Pooja Bhosale,2025-03-28,19.878574,74.443004,Flora
IMG01663,SP0104,OBS016003,IMG01663_SP0104.jpg,Tejas Joshi,2017-04-18,19.89615,74.367549,Flora
IMG01664,SP0174,OBS007955,IMG01664_SP0174.jpg,Tejas Jadhav,2017-09-01,19.807939,74.552281,Field Survey
IMG01665,SP0411,OBS015099,IMG01665_SP0411.jpg,Rajesh Kale,2019-10-13,19.901571,74.360105,Water Body
IMG01666,SP0345,OBS006865,IMG01666_SP0345.jpg,Rahul Deshpande,2025-02-20,19.94543,74.391414,Citizen Submission
IMG01667,SP0121,OBS008538,IMG01667_SP0121.jpg,Aarti Joshi,2019-02-28,19.865148,74.598623,Wildlife
IMG01668,SP0325,,IMG01668_SP0325.jpg,Kirti Kale,2026-02-05,19.894838,74.39721,Flora
IMG01669,SP0026,OBS019475,IMG01669_SP0026.jpg,Kirti Kale,2017-04-10,19.842123,74.597685,Habitat
IMG01670,SP0304,OBS012776,IMG01670_SP0304.jpg,Neha Pawar,2022-04-30,19.888158,74.406769,Water Body
IMG01671,SP0015,OBS003933,IMG01671_SP0015.jpg,Sandeep More,2019-04-27,19.823127,74.388202,Field Survey
IMG01672,SP0437,OBS016602,IMG01672_SP0437.jpg,Rajesh Kale,2017-04-18,19.900262,74.42448,Field Survey
IMG01673,SP0319,OBS007144,IMG01673_SP0319.jpg,Neha Deshpande,2020-11-17,19.920902,74.350846,Water Body
IMG01674,SP0023,OBS005370,IMG01674_SP0023.jpg,Nikhil Deshpande,2025-10-24,19.834638,74.487314,Water Body
IMG01675,SP0394,,IMG01675_SP0394.jpg,Rajesh Kulkarni,2018-08-30,19.937903,74.483262,Water Body
IMG01676,SP0448,OBS009625,IMG01676_SP0448.jpg,Aarti Joshi,2017-07-03,19.884256,74.351731,Wildlife
IMG01677,SP0227,,IMG01677_SP0227.jpg,Tejas Jadhav,2022-03-19,19.945546,74.425221,Wildlife
IMG01678,SP0444,OBS004533,IMG01678_SP0444.jpg,Rahul Deshpande,2016-08-21,19.804442,74.443467,Citizen Submission
IMG01679,SP0154,,IMG01679_SP0154.jpg,Vikram Joshi,2017-03-28,19.845992,74.378599,Wildlife
IMG01680,SP0447,OBS003575,IMG01680_SP0447.jpg,Aarti Jadhav,2021-01-31,19.883739,74.564616,Wildlife
IMG01681,SP0306,,IMG01681_SP0306.jpg,Om Shinde,2022-03-21,19.819046,74.399927,Habitat
IMG01682,SP0114,OBS015353,IMG01682_SP0114.jpg,Sandeep More,2022-08-31,19.894932,74.522765,Wildlife
IMG01683,SP0450,OBS010704,IMG01683_SP0450.jpg,Sandeep More,2026-03-15,19.823243,74.371806,Wildlife
IMG01684,SP0260,,IMG01684_SP0260.jpg,Rahul Deshpande,2018-03-21,19.833253,74.598104,Habitat
IMG01685,SP0383,,IMG01685_SP0383.jpg,Aarti Jadhav,2020-10-04,19.9024,74.396681,Water Body
IMG01686,SP0188,,IMG01686_SP0188.jpg,Rajesh Kale,2021-12-28,19.913611,74.45002,Wildlife
IMG01687,SP0220,OBS005699,IMG01687_SP0220.jpg,Sandeep Patil,2020-10-28,19.82974,74.538827,Citizen Submission
IMG01688,SP0420,OBS016147,IMG01688_SP0420.jpg,Aarti Joshi,2022-05-01,19.827297,74.364043,Citizen Submission
IMG01689,SP0161,OBS008854,IMG01689_SP0161.jpg,Sandeep More,2018-11-14,19.860377,74.499571,Habitat
IMG01690,SP0005,OBS013849,IMG01690_SP0005.jpg,Aarti Jadhav,2019-07-04,19.808231,74.481755,Water Body
IMG01691,SP0197,OBS014698,IMG01691_SP0197.jpg,Pooja Bhosale,2016-09-23,19.815553,74.510466,Habitat
IMG01692,SP0236,,IMG01692_SP0236.jpg,Sneha Patil,2018-08-19,19.915962,74.523106,Flora
IMG01693,SP0414,,IMG01693_SP0414.jpg,Tejas Jadhav,2017-02-06,19.840859,74.526066,Field Survey
IMG01694,SP0220,OBS014791,IMG01694_SP0220.jpg,Amit Kale,2023-11-23,19.905444,74.375266,Habitat
IMG01695,SP0428,,IMG01695_SP0428.jpg,Amit Kale,2019-06-27,19.924502,74.380743,Field Survey
IMG01696,SP0160,OBS010778,IMG01696_SP0160.jpg,Tejas Jadhav,2025-12-17,19.819367,74.509999,Field Survey
IMG01697,SP0448,OBS002393,IMG01697_SP0448.jpg,Kirti Kale,2017-03-23,19.841683,74.39775,Citizen Submission
IMG01698,SP0411,,IMG01698_SP0411.jpg,Aarti Jadhav,2020-04-04,19.810232,74.412833,Wildlife
IMG01699,SP0411,OBS001631,IMG01699_SP0411.jpg,Priyanka Patil,2016-11-18,19.895445,74.451216,Water Body
IMG01700,SP0398,OBS019201,IMG01700_SP0398.jpg,Rajesh Kulkarni,2024-07-31,19.899352,74.558135,Wildlife
IMG01701,SP0225,,IMG01701_SP0225.jpg,Pooja Shinde,2025-08-07,19.807064,74.3821,Wildlife
IMG01702,SP0238,,IMG01702_SP0238.jpg,Pooja Shinde,2023-10-01,19.849967,74.36587,Water Body
IMG01703,SP0192,OBS010319,IMG01703_SP0192.jpg,Tejas Jadhav,2024-04-25,19.816825,74.543089,Habitat
IMG01704,SP0042,OBS001256,IMG01704_SP0042.jpg,Sneha More,2017-01-09,19.830939,74.430187,Habitat
IMG01705,SP0137,OBS003809,IMG01705_SP0137.jpg,Vikram Joshi,2024-05-12,19.884014,74.510407,Field Survey
IMG01706,SP0057,OBS011712,IMG01706_SP0057.jpg,Pooja Shinde,2023-04-18,19.826197,74.461492,Wildlife
IMG01707,SP0328,OBS014899,IMG01707_SP0328.jpg,Vikram Jadhav,2026-05-29,19.931461,74.504353,Habitat
IMG01708,SP0084,,IMG01708_SP0084.jpg,Nikhil Deshpande,2016-12-11,19.887467,74.486597,Flora
IMG01709,SP0047,OBS004005,IMG01709_SP0047.jpg,Kirti Kulkarni,2018-12-23,19.861079,74.363034,Water Body
IMG01710,SP0458,,IMG01710_SP0458.jpg,Pooja Bhosale,2017-05-23,19.826623,74.392997,Citizen Submission
IMG01711,SP0348,,IMG01711_SP0348.jpg,Aarti Jadhav,2025-11-11,19.854664,74.396145,Habitat
IMG01712,SP0449,OBS000085,IMG01712_SP0449.jpg,Kirti Kale,2024-10-12,19.901181,74.506314,Water Body
IMG01713,SP0171,OBS010544,IMG01713_SP0171.jpg,Rahul Deshpande,2019-05-12,19.824918,74.389928,Field Survey
IMG01714,SP0364,OBS015661,IMG01714_SP0364.jpg,Rahul Pawar,2020-08-10,19.898569,74.374891,Wildlife
IMG01715,SP0349,OBS019236,IMG01715_SP0349.jpg,Sandeep Patil,2021-02-03,19.862563,74.503804,Water Body
IMG01716,SP0110,,IMG01716_SP0110.jpg,Nikhil Pawar,2023-06-18,19.844952,74.470918,Wildlife
IMG01717,SP0118,OBS008005,IMG01717_SP0118.jpg,Amit Kulkarni,2018-06-13,19.888634,74.502525,Citizen Submission
IMG01718,SP0262,,IMG01718_SP0262.jpg,Rajesh Kulkarni,2017-03-10,19.946325,74.538552,Water Body
IMG01719,SP0062,OBS003258,IMG01719_SP0062.jpg,Amit Kulkarni,2022-07-10,19.827846,74.370528,Wildlife
IMG01720,SP0331,OBS007538,IMG01720_SP0331.jpg,Tejas Joshi,2021-04-05,19.851029,74.352788,Wildlife
IMG01721,SP0003,OBS007101,IMG01721_SP0003.jpg,Vikram Joshi,2022-10-04,19.907608,74.456305,Water Body
IMG01722,SP0316,OBS000452,IMG01722_SP0316.jpg,Kirti Kulkarni,2022-12-16,19.84632,74.475608,Flora
IMG01723,SP0101,OBS010641,IMG01723_SP0101.jpg,Neha Deshpande,2016-10-16,19.806193,74.522031,Flora
IMG01724,SP0220,OBS019893,IMG01724_SP0220.jpg,Amit Kale,2020-03-14,19.933695,74.382763,Wildlife
IMG01725,SP0200,,IMG01725_SP0200.jpg,Rahul Deshpande,2024-04-23,19.869006,74.576368,Citizen Submission
IMG01726,SP0460,,IMG01726_SP0460.jpg,Rahul Pawar,2024-03-03,19.932715,74.540869,Flora
IMG01727,SP0432,,IMG01727_SP0432.jpg,Swati Bhosale,2019-12-01,19.838979,74.513825,Water Body
IMG01728,SP0278,,IMG01728_SP0278.jpg,Rahul Deshpande,2021-01-23,19.878816,74.481891,Water Body
IMG01729,SP0436,,IMG01729_SP0436.jpg,Aarti Jadhav,2020-04-21,19.932862,74.419229,Flora
IMG01730,SP0056,OBS013800,IMG01730_SP0056.jpg,Sandeep More,2023-08-25,19.823441,74.408341,Water Body
IMG01731,SP0458,,IMG01731_SP0458.jpg,Priyanka More,2025-01-30,19.82902,74.423326,Water Body
IMG01732,SP0084,OBS006107,IMG01732_SP0084.jpg,Rajesh Kale,2021-02-08,19.888225,74.360011,Wildlife
IMG01733,SP0192,OBS003954,IMG01733_SP0192.jpg,Pooja Shinde,2024-04-22,19.888613,74.488738,Wildlife
IMG01734,SP0103,OBS001832,IMG01734_SP0103.jpg,Priyanka More,2017-12-01,19.898107,74.399725,Field Survey
IMG01735,SP0387,OBS018309,IMG01735_SP0387.jpg,Tejas Jadhav,2021-08-22,19.8212,74.51462,Wildlife
IMG01736,SP0079,OBS015167,IMG01736_SP0079.jpg,Sandeep More,2023-12-02,19.850519,74.455544,Citizen Submission
IMG01737,SP0384,OBS008147,IMG01737_SP0384.jpg,Sneha Patil,2022-10-15,19.825149,74.54303,Citizen Submission
IMG01738,SP0135,OBS018483,IMG01738_SP0135.jpg,Rahul Deshpande,2018-01-18,19.819812,74.469165,Field Survey
IMG01739,SP0392,OBS019202,IMG01739_SP0392.jpg,Pooja Bhosale,2020-12-24,19.804,74.538317,Habitat
IMG01740,SP0167,,IMG01740_SP0167.jpg,Aarti Joshi,2020-02-20,19.852347,74.398531,Wildlife
IMG01741,SP0006,OBS006920,IMG01741_SP0006.jpg,Sandeep Patil,2019-07-18,19.932801,74.351418,Water Body
IMG01742,SP0350,,IMG01742_SP0350.jpg,Rahul Deshpande,2024-05-16,19.938148,74.42634,Wildlife
IMG01743,SP0429,,IMG01743_SP0429.jpg,Om Bhosale,2021-01-31,19.837187,74.516603,Habitat
IMG01744,SP0404,,IMG01744_SP0404.jpg,Swati Bhosale,2022-09-21,19.820394,74.451506,Citizen Submission
IMG01745,SP0262,,IMG01745_SP0262.jpg,Pooja Bhosale,2026-02-16,19.916118,74.598023,Flora
IMG01746,SP0389,OBS016203,IMG01746_SP0389.jpg,Sandeep Patil,2020-12-29,19.890351,74.512848,Habitat
IMG01747,SP0189,,IMG01747_SP0189.jpg,Vikram Joshi,2025-08-13,19.845983,74.424872,Habitat
IMG01748,SP0281,OBS015355,IMG01748_SP0281.jpg,Om Bhosale,2018-07-25,19.880419,74.443666,Wildlife
IMG01749,SP0349,,IMG01749_SP0349.jpg,Sandeep More,2023-02-16,19.931477,74.426639,Field Survey
IMG01750,SP0265,OBS007454,IMG01750_SP0265.jpg,Tejas Jadhav,2024-04-29,19.919211,74.509403,Flora
IMG01751,SP0102,OBS017460,IMG01751_SP0102.jpg,Rahul Deshpande,2017-11-02,19.919354,74.402928,Field Survey
IMG01752,SP0453,OBS014116,IMG01752_SP0453.jpg,Kirti Kale,2025-10-12,19.82798,74.563034,Wildlife
IMG01753,SP0365,OBS001266,IMG01753_SP0365.jpg,Aarti Joshi,2025-08-10,19.816657,74.572824,Wildlife
IMG01754,SP0151,OBS000405,IMG01754_SP0151.jpg,Priyanka More,2025-05-10,19.863602,74.593247,Habitat
IMG01755,SP0397,OBS004204,IMG01755_SP0397.jpg,Amit Kale,2020-09-06,19.807091,74.510453,Flora
IMG01756,SP0459,OBS006830,IMG01756_SP0459.jpg,Sneha Patil,2018-10-14,19.806459,74.383198,Field Survey
IMG01757,SP0262,OBS018533,IMG01757_SP0262.jpg,Sandeep Patil,2018-06-09,19.893122,74.350837,Water Body
IMG01758,SP0458,OBS012906,IMG01758_SP0458.jpg,Pooja Shinde,2022-03-06,19.804757,74.466881,Citizen Submission
IMG01759,SP0011,OBS015783,IMG01759_SP0011.jpg,Neha Pawar,2018-04-09,19.852267,74.584717,Field Survey
IMG01760,SP0023,OBS001952,IMG01760_SP0023.jpg,Swati Bhosale,2021-08-02,19.860281,74.504926,Water Body
IMG01761,SP0244,OBS002028,IMG01761_SP0244.jpg,Sneha Patil,2026-01-01,19.929541,74.369088,Habitat
IMG01762,SP0314,,IMG01762_SP0314.jpg,Tejas Jadhav,2017-05-07,19.853311,74.599233,Flora
IMG01763,SP0251,,IMG01763_SP0251.jpg,Tejas Joshi,2018-08-17,19.812949,74.422701,Flora
IMG01764,SP0107,,IMG01764_SP0107.jpg,Tejas Joshi,2017-04-16,19.898364,74.537317,Field Survey
IMG01765,SP0435,OBS016099,IMG01765_SP0435.jpg,Aarti Jadhav,2026-05-04,19.845703,74.358136,Wildlife
IMG01766,SP0208,,IMG01766_SP0208.jpg,Priyanka More,2026-03-13,19.908165,74.516446,Wildlife
IMG01767,SP0297,OBS019801,IMG01767_SP0297.jpg,Aarti Jadhav,2026-02-27,19.860659,74.569942,Habitat
IMG01768,SP0404,OBS015277,IMG01768_SP0404.jpg,Neha Pawar,2019-01-03,19.885135,74.495808,Field Survey
IMG01769,SP0184,OBS011819,IMG01769_SP0184.jpg,Sneha More,2023-12-27,19.895286,74.577001,Citizen Submission
IMG01770,SP0047,,IMG01770_SP0047.jpg,Sandeep More,2022-07-15,19.851217,74.359537,Habitat
IMG01771,SP0410,OBS008166,IMG01771_SP0410.jpg,Sneha Patil,2026-02-20,19.943117,74.512948,Field Survey
IMG01772,SP0006,OBS007039,IMG01772_SP0006.jpg,Pooja Shinde,2021-08-19,19.903947,74.569642,Wildlife
IMG01773,SP0291,,IMG01773_SP0291.jpg,Kirti Kale,2023-02-17,19.949109,74.534525,Wildlife
IMG01774,SP0159,OBS019260,IMG01774_SP0159.jpg,Tejas Jadhav,2024-05-06,19.836329,74.509173,Flora
IMG01775,SP0107,OBS000096,IMG01775_SP0107.jpg,Amit Kulkarni,2026-02-10,19.8672,74.503729,Field Survey
IMG01776,SP0049,OBS015095,IMG01776_SP0049.jpg,Om Shinde,2021-03-23,19.830658,74.380359,Water Body
IMG01777,SP0273,OBS002246,IMG01777_SP0273.jpg,Rahul Deshpande,2021-10-13,19.941231,74.489835,Flora
IMG01778,SP0079,,IMG01778_SP0079.jpg,Rahul Pawar,2019-12-01,19.923687,74.571697,Field Survey
IMG01779,SP0090,OBS007517,IMG01779_SP0090.jpg,Om Bhosale,2022-02-21,19.817744,74.544866,Habitat
IMG01780,SP0284,OBS005266,IMG01780_SP0284.jpg,Swati Shinde,2026-03-28,19.859769,74.428557,Field Survey
IMG01781,SP0291,OBS006535,IMG01781_SP0291.jpg,Om Bhosale,2020-04-10,19.83063,74.458446,Water Body
IMG01782,SP0059,OBS014573,IMG01782_SP0059.jpg,Swati Bhosale,2021-05-12,19.803355,74.403786,Water Body
IMG01783,SP0143,OBS002986,IMG01783_SP0143.jpg,Nikhil Pawar,2016-09-04,19.80796,74.376854,Habitat
IMG01784,SP0440,,IMG01784_SP0440.jpg,Pooja Bhosale,2025-12-15,19.855113,74.43771,Water Body
IMG01785,SP0309,OBS013262,IMG01785_SP0309.jpg,Swati Bhosale,2024-09-05,19.947828,74.36646,Citizen Submission
IMG01786,SP0371,OBS014585,IMG01786_SP0371.jpg,Swati Bhosale,2025-03-12,19.869865,74.542312,Habitat
IMG01787,SP0310,OBS016691,IMG01787_SP0310.jpg,Rahul Deshpande,2018-01-30,19.891478,74.388327,Habitat
IMG01788,SP0350,OBS003706,IMG01788_SP0350.jpg,Om Shinde,2022-07-08,19.810241,74.356093,Wildlife
IMG01789,SP0056,,IMG01789_SP0056.jpg,Sandeep More,2024-01-13,19.826567,74.392646,Citizen Submission
IMG01790,SP0174,OBS013660,IMG01790_SP0174.jpg,Pooja Shinde,2020-03-17,19.835462,74.448725,Flora
IMG01791,SP0249,,IMG01791_SP0249.jpg,Pooja Shinde,2020-02-18,19.825222,74.46118,Flora
IMG01792,SP0124,,IMG01792_SP0124.jpg,Sneha More,2023-03-11,19.946277,74.443753,Field Survey
IMG01793,SP0225,OBS004884,IMG01793_SP0225.jpg,Sandeep Patil,2022-12-20,19.879814,74.448233,Field Survey
IMG01794,SP0304,OBS001243,IMG01794_SP0304.jpg,Swati Shinde,2023-11-10,19.924239,74.444571,Field Survey
IMG01795,SP0102,OBS002947,IMG01795_SP0102.jpg,Aarti Joshi,2021-08-22,19.831593,74.398866,Field Survey
IMG01796,SP0204,OBS000344,IMG01796_SP0204.jpg,Rahul Pawar,2023-08-16,19.843838,74.560965,Citizen Submission
IMG01797,SP0186,OBS010365,IMG01797_SP0186.jpg,Aarti Jadhav,2018-04-15,19.84459,74.430521,Habitat
IMG01798,SP0306,,IMG01798_SP0306.jpg,Amit Kale,2018-12-21,19.921238,74.456817,Citizen Submission
IMG01799,SP0350,,IMG01799_SP0350.jpg,Sneha More,2017-06-22,19.850033,74.370859,Habitat
IMG01800,SP0048,,IMG01800_SP0048.jpg,Neha Pawar,2018-10-23,19.807623,74.578247,Field Survey
IMG01801,SP0432,OBS007632,IMG01801_SP0432.jpg,Om Shinde,2017-07-04,19.891155,74.56526,Field Survey
IMG01802,SP0374,OBS003066,IMG01802_SP0374.jpg,Aarti Jadhav,2020-09-19,19.89393,74.499954,Habitat
IMG01803,SP0164,OBS012595,IMG01803_SP0164.jpg,Amit Kulkarni,2023-01-13,19.83247,74.447382,Field Survey
IMG01804,SP0110,OBS001203,IMG01804_SP0110.jpg,Rahul Deshpande,2023-05-31,19.927181,74.487921,Flora
IMG01805,SP0387,OBS016040,IMG01805_SP0387.jpg,Om Bhosale,2017-04-25,19.815459,74.372386,Wildlife
IMG01806,SP0047,OBS013065,IMG01806_SP0047.jpg,Sandeep Patil,2019-09-23,19.828169,74.403341,Water Body
IMG01807,SP0260,OBS006119,IMG01807_SP0260.jpg,Om Bhosale,2019-12-28,19.876532,74.465468,Flora
IMG01808,SP0036,OBS002154,IMG01808_SP0036.jpg,Rahul Pawar,2026-03-21,19.883981,74.452906,Field Survey
IMG01809,SP0025,,IMG01809_SP0025.jpg,Swati Shinde,2020-01-26,19.865663,74.390379,Citizen Submission
IMG01810,SP0265,,IMG01810_SP0265.jpg,Pooja Shinde,2024-08-05,19.886243,74.479654,Flora
IMG01811,SP0385,OBS011270,IMG01811_SP0385.jpg,Vikram Jadhav,2019-03-07,19.935656,74.375035,Field Survey
IMG01812,SP0352,OBS013284,IMG01812_SP0352.jpg,Swati Bhosale,2024-08-14,19.808282,74.447748,Field Survey
IMG01813,SP0451,OBS004036,IMG01813_SP0451.jpg,Nikhil Pawar,2018-09-12,19.843935,74.556894,Field Survey
IMG01814,SP0045,OBS003421,IMG01814_SP0045.jpg,Sandeep More,2018-08-13,19.918601,74.393353,Water Body
IMG01815,SP0287,OBS012480,IMG01815_SP0287.jpg,Aarti Jadhav,2025-04-21,19.840577,74.351621,Flora
IMG01816,SP0061,OBS018200,IMG01816_SP0061.jpg,Priyanka Patil,2023-08-30,19.890238,74.491055,Habitat
IMG01817,SP0091,,IMG01817_SP0091.jpg,Pooja Shinde,2022-04-28,19.889776,74.404831,Flora
IMG01818,SP0071,,IMG01818_SP0071.jpg,Rahul Deshpande,2020-05-20,19.817811,74.364988,Field Survey
IMG01819,SP0162,OBS011088,IMG01819_SP0162.jpg,Sneha Patil,2017-11-15,19.854935,74.585605,Water Body
IMG01820,SP0180,,IMG01820_SP0180.jpg,Priyanka Patil,2025-08-07,19.817033,74.494751,Citizen Submission
IMG01821,SP0313,OBS006283,IMG01821_SP0313.jpg,Sandeep Patil,2016-12-24,19.929107,74.501357,Flora
IMG01822,SP0248,,IMG01822_SP0248.jpg,Vikram Jadhav,2025-03-11,19.861225,74.565284,Habitat
IMG01823,SP0436,,IMG01823_SP0436.jpg,Amit Kulkarni,2024-06-24,19.840655,74.413256,Flora
IMG01824,SP0032,OBS019737,IMG01824_SP0032.jpg,Pooja Shinde,2020-03-26,19.898881,74.540945,Citizen Submission
IMG01825,SP0367,,IMG01825_SP0367.jpg,Vikram Jadhav,2025-04-08,19.824963,74.543276,Citizen Submission
IMG01826,SP0278,,IMG01826_SP0278.jpg,Rajesh Kale,2020-08-05,19.901725,74.503829,Field Survey
IMG01827,SP0014,OBS016744,IMG01827_SP0014.jpg,Kirti Kale,2017-10-22,19.883213,74.440847,Wildlife
IMG01828,SP0372,,IMG01828_SP0372.jpg,Amit Kulkarni,2020-09-05,19.896483,74.38684,Flora
IMG01829,SP0002,,IMG01829_SP0002.jpg,Sneha More,2019-12-01,19.944629,74.460223,Citizen Submission
IMG01830,SP0438,,IMG01830_SP0438.jpg,Aarti Jadhav,2021-10-14,19.888428,74.466008,Field Survey
IMG01831,SP0067,OBS013471,IMG01831_SP0067.jpg,Rajesh Kulkarni,2025-03-20,19.899758,74.521698,Field Survey
IMG01832,SP0124,OBS002777,IMG01832_SP0124.jpg,Kirti Kulkarni,2016-09-16,19.802644,74.593179,Flora
IMG01833,SP0383,,IMG01833_SP0383.jpg,Priyanka Patil,2024-10-11,19.947371,74.559147,Field Survey
IMG01834,SP0003,OBS001233,IMG01834_SP0003.jpg,Amit Kale,2019-04-16,19.871044,74.448025,Flora
IMG01835,SP0347,OBS014212,IMG01835_SP0347.jpg,Tejas Joshi,2023-09-14,19.845705,74.49427,Field Survey
IMG01836,SP0322,OBS016157,IMG01836_SP0322.jpg,Neha Deshpande,2024-03-19,19.932385,74.508462,Citizen Submission
IMG01837,SP0411,OBS017197,IMG01837_SP0411.jpg,Nikhil Pawar,2018-03-18,19.851587,74.590179,Wildlife
IMG01838,SP0162,,IMG01838_SP0162.jpg,Pooja Shinde,2024-08-06,19.926595,74.383801,Flora
IMG01839,SP0142,OBS015203,IMG01839_SP0142.jpg,Om Shinde,2020-06-27,19.801358,74.350958,Water Body
IMG01840,SP0422,OBS017598,IMG01840_SP0422.jpg,Rahul Deshpande,2024-10-08,19.863353,74.402583,Water Body
IMG01841,SP0366,OBS016654,IMG01841_SP0366.jpg,Rahul Pawar,2020-01-01,19.839756,74.390322,Flora
IMG01842,SP0454,,IMG01842_SP0454.jpg,Kirti Kulkarni,2025-05-20,19.834465,74.473001,Field Survey
IMG01843,SP0029,OBS010958,IMG01843_SP0029.jpg,Amit Kulkarni,2024-10-24,19.844069,74.430745,Wildlife
IMG01844,SP0302,OBS008577,IMG01844_SP0302.jpg,Tejas Joshi,2017-07-12,19.911513,74.429454,Citizen Submission
IMG01845,SP0196,OBS008259,IMG01845_SP0196.jpg,Kirti Kulkarni,2021-04-14,19.912522,74.413467,Habitat
IMG01846,SP0145,OBS008045,IMG01846_SP0145.jpg,Nikhil Pawar,2025-09-20,19.873773,74.443577,Wildlife
IMG01847,SP0421,,IMG01847_SP0421.jpg,Sandeep More,2019-08-24,19.87705,74.475843,Field Survey
IMG01848,SP0085,OBS012690,IMG01848_SP0085.jpg,Aarti Joshi,2025-10-04,19.885378,74.375831,Wildlife
IMG01849,SP0433,,IMG01849_SP0433.jpg,Sandeep More,2023-11-09,19.843718,74.450872,Water Body
IMG01850,SP0273,OBS015303,IMG01850_SP0273.jpg,Vikram Joshi,2021-05-22,19.841488,74.572303,Flora
IMG01851,SP0009,OBS017677,IMG01851_SP0009.jpg,Swati Bhosale,2021-04-05,19.818812,74.505629,Water Body
IMG01852,SP0176,,IMG01852_SP0176.jpg,Swati Shinde,2021-12-20,19.92061,74.591563,Field Survey
IMG01853,SP0075,OBS017718,IMG01853_SP0075.jpg,Vikram Joshi,2022-01-22,19.909117,74.375892,Flora
IMG01854,SP0046,,IMG01854_SP0046.jpg,Pooja Shinde,2022-02-28,19.889547,74.559335,Water Body
IMG01855,SP0190,OBS016778,IMG01855_SP0190.jpg,Neha Pawar,2026-06-28,19.824615,74.516581,Field Survey
IMG01856,SP0412,OBS019791,IMG01856_SP0412.jpg,Vikram Joshi,2016-12-28,19.803032,74.531183,Field Survey
IMG01857,SP0034,,IMG01857_SP0034.jpg,Vikram Joshi,2021-09-22,19.919395,74.470978,Water Body
IMG01858,SP0453,OBS016747,IMG01858_SP0453.jpg,Neha Pawar,2022-05-30,19.912025,74.434924,Citizen Submission
IMG01859,SP0306,OBS000667,IMG01859_SP0306.jpg,Priyanka More,2019-12-13,19.861438,74.467932,Habitat
IMG01860,SP0183,,IMG01860_SP0183.jpg,Sneha Patil,2025-06-13,19.876677,74.419498,Habitat
IMG01861,SP0128,OBS016501,IMG01861_SP0128.jpg,Kirti Kale,2025-04-06,19.892307,74.460308,Water Body
IMG01862,SP0055,,IMG01862_SP0055.jpg,Sandeep Patil,2024-10-26,19.947847,74.455403,Habitat
IMG01863,SP0434,,IMG01863_SP0434.jpg,Tejas Jadhav,2024-06-04,19.919481,74.520408,Citizen Submission
IMG01864,SP0265,OBS004979,IMG01864_SP0265.jpg,Tejas Jadhav,2021-08-12,19.932906,74.424822,Habitat
IMG01865,SP0083,OBS018055,IMG01865_SP0083.jpg,Swati Shinde,2021-08-30,19.915119,74.583995,Habitat
IMG01866,SP0451,OBS013393,IMG01866_SP0451.jpg,Vikram Jadhav,2021-08-06,19.802786,74.50787,Habitat
IMG01867,SP0236,OBS002422,IMG01867_SP0236.jpg,Aarti Joshi,2020-10-08,19.804768,74.441329,Wildlife
IMG01868,SP0344,OBS018673,IMG01868_SP0344.jpg,Rahul Deshpande,2016-10-26,19.845418,74.599203,Field Survey
IMG01869,SP0172,OBS010577,IMG01869_SP0172.jpg,Vikram Joshi,2019-11-22,19.862952,74.435775,Wildlife
IMG01870,SP0397,OBS013542,IMG01870_SP0397.jpg,Aarti Jadhav,2023-12-09,19.821828,74.540488,Field Survey
IMG01871,SP0103,OBS007777,IMG01871_SP0103.jpg,Rajesh Kale,2024-07-04,19.933072,74.422804,Flora
IMG01872,SP0381,OBS014623,IMG01872_SP0381.jpg,Sneha Patil,2022-10-16,19.896878,74.430455,Citizen Submission
IMG01873,SP0319,,IMG01873_SP0319.jpg,Priyanka More,2024-03-06,19.916923,74.514481,Field Survey
IMG01874,SP0264,,IMG01874_SP0264.jpg,Om Bhosale,2024-10-24,19.829859,74.573302,Habitat
IMG01875,SP0212,,IMG01875_SP0212.jpg,Amit Kale,2022-01-03,19.860594,74.473541,Habitat
IMG01876,SP0253,,IMG01876_SP0253.jpg,Neha Pawar,2017-05-25,19.812683,74.521261,Citizen Submission
IMG01877,SP0107,OBS009728,IMG01877_SP0107.jpg,Sneha More,2023-12-24,19.934233,74.351475,Field Survey
IMG01878,SP0338,OBS007201,IMG01878_SP0338.jpg,Rahul Deshpande,2017-03-23,19.883267,74.581603,Flora
IMG01879,SP0230,OBS013687,IMG01879_SP0230.jpg,Om Bhosale,2019-04-11,19.931373,74.463268,Field Survey
IMG01880,SP0201,,IMG01880_SP0201.jpg,Aarti Jadhav,2024-02-28,19.896651,74.383411,Flora
IMG01881,SP0008,OBS013017,IMG01881_SP0008.jpg,Sandeep Patil,2025-06-18,19.859544,74.443071,Wildlife
IMG01882,SP0391,OBS007680,IMG01882_SP0391.jpg,Rahul Deshpande,2020-06-08,19.943378,74.388978,Field Survey
IMG01883,SP0295,OBS009625,IMG01883_SP0295.jpg,Priyanka Patil,2020-04-15,19.885127,74.569215,Flora
IMG01884,SP0172,,IMG01884_SP0172.jpg,Amit Kulkarni,2017-12-27,19.805933,74.478351,Field Survey
IMG01885,SP0264,OBS003074,IMG01885_SP0264.jpg,Amit Kulkarni,2022-06-05,19.861948,74.565048,Flora
IMG01886,SP0125,OBS003069,IMG01886_SP0125.jpg,Om Shinde,2024-12-27,19.881319,74.534559,Habitat
IMG01887,SP0182,OBS017063,IMG01887_SP0182.jpg,Rajesh Kale,2020-03-01,19.865698,74.365582,Flora
IMG01888,SP0282,OBS004584,IMG01888_SP0282.jpg,Sneha Patil,2019-11-18,19.808784,74.582544,Water Body
IMG01889,SP0342,,IMG01889_SP0342.jpg,Vikram Jadhav,2020-06-07,19.802044,74.554773,Wildlife
IMG01890,SP0430,OBS019682,IMG01890_SP0430.jpg,Sandeep More,2026-02-11,19.808465,74.414232,Flora
IMG01891,SP0165,OBS009917,IMG01891_SP0165.jpg,Rajesh Kale,2023-10-30,19.89412,74.594392,Field Survey
IMG01892,SP0353,OBS001614,IMG01892_SP0353.jpg,Rahul Deshpande,2020-05-06,19.901422,74.415686,Water Body
IMG01893,SP0241,OBS002836,IMG01893_SP0241.jpg,Om Bhosale,2023-01-21,19.918447,74.363029,Field Survey
IMG01894,SP0172,OBS018624,IMG01894_SP0172.jpg,Vikram Joshi,2023-03-15,19.837569,74.361908,Habitat
IMG01895,SP0402,OBS010603,IMG01895_SP0402.jpg,Pooja Shinde,2021-02-06,19.888362,74.530755,Flora
IMG01896,SP0105,OBS004743,IMG01896_SP0105.jpg,Vikram Jadhav,2024-04-15,19.912792,74.573638,Field Survey
IMG01897,SP0427,,IMG01897_SP0427.jpg,Priyanka More,2024-10-22,19.830963,74.46348,Wildlife
IMG01898,SP0182,,IMG01898_SP0182.jpg,Vikram Joshi,2017-12-13,19.856168,74.408041,Water Body
IMG01899,SP0154,OBS011918,IMG01899_SP0154.jpg,Neha Pawar,2024-10-19,19.931333,74.360365,Flora
IMG01900,SP0337,,IMG01900_SP0337.jpg,Om Bhosale,2017-12-15,19.805785,74.441204,Citizen Submission
IMG01901,SP0393,OBS002583,IMG01901_SP0393.jpg,Amit Kale,2023-05-30,19.935652,74.579471,Habitat
IMG01902,SP0086,OBS012390,IMG01902_SP0086.jpg,Rahul Deshpande,2020-07-07,19.909452,74.480286,Water Body
IMG01903,SP0195,OBS001110,IMG01903_SP0195.jpg,Neha Deshpande,2024-10-26,19.815567,74.462005,Habitat
IMG01904,SP0409,,IMG01904_SP0409.jpg,Rajesh Kale,2020-12-21,19.8804,74.369904,Water Body
IMG01905,SP0129,,IMG01905_SP0129.jpg,Priyanka Patil,2024-09-21,19.852149,74.458136,Wildlife
IMG01906,SP0099,,IMG01906_SP0099.jpg,Tejas Joshi,2017-05-17,19.921172,74.411309,Wildlife
IMG01907,SP0323,,IMG01907_SP0323.jpg,Aarti Jadhav,2025-01-30,19.898459,74.381423,Field Survey
IMG01908,SP0329,OBS000659,IMG01908_SP0329.jpg,Nikhil Pawar,2024-04-24,19.940743,74.55405,Wildlife
IMG01909,SP0376,,IMG01909_SP0376.jpg,Kirti Kale,2025-07-30,19.809557,74.513588,Wildlife
IMG01910,SP0415,OBS000762,IMG01910_SP0415.jpg,Vikram Joshi,2020-10-06,19.861335,74.522863,Habitat
IMG01911,SP0360,OBS016008,IMG01911_SP0360.jpg,Rahul Deshpande,2026-02-19,19.946501,74.530576,Flora
IMG01912,SP0296,OBS011641,IMG01912_SP0296.jpg,Sandeep Patil,2019-01-08,19.929472,74.519576,Habitat
IMG01913,SP0161,,IMG01913_SP0161.jpg,Sandeep More,2023-07-13,19.899323,74.365442,Field Survey
IMG01914,SP0122,OBS016699,IMG01914_SP0122.jpg,Neha Deshpande,2025-09-16,19.945197,74.549333,Water Body
IMG01915,SP0112,OBS006545,IMG01915_SP0112.jpg,Tejas Joshi,2019-06-28,19.923977,74.383205,Water Body
IMG01916,SP0372,,IMG01916_SP0372.jpg,Nikhil Deshpande,2023-08-09,19.868709,74.448704,Wildlife
IMG01917,SP0320,OBS002065,IMG01917_SP0320.jpg,Amit Kulkarni,2026-02-14,19.910415,74.559304,Water Body
IMG01918,SP0196,OBS003304,IMG01918_SP0196.jpg,Rahul Deshpande,2022-12-18,19.834538,74.425905,Flora
IMG01919,SP0109,OBS000698,IMG01919_SP0109.jpg,Aarti Jadhav,2018-06-06,19.904687,74.594525,Field Survey
IMG01920,SP0198,OBS002957,IMG01920_SP0198.jpg,Neha Pawar,2019-02-13,19.87531,74.590555,Field Survey
IMG01921,SP0136,,IMG01921_SP0136.jpg,Sneha More,2022-03-26,19.917921,74.596196,Water Body
IMG01922,SP0023,,IMG01922_SP0023.jpg,Pooja Bhosale,2017-12-02,19.878408,74.566728,Flora
IMG01923,SP0425,OBS010294,IMG01923_SP0425.jpg,Rahul Deshpande,2018-11-25,19.811338,74.371973,Wildlife
IMG01924,SP0266,OBS009721,IMG01924_SP0266.jpg,Sandeep Patil,2019-03-06,19.914898,74.44921,Habitat
IMG01925,SP0063,OBS004701,IMG01925_SP0063.jpg,Rahul Pawar,2018-09-17,19.836168,74.472083,Wildlife
IMG01926,SP0017,OBS019691,IMG01926_SP0017.jpg,Kirti Kulkarni,2024-07-09,19.883271,74.50667,Wildlife
IMG01927,SP0260,OBS014882,IMG01927_SP0260.jpg,Pooja Shinde,2022-12-09,19.896054,74.513689,Flora
IMG01928,SP0177,,IMG01928_SP0177.jpg,Vikram Jadhav,2020-09-26,19.946215,74.391004,Citizen Submission
IMG01929,SP0362,OBS013029,IMG01929_SP0362.jpg,Vikram Joshi,2023-02-20,19.896394,74.377431,Field Survey
IMG01930,SP0264,,IMG01930_SP0264.jpg,Om Shinde,2019-01-31,19.884495,74.501027,Water Body
IMG01931,SP0010,,IMG01931_SP0010.jpg,Kirti Kale,2019-12-05,19.829432,74.570489,Citizen Submission
IMG01932,SP0257,OBS011372,IMG01932_SP0257.jpg,Tejas Jadhav,2017-01-01,19.892556,74.420001,Field Survey
IMG01933,SP0310,,IMG01933_SP0310.jpg,Amit Kulkarni,2024-10-27,19.860645,74.457836,Habitat
IMG01934,SP0264,,IMG01934_SP0264.jpg,Sneha More,2024-03-21,19.943538,74.545663,Water Body
IMG01935,SP0358,,IMG01935_SP0358.jpg,Pooja Shinde,2025-12-18,19.921908,74.459184,Water Body
IMG01936,SP0333,OBS005913,IMG01936_SP0333.jpg,Vikram Joshi,2024-04-14,19.811759,74.538523,Citizen Submission
IMG01937,SP0359,OBS006905,IMG01937_SP0359.jpg,Om Shinde,2026-01-27,19.888813,74.451284,Habitat
IMG01938,SP0220,,IMG01938_SP0220.jpg,Sandeep More,2021-11-29,19.93163,74.438138,Water Body
IMG01939,SP0053,OBS017472,IMG01939_SP0053.jpg,Nikhil Deshpande,2026-01-15,19.90083,74.35808,Field Survey
IMG01940,SP0138,,IMG01940_SP0138.jpg,Aarti Jadhav,2023-06-27,19.827253,74.491589,Citizen Submission
IMG01941,SP0109,OBS005138,IMG01941_SP0109.jpg,Pooja Shinde,2025-01-27,19.931945,74.539617,Field Survey
IMG01942,SP0295,OBS016555,IMG01942_SP0295.jpg,Nikhil Pawar,2022-08-28,19.878511,74.50204,Flora
IMG01943,SP0059,OBS017548,IMG01943_SP0059.jpg,Rahul Deshpande,2021-05-15,19.940418,74.421625,Water Body
IMG01944,SP0075,,IMG01944_SP0075.jpg,Aarti Jadhav,2020-09-27,19.936428,74.413081,Water Body
IMG01945,SP0401,OBS008367,IMG01945_SP0401.jpg,Sandeep More,2025-12-11,19.896649,74.40475,Field Survey
IMG01946,SP0351,OBS018969,IMG01946_SP0351.jpg,Vikram Jadhav,2022-07-08,19.803279,74.589999,Field Survey
IMG01947,SP0313,,IMG01947_SP0313.jpg,Sandeep Patil,2020-02-10,19.859083,74.431443,Habitat
IMG01948,SP0146,OBS014680,IMG01948_SP0146.jpg,Rajesh Kale,2022-06-06,19.869885,74.564855,Wildlife
IMG01949,SP0443,OBS003038,IMG01949_SP0443.jpg,Tejas Jadhav,2026-02-23,19.881873,74.480343,Wildlife
IMG01950,SP0094,,IMG01950_SP0094.jpg,Sneha More,2017-08-02,19.905264,74.40886,Citizen Submission
IMG01951,SP0430,,IMG01951_SP0430.jpg,Sandeep More,2020-03-10,19.811119,74.42885,Water Body
IMG01952,SP0260,OBS002677,IMG01952_SP0260.jpg,Priyanka More,2018-10-02,19.933125,74.380886,Habitat
IMG01953,SP0200,OBS011080,IMG01953_SP0200.jpg,Aarti Jadhav,2023-06-24,19.89192,74.482556,Wildlife
IMG01954,SP0319,OBS010666,IMG01954_SP0319.jpg,Rahul Deshpande,2026-03-27,19.825072,74.416864,Habitat
IMG01955,SP0090,OBS003269,IMG01955_SP0090.jpg,Amit Kale,2018-05-12,19.9054,74.508809,Citizen Submission
IMG01956,SP0264,OBS005923,IMG01956_SP0264.jpg,Vikram Joshi,2022-04-15,19.918569,74.476709,Wildlife
IMG01957,SP0200,OBS013973,IMG01957_SP0200.jpg,Rahul Pawar,2022-12-02,19.880336,74.412748,Wildlife
IMG01958,SP0213,,IMG01958_SP0213.jpg,Kirti Kulkarni,2023-10-11,19.918754,74.574053,Citizen Submission
IMG01959,SP0042,,IMG01959_SP0042.jpg,Sneha More,2023-12-02,19.815773,74.488558,Flora
IMG01960,SP0174,OBS010639,IMG01960_SP0174.jpg,Rahul Deshpande,2026-07-25,19.85314,74.58347,Water Body
IMG01961,SP0217,OBS018100,IMG01961_SP0217.jpg,Rajesh Kale,2025-05-28,19.948887,74.491533,Wildlife
IMG01962,SP0339,,IMG01962_SP0339.jpg,Om Bhosale,2023-09-06,19.85463,74.386783,Wildlife
IMG01963,SP0348,OBS012738,IMG01963_SP0348.jpg,Sneha Patil,2024-05-27,19.90366,74.429767,Flora
IMG01964,SP0284,OBS006183,IMG01964_SP0284.jpg,Neha Pawar,2020-01-18,19.900456,74.373884,Flora
IMG01965,SP0345,OBS008057,IMG01965_SP0345.jpg,Sandeep Patil,2019-03-13,19.938342,74.529007,Wildlife
IMG01966,SP0277,OBS016345,IMG01966_SP0277.jpg,Vikram Jadhav,2021-03-18,19.897704,74.415228,Citizen Submission
IMG01967,SP0264,OBS002062,IMG01967_SP0264.jpg,Aarti Joshi,2019-04-21,19.947116,74.530659,Habitat
IMG01968,SP0217,OBS008857,IMG01968_SP0217.jpg,Rahul Deshpande,2017-03-29,19.842375,74.464054,Wildlife
IMG01969,SP0375,OBS001744,IMG01969_SP0375.jpg,Nikhil Deshpande,2017-12-04,19.929947,74.58719,Citizen Submission
IMG01970,SP0366,OBS010514,IMG01970_SP0366.jpg,Nikhil Deshpande,2019-11-05,19.875775,74.388143,Field Survey
IMG01971,SP0343,OBS011764,IMG01971_SP0343.jpg,Amit Kale,2021-05-10,19.904722,74.373027,Flora
IMG01972,SP0226,OBS009471,IMG01972_SP0226.jpg,Om Bhosale,2020-04-18,19.812597,74.562929,Wildlife
IMG01973,SP0210,OBS003132,IMG01973_SP0210.jpg,Vikram Jadhav,2024-01-25,19.813797,74.553182,Field Survey
IMG01974,SP0449,,IMG01974_SP0449.jpg,Vikram Jadhav,2025-06-17,19.940571,74.481141,Citizen Submission
IMG01975,SP0447,OBS001354,IMG01975_SP0447.jpg,Amit Kale,2019-07-16,19.893949,74.45021,Field Survey
IMG01976,SP0093,OBS018463,IMG01976_SP0093.jpg,Rajesh Kale,2024-06-21,19.83073,74.567726,Habitat
IMG01977,SP0244,OBS014608,IMG01977_SP0244.jpg,Priyanka More,2026-05-04,19.949096,74.46118,Wildlife
IMG01978,SP0433,OBS016368,IMG01978_SP0433.jpg,Tejas Joshi,2019-10-06,19.842749,74.444786,Flora
IMG01979,SP0316,OBS004255,IMG01979_SP0316.jpg,Sneha Patil,2023-02-17,19.858563,74.495605,Water Body
IMG01980,SP0441,OBS006328,IMG01980_SP0441.jpg,Vikram Jadhav,2018-03-23,19.917115,74.426478,Citizen Submission
IMG01981,SP0077,OBS004488,IMG01981_SP0077.jpg,Swati Shinde,2023-10-24,19.937948,74.417829,Flora
IMG01982,SP0189,OBS001572,IMG01982_SP0189.jpg,Kirti Kale,2025-08-29,19.871123,74.587436,Citizen Submission
IMG01983,SP0024,,IMG01983_SP0024.jpg,Neha Deshpande,2017-10-04,19.87173,74.5912,Field Survey
IMG01984,SP0251,,IMG01984_SP0251.jpg,Aarti Joshi,2020-01-09,19.924105,74.393893,Water Body
IMG01985,SP0077,OBS011572,IMG01985_SP0077.jpg,Sandeep More,2023-05-01,19.949571,74.595267,Wildlife
IMG01986,SP0281,OBS016819,IMG01986_SP0281.jpg,Neha Deshpande,2021-01-30,19.947115,74.491918,Field Survey
IMG01987,SP0106,OBS007935,IMG01987_SP0106.jpg,Swati Shinde,2016-10-15,19.940194,74.452878,Field Survey
IMG01988,SP0006,OBS001852,IMG01988_SP0006.jpg,Sneha Patil,2018-11-30,19.861821,74.587153,Citizen Submission
IMG01989,SP0404,,IMG01989_SP0404.jpg,Priyanka Patil,2019-12-21,19.92998,74.570168,Flora
IMG01990,SP0022,OBS016389,IMG01990_SP0022.jpg,Neha Deshpande,2024-11-24,19.854446,74.532277,Wildlife
IMG01991,SP0129,OBS001445,IMG01991_SP0129.jpg,Kirti Kale,2024-09-07,19.869135,74.540695,Flora
IMG01992,SP0210,,IMG01992_SP0210.jpg,Sneha Patil,2022-06-11,19.815401,74.500597,Citizen Submission
IMG01993,SP0358,,IMG01993_SP0358.jpg,Pooja Bhosale,2026-01-26,19.819491,74.415898,Water Body
IMG01994,SP0263,OBS004412,IMG01994_SP0263.jpg,Rajesh Kulkarni,2021-08-09,19.935188,74.583819,Habitat
IMG01995,SP0066,OBS005764,IMG01995_SP0066.jpg,Kirti Kale,2026-06-17,19.875147,74.373054,Field Survey
IMG01996,SP0004,OBS003110,IMG01996_SP0004.jpg,Sandeep More,2019-06-10,19.862116,74.516313,Flora
IMG01997,SP0445,OBS012331,IMG01997_SP0445.jpg,Swati Shinde,2019-05-04,19.947373,74.47397,Citizen Submission
IMG01998,SP0013,OBS018052,IMG01998_SP0013.jpg,Kirti Kale,2023-09-19,19.919199,74.580893,Citizen Submission
IMG01999,SP0287,OBS005256,IMG01999_SP0287.jpg,Neha Deshpande,2023-11-23,19.806651,74.509525,Flora
IMG02000,SP0030,OBS007946,IMG02000_SP0030.jpg,Amit Kulkarni,2018-02-27,19.827923,74.570754,Wildlife
IMG02001,SP0427,,IMG02001_SP0427.jpg,Sandeep More,2025-08-04,19.905042,74.571251,Field Survey
IMG02002,SP0190,,IMG02002_SP0190.jpg,Neha Pawar,2019-10-09,19.893157,74.419373,Habitat
IMG02003,SP0063,OBS008739,IMG02003_SP0063.jpg,Rahul Deshpande,2026-07-17,19.880427,74.585219,Habitat
IMG02004,SP0132,OBS013243,IMG02004_SP0132.jpg,Sneha Patil,2018-01-26,19.803722,74.362632,Habitat
IMG02005,SP0398,,IMG02005_SP0398.jpg,Rajesh Kulkarni,2020-10-08,19.922919,74.389176,Wildlife
IMG02006,SP0241,OBS015148,IMG02006_SP0241.jpg,Swati Shinde,2022-07-17,19.934535,74.443423,Habitat
IMG02007,SP0057,OBS017323,IMG02007_SP0057.jpg,Neha Pawar,2025-08-19,19.812372,74.408654,Field Survey
IMG02008,SP0320,,IMG02008_SP0320.jpg,Sneha Patil,2019-04-03,19.921917,74.423768,Flora
IMG02009,SP0349,OBS010915,IMG02009_SP0349.jpg,Priyanka Patil,2017-01-27,19.844753,74.549633,Water Body
IMG02010,SP0228,OBS008442,IMG02010_SP0228.jpg,Sandeep More,2025-10-24,19.905755,74.476922,Wildlife
IMG02011,SP0428,,IMG02011_SP0428.jpg,Neha Deshpande,2017-12-22,19.931552,74.391465,Wildlife
IMG02012,SP0005,OBS003169,IMG02012_SP0005.jpg,Rahul Deshpande,2017-07-09,19.912245,74.351048,Field Survey
IMG02013,SP0323,,IMG02013_SP0323.jpg,Priyanka Patil,2023-01-26,19.852364,74.506992,Habitat
IMG02014,SP0112,OBS003847,IMG02014_SP0112.jpg,Rahul Pawar,2018-02-22,19.833053,74.522317,Field Survey
IMG02015,SP0156,,IMG02015_SP0156.jpg,Om Shinde,2025-12-29,19.933121,74.472841,Water Body
IMG02016,SP0069,OBS013910,IMG02016_SP0069.jpg,Om Bhosale,2021-10-23,19.816134,74.477684,Water Body
IMG02017,SP0103,OBS009142,IMG02017_SP0103.jpg,Sandeep More,2018-01-08,19.943929,74.494334,Flora
IMG02018,SP0003,OBS007915,IMG02018_SP0003.jpg,Pooja Bhosale,2025-10-03,19.807534,74.594746,Wildlife
IMG02019,SP0019,,IMG02019_SP0019.jpg,Om Bhosale,2018-10-13,19.937562,74.460728,Citizen Submission
IMG02020,SP0202,OBS006056,IMG02020_SP0202.jpg,Rahul Deshpande,2026-01-21,19.836789,74.566961,Field Survey
IMG02021,SP0004,OBS011298,IMG02021_SP0004.jpg,Sneha More,2016-08-26,19.803547,74.432177,Flora
IMG02022,SP0015,OBS009204,IMG02022_SP0015.jpg,Kirti Kulkarni,2017-09-08,19.860286,74.594846,Habitat
IMG02023,SP0092,,IMG02023_SP0092.jpg,Nikhil Pawar,2018-06-21,19.931833,74.439495,Wildlife
IMG02024,SP0057,,IMG02024_SP0057.jpg,Neha Pawar,2021-09-06,19.871965,74.568236,Water Body
IMG02025,SP0309,,IMG02025_SP0309.jpg,Sandeep More,2019-03-28,19.853672,74.440368,Field Survey
IMG02026,SP0303,OBS005569,IMG02026_SP0303.jpg,Vikram Joshi,2020-08-23,19.83875,74.502794,Wildlife
IMG02027,SP0228,OBS003803,IMG02027_SP0228.jpg,Priyanka Patil,2023-01-11,19.843546,74.58388,Citizen Submission
IMG02028,SP0263,OBS019619,IMG02028_SP0263.jpg,Aarti Joshi,2019-04-01,19.887225,74.441281,Citizen Submission
IMG02029,SP0106,OBS005783,IMG02029_SP0106.jpg,Sandeep Patil,2020-07-01,19.833117,74.392602,Water Body
IMG02030,SP0316,OBS009926,IMG02030_SP0316.jpg,Vikram Jadhav,2021-02-16,19.863133,74.579398,Habitat
IMG02031,SP0076,,IMG02031_SP0076.jpg,Om Bhosale,2017-01-18,19.85769,74.487664,Wildlife
IMG02032,SP0437,OBS014380,IMG02032_SP0437.jpg,Tejas Joshi,2021-02-08,19.884251,74.566892,Wildlife
IMG02033,SP0279,OBS002736,IMG02033_SP0279.jpg,Tejas Joshi,2024-12-07,19.918118,74.355556,Water Body
IMG02034,SP0452,OBS011594,IMG02034_SP0452.jpg,Sneha More,2023-07-06,19.835646,74.565951,Citizen Submission
IMG02035,SP0376,OBS006048,IMG02035_SP0376.jpg,Sandeep More,2026-07-23,19.803188,74.418001,Citizen Submission
IMG02036,SP0373,OBS017424,IMG02036_SP0373.jpg,Rajesh Kale,2025-06-30,19.830014,74.555632,Water Body
IMG02037,SP0171,OBS016318,IMG02037_SP0171.jpg,Om Shinde,2024-03-07,19.822213,74.541151,Wildlife
IMG02038,SP0093,OBS011938,IMG02038_SP0093.jpg,Amit Kulkarni,2019-06-03,19.89318,74.581846,Wildlife
IMG02039,SP0171,OBS019191,IMG02039_SP0171.jpg,Kirti Kulkarni,2022-07-29,19.827228,74.397496,Citizen Submission
IMG02040,SP0071,OBS017799,IMG02040_SP0071.jpg,Rahul Deshpande,2023-02-23,19.801556,74.500523,Citizen Submission
IMG02041,SP0099,OBS019609,IMG02041_SP0099.jpg,Aarti Jadhav,2025-08-09,19.88373,74.499361,Water Body
IMG02042,SP0279,OBS010173,IMG02042_SP0279.jpg,Nikhil Pawar,2019-10-20,19.921262,74.397152,Field Survey
IMG02043,SP0434,OBS010408,IMG02043_SP0434.jpg,Sandeep More,2025-01-26,19.874048,74.539739,Citizen Submission
IMG02044,SP0061,,IMG02044_SP0061.jpg,Sneha Patil,2019-09-19,19.804452,74.362737,Flora
IMG02045,SP0309,OBS009402,IMG02045_SP0309.jpg,Swati Shinde,2026-06-14,19.865413,74.371821,Water Body
IMG02046,SP0080,OBS006129,IMG02046_SP0080.jpg,Amit Kale,2021-10-17,19.853013,74.402711,Flora
IMG02047,SP0222,OBS006420,IMG02047_SP0222.jpg,Sandeep More,2025-05-27,19.918523,74.428989,Citizen Submission
IMG02048,SP0335,OBS001911,IMG02048_SP0335.jpg,Sneha Patil,2022-07-18,19.896571,74.354161,Field Survey
IMG02049,SP0271,OBS012818,IMG02049_SP0271.jpg,Neha Pawar,2026-01-19,19.941873,74.490147,Field Survey
IMG02050,SP0210,OBS015123,IMG02050_SP0210.jpg,Rajesh Kulkarni,2017-12-04,19.83154,74.542186,Habitat
IMG02051,SP0136,,IMG02051_SP0136.jpg,Priyanka Patil,2017-08-15,19.885481,74.530228,Flora
IMG02052,SP0029,,IMG02052_SP0029.jpg,Rahul Deshpande,2018-07-27,19.811134,74.46833,Citizen Submission
IMG02053,SP0278,OBS005325,IMG02053_SP0278.jpg,Priyanka More,2023-03-15,19.888719,74.397417,Wildlife
IMG02054,SP0346,OBS011858,IMG02054_SP0346.jpg,Vikram Joshi,2022-11-03,19.890924,74.358706,Citizen Submission
IMG02055,SP0108,OBS019307,IMG02055_SP0108.jpg,Kirti Kale,2024-09-05,19.80194,74.485827,Habitat
IMG02056,SP0387,,IMG02056_SP0387.jpg,Sandeep Patil,2018-11-27,19.840354,74.426456,Citizen Submission
IMG02057,SP0195,,IMG02057_SP0195.jpg,Rahul Deshpande,2020-06-27,19.806719,74.419669,Field Survey
IMG02058,SP0244,OBS004951,IMG02058_SP0244.jpg,Swati Shinde,2017-10-23,19.828639,74.413923,Water Body
IMG02059,SP0310,OBS000490,IMG02059_SP0310.jpg,Sandeep Patil,2024-04-03,19.829752,74.405496,Wildlife
IMG02060,SP0167,OBS002315,IMG02060_SP0167.jpg,Kirti Kale,2024-04-10,19.906293,74.519977,Wildlife
IMG02061,SP0125,OBS012173,IMG02061_SP0125.jpg,Rajesh Kulkarni,2023-10-26,19.935473,74.470816,Water Body
IMG02062,SP0186,OBS000051,IMG02062_SP0186.jpg,Vikram Joshi,2021-08-04,19.853628,74.385652,Water Body
IMG02063,SP0078,OBS007763,IMG02063_SP0078.jpg,Neha Pawar,2026-05-19,19.845438,74.561056,Flora
IMG02064,SP0390,,IMG02064_SP0390.jpg,Tejas Jadhav,2025-10-31,19.880213,74.531995,Wildlife
IMG02065,SP0395,OBS006097,IMG02065_SP0395.jpg,Amit Kulkarni,2025-08-27,19.899677,74.368363,Citizen Submission
IMG02066,SP0254,OBS014027,IMG02066_SP0254.jpg,Priyanka Patil,2023-08-21,19.869496,74.448181,Habitat
IMG02067,SP0005,OBS003368,IMG02067_SP0005.jpg,Pooja Shinde,2023-08-22,19.835638,74.482648,Field Survey
IMG02068,SP0200,OBS019834,IMG02068_SP0200.jpg,Vikram Joshi,2022-12-18,19.91929,74.58446,Water Body
IMG02069,SP0165,OBS011610,IMG02069_SP0165.jpg,Kirti Kulkarni,2026-06-22,19.836343,74.46464,Habitat
IMG02070,SP0165,OBS001883,IMG02070_SP0165.jpg,Tejas Jadhav,2025-04-04,19.927668,74.497208,Water Body
IMG02071,SP0318,,IMG02071_SP0318.jpg,Sandeep More,2016-10-09,19.86668,74.571993,Habitat
IMG02072,SP0292,,IMG02072_SP0292.jpg,Kirti Kale,2022-10-01,19.833148,74.564364,Water Body
IMG02073,SP0417,OBS014577,IMG02073_SP0417.jpg,Sneha More,2019-10-08,19.80218,74.568399,Field Survey
IMG02074,SP0394,,IMG02074_SP0394.jpg,Swati Shinde,2018-01-24,19.933387,74.384124,Field Survey
IMG02075,SP0425,OBS013122,IMG02075_SP0425.jpg,Aarti Jadhav,2020-11-27,19.822799,74.380868,Field Survey
IMG02076,SP0178,,IMG02076_SP0178.jpg,Rajesh Kulkarni,2018-10-26,19.91053,74.383355,Field Survey
IMG02077,SP0101,,IMG02077_SP0101.jpg,Aarti Jadhav,2017-02-09,19.939007,74.374574,Citizen Submission
IMG02078,SP0409,,IMG02078_SP0409.jpg,Om Bhosale,2021-09-21,19.905686,74.454371,Habitat
IMG02079,SP0105,OBS008376,IMG02079_SP0105.jpg,Sandeep More,2026-03-22,19.907605,74.513362,Wildlife
IMG02080,SP0223,,IMG02080_SP0223.jpg,Amit Kale,2020-12-24,19.859199,74.425732,Field Survey
IMG02081,SP0220,,IMG02081_SP0220.jpg,Vikram Joshi,2025-08-10,19.816016,74.505863,Flora
IMG02082,SP0337,OBS003336,IMG02082_SP0337.jpg,Amit Kulkarni,2023-04-18,19.92949,74.562806,Field Survey
IMG02083,SP0299,,IMG02083_SP0299.jpg,Pooja Bhosale,2024-03-22,19.833693,74.378102,Habitat
IMG02084,SP0030,,IMG02084_SP0030.jpg,Aarti Jadhav,2022-12-26,19.901673,74.407764,Citizen Submission
IMG02085,SP0029,,IMG02085_SP0029.jpg,Amit Kulkarni,2023-03-21,19.909658,74.52306,Wildlife
IMG02086,SP0217,OBS013579,IMG02086_SP0217.jpg,Amit Kulkarni,2022-03-09,19.888947,74.578956,Field Survey
IMG02087,SP0008,,IMG02087_SP0008.jpg,Nikhil Deshpande,2017-02-28,19.839962,74.357352,Wildlife
IMG02088,SP0457,OBS014354,IMG02088_SP0457.jpg,Amit Kulkarni,2025-07-11,19.94898,74.38553,Field Survey
IMG02089,SP0409,OBS004816,IMG02089_SP0409.jpg,Sneha Patil,2025-07-26,19.826524,74.37039,Citizen Submission
IMG02090,SP0345,OBS017542,IMG02090_SP0345.jpg,Sandeep Patil,2023-08-24,19.814266,74.507869,Citizen Submission
IMG02091,SP0055,OBS010019,IMG02091_SP0055.jpg,Rajesh Kulkarni,2024-01-22,19.82317,74.490622,Field Survey
IMG02092,SP0318,OBS004483,IMG02092_SP0318.jpg,Priyanka Patil,2022-05-31,19.897481,74.581648,Water Body
IMG02093,SP0267,OBS007920,IMG02093_SP0267.jpg,Nikhil Pawar,2017-04-29,19.841657,74.358929,Citizen Submission
IMG02094,SP0063,OBS003012,IMG02094_SP0063.jpg,Sandeep Patil,2025-06-29,19.825277,74.461782,Field Survey
IMG02095,SP0268,OBS004070,IMG02095_SP0268.jpg,Sandeep More,2023-12-07,19.898422,74.530081,Flora
IMG02096,SP0213,OBS004489,IMG02096_SP0213.jpg,Kirti Kulkarni,2025-02-03,19.832305,74.541702,Habitat
IMG02097,SP0373,OBS000585,IMG02097_SP0373.jpg,Aarti Joshi,2023-03-25,19.936068,74.42679,Citizen Submission
IMG02098,SP0171,OBS000109,IMG02098_SP0171.jpg,Rahul Deshpande,2018-02-13,19.939315,74.558847,Water Body
IMG02099,SP0036,OBS019995,IMG02099_SP0036.jpg,Swati Shinde,2018-01-17,19.824821,74.589845,Habitat
IMG02100,SP0373,OBS016886,IMG02100_SP0373.jpg,Rajesh Kulkarni,2022-03-23,19.823103,74.458327,Flora
IMG02101,SP0389,OBS000327,IMG02101_SP0389.jpg,Sneha Patil,2021-10-17,19.944208,74.48568,Water Body
IMG02102,SP0144,OBS002268,IMG02102_SP0144.jpg,Amit Kulkarni,2019-04-23,19.886875,74.489838,Field Survey
IMG02103,SP0430,,IMG02103_SP0430.jpg,Sneha Patil,2023-08-25,19.822746,74.370418,Field Survey
IMG02104,SP0367,OBS019943,IMG02104_SP0367.jpg,Vikram Joshi,2023-11-24,19.88896,74.461965,Wildlife
IMG02105,SP0209,OBS009840,IMG02105_SP0209.jpg,Kirti Kulkarni,2019-08-14,19.925698,74.390654,Field Survey
IMG02106,SP0120,OBS006957,IMG02106_SP0120.jpg,Vikram Joshi,2017-04-22,19.899625,74.512046,Field Survey
IMG02107,SP0444,,IMG02107_SP0444.jpg,Amit Kulkarni,2018-10-27,19.949087,74.351907,Water Body
IMG02108,SP0428,OBS012298,IMG02108_SP0428.jpg,Om Bhosale,2017-03-16,19.864362,74.507189,Citizen Submission
IMG02109,SP0213,OBS012449,IMG02109_SP0213.jpg,Pooja Bhosale,2025-05-29,19.86647,74.570304,Wildlife
IMG02110,SP0100,OBS019767,IMG02110_SP0100.jpg,Rahul Deshpande,2023-08-29,19.871021,74.412014,Flora
IMG02111,SP0191,OBS014450,IMG02111_SP0191.jpg,Om Shinde,2026-02-19,19.946291,74.366836,Water Body
IMG02112,SP0448,,IMG02112_SP0448.jpg,Vikram Joshi,2020-04-12,19.932899,74.595334,Water Body
IMG02113,SP0275,OBS001086,IMG02113_SP0275.jpg,Swati Shinde,2021-12-06,19.900391,74.584077,Water Body
IMG02114,SP0454,OBS007675,IMG02114_SP0454.jpg,Tejas Jadhav,2022-01-09,19.884514,74.380431,Citizen Submission
IMG02115,SP0426,OBS005025,IMG02115_SP0426.jpg,Om Bhosale,2023-03-30,19.915117,74.38654,Flora
IMG02116,SP0184,OBS010804,IMG02116_SP0184.jpg,Nikhil Pawar,2018-05-01,19.858986,74.463919,Habitat
IMG02117,SP0394,,IMG02117_SP0394.jpg,Kirti Kale,2026-03-25,19.824264,74.408175,Field Survey
IMG02118,SP0437,OBS007708,IMG02118_SP0437.jpg,Swati Bhosale,2021-04-18,19.921354,74.57742,Wildlife
IMG02119,SP0196,OBS017972,IMG02119_SP0196.jpg,Rajesh Kale,2017-01-02,19.840183,74.565082,Field Survey
IMG02120,SP0266,OBS009167,IMG02120_SP0266.jpg,Neha Pawar,2021-12-15,19.827585,74.439762,Flora
IMG02121,SP0161,OBS013501,IMG02121_SP0161.jpg,Aarti Joshi,2020-11-18,19.85062,74.564651,Field Survey
IMG02122,SP0116,OBS013469,IMG02122_SP0116.jpg,Rahul Pawar,2025-07-25,19.866954,74.4018,Flora
IMG02123,SP0080,OBS002315,IMG02123_SP0080.jpg,Neha Pawar,2018-01-26,19.915756,74.481436,Flora
IMG02124,SP0209,,IMG02124_SP0209.jpg,Tejas Joshi,2022-07-04,19.938444,74.476844,Citizen Submission
IMG02125,SP0227,OBS003212,IMG02125_SP0227.jpg,Om Shinde,2021-01-12,19.836429,74.453774,Citizen Submission
IMG02126,SP0035,OBS006673,IMG02126_SP0035.jpg,Amit Kulkarni,2021-05-29,19.884702,74.381703,Citizen Submission
IMG02127,SP0038,,IMG02127_SP0038.jpg,Amit Kulkarni,2016-11-14,19.946735,74.46011,Flora
IMG02128,SP0294,,IMG02128_SP0294.jpg,Priyanka Patil,2017-12-12,19.93521,74.47575,Habitat
IMG02129,SP0289,,IMG02129_SP0289.jpg,Nikhil Deshpande,2019-02-26,19.869731,74.514311,Water Body
IMG02130,SP0049,,IMG02130_SP0049.jpg,Rahul Deshpande,2023-06-26,19.889902,74.541022,Field Survey
IMG02131,SP0116,OBS000972,IMG02131_SP0116.jpg,Aarti Joshi,2022-05-23,19.834042,74.48224,Water Body
IMG02132,SP0261,OBS019831,IMG02132_SP0261.jpg,Amit Kale,2020-04-09,19.839058,74.485776,Flora
IMG02133,SP0101,OBS001821,IMG02133_SP0101.jpg,Tejas Jadhav,2021-01-23,19.823926,74.587013,Citizen Submission
IMG02134,SP0045,,IMG02134_SP0045.jpg,Pooja Bhosale,2022-02-23,19.819847,74.425705,Water Body
IMG02135,SP0073,,IMG02135_SP0073.jpg,Kirti Kale,2017-05-14,19.942235,74.415197,Habitat
IMG02136,SP0360,OBS005924,IMG02136_SP0360.jpg,Kirti Kale,2024-06-18,19.90944,74.414414,Habitat
IMG02137,SP0336,,IMG02137_SP0336.jpg,Aarti Joshi,2019-04-15,19.827441,74.458108,Field Survey
IMG02138,SP0378,OBS011063,IMG02138_SP0378.jpg,Rajesh Kulkarni,2021-11-17,19.941186,74.506422,Flora
IMG02139,SP0056,OBS009007,IMG02139_SP0056.jpg,Sneha Patil,2022-12-23,19.8178,74.384132,Water Body
IMG02140,SP0381,OBS000401,IMG02140_SP0381.jpg,Nikhil Pawar,2025-11-13,19.89173,74.441767,Habitat
IMG02141,SP0268,OBS015454,IMG02141_SP0268.jpg,Sneha Patil,2019-05-06,19.913799,74.575298,Citizen Submission
IMG02142,SP0177,OBS011816,IMG02142_SP0177.jpg,Sneha Patil,2023-04-26,19.938595,74.413924,Flora
IMG02143,SP0340,OBS016309,IMG02143_SP0340.jpg,Om Shinde,2022-06-29,19.815204,74.470688,Wildlife
IMG02144,SP0429,OBS001669,IMG02144_SP0429.jpg,Sandeep Patil,2020-05-19,19.901419,74.503652,Field Survey
IMG02145,SP0032,,IMG02145_SP0032.jpg,Aarti Joshi,2022-12-26,19.811696,74.3615,Wildlife
IMG02146,SP0070,OBS008988,IMG02146_SP0070.jpg,Tejas Jadhav,2022-06-24,19.877482,74.362003,Water Body
IMG02147,SP0060,OBS015255,IMG02147_SP0060.jpg,Neha Pawar,2020-06-15,19.923755,74.581207,Citizen Submission
IMG02148,SP0328,OBS014824,IMG02148_SP0328.jpg,Nikhil Deshpande,2026-02-04,19.894202,74.401624,Water Body
IMG02149,SP0154,,IMG02149_SP0154.jpg,Pooja Shinde,2020-03-20,19.882436,74.39516,Wildlife
IMG02150,SP0152,,IMG02150_SP0152.jpg,Rajesh Kulkarni,2019-08-08,19.923367,74.594021,Water Body
IMG02151,SP0391,OBS000512,IMG02151_SP0391.jpg,Rahul Deshpande,2023-06-29,19.832223,74.550658,Flora
IMG02152,SP0177,,IMG02152_SP0177.jpg,Rahul Deshpande,2018-03-01,19.829674,74.40542,Water Body
IMG02153,SP0360,OBS013519,IMG02153_SP0360.jpg,Vikram Jadhav,2021-05-01,19.896767,74.477672,Wildlife
IMG02154,SP0157,OBS019545,IMG02154_SP0157.jpg,Vikram Joshi,2020-02-15,19.839422,74.503013,Field Survey
IMG02155,SP0042,OBS014360,IMG02155_SP0042.jpg,Tejas Jadhav,2021-09-17,19.874798,74.436047,Wildlife
IMG02156,SP0023,OBS001842,IMG02156_SP0023.jpg,Aarti Joshi,2025-01-18,19.913785,74.432353,Field Survey
IMG02157,SP0118,OBS004392,IMG02157_SP0118.jpg,Om Bhosale,2018-04-16,19.804768,74.445875,Flora
IMG02158,SP0053,,IMG02158_SP0053.jpg,Vikram Joshi,2020-10-20,19.834825,74.529703,Wildlife
IMG02159,SP0011,OBS013490,IMG02159_SP0011.jpg,Aarti Jadhav,2017-05-07,19.860805,74.410828,Habitat
IMG02160,SP0188,OBS002701,IMG02160_SP0188.jpg,Neha Pawar,2025-11-18,19.819204,74.352251,Field Survey
IMG02161,SP0021,,IMG02161_SP0021.jpg,Amit Kulkarni,2017-05-30,19.863855,74.482622,Wildlife
IMG02162,SP0351,OBS016044,IMG02162_SP0351.jpg,Sneha Patil,2021-09-02,19.816783,74.428487,Wildlife
IMG02163,SP0259,,IMG02163_SP0259.jpg,Om Bhosale,2018-11-01,19.806377,74.440269,Field Survey
IMG02164,SP0076,OBS001687,IMG02164_SP0076.jpg,Amit Kale,2025-12-03,19.877928,74.428416,Water Body
IMG02165,SP0347,,IMG02165_SP0347.jpg,Rahul Pawar,2022-09-27,19.879578,74.554751,Wildlife
IMG02166,SP0387,OBS009175,IMG02166_SP0387.jpg,Aarti Joshi,2020-11-13,19.905804,74.395798,Flora
IMG02167,SP0457,OBS014143,IMG02167_SP0457.jpg,Pooja Bhosale,2024-12-29,19.9226,74.428585,Flora
IMG02168,SP0117,OBS016223,IMG02168_SP0117.jpg,Priyanka More,2023-03-27,19.806631,74.514371,Wildlife
IMG02169,SP0066,OBS009521,IMG02169_SP0066.jpg,Swati Bhosale,2024-06-29,19.817201,74.410735,Flora
IMG02170,SP0109,OBS017018,IMG02170_SP0109.jpg,Vikram Joshi,2020-03-21,19.86661,74.48427,Water Body
IMG02171,SP0341,OBS001770,IMG02171_SP0341.jpg,Kirti Kulkarni,2024-06-30,19.811185,74.353048,Wildlife
IMG02172,SP0382,OBS016140,IMG02172_SP0382.jpg,Aarti Jadhav,2025-02-04,19.943389,74.433345,Field Survey
IMG02173,SP0182,OBS018767,IMG02173_SP0182.jpg,Nikhil Pawar,2019-10-20,19.817782,74.521216,Habitat
IMG02174,SP0408,OBS001786,IMG02174_SP0408.jpg,Tejas Joshi,2022-01-01,19.827107,74.3864,Habitat
IMG02175,SP0110,OBS003780,IMG02175_SP0110.jpg,Amit Kulkarni,2020-05-23,19.857068,74.598452,Wildlife
IMG02176,SP0026,OBS016748,IMG02176_SP0026.jpg,Amit Kale,2026-03-08,19.874653,74.375919,Flora
IMG02177,SP0256,,IMG02177_SP0256.jpg,Amit Kulkarni,2021-03-05,19.858152,74.576549,Flora
IMG02178,SP0165,OBS015715,IMG02178_SP0165.jpg,Nikhil Deshpande,2020-07-19,19.80804,74.519647,Flora
IMG02179,SP0457,,IMG02179_SP0457.jpg,Amit Kulkarni,2024-06-30,19.945985,74.356332,Field Survey
IMG02180,SP0292,OBS001014,IMG02180_SP0292.jpg,Amit Kulkarni,2020-07-03,19.941266,74.455638,Citizen Submission
IMG02181,SP0453,OBS016725,IMG02181_SP0453.jpg,Sandeep Patil,2025-01-18,19.879772,74.376904,Habitat
IMG02182,SP0331,OBS016850,IMG02182_SP0331.jpg,Kirti Kulkarni,2020-06-21,19.818179,74.548918,Field Survey
IMG02183,SP0101,OBS017395,IMG02183_SP0101.jpg,Nikhil Pawar,2024-07-28,19.94207,74.582514,Habitat
IMG02184,SP0023,,IMG02184_SP0023.jpg,Aarti Jadhav,2024-12-03,19.801495,74.362664,Flora
IMG02185,SP0101,,IMG02185_SP0101.jpg,Om Bhosale,2017-04-23,19.865586,74.57467,Habitat
IMG02186,SP0233,OBS005457,IMG02186_SP0233.jpg,Sneha Patil,2023-01-27,19.845166,74.428515,Field Survey
IMG02187,SP0307,OBS018008,IMG02187_SP0307.jpg,Kirti Kale,2025-07-26,19.821063,74.452271,Flora
IMG02188,SP0221,OBS002399,IMG02188_SP0221.jpg,Kirti Kale,2019-11-05,19.888131,74.573,Citizen Submission
IMG02189,SP0406,OBS001898,IMG02189_SP0406.jpg,Swati Bhosale,2024-01-20,19.851066,74.598307,Wildlife
IMG02190,SP0399,OBS012621,IMG02190_SP0399.jpg,Rahul Deshpande,2019-05-26,19.800542,74.428317,Wildlife
IMG02191,SP0052,,IMG02191_SP0052.jpg,Rajesh Kulkarni,2017-05-15,19.900077,74.428649,Flora
IMG02192,SP0377,OBS004387,IMG02192_SP0377.jpg,Kirti Kulkarni,2024-12-26,19.92956,74.547238,Citizen Submission
IMG02193,SP0243,OBS001761,IMG02193_SP0243.jpg,Sneha More,2022-01-07,19.949151,74.566132,Wildlife
IMG02194,SP0309,OBS014328,IMG02194_SP0309.jpg,Priyanka Patil,2026-01-12,19.849674,74.566891,Habitat
IMG02195,SP0097,OBS010095,IMG02195_SP0097.jpg,Swati Bhosale,2021-12-21,19.817092,74.387016,Habitat
IMG02196,SP0022,,IMG02196_SP0022.jpg,Sneha Patil,2020-10-08,19.852186,74.564193,Habitat
IMG02197,SP0222,OBS010730,IMG02197_SP0222.jpg,Om Bhosale,2023-06-05,19.855395,74.575109,Citizen Submission
IMG02198,SP0018,OBS016149,IMG02198_SP0018.jpg,Kirti Kulkarni,2020-05-14,19.948142,74.597616,Habitat
IMG02199,SP0269,OBS011868,IMG02199_SP0269.jpg,Pooja Shinde,2023-09-25,19.867008,74.549931,Field Survey
IMG02200,SP0176,OBS016694,IMG02200_SP0176.jpg,Sandeep More,2018-07-08,19.871897,74.583953,Wildlife
IMG02201,SP0104,,IMG02201_SP0104.jpg,Pooja Shinde,2025-09-04,19.801577,74.367569,Wildlife
IMG02202,SP0305,OBS012837,IMG02202_SP0305.jpg,Kirti Kale,2017-06-10,19.867768,74.561403,Water Body
IMG02203,SP0342,OBS016372,IMG02203_SP0342.jpg,Vikram Joshi,2017-01-18,19.872312,74.449554,Habitat
IMG02204,SP0274,OBS000150,IMG02204_SP0274.jpg,Sandeep More,2018-03-07,19.94962,74.531264,Wildlife
IMG02205,SP0028,OBS012427,IMG02205_SP0028.jpg,Amit Kulkarni,2017-01-02,19.853169,74.410232,Citizen Submission
IMG02206,SP0110,OBS014314,IMG02206_SP0110.jpg,Aarti Jadhav,2016-10-15,19.824269,74.470366,Wildlife
IMG02207,SP0016,OBS005428,IMG02207_SP0016.jpg,Om Bhosale,2022-03-28,19.88611,74.351776,Field Survey
IMG02208,SP0333,OBS003702,IMG02208_SP0333.jpg,Kirti Kale,2022-04-15,19.856234,74.557521,Wildlife
IMG02209,SP0183,OBS009632,IMG02209_SP0183.jpg,Sandeep More,2023-03-09,19.867671,74.350074,Field Survey
IMG02210,SP0391,OBS017081,IMG02210_SP0391.jpg,Kirti Kulkarni,2021-03-28,19.878966,74.558634,Habitat
IMG02211,SP0283,,IMG02211_SP0283.jpg,Neha Pawar,2024-07-06,19.878824,74.451897,Citizen Submission
IMG02212,SP0178,OBS005351,IMG02212_SP0178.jpg,Kirti Kale,2017-04-10,19.870545,74.521774,Flora
IMG02213,SP0385,OBS016379,IMG02213_SP0385.jpg,Nikhil Deshpande,2023-03-22,19.902921,74.546161,Flora
IMG02214,SP0307,,IMG02214_SP0307.jpg,Pooja Bhosale,2025-02-05,19.838557,74.476464,Flora
IMG02215,SP0231,OBS002378,IMG02215_SP0231.jpg,Sandeep More,2025-07-05,19.870031,74.596422,Wildlife
IMG02216,SP0321,,IMG02216_SP0321.jpg,Om Bhosale,2018-07-30,19.878948,74.502231,Field Survey
IMG02217,SP0195,OBS012691,IMG02217_SP0195.jpg,Neha Pawar,2020-03-22,19.89118,74.355685,Citizen Submission
IMG02218,SP0014,OBS015622,IMG02218_SP0014.jpg,Tejas Jadhav,2025-08-15,19.911863,74.438574,Water Body
IMG02219,SP0403,OBS014839,IMG02219_SP0403.jpg,Rahul Deshpande,2024-05-10,19.905789,74.532492,Flora
IMG02220,SP0125,OBS000445,IMG02220_SP0125.jpg,Tejas Joshi,2018-07-05,19.928763,74.529288,Habitat
IMG02221,SP0034,,IMG02221_SP0034.jpg,Rahul Deshpande,2017-02-11,19.885527,74.461187,Flora
IMG02222,SP0258,OBS007041,IMG02222_SP0258.jpg,Neha Pawar,2016-11-07,19.921822,74.381954,Field Survey
IMG02223,SP0026,OBS007727,IMG02223_SP0026.jpg,Aarti Joshi,2019-09-29,19.85374,74.468971,Water Body
IMG02224,SP0062,OBS012068,IMG02224_SP0062.jpg,Pooja Shinde,2022-06-18,19.806839,74.582064,Water Body
IMG02225,SP0437,,IMG02225_SP0437.jpg,Sandeep Patil,2024-04-07,19.874831,74.535544,Habitat
IMG02226,SP0336,,IMG02226_SP0336.jpg,Sneha Patil,2020-01-09,19.859436,74.382726,Wildlife
IMG02227,SP0324,OBS007313,IMG02227_SP0324.jpg,Amit Kulkarni,2019-02-15,19.804102,74.442304,Water Body
IMG02228,SP0219,,IMG02228_SP0219.jpg,Pooja Shinde,2019-03-01,19.936868,74.427244,Wildlife
IMG02229,SP0216,OBS014206,IMG02229_SP0216.jpg,Swati Shinde,2020-12-25,19.892466,74.552875,Water Body
IMG02230,SP0164,OBS016447,IMG02230_SP0164.jpg,Om Shinde,2018-05-08,19.91103,74.352929,Flora
IMG02231,SP0215,OBS001534,IMG02231_SP0215.jpg,Kirti Kale,2024-11-11,19.882059,74.427151,Wildlife
IMG02232,SP0450,,IMG02232_SP0450.jpg,Swati Bhosale,2023-06-15,19.906434,74.381022,Flora
IMG02233,SP0078,OBS017591,IMG02233_SP0078.jpg,Swati Shinde,2018-08-20,19.842119,74.435362,Field Survey
IMG02234,SP0157,OBS012307,IMG02234_SP0157.jpg,Nikhil Pawar,2022-10-10,19.922247,74.369078,Flora
IMG02235,SP0075,,IMG02235_SP0075.jpg,Neha Deshpande,2025-10-13,19.915556,74.513005,Citizen Submission
IMG02236,SP0162,OBS011103,IMG02236_SP0162.jpg,Sneha Patil,2018-04-11,19.834626,74.531554,Flora
IMG02237,SP0212,OBS009656,IMG02237_SP0212.jpg,Neha Pawar,2019-01-23,19.819585,74.594194,Field Survey
IMG02238,SP0271,OBS002485,IMG02238_SP0271.jpg,Kirti Kulkarni,2019-07-24,19.806255,74.556073,Habitat
IMG02239,SP0396,,IMG02239_SP0396.jpg,Neha Pawar,2025-10-03,19.854118,74.430571,Water Body
IMG02240,SP0104,OBS014488,IMG02240_SP0104.jpg,Vikram Joshi,2021-12-16,19.927927,74.393793,Field Survey
IMG02241,SP0207,OBS002398,IMG02241_SP0207.jpg,Sneha More,2018-02-22,19.877853,74.598533,Field Survey
IMG02242,SP0239,OBS009595,IMG02242_SP0239.jpg,Neha Pawar,2017-03-11,19.857892,74.463567,Field Survey
IMG02243,SP0350,OBS001828,IMG02243_SP0350.jpg,Swati Bhosale,2018-03-14,19.906955,74.416136,Citizen Submission
IMG02244,SP0086,OBS011700,IMG02244_SP0086.jpg,Rahul Deshpande,2020-05-08,19.926221,74.575725,Water Body
IMG02245,SP0354,,IMG02245_SP0354.jpg,Sneha More,2023-04-23,19.869301,74.590733,Habitat
IMG02246,SP0103,OBS014239,IMG02246_SP0103.jpg,Aarti Joshi,2022-11-19,19.838596,74.450714,Flora
IMG02247,SP0457,OBS018142,IMG02247_SP0457.jpg,Om Bhosale,2025-01-08,19.921145,74.48165,Water Body
IMG02248,SP0235,OBS004016,IMG02248_SP0235.jpg,Amit Kale,2023-11-13,19.903371,74.440925,Habitat
IMG02249,SP0344,OBS003286,IMG02249_SP0344.jpg,Rahul Deshpande,2020-12-25,19.910804,74.48532,Field Survey
IMG02250,SP0344,OBS000112,IMG02250_SP0344.jpg,Kirti Kale,2021-03-14,19.907663,74.475414,Field Survey
IMG02251,SP0246,OBS004520,IMG02251_SP0246.jpg,Om Bhosale,2017-05-23,19.873049,74.591558,Flora
IMG02252,SP0130,OBS018965,IMG02252_SP0130.jpg,Swati Bhosale,2020-02-20,19.830939,74.443385,Field Survey
IMG02253,SP0350,,IMG02253_SP0350.jpg,Aarti Joshi,2023-04-21,19.820464,74.351274,Water Body
IMG02254,SP0297,OBS007300,IMG02254_SP0297.jpg,Priyanka Patil,2023-03-19,19.916206,74.469478,Habitat
IMG02255,SP0015,OBS007548,IMG02255_SP0015.jpg,Sneha More,2020-07-09,19.946182,74.544693,Wildlife
IMG02256,SP0428,OBS017128,IMG02256_SP0428.jpg,Nikhil Pawar,2016-11-10,19.869188,74.432728,Water Body
IMG02257,SP0337,OBS016471,IMG02257_SP0337.jpg,Sandeep Patil,2020-11-04,19.913679,74.585389,Wildlife
IMG02258,SP0332,,IMG02258_SP0332.jpg,Pooja Shinde,2017-03-07,19.915398,74.385731,Flora
IMG02259,SP0050,OBS002892,IMG02259_SP0050.jpg,Kirti Kale,2020-10-11,19.906867,74.481912,Habitat
IMG02260,SP0031,,IMG02260_SP0031.jpg,Neha Deshpande,2026-03-17,19.935552,74.396166,Habitat
IMG02261,SP0261,OBS001877,IMG02261_SP0261.jpg,Om Bhosale,2026-07-02,19.921743,74.479146,Wildlife
IMG02262,SP0372,OBS008400,IMG02262_SP0372.jpg,Pooja Shinde,2018-08-16,19.919493,74.458566,Habitat
IMG02263,SP0202,OBS018165,IMG02263_SP0202.jpg,Nikhil Deshpande,2020-04-10,19.892812,74.383149,Flora
IMG02264,SP0146,,IMG02264_SP0146.jpg,Om Shinde,2025-02-23,19.899388,74.481446,Water Body
IMG02265,SP0442,OBS003110,IMG02265_SP0442.jpg,Rahul Deshpande,2019-04-23,19.842331,74.525665,Field Survey
IMG02266,SP0177,OBS001447,IMG02266_SP0177.jpg,Rahul Pawar,2020-09-05,19.880386,74.427758,Flora
IMG02267,SP0397,,IMG02267_SP0397.jpg,Tejas Jadhav,2020-12-26,19.870829,74.380823,Field Survey
IMG02268,SP0375,OBS019151,IMG02268_SP0375.jpg,Swati Shinde,2023-02-12,19.911632,74.524317,Habitat
IMG02269,SP0165,,IMG02269_SP0165.jpg,Om Bhosale,2024-09-30,19.946401,74.360935,Flora
IMG02270,SP0389,OBS005914,IMG02270_SP0389.jpg,Kirti Kale,2019-07-05,19.921716,74.562467,Field Survey
IMG02271,SP0268,OBS017507,IMG02271_SP0268.jpg,Sneha Patil,2024-08-09,19.891935,74.390853,Habitat
IMG02272,SP0258,OBS018135,IMG02272_SP0258.jpg,Sandeep Patil,2023-12-14,19.916073,74.489756,Citizen Submission
IMG02273,SP0047,OBS000552,IMG02273_SP0047.jpg,Amit Kulkarni,2022-12-14,19.836602,74.499653,Water Body
IMG02274,SP0434,,IMG02274_SP0434.jpg,Neha Pawar,2018-06-19,19.880297,74.426731,Citizen Submission
IMG02275,SP0073,OBS013215,IMG02275_SP0073.jpg,Swati Bhosale,2020-10-12,19.907054,74.592295,Habitat
IMG02276,SP0272,OBS007535,IMG02276_SP0272.jpg,Amit Kulkarni,2023-11-11,19.854465,74.519524,Water Body
IMG02277,SP0022,OBS019177,IMG02277_SP0022.jpg,Nikhil Pawar,2017-07-23,19.850249,74.497372,Field Survey
IMG02278,SP0122,OBS012023,IMG02278_SP0122.jpg,Rahul Deshpande,2025-05-31,19.820337,74.3673,Field Survey
IMG02279,SP0199,OBS002349,IMG02279_SP0199.jpg,Kirti Kulkarni,2020-05-12,19.842336,74.36517,Wildlife
IMG02280,SP0029,,IMG02280_SP0029.jpg,Pooja Shinde,2025-07-24,19.947902,74.460596,Wildlife
IMG02281,SP0001,OBS010317,IMG02281_SP0001.jpg,Neha Pawar,2022-10-03,19.887431,74.56889,Field Survey
IMG02282,SP0115,OBS018359,IMG02282_SP0115.jpg,Sandeep More,2016-08-31,19.932597,74.43874,Citizen Submission
IMG02283,SP0034,OBS010805,IMG02283_SP0034.jpg,Om Bhosale,2022-11-23,19.867098,74.423111,Flora
IMG02284,SP0278,,IMG02284_SP0278.jpg,Vikram Jadhav,2023-11-20,19.833255,74.370592,Water Body
IMG02285,SP0323,OBS012972,IMG02285_SP0323.jpg,Sandeep More,2021-05-16,19.893979,74.355527,Habitat
IMG02286,SP0292,,IMG02286_SP0292.jpg,Aarti Jadhav,2024-05-08,19.859867,74.357934,Water Body
IMG02287,SP0091,,IMG02287_SP0091.jpg,Neha Pawar,2020-07-15,19.847244,74.540197,Flora
IMG02288,SP0082,OBS001679,IMG02288_SP0082.jpg,Neha Pawar,2024-05-07,19.879284,74.394297,Habitat
IMG02289,SP0386,,IMG02289_SP0386.jpg,Om Bhosale,2020-10-16,19.879734,74.404112,Water Body
IMG02290,SP0374,OBS013460,IMG02290_SP0374.jpg,Swati Shinde,2025-08-13,19.819171,74.437831,Habitat
IMG02291,SP0136,OBS016452,IMG02291_SP0136.jpg,Aarti Joshi,2018-01-15,19.926546,74.419546,Habitat
IMG02292,SP0232,OBS006844,IMG02292_SP0232.jpg,Kirti Kale,2016-10-07,19.881351,74.419617,Water Body
IMG02293,SP0412,,IMG02293_SP0412.jpg,Om Bhosale,2025-08-17,19.857995,74.366941,Flora
IMG02294,SP0179,,IMG02294_SP0179.jpg,Amit Kale,2020-03-04,19.853396,74.453936,Citizen Submission
IMG02295,SP0303,OBS016703,IMG02295_SP0303.jpg,Swati Shinde,2019-02-18,19.910208,74.403446,Field Survey
IMG02296,SP0010,OBS018878,IMG02296_SP0010.jpg,Vikram Joshi,2022-06-23,19.908764,74.457467,Water Body
IMG02297,SP0100,OBS009298,IMG02297_SP0100.jpg,Priyanka Patil,2025-02-25,19.928925,74.376051,Citizen Submission
IMG02298,SP0459,OBS012190,IMG02298_SP0459.jpg,Priyanka More,2021-12-01,19.915107,74.49519,Field Survey
IMG02299,SP0183,OBS004932,IMG02299_SP0183.jpg,Swati Shinde,2019-07-05,19.908093,74.444738,Wildlife
IMG02300,SP0351,OBS008950,IMG02300_SP0351.jpg,Amit Kulkarni,2021-10-17,19.839517,74.423983,Citizen Submission
IMG02301,SP0214,,IMG02301_SP0214.jpg,Vikram Joshi,2026-07-30,19.808123,74.525129,Citizen Submission
IMG02302,SP0226,OBS011640,IMG02302_SP0226.jpg,Swati Bhosale,2022-03-26,19.910389,74.480522,Citizen Submission
IMG02303,SP0087,OBS002628,IMG02303_SP0087.jpg,Sneha More,2018-10-25,19.94899,74.530884,Habitat
IMG02304,SP0094,OBS004824,IMG02304_SP0094.jpg,Rahul Pawar,2023-01-14,19.943373,74.529331,Habitat
IMG02305,SP0397,OBS015229,IMG02305_SP0397.jpg,Kirti Kulkarni,2025-08-17,19.801909,74.553358,Citizen Submission
IMG02306,SP0356,,IMG02306_SP0356.jpg,Amit Kale,2023-02-14,19.851886,74.367722,Field Survey
IMG02307,SP0242,OBS010544,IMG02307_SP0242.jpg,Nikhil Pawar,2024-12-25,19.864872,74.492727,Water Body
IMG02308,SP0201,OBS001364,IMG02308_SP0201.jpg,Om Shinde,2025-12-25,19.856457,74.417828,Wildlife
IMG02309,SP0444,OBS001422,IMG02309_SP0444.jpg,Rahul Pawar,2018-02-05,19.823003,74.445942,Citizen Submission
IMG02310,SP0114,OBS017968,IMG02310_SP0114.jpg,Om Bhosale,2019-10-07,19.846765,74.591532,Field Survey
IMG02311,SP0278,,IMG02311_SP0278.jpg,Aarti Joshi,2022-10-14,19.810781,74.585446,Water Body
IMG02312,SP0044,,IMG02312_SP0044.jpg,Swati Bhosale,2024-03-15,19.889026,74.442634,Water Body
IMG02313,SP0294,OBS014365,IMG02313_SP0294.jpg,Swati Bhosale,2023-03-25,19.827824,74.480882,Flora
IMG02314,SP0131,,IMG02314_SP0131.jpg,Tejas Joshi,2021-11-13,19.872718,74.468584,Wildlife
IMG02315,SP0293,,IMG02315_SP0293.jpg,Neha Deshpande,2021-11-26,19.905133,74.540726,Water Body
IMG02316,SP0057,OBS003348,IMG02316_SP0057.jpg,Sandeep More,2017-04-10,19.948552,74.478055,Water Body
IMG02317,SP0125,OBS014747,IMG02317_SP0125.jpg,Vikram Jadhav,2025-06-21,19.822781,74.506642,Field Survey
IMG02318,SP0210,OBS002778,IMG02318_SP0210.jpg,Vikram Jadhav,2021-10-31,19.894252,74.409295,Habitat
IMG02319,SP0025,OBS000903,IMG02319_SP0025.jpg,Rahul Pawar,2023-12-09,19.860504,74.438769,Habitat
IMG02320,SP0127,OBS015342,IMG02320_SP0127.jpg,Pooja Shinde,2022-11-23,19.876962,74.534455,Water Body
IMG02321,SP0009,,IMG02321_SP0009.jpg,Vikram Jadhav,2016-11-16,19.802339,74.462816,Wildlife
IMG02322,SP0386,OBS019011,IMG02322_SP0386.jpg,Kirti Kale,2019-09-21,19.908111,74.466265,Wildlife
IMG02323,SP0167,OBS010853,IMG02323_SP0167.jpg,Aarti Joshi,2018-03-26,19.873844,74.514642,Wildlife
IMG02324,SP0384,OBS019535,IMG02324_SP0384.jpg,Vikram Jadhav,2021-12-07,19.850965,74.365591,Water Body
IMG02325,SP0099,,IMG02325_SP0099.jpg,Rajesh Kulkarni,2024-11-11,19.866383,74.552823,Flora
IMG02326,SP0345,,IMG02326_SP0345.jpg,Sneha Patil,2019-12-06,19.833804,74.425595,Wildlife
IMG02327,SP0054,OBS009025,IMG02327_SP0054.jpg,Tejas Joshi,2025-05-15,19.922941,74.479978,Habitat
IMG02328,SP0041,OBS009036,IMG02328_SP0041.jpg,Vikram Jadhav,2018-05-07,19.896385,74.491198,Wildlife
IMG02329,SP0450,,IMG02329_SP0450.jpg,Nikhil Deshpande,2020-05-18,19.909389,74.522842,Water Body
IMG02330,SP0200,OBS011504,IMG02330_SP0200.jpg,Pooja Bhosale,2019-10-27,19.801888,74.411808,Habitat
IMG02331,SP0416,,IMG02331_SP0416.jpg,Amit Kale,2024-09-30,19.85695,74.516528,Field Survey
IMG02332,SP0054,OBS003283,IMG02332_SP0054.jpg,Amit Kulkarni,2020-07-18,19.820142,74.448203,Water Body
IMG02333,SP0185,OBS013641,IMG02333_SP0185.jpg,Tejas Joshi,2023-03-05,19.806042,74.369219,Citizen Submission
IMG02334,SP0411,OBS014403,IMG02334_SP0411.jpg,Amit Kulkarni,2024-02-16,19.920236,74.511605,Field Survey
IMG02335,SP0281,,IMG02335_SP0281.jpg,Neha Deshpande,2019-11-07,19.825475,74.456992,Habitat
IMG02336,SP0290,OBS003498,IMG02336_SP0290.jpg,Rahul Deshpande,2024-07-08,19.845519,74.491149,Wildlife
IMG02337,SP0089,OBS012434,IMG02337_SP0089.jpg,Om Bhosale,2025-03-18,19.842541,74.591689,Water Body
IMG02338,SP0327,,IMG02338_SP0327.jpg,Pooja Shinde,2026-02-24,19.894225,74.445843,Field Survey
IMG02339,SP0290,OBS016200,IMG02339_SP0290.jpg,Swati Bhosale,2020-04-12,19.92289,74.426302,Field Survey
IMG02340,SP0096,,IMG02340_SP0096.jpg,Rajesh Kale,2018-01-01,19.829227,74.482682,Field Survey
IMG02341,SP0060,,IMG02341_SP0060.jpg,Pooja Shinde,2021-03-30,19.910922,74.397591,Water Body
IMG02342,SP0377,OBS010918,IMG02342_SP0377.jpg,Aarti Jadhav,2020-01-02,19.853359,74.404089,Flora
IMG02343,SP0349,,IMG02343_SP0349.jpg,Sandeep More,2018-09-13,19.91464,74.49068,Field Survey
IMG02344,SP0049,OBS000473,IMG02344_SP0049.jpg,Tejas Joshi,2016-11-29,19.931125,74.49065,Citizen Submission
IMG02345,SP0426,OBS004853,IMG02345_SP0426.jpg,Sandeep More,2020-02-19,19.836057,74.599081,Habitat
IMG02346,SP0068,OBS014263,IMG02346_SP0068.jpg,Rahul Pawar,2019-07-01,19.895552,74.362,Citizen Submission
IMG02347,SP0444,OBS009473,IMG02347_SP0444.jpg,Sneha Patil,2020-11-22,19.897922,74.363122,Citizen Submission
IMG02348,SP0116,OBS003960,IMG02348_SP0116.jpg,Amit Kale,2017-02-13,19.866876,74.356629,Flora
IMG02349,SP0143,OBS015847,IMG02349_SP0143.jpg,Om Bhosale,2024-12-08,19.913037,74.430397,Habitat
IMG02350,SP0026,,IMG02350_SP0026.jpg,Nikhil Pawar,2017-02-14,19.871948,74.549758,Field Survey
IMG02351,SP0061,OBS014598,IMG02351_SP0061.jpg,Rahul Pawar,2018-03-19,19.874327,74.431599,Field Survey
IMG02352,SP0324,OBS000198,IMG02352_SP0324.jpg,Tejas Joshi,2022-04-05,19.890871,74.586507,Wildlife
IMG02353,SP0056,OBS019794,IMG02353_SP0056.jpg,Sandeep More,2024-05-17,19.81074,74.36254,Flora
IMG02354,SP0080,OBS010382,IMG02354_SP0080.jpg,Priyanka Patil,2023-01-31,19.884691,74.564215,Citizen Submission
IMG02355,SP0442,OBS007007,IMG02355_SP0442.jpg,Neha Pawar,2018-03-13,19.882587,74.583292,Wildlife
IMG02356,SP0317,OBS000220,IMG02356_SP0317.jpg,Sneha Patil,2016-10-13,19.82558,74.502354,Water Body
IMG02357,SP0259,OBS004452,IMG02357_SP0259.jpg,Sandeep More,2017-04-18,19.925892,74.484381,Water Body
IMG02358,SP0123,,IMG02358_SP0123.jpg,Tejas Joshi,2023-04-17,19.946121,74.586885,Water Body
IMG02359,SP0447,OBS003235,IMG02359_SP0447.jpg,Priyanka Patil,2019-03-05,19.910564,74.431653,Wildlife
IMG02360,SP0064,OBS014464,IMG02360_SP0064.jpg,Pooja Shinde,2025-05-25,19.918818,74.35011,Water Body
IMG02361,SP0066,OBS018654,IMG02361_SP0066.jpg,Vikram Jadhav,2025-01-31,19.938511,74.371,Citizen Submission
IMG02362,SP0327,,IMG02362_SP0327.jpg,Vikram Joshi,2025-08-22,19.903967,74.590299,Field Survey
IMG02363,SP0438,OBS014133,IMG02363_SP0438.jpg,Nikhil Pawar,2025-07-14,19.927582,74.582727,Field Survey
IMG02364,SP0042,OBS004846,IMG02364_SP0042.jpg,Pooja Shinde,2023-06-01,19.807137,74.535374,Habitat
IMG02365,SP0364,OBS015855,IMG02365_SP0364.jpg,Neha Pawar,2022-03-02,19.876114,74.440565,Flora
IMG02366,SP0234,OBS013862,IMG02366_SP0234.jpg,Kirti Kale,2018-05-15,19.815723,74.577635,Field Survey
IMG02367,SP0184,OBS011067,IMG02367_SP0184.jpg,Priyanka More,2024-09-23,19.802906,74.495101,Water Body
IMG02368,SP0050,,IMG02368_SP0050.jpg,Tejas Jadhav,2018-06-20,19.85932,74.446466,Wildlife
IMG02369,SP0302,,IMG02369_SP0302.jpg,Priyanka Patil,2024-03-21,19.943221,74.482389,Habitat
IMG02370,SP0120,,IMG02370_SP0120.jpg,Pooja Shinde,2021-01-03,19.939902,74.396197,Habitat
IMG02371,SP0183,OBS006210,IMG02371_SP0183.jpg,Vikram Joshi,2023-06-15,19.911307,74.45677,Field Survey
IMG02372,SP0356,OBS007885,IMG02372_SP0356.jpg,Neha Pawar,2021-05-13,19.846568,74.395804,Habitat
IMG02373,SP0323,,IMG02373_SP0323.jpg,Vikram Joshi,2019-08-20,19.854553,74.592809,Water Body
IMG02374,SP0187,,IMG02374_SP0187.jpg,Kirti Kale,2017-07-02,19.813597,74.387691,Wildlife
IMG02375,SP0117,OBS015303,IMG02375_SP0117.jpg,Vikram Jadhav,2023-11-13,19.836504,74.363801,Flora
IMG02376,SP0342,OBS016684,IMG02376_SP0342.jpg,Sneha More,2023-03-15,19.884075,74.50613,Habitat
IMG02377,SP0351,,IMG02377_SP0351.jpg,Om Bhosale,2019-04-01,19.87606,74.375914,Wildlife
IMG02378,SP0201,OBS005108,IMG02378_SP0201.jpg,Rahul Pawar,2021-01-23,19.89144,74.401142,Field Survey
IMG02379,SP0183,OBS017620,IMG02379_SP0183.jpg,Vikram Jadhav,2024-06-11,19.801857,74.437448,Flora
IMG02380,SP0420,OBS005224,IMG02380_SP0420.jpg,Sneha Patil,2018-02-18,19.871716,74.383061,Flora
IMG02381,SP0428,OBS012474,IMG02381_SP0428.jpg,Neha Pawar,2018-09-27,19.85841,74.373416,Habitat
IMG02382,SP0334,,IMG02382_SP0334.jpg,Rahul Deshpande,2021-03-26,19.81566,74.381203,Wildlife
IMG02383,SP0346,,IMG02383_SP0346.jpg,Kirti Kale,2019-11-18,19.920055,74.486937,Wildlife
IMG02384,SP0162,OBS006152,IMG02384_SP0162.jpg,Rajesh Kale,2018-09-08,19.873871,74.473413,Citizen Submission
IMG02385,SP0305,OBS005492,IMG02385_SP0305.jpg,Neha Pawar,2024-03-28,19.864677,74.492783,Flora
IMG02386,SP0455,OBS003130,IMG02386_SP0455.jpg,Swati Bhosale,2021-02-27,19.877081,74.515139,Field Survey
IMG02387,SP0077,OBS011133,IMG02387_SP0077.jpg,Kirti Kale,2023-10-25,19.894813,74.473776,Field Survey
IMG02388,SP0085,,IMG02388_SP0085.jpg,Amit Kulkarni,2017-02-15,19.81412,74.455079,Wildlife
IMG02389,SP0102,OBS013186,IMG02389_SP0102.jpg,Aarti Joshi,2024-08-01,19.800535,74.392494,Field Survey
IMG02390,SP0146,,IMG02390_SP0146.jpg,Nikhil Deshpande,2017-04-29,19.859662,74.422643,Habitat
IMG02391,SP0460,OBS009644,IMG02391_SP0460.jpg,Sneha Patil,2021-07-19,19.844356,74.400341,Habitat
IMG02392,SP0361,OBS005452,IMG02392_SP0361.jpg,Sneha Patil,2020-12-09,19.869613,74.40042,Wildlife
IMG02393,SP0004,OBS016320,IMG02393_SP0004.jpg,Aarti Jadhav,2025-01-15,19.942016,74.591088,Wildlife
IMG02394,SP0263,OBS004543,IMG02394_SP0263.jpg,Rahul Deshpande,2019-01-21,19.93112,74.395443,Habitat
IMG02395,SP0378,OBS001023,IMG02395_SP0378.jpg,Kirti Kale,2025-04-28,19.883316,74.543644,Flora
IMG02396,SP0162,OBS014985,IMG02396_SP0162.jpg,Rajesh Kulkarni,2019-02-21,19.887314,74.539699,Wildlife
IMG02397,SP0194,,IMG02397_SP0194.jpg,Priyanka More,2019-04-27,19.877389,74.531323,Wildlife
IMG02398,SP0146,,IMG02398_SP0146.jpg,Sneha More,2019-06-17,19.918307,74.556602,Field Survey
IMG02399,SP0204,,IMG02399_SP0204.jpg,Kirti Kale,2024-08-05,19.906334,74.401271,Habitat
IMG02400,SP0128,OBS011168,IMG02400_SP0128.jpg,Swati Shinde,2017-06-05,19.811824,74.446155,Field Survey
IMG02401,SP0393,,IMG02401_SP0393.jpg,Swati Shinde,2024-10-18,19.945592,74.401016,Wildlife
IMG02402,SP0333,,IMG02402_SP0333.jpg,Amit Kale,2024-05-20,19.877695,74.52961,Citizen Submission
IMG02403,SP0415,,IMG02403_SP0415.jpg,Tejas Jadhav,2023-12-26,19.834429,74.364279,Flora
IMG02404,SP0418,OBS007408,IMG02404_SP0418.jpg,Swati Shinde,2017-02-17,19.904894,74.54582,Habitat
IMG02405,SP0408,OBS003224,IMG02405_SP0408.jpg,Pooja Shinde,2022-07-15,19.805897,74.358357,Wildlife
IMG02406,SP0236,,IMG02406_SP0236.jpg,Om Shinde,2017-02-13,19.80784,74.508502,Flora
IMG02407,SP0447,OBS002177,IMG02407_SP0447.jpg,Kirti Kulkarni,2024-08-09,19.926124,74.399761,Wildlife
IMG02408,SP0425,OBS019430,IMG02408_SP0425.jpg,Sneha Patil,2021-01-14,19.928739,74.424433,Flora
IMG02409,SP0371,OBS019701,IMG02409_SP0371.jpg,Pooja Shinde,2023-02-03,19.866724,74.529858,Water Body
IMG02410,SP0409,OBS008175,IMG02410_SP0409.jpg,Vikram Joshi,2023-10-14,19.896027,74.534032,Wildlife
IMG02411,SP0315,OBS003022,IMG02411_SP0315.jpg,Sandeep More,2026-03-20,19.852436,74.536671,Water Body
IMG02412,SP0333,OBS007623,IMG02412_SP0333.jpg,Vikram Jadhav,2018-11-13,19.942081,74.509551,Citizen Submission
IMG02413,SP0276,OBS015461,IMG02413_SP0276.jpg,Sandeep More,2023-03-17,19.936271,74.488714,Water Body
IMG02414,SP0130,,IMG02414_SP0130.jpg,Tejas Joshi,2024-08-26,19.92267,74.428029,Citizen Submission
IMG02415,SP0324,OBS019563,IMG02415_SP0324.jpg,Sneha Patil,2022-02-11,19.855482,74.476316,Citizen Submission
IMG02416,SP0298,OBS015712,IMG02416_SP0298.jpg,Pooja Bhosale,2022-10-01,19.819181,74.371346,Wildlife
IMG02417,SP0130,OBS003930,IMG02417_SP0130.jpg,Aarti Jadhav,2019-01-16,19.898925,74.424589,Citizen Submission
IMG02418,SP0024,OBS008819,IMG02418_SP0024.jpg,Rajesh Kale,2019-06-04,19.871749,74.38619,Wildlife
IMG02419,SP0274,OBS002195,IMG02419_SP0274.jpg,Amit Kulkarni,2020-04-04,19.827174,74.439232,Flora
IMG02420,SP0432,OBS012359,IMG02420_SP0432.jpg,Kirti Kale,2020-06-01,19.83098,74.451867,Citizen Submission
IMG02421,SP0149,,IMG02421_SP0149.jpg,Pooja Shinde,2025-12-20,19.870003,74.498254,Field Survey
IMG02422,SP0112,OBS007776,IMG02422_SP0112.jpg,Kirti Kulkarni,2021-04-26,19.85595,74.533243,Wildlife
IMG02423,SP0152,OBS008783,IMG02423_SP0152.jpg,Neha Pawar,2021-05-25,19.803621,74.581878,Water Body
IMG02424,SP0334,OBS008029,IMG02424_SP0334.jpg,Aarti Jadhav,2022-05-24,19.889374,74.589134,Citizen Submission
IMG02425,SP0063,OBS014119,IMG02425_SP0063.jpg,Sandeep Patil,2019-06-29,19.831905,74.556462,Citizen Submission
IMG02426,SP0357,,IMG02426_SP0357.jpg,Om Shinde,2019-05-13,19.925613,74.465009,Wildlife
IMG02427,SP0127,OBS014438,IMG02427_SP0127.jpg,Pooja Bhosale,2023-11-23,19.9272,74.387566,Field Survey
IMG02428,SP0410,OBS005734,IMG02428_SP0410.jpg,Rahul Deshpande,2025-08-20,19.804781,74.453926,Wildlife
IMG02429,SP0253,OBS011213,IMG02429_SP0253.jpg,Pooja Shinde,2018-11-26,19.812353,74.424886,Wildlife
IMG02430,SP0034,,IMG02430_SP0034.jpg,Priyanka Patil,2019-06-10,19.839582,74.428227,Water Body
IMG02431,SP0137,OBS009001,IMG02431_SP0137.jpg,Swati Bhosale,2018-01-29,19.894789,74.503882,Water Body
IMG02432,SP0430,OBS019487,IMG02432_SP0430.jpg,Sandeep More,2017-07-01,19.913958,74.45181,Flora
IMG02433,SP0382,OBS009516,IMG02433_SP0382.jpg,Neha Pawar,2019-10-05,19.906119,74.573757,Wildlife
IMG02434,SP0366,OBS013897,IMG02434_SP0366.jpg,Sneha Patil,2017-08-23,19.941321,74.530746,Habitat
IMG02435,SP0042,OBS007094,IMG02435_SP0042.jpg,Aarti Jadhav,2019-12-12,19.945493,74.514887,Wildlife
IMG02436,SP0067,OBS011858,IMG02436_SP0067.jpg,Pooja Bhosale,2016-10-18,19.923963,74.474957,Water Body
IMG02437,SP0166,OBS011872,IMG02437_SP0166.jpg,Rajesh Kulkarni,2023-11-02,19.840695,74.401356,Wildlife
IMG02438,SP0305,,IMG02438_SP0305.jpg,Rajesh Kulkarni,2020-01-11,19.935219,74.439067,Habitat
IMG02439,SP0294,,IMG02439_SP0294.jpg,Nikhil Deshpande,2025-06-04,19.893434,74.481377,Field Survey
IMG02440,SP0075,OBS001042,IMG02440_SP0075.jpg,Pooja Bhosale,2023-09-03,19.833679,74.534402,Flora
IMG02441,SP0187,,IMG02441_SP0187.jpg,Neha Pawar,2017-12-04,19.872709,74.393825,Wildlife
IMG02442,SP0241,OBS016085,IMG02442_SP0241.jpg,Sneha More,2018-09-15,19.930448,74.594536,Water Body
IMG02443,SP0206,,IMG02443_SP0206.jpg,Kirti Kale,2026-06-17,19.901429,74.445813,Wildlife
IMG02444,SP0222,OBS016979,IMG02444_SP0222.jpg,Kirti Kulkarni,2023-10-25,19.827566,74.534614,Citizen Submission
IMG02445,SP0153,OBS000669,IMG02445_SP0153.jpg,Nikhil Pawar,2019-10-28,19.837921,74.386035,Flora
IMG02446,SP0345,OBS017151,IMG02446_SP0345.jpg,Tejas Joshi,2018-11-11,19.939686,74.554805,Wildlife
IMG02447,SP0103,OBS006333,IMG02447_SP0103.jpg,Vikram Joshi,2019-07-17,19.876995,74.473991,Water Body
IMG02448,SP0269,OBS005362,IMG02448_SP0269.jpg,Om Bhosale,2018-04-26,19.824017,74.413018,Citizen Submission
IMG02449,SP0460,OBS018440,IMG02449_SP0460.jpg,Sandeep Patil,2019-11-27,19.875613,74.482866,Citizen Submission
IMG02450,SP0078,OBS002846,IMG02450_SP0078.jpg,Rahul Deshpande,2019-05-08,19.840217,74.404552,Citizen Submission
IMG02451,SP0044,,IMG02451_SP0044.jpg,Om Shinde,2018-10-12,19.825208,74.592843,Wildlife
IMG02452,SP0151,OBS004779,IMG02452_SP0151.jpg,Amit Kulkarni,2023-04-01,19.942357,74.479386,Habitat
IMG02453,SP0173,OBS017444,IMG02453_SP0173.jpg,Pooja Bhosale,2023-08-25,19.850036,74.478102,Field Survey
IMG02454,SP0405,OBS019745,IMG02454_SP0405.jpg,Rajesh Kulkarni,2016-12-26,19.914989,74.548524,Field Survey
IMG02455,SP0352,,IMG02455_SP0352.jpg,Neha Pawar,2021-05-24,19.876834,74.560888,Water Body
IMG02456,SP0123,OBS008253,IMG02456_SP0123.jpg,Neha Pawar,2023-03-21,19.855792,74.368131,Water Body
IMG02457,SP0287,OBS008531,IMG02457_SP0287.jpg,Neha Deshpande,2021-06-10,19.891161,74.362079,Flora
IMG02458,SP0107,,IMG02458_SP0107.jpg,Sandeep Patil,2022-02-09,19.897532,74.404649,Field Survey
IMG02459,SP0205,,IMG02459_SP0205.jpg,Neha Pawar,2025-07-08,19.898372,74.478921,Wildlife
IMG02460,SP0278,OBS004245,IMG02460_SP0278.jpg,Aarti Jadhav,2017-02-06,19.854861,74.412901,Flora
IMG02461,SP0430,OBS016829,IMG02461_SP0430.jpg,Sneha More,2023-01-19,19.862225,74.362386,Wildlife
IMG02462,SP0337,OBS013342,IMG02462_SP0337.jpg,Om Shinde,2022-01-21,19.939427,74.432519,Flora
IMG02463,SP0424,OBS016263,IMG02463_SP0424.jpg,Rajesh Kale,2024-05-09,19.810504,74.427333,Flora
IMG02464,SP0344,OBS015150,IMG02464_SP0344.jpg,Priyanka Patil,2019-01-12,19.927953,74.501672,Wildlife
IMG02465,SP0118,,IMG02465_SP0118.jpg,Rahul Deshpande,2026-05-15,19.918694,74.523759,Flora
IMG02466,SP0248,OBS005861,IMG02466_SP0248.jpg,Neha Deshpande,2025-01-06,19.800328,74.578454,Field Survey
IMG02467,SP0003,,IMG02467_SP0003.jpg,Amit Kulkarni,2026-03-28,19.870174,74.411638,Wildlife
IMG02468,SP0182,,IMG02468_SP0182.jpg,Swati Bhosale,2024-10-22,19.869296,74.501624,Flora
IMG02469,SP0308,OBS006562,IMG02469_SP0308.jpg,Aarti Jadhav,2021-11-20,19.944465,74.479041,Field Survey
IMG02470,SP0194,,IMG02470_SP0194.jpg,Kirti Kale,2026-07-11,19.94909,74.355064,Water Body
IMG02471,SP0108,OBS018053,IMG02471_SP0108.jpg,Om Shinde,2024-12-16,19.850369,74.471336,Water Body
IMG02472,SP0140,,IMG02472_SP0140.jpg,Rahul Deshpande,2025-02-24,19.844771,74.440471,Water Body
IMG02473,SP0372,,IMG02473_SP0372.jpg,Rajesh Kale,2025-04-23,19.892433,74.560396,Water Body
IMG02474,SP0199,OBS011010,IMG02474_SP0199.jpg,Rajesh Kulkarni,2023-06-01,19.870906,74.537932,Citizen Submission
IMG02475,SP0395,OBS006630,IMG02475_SP0395.jpg,Sneha Patil,2020-01-06,19.862583,74.575002,Wildlife
IMG02476,SP0133,OBS007051,IMG02476_SP0133.jpg,Aarti Joshi,2020-11-06,19.844797,74.39305,Wildlife
IMG02477,SP0222,,IMG02477_SP0222.jpg,Rahul Pawar,2020-12-21,19.935446,74.527419,Flora
IMG02478,SP0226,,IMG02478_SP0226.jpg,Sneha Patil,2026-08-05,19.880823,74.590077,Water Body
IMG02479,SP0342,,IMG02479_SP0342.jpg,Vikram Jadhav,2023-12-13,19.90702,74.598955,Habitat
IMG02480,SP0117,,IMG02480_SP0117.jpg,Amit Kulkarni,2023-12-06,19.890059,74.426636,Habitat
IMG02481,SP0384,,IMG02481_SP0384.jpg,Amit Kale,2018-04-01,19.935639,74.443821,Citizen Submission
IMG02482,SP0325,OBS004343,IMG02482_SP0325.jpg,Om Bhosale,2018-07-04,19.805185,74.449665,Wildlife
IMG02483,SP0046,OBS013141,IMG02483_SP0046.jpg,Aarti Joshi,2019-05-23,19.824015,74.505436,Habitat
IMG02484,SP0405,OBS011615,IMG02484_SP0405.jpg,Vikram Joshi,2026-01-02,19.893581,74.40994,Flora
IMG02485,SP0032,OBS018078,IMG02485_SP0032.jpg,Rahul Deshpande,2022-06-12,19.823075,74.421813,Water Body
IMG02486,SP0087,,IMG02486_SP0087.jpg,Neha Deshpande,2021-11-07,19.942441,74.497208,Field Survey
IMG02487,SP0424,OBS015596,IMG02487_SP0424.jpg,Kirti Kale,2024-06-22,19.858212,74.565285,Wildlife
IMG02488,SP0271,OBS009539,IMG02488_SP0271.jpg,Nikhil Deshpande,2022-09-16,19.880451,74.525506,Flora
IMG02489,SP0330,OBS019629,IMG02489_SP0330.jpg,Sneha Patil,2021-09-02,19.813669,74.570476,Citizen Submission
IMG02490,SP0437,,IMG02490_SP0437.jpg,Rahul Deshpande,2018-08-15,19.830695,74.582087,Water Body
IMG02491,SP0038,OBS006922,IMG02491_SP0038.jpg,Amit Kale,2017-08-16,19.931454,74.502229,Wildlife
IMG02492,SP0221,,IMG02492_SP0221.jpg,Aarti Joshi,2025-04-18,19.810109,74.503925,Flora
IMG02493,SP0051,OBS010758,IMG02493_SP0051.jpg,Aarti Joshi,2017-01-23,19.932564,74.547839,Flora
IMG02494,SP0105,,IMG02494_SP0105.jpg,Priyanka More,2018-09-04,19.942211,74.42179,Field Survey
IMG02495,SP0457,OBS001507,IMG02495_SP0457.jpg,Kirti Kale,2017-05-16,19.859113,74.436886,Flora
IMG02496,SP0241,OBS003107,IMG02496_SP0241.jpg,Tejas Jadhav,2019-01-03,19.839564,74.434572,Water Body
IMG02497,SP0072,OBS017090,IMG02497_SP0072.jpg,Aarti Jadhav,2019-02-16,19.936881,74.4453,Water Body
IMG02498,SP0419,,IMG02498_SP0419.jpg,Kirti Kulkarni,2019-07-06,19.906823,74.532282,Wildlife
IMG02499,SP0162,OBS006382,IMG02499_SP0162.jpg,Sandeep Patil,2021-12-19,19.938327,74.572305,Habitat
IMG02500,SP0323,,IMG02500_SP0323.jpg,Vikram Joshi,2025-10-31,19.905212,74.426789,Field Survey
IMG02501,SP0300,OBS005700,IMG02501_SP0300.jpg,Aarti Jadhav,2020-09-06,19.941296,74.585653,Wildlife
IMG02502,SP0146,OBS008872,IMG02502_SP0146.jpg,Neha Pawar,2020-06-09,19.801832,74.44294,Field Survey
IMG02503,SP0444,OBS017608,IMG02503_SP0444.jpg,Sandeep More,2023-03-15,19.88841,74.514404,Habitat
IMG02504,SP0004,OBS019578,IMG02504_SP0004.jpg,Swati Shinde,2018-02-28,19.838915,74.546995,Citizen Submission
IMG02505,SP0168,OBS014418,IMG02505_SP0168.jpg,Swati Shinde,2019-05-07,19.83833,74.40628,Flora
IMG02506,SP0388,OBS007955,IMG02506_SP0388.jpg,Kirti Kulkarni,2019-10-07,19.904391,74.507761,Field Survey
IMG02507,SP0243,OBS005643,IMG02507_SP0243.jpg,Kirti Kulkarni,2023-11-08,19.840297,74.380296,Habitat
IMG02508,SP0440,,IMG02508_SP0440.jpg,Priyanka More,2017-05-31,19.93834,74.571882,Wildlife
IMG02509,SP0119,OBS017553,IMG02509_SP0119.jpg,Kirti Kale,2023-07-19,19.810238,74.527583,Flora
IMG02510,SP0324,,IMG02510_SP0324.jpg,Pooja Shinde,2025-10-20,19.933641,74.471162,Habitat
IMG02511,SP0227,,IMG02511_SP0227.jpg,Om Bhosale,2023-09-29,19.917019,74.566628,Water Body
IMG02512,SP0418,OBS006716,IMG02512_SP0418.jpg,Neha Deshpande,2021-12-09,19.928069,74.584998,Field Survey
IMG02513,SP0369,OBS004173,IMG02513_SP0369.jpg,Pooja Bhosale,2017-04-12,19.934302,74.584273,Water Body
IMG02514,SP0340,,IMG02514_SP0340.jpg,Sandeep More,2023-08-30,19.852175,74.382162,Field Survey
IMG02515,SP0359,OBS001668,IMG02515_SP0359.jpg,Vikram Joshi,2024-03-22,19.802756,74.501266,Flora
IMG02516,SP0459,OBS005407,IMG02516_SP0459.jpg,Kirti Kale,2017-06-19,19.861436,74.351357,Flora
IMG02517,SP0458,OBS007162,IMG02517_SP0458.jpg,Swati Bhosale,2024-12-29,19.812283,74.484666,Field Survey
IMG02518,SP0317,OBS004548,IMG02518_SP0317.jpg,Tejas Joshi,2021-06-29,19.888448,74.444697,Flora
IMG02519,SP0331,OBS011065,IMG02519_SP0331.jpg,Amit Kulkarni,2019-12-16,19.903026,74.450279,Flora
IMG02520,SP0346,OBS019608,IMG02520_SP0346.jpg,Neha Pawar,2024-09-13,19.809681,74.587207,Flora
IMG02521,SP0403,OBS018852,IMG02521_SP0403.jpg,Vikram Jadhav,2025-04-01,19.904731,74.561256,Citizen Submission
IMG02522,SP0398,OBS005084,IMG02522_SP0398.jpg,Amit Kulkarni,2020-12-23,19.866106,74.430511,Wildlife
IMG02523,SP0285,OBS005290,IMG02523_SP0285.jpg,Pooja Bhosale,2019-04-09,19.908212,74.428727,Citizen Submission
IMG02524,SP0110,OBS011870,IMG02524_SP0110.jpg,Pooja Bhosale,2023-07-25,19.851307,74.463432,Wildlife
IMG02525,SP0288,OBS009292,IMG02525_SP0288.jpg,Neha Pawar,2024-10-12,19.928617,74.562428,Habitat
IMG02526,SP0285,OBS008961,IMG02526_SP0285.jpg,Rahul Deshpande,2019-11-07,19.887238,74.597795,Habitat
IMG02527,SP0030,OBS002317,IMG02527_SP0030.jpg,Nikhil Pawar,2024-04-03,19.864986,74.380223,Citizen Submission
IMG02528,SP0104,OBS005558,IMG02528_SP0104.jpg,Neha Pawar,2024-11-20,19.813759,74.532448,Flora
IMG02529,SP0367,OBS011662,IMG02529_SP0367.jpg,Sandeep Patil,2022-01-05,19.840753,74.371972,Field Survey
IMG02530,SP0283,OBS015734,IMG02530_SP0283.jpg,Neha Pawar,2025-05-01,19.891573,74.487611,Habitat
IMG02531,SP0040,OBS002511,IMG02531_SP0040.jpg,Aarti Jadhav,2017-01-16,19.932063,74.573023,Wildlife
IMG02532,SP0394,OBS005185,IMG02532_SP0394.jpg,Kirti Kulkarni,2025-05-27,19.813172,74.486515,Citizen Submission
IMG02533,SP0006,OBS015047,IMG02533_SP0006.jpg,Pooja Bhosale,2025-02-08,19.858725,74.553452,Flora
IMG02534,SP0120,,IMG02534_SP0120.jpg,Vikram Joshi,2019-07-07,19.808739,74.43829,Field Survey
IMG02535,SP0394,,IMG02535_SP0394.jpg,Rajesh Kale,2026-04-29,19.849241,74.408853,Flora
IMG02536,SP0303,,IMG02536_SP0303.jpg,Rahul Deshpande,2021-08-26,19.915276,74.537252,Flora
IMG02537,SP0273,OBS009515,IMG02537_SP0273.jpg,Om Shinde,2017-10-02,19.887035,74.356452,Field Survey
IMG02538,SP0245,,IMG02538_SP0245.jpg,Aarti Joshi,2023-12-08,19.884108,74.389389,Water Body
IMG02539,SP0263,,IMG02539_SP0263.jpg,Amit Kulkarni,2021-09-02,19.808301,74.391976,Habitat
IMG02540,SP0268,OBS011510,IMG02540_SP0268.jpg,Priyanka More,2017-06-01,19.896655,74.495641,Water Body
IMG02541,SP0122,OBS007912,IMG02541_SP0122.jpg,Sandeep More,2017-12-27,19.805804,74.419573,Water Body
IMG02542,SP0284,OBS019477,IMG02542_SP0284.jpg,Priyanka More,2024-04-23,19.807144,74.402071,Field Survey
IMG02543,SP0097,OBS004890,IMG02543_SP0097.jpg,Aarti Jadhav,2025-02-22,19.913,74.393825,Habitat
IMG02544,SP0191,OBS008613,IMG02544_SP0191.jpg,Om Shinde,2017-06-28,19.901627,74.383463,Wildlife
IMG02545,SP0035,OBS018115,IMG02545_SP0035.jpg,Vikram Joshi,2024-08-19,19.820951,74.454499,Wildlife
IMG02546,SP0400,,IMG02546_SP0400.jpg,Kirti Kale,2023-07-22,19.912641,74.389998,Habitat
IMG02547,SP0107,OBS019386,IMG02547_SP0107.jpg,Aarti Jadhav,2017-08-01,19.888849,74.443428,Habitat
IMG02548,SP0343,OBS005647,IMG02548_SP0343.jpg,Amit Kulkarni,2023-10-13,19.826546,74.383362,Wildlife
IMG02549,SP0214,OBS000044,IMG02549_SP0214.jpg,Neha Deshpande,2022-03-02,19.817797,74.384874,Flora
IMG02550,SP0247,OBS009377,IMG02550_SP0247.jpg,Sandeep Patil,2021-12-02,19.893432,74.590604,Flora
IMG02551,SP0429,OBS004940,IMG02551_SP0429.jpg,Tejas Jadhav,2025-02-23,19.839963,74.543091,Water Body
IMG02552,SP0371,OBS001623,IMG02552_SP0371.jpg,Sandeep More,2022-10-26,19.896606,74.549562,Field Survey
IMG02553,SP0081,OBS008129,IMG02553_SP0081.jpg,Om Shinde,2017-02-16,19.803713,74.562533,Wildlife
IMG02554,SP0107,OBS001129,IMG02554_SP0107.jpg,Sneha Patil,2022-03-14,19.864424,74.398681,Flora
IMG02555,SP0330,,IMG02555_SP0330.jpg,Sneha Patil,2023-11-21,19.839725,74.573681,Flora
IMG02556,SP0045,,IMG02556_SP0045.jpg,Aarti Jadhav,2019-08-29,19.834149,74.577482,Water Body
IMG02557,SP0290,,IMG02557_SP0290.jpg,Amit Kulkarni,2021-02-01,19.893027,74.390492,Field Survey
IMG02558,SP0034,OBS015739,IMG02558_SP0034.jpg,Aarti Jadhav,2024-03-03,19.827136,74.547762,Flora
IMG02559,SP0130,,IMG02559_SP0130.jpg,Om Bhosale,2016-12-22,19.887519,74.461115,Citizen Submission
IMG02560,SP0022,,IMG02560_SP0022.jpg,Neha Pawar,2017-02-07,19.896187,74.417098,Wildlife
IMG02561,SP0398,OBS009563,IMG02561_SP0398.jpg,Rahul Deshpande,2016-11-21,19.803116,74.413599,Field Survey
IMG02562,SP0421,OBS019469,IMG02562_SP0421.jpg,Amit Kulkarni,2018-02-04,19.804058,74.39367,Field Survey
IMG02563,SP0291,OBS002584,IMG02563_SP0291.jpg,Neha Pawar,2019-05-29,19.803687,74.54103,Field Survey
IMG02564,SP0050,OBS007239,IMG02564_SP0050.jpg,Om Bhosale,2021-12-27,19.860655,74.423469,Field Survey
IMG02565,SP0021,,IMG02565_SP0021.jpg,Neha Pawar,2024-02-28,19.949348,74.46877,Water Body
IMG02566,SP0114,OBS015182,IMG02566_SP0114.jpg,Neha Pawar,2018-04-29,19.891035,74.359407,Habitat
IMG02567,SP0394,OBS011467,IMG02567_SP0394.jpg,Kirti Kale,2017-10-29,19.844858,74.526687,Water Body
IMG02568,SP0445,OBS007372,IMG02568_SP0445.jpg,Tejas Jadhav,2022-08-19,19.804667,74.560988,Habitat
IMG02569,SP0258,,IMG02569_SP0258.jpg,Amit Kulkarni,2022-07-31,19.850902,74.459768,Flora
IMG02570,SP0172,,IMG02570_SP0172.jpg,Nikhil Deshpande,2022-10-16,19.913521,74.394725,Wildlife
IMG02571,SP0065,OBS011510,IMG02571_SP0065.jpg,Neha Pawar,2020-12-22,19.929114,74.4081,Flora
IMG02572,SP0313,,IMG02572_SP0313.jpg,Tejas Jadhav,2020-04-01,19.876563,74.434963,Citizen Submission
IMG02573,SP0453,,IMG02573_SP0453.jpg,Vikram Jadhav,2019-01-04,19.831327,74.535563,Habitat
IMG02574,SP0221,OBS003821,IMG02574_SP0221.jpg,Amit Kale,2023-01-07,19.931896,74.512454,Habitat
IMG02575,SP0104,OBS004774,IMG02575_SP0104.jpg,Vikram Joshi,2018-01-30,19.844117,74.404266,Field Survey
IMG02576,SP0293,OBS014987,IMG02576_SP0293.jpg,Neha Pawar,2017-07-18,19.904121,74.43671,Wildlife
IMG02577,SP0150,OBS011447,IMG02577_SP0150.jpg,Kirti Kulkarni,2020-10-16,19.942341,74.544346,Habitat
IMG02578,SP0210,OBS017650,IMG02578_SP0210.jpg,Amit Kulkarni,2024-12-21,19.810983,74.517486,Flora
IMG02579,SP0397,OBS015928,IMG02579_SP0397.jpg,Neha Deshpande,2020-05-29,19.92397,74.599248,Water Body
IMG02580,SP0178,,IMG02580_SP0178.jpg,Aarti Jadhav,2019-11-28,19.937198,74.429949,Water Body
IMG02581,SP0059,,IMG02581_SP0059.jpg,Swati Shinde,2025-11-15,19.912896,74.511278,Water Body
IMG02582,SP0232,,IMG02582_SP0232.jpg,Nikhil Pawar,2018-10-14,19.936231,74.591556,Field Survey
IMG02583,SP0403,,IMG02583_SP0403.jpg,Kirti Kale,2017-03-10,19.819267,74.565702,Water Body
IMG02584,SP0075,OBS013056,IMG02584_SP0075.jpg,Om Bhosale,2026-07-18,19.825824,74.476488,Citizen Submission
IMG02585,SP0066,OBS015050,IMG02585_SP0066.jpg,Pooja Bhosale,2021-01-07,19.806151,74.403768,Flora
IMG02586,SP0190,OBS000343,IMG02586_SP0190.jpg,Aarti Jadhav,2021-10-22,19.946704,74.446616,Wildlife
IMG02587,SP0100,OBS015214,IMG02587_SP0100.jpg,Om Shinde,2023-09-26,19.928221,74.516435,Water Body
IMG02588,SP0308,OBS019806,IMG02588_SP0308.jpg,Swati Shinde,2025-05-02,19.830361,74.37905,Wildlife
IMG02589,SP0247,,IMG02589_SP0247.jpg,Pooja Bhosale,2024-11-18,19.866368,74.473936,Habitat
IMG02590,SP0248,OBS006214,IMG02590_SP0248.jpg,Rahul Deshpande,2025-12-20,19.913143,74.362113,Flora
IMG02591,SP0338,OBS014086,IMG02591_SP0338.jpg,Neha Deshpande,2016-10-30,19.859376,74.467715,Habitat
IMG02592,SP0318,OBS012234,IMG02592_SP0318.jpg,Kirti Kulkarni,2020-12-27,19.86878,74.404474,Flora
IMG02593,SP0197,,IMG02593_SP0197.jpg,Nikhil Pawar,2020-11-08,19.916845,74.525943,Wildlife
IMG02594,SP0388,OBS009761,IMG02594_SP0388.jpg,Vikram Joshi,2022-03-24,19.8245,74.434762,Habitat
IMG02595,SP0091,,IMG02595_SP0091.jpg,Priyanka Patil,2023-08-24,19.854884,74.460883,Flora
IMG02596,SP0336,OBS012484,IMG02596_SP0336.jpg,Pooja Shinde,2023-06-16,19.923614,74.591845,Water Body
IMG02597,SP0071,,IMG02597_SP0071.jpg,Pooja Shinde,2025-04-30,19.867037,74.593027,Habitat
IMG02598,SP0353,,IMG02598_SP0353.jpg,Neha Deshpande,2020-09-20,19.902073,74.394367,Flora
IMG02599,SP0440,OBS017883,IMG02599_SP0440.jpg,Aarti Joshi,2024-12-03,19.867575,74.44367,Field Survey
IMG02600,SP0271,OBS007615,IMG02600_SP0271.jpg,Neha Pawar,2016-10-22,19.811269,74.413284,Wildlife
IMG02601,SP0170,OBS008337,IMG02601_SP0170.jpg,Sneha Patil,2017-10-09,19.845036,74.4076,Flora
IMG02602,SP0352,OBS006144,IMG02602_SP0352.jpg,Om Bhosale,2021-04-18,19.897641,74.409024,Field Survey
IMG02603,SP0147,OBS009934,IMG02603_SP0147.jpg,Pooja Bhosale,2026-01-02,19.899207,74.437714,Wildlife
IMG02604,SP0388,OBS015399,IMG02604_SP0388.jpg,Sneha Patil,2022-05-16,19.821847,74.47647,Citizen Submission
IMG02605,SP0390,,IMG02605_SP0390.jpg,Amit Kale,2025-01-10,19.843997,74.401839,Field Survey
IMG02606,SP0271,OBS007283,IMG02606_SP0271.jpg,Nikhil Deshpande,2021-10-06,19.935011,74.41738,Wildlife
IMG02607,SP0453,OBS001446,IMG02607_SP0453.jpg,Rahul Pawar,2022-01-08,19.808915,74.580935,Water Body
IMG02608,SP0299,OBS019270,IMG02608_SP0299.jpg,Pooja Shinde,2019-03-21,19.832488,74.409893,Field Survey
IMG02609,SP0044,,IMG02609_SP0044.jpg,Swati Bhosale,2024-12-10,19.82819,74.450326,Citizen Submission
IMG02610,SP0357,OBS015011,IMG02610_SP0357.jpg,Neha Pawar,2016-11-18,19.924493,74.585019,Wildlife
IMG02611,SP0355,OBS011329,IMG02611_SP0355.jpg,Pooja Shinde,2022-12-06,19.800172,74.408752,Field Survey
IMG02612,SP0132,OBS007721,IMG02612_SP0132.jpg,Swati Bhosale,2016-12-01,19.913021,74.538851,Habitat
IMG02613,SP0227,,IMG02613_SP0227.jpg,Aarti Jadhav,2021-07-27,19.82009,74.372248,Habitat
IMG02614,SP0360,OBS010889,IMG02614_SP0360.jpg,Rajesh Kulkarni,2022-02-03,19.871446,74.588552,Citizen Submission
IMG02615,SP0117,OBS013239,IMG02615_SP0117.jpg,Tejas Jadhav,2017-02-24,19.810362,74.421444,Habitat
IMG02616,SP0155,OBS005232,IMG02616_SP0155.jpg,Pooja Shinde,2022-08-31,19.913322,74.424038,Wildlife
IMG02617,SP0080,OBS016055,IMG02617_SP0080.jpg,Amit Kulkarni,2019-01-07,19.914901,74.565047,Habitat
IMG02618,SP0273,OBS000062,IMG02618_SP0273.jpg,Vikram Jadhav,2020-12-20,19.944647,74.361176,Field Survey
IMG02619,SP0339,OBS014040,IMG02619_SP0339.jpg,Rajesh Kale,2019-06-01,19.91844,74.502509,Field Survey
IMG02620,SP0146,OBS009842,IMG02620_SP0146.jpg,Kirti Kale,2022-03-21,19.834421,74.408024,Citizen Submission
IMG02621,SP0265,OBS002093,IMG02621_SP0265.jpg,Rahul Pawar,2025-08-10,19.946368,74.591833,Citizen Submission
IMG02622,SP0338,,IMG02622_SP0338.jpg,Amit Kale,2025-10-01,19.905627,74.429415,Field Survey
IMG02623,SP0049,OBS005662,IMG02623_SP0049.jpg,Priyanka More,2023-11-03,19.802086,74.588947,Field Survey
IMG02624,SP0113,OBS015967,IMG02624_SP0113.jpg,Rajesh Kulkarni,2025-09-04,19.893222,74.437578,Wildlife
IMG02625,SP0243,OBS011737,IMG02625_SP0243.jpg,Priyanka Patil,2021-05-13,19.896091,74.54816,Habitat
IMG02626,SP0252,OBS019880,IMG02626_SP0252.jpg,Tejas Jadhav,2021-08-05,19.898309,74.394059,Citizen Submission
IMG02627,SP0168,,IMG02627_SP0168.jpg,Rajesh Kulkarni,2021-01-02,19.875728,74.557232,Citizen Submission
IMG02628,SP0091,,IMG02628_SP0091.jpg,Amit Kale,2023-05-19,19.935893,74.382205,Flora
IMG02629,SP0114,,IMG02629_SP0114.jpg,Aarti Jadhav,2019-07-18,19.923832,74.408893,Wildlife
IMG02630,SP0253,OBS012410,IMG02630_SP0253.jpg,Nikhil Deshpande,2024-06-14,19.921929,74.424272,Field Survey
IMG02631,SP0405,,IMG02631_SP0405.jpg,Kirti Kale,2018-07-10,19.878179,74.589129,Habitat
IMG02632,SP0335,OBS019876,IMG02632_SP0335.jpg,Tejas Joshi,2016-12-29,19.842839,74.524279,Field Survey
IMG02633,SP0439,,IMG02633_SP0439.jpg,Amit Kulkarni,2025-12-24,19.92026,74.445063,Citizen Submission
IMG02634,SP0015,OBS003702,IMG02634_SP0015.jpg,Rahul Deshpande,2022-05-30,19.827821,74.378081,Citizen Submission
IMG02635,SP0113,OBS007358,IMG02635_SP0113.jpg,Rahul Pawar,2021-09-13,19.880788,74.371626,Habitat
IMG02636,SP0246,OBS005701,IMG02636_SP0246.jpg,Amit Kale,2017-04-29,19.832293,74.563983,Field Survey
IMG02637,SP0043,OBS009226,IMG02637_SP0043.jpg,Sandeep More,2025-12-16,19.8673,74.548154,Citizen Submission
IMG02638,SP0090,OBS013970,IMG02638_SP0090.jpg,Rahul Deshpande,2023-04-12,19.846277,74.521186,Citizen Submission
IMG02639,SP0187,,IMG02639_SP0187.jpg,Swati Bhosale,2019-08-10,19.801379,74.539541,Citizen Submission
IMG02640,SP0262,OBS015634,IMG02640_SP0262.jpg,Neha Pawar,2019-03-03,19.848559,74.437966,Citizen Submission
IMG02641,SP0168,OBS012644,IMG02641_SP0168.jpg,Sneha Patil,2022-10-06,19.932634,74.511802,Habitat
IMG02642,SP0100,OBS014787,IMG02642_SP0100.jpg,Rahul Deshpande,2017-06-03,19.929924,74.480516,Citizen Submission
IMG02643,SP0133,OBS006244,IMG02643_SP0133.jpg,Rajesh Kulkarni,2022-09-07,19.909931,74.569614,Flora
IMG02644,SP0186,OBS005127,IMG02644_SP0186.jpg,Pooja Shinde,2025-04-18,19.924112,74.398624,Flora
IMG02645,SP0235,OBS004392,IMG02645_SP0235.jpg,Pooja Shinde,2017-03-11,19.86891,74.533826,Habitat
IMG02646,SP0449,,IMG02646_SP0449.jpg,Pooja Shinde,2026-05-13,19.830702,74.513561,Citizen Submission
IMG02647,SP0263,,IMG02647_SP0263.jpg,Amit Kale,2018-06-17,19.845493,74.509316,Flora
IMG02648,SP0329,,IMG02648_SP0329.jpg,Kirti Kulkarni,2023-06-24,19.848717,74.587974,Citizen Submission
IMG02649,SP0320,,IMG02649_SP0320.jpg,Sneha More,2018-04-16,19.868218,74.571193,Field Survey
IMG02650,SP0384,OBS001624,IMG02650_SP0384.jpg,Sandeep Patil,2025-03-13,19.852647,74.352002,Habitat
IMG02651,SP0146,,IMG02651_SP0146.jpg,Nikhil Deshpande,2023-07-13,19.940239,74.573792,Water Body
IMG02652,SP0392,OBS015077,IMG02652_SP0392.jpg,Rahul Deshpande,2020-01-02,19.863747,74.442248,Flora
IMG02653,SP0049,,IMG02653_SP0049.jpg,Amit Kulkarni,2016-09-13,19.878041,74.594886,Citizen Submission
IMG02654,SP0428,OBS002407,IMG02654_SP0428.jpg,Nikhil Deshpande,2020-10-29,19.82491,74.540642,Flora
IMG02655,SP0265,,IMG02655_SP0265.jpg,Sneha Patil,2020-08-17,19.936945,74.420321,Flora
IMG02656,SP0321,OBS014449,IMG02656_SP0321.jpg,Om Bhosale,2025-07-01,19.929049,74.480796,Habitat
IMG02657,SP0058,,IMG02657_SP0058.jpg,Pooja Shinde,2022-02-17,19.898233,74.455716,Field Survey
IMG02658,SP0032,,IMG02658_SP0032.jpg,Tejas Joshi,2016-11-22,19.922785,74.454441,Water Body
IMG02659,SP0008,OBS004298,IMG02659_SP0008.jpg,Aarti Jadhav,2025-05-05,19.877872,74.522955,Citizen Submission
IMG02660,SP0263,OBS008429,IMG02660_SP0263.jpg,Om Shinde,2023-06-06,19.939171,74.492977,Wildlife
IMG02661,SP0091,OBS001348,IMG02661_SP0091.jpg,Rahul Pawar,2021-01-18,19.870871,74.457774,Water Body
IMG02662,SP0433,OBS001202,IMG02662_SP0433.jpg,Aarti Jadhav,2025-02-11,19.885612,74.414153,Flora
IMG02663,SP0413,,IMG02663_SP0413.jpg,Sneha Patil,2023-09-27,19.888922,74.578311,Citizen Submission
IMG02664,SP0221,OBS000290,IMG02664_SP0221.jpg,Tejas Jadhav,2025-10-03,19.857823,74.573942,Water Body
IMG02665,SP0067,OBS012697,IMG02665_SP0067.jpg,Neha Deshpande,2026-07-03,19.916716,74.454305,Citizen Submission
IMG02666,SP0113,OBS017784,IMG02666_SP0113.jpg,Pooja Shinde,2023-10-11,19.867827,74.370292,Citizen Submission
IMG02667,SP0223,,IMG02667_SP0223.jpg,Sneha Patil,2016-08-29,19.88758,74.591038,Water Body
IMG02668,SP0415,,IMG02668_SP0415.jpg,Tejas Joshi,2020-12-24,19.905984,74.407304,Wildlife
IMG02669,SP0382,,IMG02669_SP0382.jpg,Neha Deshpande,2024-08-10,19.855688,74.520315,Citizen Submission
IMG02670,SP0227,OBS013704,IMG02670_SP0227.jpg,Pooja Shinde,2022-05-09,19.9081,74.557409,Flora
IMG02671,SP0117,OBS012088,IMG02671_SP0117.jpg,Pooja Shinde,2017-02-07,19.807438,74.411628,Flora
IMG02672,SP0047,,IMG02672_SP0047.jpg,Pooja Bhosale,2020-03-19,19.801223,74.493072,Wildlife
IMG02673,SP0434,OBS010750,IMG02673_SP0434.jpg,Priyanka More,2017-10-25,19.820117,74.586472,Citizen Submission
IMG02674,SP0300,OBS003466,IMG02674_SP0300.jpg,Om Bhosale,2021-06-26,19.943632,74.492099,Flora
IMG02675,SP0046,OBS010614,IMG02675_SP0046.jpg,Kirti Kulkarni,2024-06-12,19.820651,74.421748,Flora
IMG02676,SP0343,OBS010546,IMG02676_SP0343.jpg,Om Bhosale,2023-07-17,19.894503,74.592546,Flora
IMG02677,SP0399,OBS010160,IMG02677_SP0399.jpg,Vikram Jadhav,2018-03-26,19.922502,74.544704,Field Survey
IMG02678,SP0078,OBS019560,IMG02678_SP0078.jpg,Pooja Shinde,2018-08-29,19.925198,74.516707,Habitat
IMG02679,SP0395,,IMG02679_SP0395.jpg,Sneha More,2025-08-16,19.898775,74.529527,Field Survey
IMG02680,SP0088,OBS018560,IMG02680_SP0088.jpg,Pooja Shinde,2020-07-23,19.800921,74.471911,Habitat
IMG02681,SP0183,OBS006217,IMG02681_SP0183.jpg,Rahul Pawar,2020-07-15,19.942196,74.416472,Field Survey
IMG02682,SP0259,,IMG02682_SP0259.jpg,Sandeep More,2023-09-13,19.935289,74.511827,Habitat
IMG02683,SP0235,OBS014763,IMG02683_SP0235.jpg,Sandeep More,2021-11-18,19.879621,74.572758,Habitat
IMG02684,SP0295,,IMG02684_SP0295.jpg,Sandeep Patil,2024-10-05,19.843066,74.356638,Field Survey
IMG02685,SP0356,,IMG02685_SP0356.jpg,Nikhil Deshpande,2018-01-16,19.861884,74.58645,Field Survey
IMG02686,SP0201,OBS007902,IMG02686_SP0201.jpg,Rajesh Kale,2022-07-25,19.935502,74.402489,Wildlife
IMG02687,SP0327,,IMG02687_SP0327.jpg,Aarti Jadhav,2021-04-15,19.939242,74.409742,Habitat
IMG02688,SP0285,OBS017905,IMG02688_SP0285.jpg,Rajesh Kulkarni,2023-08-21,19.917513,74.594358,Habitat
IMG02689,SP0041,,IMG02689_SP0041.jpg,Sandeep Patil,2026-08-04,19.871566,74.463444,Flora
IMG02690,SP0082,OBS017391,IMG02690_SP0082.jpg,Amit Kulkarni,2021-06-27,19.873647,74.527741,Habitat
IMG02691,SP0262,,IMG02691_SP0262.jpg,Vikram Jadhav,2022-10-26,19.858635,74.433899,Water Body
IMG02692,SP0107,OBS019194,IMG02692_SP0107.jpg,Vikram Jadhav,2026-05-19,19.865938,74.389091,Citizen Submission
IMG02693,SP0173,,IMG02693_SP0173.jpg,Sneha Patil,2022-01-09,19.885671,74.43889,Field Survey
IMG02694,SP0033,OBS012965,IMG02694_SP0033.jpg,Rajesh Kulkarni,2023-08-23,19.889589,74.578602,Water Body
IMG02695,SP0029,OBS013001,IMG02695_SP0029.jpg,Swati Shinde,2019-03-09,19.839281,74.565983,Citizen Submission
IMG02696,SP0096,OBS012644,IMG02696_SP0096.jpg,Rahul Deshpande,2017-04-08,19.897359,74.523448,Habitat
IMG02697,SP0328,OBS005321,IMG02697_SP0328.jpg,Sneha Patil,2019-11-03,19.867249,74.48571,Water Body
IMG02698,SP0382,OBS015376,IMG02698_SP0382.jpg,Sandeep More,2024-04-13,19.852134,74.460819,Flora
IMG02699,SP0172,OBS013137,IMG02699_SP0172.jpg,Nikhil Pawar,2017-04-14,19.858716,74.40663,Citizen Submission
IMG02700,SP0388,,IMG02700_SP0388.jpg,Sneha More,2023-07-18,19.902095,74.520632,Wildlife
IMG02701,SP0360,OBS000271,IMG02701_SP0360.jpg,Swati Bhosale,2017-02-11,19.886903,74.57979,Wildlife
IMG02702,SP0448,OBS011210,IMG02702_SP0448.jpg,Aarti Jadhav,2021-04-21,19.934221,74.593724,Citizen Submission
IMG02703,SP0198,,IMG02703_SP0198.jpg,Rahul Deshpande,2023-05-10,19.814094,74.592653,Water Body
IMG02704,SP0103,,IMG02704_SP0103.jpg,Om Bhosale,2017-11-16,19.857464,74.555724,Habitat
IMG02705,SP0150,,IMG02705_SP0150.jpg,Neha Pawar,2022-12-22,19.874787,74.453991,Water Body
IMG02706,SP0343,OBS019271,IMG02706_SP0343.jpg,Swati Shinde,2021-06-25,19.903493,74.366569,Field Survey
IMG02707,SP0378,OBS008239,IMG02707_SP0378.jpg,Swati Bhosale,2019-12-09,19.897995,74.40597,Flora
IMG02708,SP0053,OBS005292,IMG02708_SP0053.jpg,Neha Pawar,2018-07-23,19.935542,74.390515,Citizen Submission
IMG02709,SP0171,OBS016163,IMG02709_SP0171.jpg,Amit Kale,2022-02-21,19.808358,74.509314,Habitat
IMG02710,SP0351,,IMG02710_SP0351.jpg,Vikram Joshi,2023-04-27,19.871698,74.430185,Flora
IMG02711,SP0118,OBS010004,IMG02711_SP0118.jpg,Aarti Joshi,2017-01-28,19.927415,74.556541,Water Body
IMG02712,SP0138,OBS018241,IMG02712_SP0138.jpg,Pooja Shinde,2025-05-20,19.879691,74.429157,Field Survey
IMG02713,SP0304,OBS018654,IMG02713_SP0304.jpg,Pooja Shinde,2026-05-12,19.867171,74.353923,Wildlife
IMG02714,SP0027,OBS013251,IMG02714_SP0027.jpg,Nikhil Pawar,2019-08-27,19.88741,74.4289,Water Body
IMG02715,SP0326,OBS019537,IMG02715_SP0326.jpg,Kirti Kulkarni,2019-11-23,19.867914,74.430785,Field Survey
IMG02716,SP0179,OBS015481,IMG02716_SP0179.jpg,Sandeep Patil,2020-11-19,19.845115,74.454225,Water Body
IMG02717,SP0345,OBS004092,IMG02717_SP0345.jpg,Swati Bhosale,2022-11-16,19.929708,74.38387,Flora
IMG02718,SP0443,OBS008174,IMG02718_SP0443.jpg,Neha Pawar,2020-05-19,19.847211,74.439022,Wildlife
IMG02719,SP0099,OBS001096,IMG02719_SP0099.jpg,Om Bhosale,2023-07-08,19.877967,74.472858,Water Body
IMG02720,SP0409,OBS012645,IMG02720_SP0409.jpg,Sneha More,2025-04-26,19.872678,74.404134,Water Body
IMG02721,SP0191,,IMG02721_SP0191.jpg,Priyanka More,2019-02-27,19.833436,74.373596,Flora
IMG02722,SP0225,OBS006371,IMG02722_SP0225.jpg,Pooja Shinde,2024-12-15,19.878625,74.48562,Habitat
IMG02723,SP0080,OBS007289,IMG02723_SP0080.jpg,Neha Pawar,2018-10-31,19.868124,74.574616,Habitat
IMG02724,SP0164,,IMG02724_SP0164.jpg,Sneha Patil,2018-01-31,19.928153,74.500369,Citizen Submission
IMG02725,SP0457,OBS005594,IMG02725_SP0457.jpg,Priyanka Patil,2024-02-07,19.893918,74.550479,Citizen Submission
IMG02726,SP0012,OBS008254,IMG02726_SP0012.jpg,Amit Kulkarni,2023-04-23,19.8062,74.541097,Wildlife
IMG02727,SP0180,,IMG02727_SP0180.jpg,Sandeep More,2018-06-24,19.941796,74.414482,Field Survey
IMG02728,SP0245,OBS015273,IMG02728_SP0245.jpg,Aarti Jadhav,2020-09-01,19.881844,74.418386,Flora
IMG02729,SP0281,OBS010669,IMG02729_SP0281.jpg,Rahul Deshpande,2017-09-22,19.914192,74.465606,Habitat
IMG02730,SP0425,OBS007662,IMG02730_SP0425.jpg,Kirti Kale,2018-03-24,19.933124,74.485568,Wildlife
IMG02731,SP0272,,IMG02731_SP0272.jpg,Sandeep Patil,2026-02-04,19.902429,74.568499,Citizen Submission
IMG02732,SP0362,OBS015560,IMG02732_SP0362.jpg,Sneha Patil,2020-07-03,19.862939,74.410036,Water Body
IMG02733,SP0200,,IMG02733_SP0200.jpg,Sneha Patil,2017-12-22,19.904577,74.373361,Wildlife
IMG02734,SP0204,,IMG02734_SP0204.jpg,Sandeep Patil,2020-02-03,19.932949,74.593759,Flora
IMG02735,SP0106,OBS019733,IMG02735_SP0106.jpg,Pooja Shinde,2020-08-16,19.885043,74.579763,Field Survey
IMG02736,SP0226,OBS011482,IMG02736_SP0226.jpg,Swati Shinde,2025-10-15,19.865554,74.547145,Flora
IMG02737,SP0240,,IMG02737_SP0240.jpg,Neha Deshpande,2018-07-12,19.935839,74.536625,Habitat
IMG02738,SP0253,OBS006902,IMG02738_SP0253.jpg,Swati Bhosale,2026-04-17,19.853828,74.447507,Field Survey
IMG02739,SP0106,OBS005633,IMG02739_SP0106.jpg,Priyanka More,2026-04-08,19.923483,74.461147,Wildlife
IMG02740,SP0403,,IMG02740_SP0403.jpg,Swati Bhosale,2021-10-14,19.870293,74.409941,Field Survey
IMG02741,SP0169,OBS011116,IMG02741_SP0169.jpg,Sneha Patil,2024-02-20,19.928651,74.385985,Citizen Submission
IMG02742,SP0125,OBS012843,IMG02742_SP0125.jpg,Amit Kale,2020-03-24,19.834752,74.411125,Field Survey
IMG02743,SP0306,,IMG02743_SP0306.jpg,Rajesh Kulkarni,2022-04-19,19.810817,74.509806,Habitat
IMG02744,SP0278,OBS013830,IMG02744_SP0278.jpg,Aarti Jadhav,2017-07-10,19.824278,74.426341,Water Body
IMG02745,SP0333,OBS000564,IMG02745_SP0333.jpg,Rahul Deshpande,2016-08-29,19.890794,74.357017,Flora
IMG02746,SP0050,,IMG02746_SP0050.jpg,Kirti Kale,2023-10-17,19.93187,74.542832,Water Body
IMG02747,SP0308,,IMG02747_SP0308.jpg,Om Shinde,2023-10-10,19.839824,74.591707,Flora
IMG02748,SP0183,OBS007352,IMG02748_SP0183.jpg,Pooja Shinde,2020-03-29,19.868173,74.429836,Water Body
IMG02749,SP0157,OBS006293,IMG02749_SP0157.jpg,Kirti Kale,2023-04-06,19.849811,74.388757,Wildlife
IMG02750,SP0170,OBS002697,IMG02750_SP0170.jpg,Rahul Pawar,2023-06-27,19.827113,74.551375,Flora
IMG02751,SP0062,OBS012422,IMG02751_SP0062.jpg,Vikram Joshi,2019-12-07,19.81484,74.524884,Wildlife
IMG02752,SP0420,,IMG02752_SP0420.jpg,Tejas Jadhav,2016-11-22,19.859638,74.381805,Wildlife
IMG02753,SP0073,OBS011358,IMG02753_SP0073.jpg,Rahul Deshpande,2019-11-06,19.876832,74.51803,Flora
IMG02754,SP0118,,IMG02754_SP0118.jpg,Om Bhosale,2025-02-03,19.875671,74.553715,Citizen Submission
IMG02755,SP0239,OBS014770,IMG02755_SP0239.jpg,Vikram Joshi,2021-01-03,19.948558,74.532873,Wildlife
IMG02756,SP0216,OBS013426,IMG02756_SP0216.jpg,Sandeep More,2018-06-26,19.905055,74.397942,Field Survey
IMG02757,SP0457,,IMG02757_SP0457.jpg,Tejas Jadhav,2022-01-07,19.826697,74.541304,Wildlife
IMG02758,SP0378,OBS002250,IMG02758_SP0378.jpg,Amit Kale,2021-06-01,19.83843,74.472501,Citizen Submission
IMG02759,SP0418,OBS008624,IMG02759_SP0418.jpg,Neha Pawar,2019-11-11,19.882549,74.516981,Wildlife
IMG02760,SP0344,,IMG02760_SP0344.jpg,Swati Bhosale,2021-02-20,19.839632,74.387319,Field Survey
IMG02761,SP0248,,IMG02761_SP0248.jpg,Sandeep Patil,2017-04-05,19.909455,74.555116,Habitat
IMG02762,SP0277,OBS006344,IMG02762_SP0277.jpg,Kirti Kale,2018-05-08,19.897856,74.534103,Water Body
IMG02763,SP0026,OBS007299,IMG02763_SP0026.jpg,Priyanka Patil,2018-06-25,19.843078,74.564394,Field Survey
IMG02764,SP0374,OBS011819,IMG02764_SP0374.jpg,Rajesh Kale,2025-01-06,19.825123,74.412144,Water Body
IMG02765,SP0157,OBS002095,IMG02765_SP0157.jpg,Rahul Deshpande,2018-08-27,19.810808,74.418388,Wildlife
IMG02766,SP0117,OBS010787,IMG02766_SP0117.jpg,Rahul Deshpande,2023-02-12,19.859546,74.573416,Habitat
IMG02767,SP0220,OBS002644,IMG02767_SP0220.jpg,Swati Shinde,2025-10-17,19.912619,74.376757,Field Survey
IMG02768,SP0218,OBS008785,IMG02768_SP0218.jpg,Priyanka More,2020-06-12,19.836012,74.543888,Water Body
IMG02769,SP0288,OBS012085,IMG02769_SP0288.jpg,Kirti Kale,2018-02-09,19.906634,74.47521,Habitat
IMG02770,SP0107,OBS001368,IMG02770_SP0107.jpg,Sneha Patil,2024-03-16,19.922394,74.555137,Wildlife
IMG02771,SP0389,,IMG02771_SP0389.jpg,Nikhil Pawar,2019-06-29,19.813681,74.366392,Water Body
IMG02772,SP0281,OBS016342,IMG02772_SP0281.jpg,Pooja Shinde,2020-06-11,19.909154,74.595691,Flora
IMG02773,SP0035,OBS009867,IMG02773_SP0035.jpg,Neha Pawar,2020-10-08,19.810259,74.574053,Wildlife
IMG02774,SP0175,OBS001024,IMG02774_SP0175.jpg,Rajesh Kale,2017-02-25,19.862124,74.560967,Flora
IMG02775,SP0300,,IMG02775_SP0300.jpg,Vikram Joshi,2022-07-13,19.859013,74.454135,Flora
IMG02776,SP0320,OBS009718,IMG02776_SP0320.jpg,Sandeep More,2022-07-03,19.854092,74.426632,Field Survey
IMG02777,SP0137,OBS018276,IMG02777_SP0137.jpg,Rahul Pawar,2025-07-25,19.82348,74.488239,Field Survey
IMG02778,SP0076,OBS012238,IMG02778_SP0076.jpg,Nikhil Pawar,2018-10-15,19.921376,74.463331,Wildlife
IMG02779,SP0306,OBS000519,IMG02779_SP0306.jpg,Sneha More,2022-03-30,19.882077,74.460097,Field Survey
IMG02780,SP0237,OBS002211,IMG02780_SP0237.jpg,Amit Kulkarni,2017-10-18,19.852866,74.575401,Field Survey
IMG02781,SP0406,,IMG02781_SP0406.jpg,Amit Kulkarni,2019-04-17,19.863106,74.442916,Flora
IMG02782,SP0313,OBS010488,IMG02782_SP0313.jpg,Kirti Kulkarni,2023-07-27,19.905352,74.435183,Field Survey
IMG02783,SP0245,OBS010346,IMG02783_SP0245.jpg,Tejas Jadhav,2018-02-20,19.914074,74.531167,Wildlife
IMG02784,SP0367,OBS012591,IMG02784_SP0367.jpg,Priyanka More,2023-05-24,19.84886,74.527846,Water Body
IMG02785,SP0170,OBS008273,IMG02785_SP0170.jpg,Priyanka Patil,2024-04-21,19.943029,74.384969,Water Body
IMG02786,SP0336,OBS013207,IMG02786_SP0336.jpg,Kirti Kulkarni,2022-10-25,19.880178,74.524598,Field Survey
IMG02787,SP0344,OBS002065,IMG02787_SP0344.jpg,Vikram Jadhav,2018-02-21,19.846835,74.542916,Habitat
IMG02788,SP0112,,IMG02788_SP0112.jpg,Vikram Joshi,2022-06-03,19.829758,74.416453,Flora
IMG02789,SP0101,OBS014951,IMG02789_SP0101.jpg,Aarti Joshi,2021-12-01,19.93935,74.400873,Wildlife
IMG02790,SP0132,OBS001040,IMG02790_SP0132.jpg,Sneha More,2020-12-28,19.825804,74.353906,Field Survey
IMG02791,SP0226,OBS006285,IMG02791_SP0226.jpg,Priyanka Patil,2026-04-26,19.884902,74.356591,Citizen Submission
IMG02792,SP0230,OBS009491,IMG02792_SP0230.jpg,Kirti Kale,2019-09-07,19.81105,74.492628,Field Survey
IMG02793,SP0217,OBS008166,IMG02793_SP0217.jpg,Tejas Jadhav,2020-01-10,19.922969,74.396276,Water Body
IMG02794,SP0312,,IMG02794_SP0312.jpg,Tejas Joshi,2023-05-22,19.935957,74.478683,Wildlife
IMG02795,SP0345,OBS017961,IMG02795_SP0345.jpg,Amit Kulkarni,2025-07-07,19.822442,74.585465,Citizen Submission
IMG02796,SP0044,OBS011581,IMG02796_SP0044.jpg,Pooja Shinde,2025-11-06,19.913546,74.385303,Habitat
IMG02797,SP0232,OBS008012,IMG02797_SP0232.jpg,Pooja Shinde,2026-02-03,19.827788,74.586927,Flora
IMG02798,SP0141,OBS006407,IMG02798_SP0141.jpg,Om Bhosale,2016-11-20,19.914142,74.576278,Habitat
IMG02799,SP0312,OBS013769,IMG02799_SP0312.jpg,Aarti Jadhav,2023-09-12,19.829957,74.448045,Habitat
IMG02800,SP0002,,IMG02800_SP0002.jpg,Amit Kale,2024-07-02,19.94987,74.538124,Wildlife
IMG02801,SP0062,,IMG02801_SP0062.jpg,Priyanka Patil,2019-12-08,19.833701,74.497498,Field Survey
IMG02802,SP0216,,IMG02802_SP0216.jpg,Rajesh Kulkarni,2018-06-03,19.886142,74.391944,Wildlife
IMG02803,SP0186,OBS009884,IMG02803_SP0186.jpg,Rajesh Kale,2023-07-18,19.838885,74.471173,Field Survey
IMG02804,SP0135,OBS010583,IMG02804_SP0135.jpg,Sandeep More,2022-01-02,19.872097,74.555256,Habitat
IMG02805,SP0078,OBS000241,IMG02805_SP0078.jpg,Om Bhosale,2023-05-15,19.904502,74.568194,Flora
IMG02806,SP0063,,IMG02806_SP0063.jpg,Aarti Jadhav,2025-02-09,19.888251,74.392898,Wildlife
IMG02807,SP0207,,IMG02807_SP0207.jpg,Sneha Patil,2018-05-24,19.948173,74.479322,Field Survey
IMG02808,SP0406,,IMG02808_SP0406.jpg,Aarti Joshi,2022-12-27,19.83836,74.354459,Field Survey
IMG02809,SP0311,OBS015867,IMG02809_SP0311.jpg,Neha Pawar,2023-06-17,19.887286,74.431727,Field Survey
IMG02810,SP0058,OBS011372,IMG02810_SP0058.jpg,Rajesh Kale,2026-03-23,19.892963,74.450801,Citizen Submission
IMG02811,SP0418,OBS015686,IMG02811_SP0418.jpg,Rahul Deshpande,2018-01-01,19.943601,74.38954,Habitat
IMG02812,SP0249,OBS002629,IMG02812_SP0249.jpg,Swati Shinde,2025-02-20,19.84,74.41462,Wildlife
IMG02813,SP0096,,IMG02813_SP0096.jpg,Sneha More,2017-12-09,19.822331,74.545937,Water Body
IMG02814,SP0203,OBS007893,IMG02814_SP0203.jpg,Rahul Pawar,2025-12-10,19.841992,74.572208,Wildlife
IMG02815,SP0246,,IMG02815_SP0246.jpg,Sandeep Patil,2023-03-07,19.852681,74.522562,Wildlife
IMG02816,SP0459,,IMG02816_SP0459.jpg,Pooja Bhosale,2018-06-21,19.915715,74.505862,Flora
IMG02817,SP0370,OBS008100,IMG02817_SP0370.jpg,Om Shinde,2024-06-18,19.867597,74.592912,Wildlife
IMG02818,SP0343,OBS015072,IMG02818_SP0343.jpg,Swati Bhosale,2017-01-28,19.910665,74.475529,Flora
IMG02819,SP0235,,IMG02819_SP0235.jpg,Swati Bhosale,2020-02-08,19.882683,74.403739,Field Survey
IMG02820,SP0234,OBS001724,IMG02820_SP0234.jpg,Pooja Shinde,2019-12-22,19.928914,74.469775,Flora
IMG02821,SP0178,OBS002735,IMG02821_SP0178.jpg,Vikram Joshi,2023-02-17,19.801186,74.4567,Wildlife
IMG02822,SP0210,OBS005853,IMG02822_SP0210.jpg,Amit Kulkarni,2017-09-05,19.896252,74.469708,Water Body
IMG02823,SP0343,OBS000024,IMG02823_SP0343.jpg,Om Bhosale,2025-10-27,19.860269,74.585155,Flora
IMG02824,SP0339,,IMG02824_SP0339.jpg,Nikhil Pawar,2020-12-26,19.918632,74.383657,Flora
IMG02825,SP0239,,IMG02825_SP0239.jpg,Swati Bhosale,2026-05-21,19.821846,74.50188,Field Survey
IMG02826,SP0354,OBS011565,IMG02826_SP0354.jpg,Sandeep Patil,2021-04-09,19.910212,74.386006,Habitat
IMG02827,SP0357,OBS013396,IMG02827_SP0357.jpg,Vikram Joshi,2025-11-19,19.820207,74.521926,Water Body
IMG02828,SP0431,OBS010781,IMG02828_SP0431.jpg,Pooja Bhosale,2018-04-02,19.826272,74.369377,Citizen Submission
IMG02829,SP0350,OBS010016,IMG02829_SP0350.jpg,Kirti Kulkarni,2021-12-31,19.820425,74.380227,Flora
IMG02830,SP0055,OBS002561,IMG02830_SP0055.jpg,Swati Shinde,2025-08-20,19.869084,74.418617,Water Body
IMG02831,SP0083,,IMG02831_SP0083.jpg,Vikram Joshi,2025-06-27,19.902027,74.562457,Field Survey
IMG02832,SP0422,OBS009013,IMG02832_SP0422.jpg,Swati Bhosale,2026-06-11,19.809622,74.367493,Field Survey
IMG02833,SP0084,,IMG02833_SP0084.jpg,Vikram Joshi,2017-10-13,19.907055,74.375663,Flora
IMG02834,SP0047,OBS005756,IMG02834_SP0047.jpg,Amit Kale,2024-06-02,19.841052,74.421906,Field Survey
IMG02835,SP0182,,IMG02835_SP0182.jpg,Priyanka More,2019-09-26,19.839447,74.489141,Habitat
IMG02836,SP0115,,IMG02836_SP0115.jpg,Swati Bhosale,2020-04-22,19.898328,74.571745,Wildlife
IMG02837,SP0273,OBS010659,IMG02837_SP0273.jpg,Amit Kulkarni,2026-02-18,19.885845,74.557482,Citizen Submission
IMG02838,SP0256,,IMG02838_SP0256.jpg,Aarti Joshi,2022-04-30,19.82102,74.359703,Wildlife
IMG02839,SP0269,OBS019926,IMG02839_SP0269.jpg,Kirti Kale,2021-07-06,19.841267,74.411323,Citizen Submission
IMG02840,SP0023,OBS014656,IMG02840_SP0023.jpg,Vikram Joshi,2023-05-22,19.870018,74.435863,Citizen Submission
IMG02841,SP0283,OBS003741,IMG02841_SP0283.jpg,Aarti Jadhav,2016-08-23,19.846882,74.510012,Flora
IMG02842,SP0012,OBS013035,IMG02842_SP0012.jpg,Vikram Jadhav,2017-10-25,19.84696,74.494423,Habitat
IMG02843,SP0190,OBS017380,IMG02843_SP0190.jpg,Sneha Patil,2020-09-29,19.888067,74.472778,Water Body
IMG02844,SP0431,OBS010423,IMG02844_SP0431.jpg,Rahul Pawar,2017-11-28,19.810015,74.44657,Citizen Submission
IMG02845,SP0095,,IMG02845_SP0095.jpg,Om Bhosale,2020-08-23,19.949329,74.519951,Field Survey
IMG02846,SP0274,,IMG02846_SP0274.jpg,Om Bhosale,2022-08-13,19.896177,74.446495,Citizen Submission
IMG02847,SP0227,OBS004357,IMG02847_SP0227.jpg,Rahul Pawar,2024-07-04,19.875162,74.589968,Wildlife
IMG02848,SP0071,OBS009621,IMG02848_SP0071.jpg,Pooja Bhosale,2024-03-21,19.886462,74.353224,Water Body
IMG02849,SP0199,OBS011534,IMG02849_SP0199.jpg,Swati Bhosale,2016-10-08,19.862245,74.582524,Citizen Submission
IMG02850,SP0260,OBS013337,IMG02850_SP0260.jpg,Sneha Patil,2023-11-06,19.821031,74.555962,Habitat
IMG02851,SP0216,,IMG02851_SP0216.jpg,Amit Kale,2025-01-17,19.812187,74.352865,Water Body
IMG02852,SP0178,OBS010850,IMG02852_SP0178.jpg,Vikram Joshi,2025-07-16,19.813745,74.452593,Flora
IMG02853,SP0243,,IMG02853_SP0243.jpg,Pooja Bhosale,2020-03-16,19.935205,74.35576,Field Survey
IMG02854,SP0314,OBS019818,IMG02854_SP0314.jpg,Kirti Kale,2021-03-22,19.839461,74.444056,Water Body
IMG02855,SP0291,OBS019279,IMG02855_SP0291.jpg,Swati Bhosale,2023-07-04,19.948664,74.378815,Wildlife
IMG02856,SP0119,OBS017969,IMG02856_SP0119.jpg,Pooja Shinde,2022-05-06,19.945829,74.548086,Field Survey
IMG02857,SP0011,,IMG02857_SP0011.jpg,Rajesh Kulkarni,2025-10-25,19.927388,74.59846,Field Survey
IMG02858,SP0445,OBS000529,IMG02858_SP0445.jpg,Swati Shinde,2021-06-11,19.820604,74.425347,Flora
IMG02859,SP0145,,IMG02859_SP0145.jpg,Pooja Shinde,2023-10-13,19.928018,74.5054,Habitat
IMG02860,SP0441,,IMG02860_SP0441.jpg,Rahul Pawar,2017-12-31,19.85801,74.415295,Wildlife
IMG02861,SP0055,OBS019325,IMG02861_SP0055.jpg,Neha Pawar,2020-02-16,19.849209,74.52613,Citizen Submission
IMG02862,SP0411,OBS007664,IMG02862_SP0411.jpg,Priyanka Patil,2022-06-17,19.807176,74.411378,Wildlife
IMG02863,SP0337,OBS018479,IMG02863_SP0337.jpg,Pooja Bhosale,2023-01-07,19.901763,74.430756,Field Survey
IMG02864,SP0038,OBS012406,IMG02864_SP0038.jpg,Vikram Joshi,2024-07-07,19.827377,74.533264,Wildlife
IMG02865,SP0424,OBS016784,IMG02865_SP0424.jpg,Vikram Joshi,2024-06-23,19.918246,74.545056,Flora
IMG02866,SP0109,,IMG02866_SP0109.jpg,Neha Pawar,2018-05-09,19.944065,74.59365,Habitat
IMG02867,SP0186,OBS019809,IMG02867_SP0186.jpg,Pooja Shinde,2025-07-05,19.916448,74.495866,Water Body
IMG02868,SP0144,,IMG02868_SP0144.jpg,Sandeep Patil,2021-05-20,19.914465,74.53009,Wildlife
IMG02869,SP0386,OBS000374,IMG02869_SP0386.jpg,Rajesh Kulkarni,2021-10-28,19.944772,74.509941,Field Survey
IMG02870,SP0300,OBS019708,IMG02870_SP0300.jpg,Om Shinde,2016-10-24,19.844871,74.518432,Field Survey
IMG02871,SP0225,,IMG02871_SP0225.jpg,Aarti Joshi,2017-03-06,19.810073,74.36877,Water Body
IMG02872,SP0372,OBS015763,IMG02872_SP0372.jpg,Om Shinde,2019-01-31,19.90343,74.528432,Citizen Submission
IMG02873,SP0149,OBS019237,IMG02873_SP0149.jpg,Rajesh Kulkarni,2016-12-02,19.911119,74.388142,Habitat
IMG02874,SP0007,OBS011006,IMG02874_SP0007.jpg,Sneha More,2021-02-02,19.933453,74.546612,Citizen Submission
IMG02875,SP0449,,IMG02875_SP0449.jpg,Om Shinde,2019-04-05,19.877588,74.422771,Flora
IMG02876,SP0352,OBS005148,IMG02876_SP0352.jpg,Neha Pawar,2021-07-04,19.841894,74.41321,Water Body
IMG02877,SP0214,OBS010910,IMG02877_SP0214.jpg,Kirti Kale,2022-04-05,19.80498,74.58255,Water Body
IMG02878,SP0383,OBS004422,IMG02878_SP0383.jpg,Neha Deshpande,2025-09-28,19.884031,74.368195,Wildlife
IMG02879,SP0085,OBS011377,IMG02879_SP0085.jpg,Pooja Shinde,2023-09-12,19.87159,74.559821,Wildlife
IMG02880,SP0033,OBS012688,IMG02880_SP0033.jpg,Pooja Shinde,2022-10-21,19.891346,74.568705,Flora
IMG02881,SP0105,OBS015617,IMG02881_SP0105.jpg,Swati Shinde,2026-02-19,19.860602,74.592176,Wildlife
IMG02882,SP0416,,IMG02882_SP0416.jpg,Tejas Jadhav,2024-09-28,19.860975,74.419011,Wildlife
IMG02883,SP0200,,IMG02883_SP0200.jpg,Sneha Patil,2023-08-15,19.839073,74.562802,Water Body
IMG02884,SP0306,,IMG02884_SP0306.jpg,Rahul Deshpande,2020-01-21,19.932459,74.536348,Water Body
IMG02885,SP0023,,IMG02885_SP0023.jpg,Swati Shinde,2024-09-07,19.911144,74.369037,Field Survey
IMG02886,SP0052,OBS009509,IMG02886_SP0052.jpg,Om Bhosale,2019-01-27,19.85726,74.360696,Field Survey
IMG02887,SP0392,OBS015111,IMG02887_SP0392.jpg,Vikram Joshi,2022-05-19,19.864198,74.378508,Water Body
IMG02888,SP0063,OBS010787,IMG02888_SP0063.jpg,Pooja Shinde,2019-02-10,19.861744,74.50459,Citizen Submission
IMG02889,SP0370,,IMG02889_SP0370.jpg,Vikram Joshi,2017-12-22,19.865119,74.54901,Citizen Submission
IMG02890,SP0074,OBS019968,IMG02890_SP0074.jpg,Om Bhosale,2023-12-07,19.817627,74.443683,Flora
IMG02891,SP0258,,IMG02891_SP0258.jpg,Rahul Deshpande,2021-02-03,19.922899,74.448068,Wildlife
IMG02892,SP0399,OBS008921,IMG02892_SP0399.jpg,Swati Bhosale,2025-12-13,19.880739,74.48014,Wildlife
IMG02893,SP0373,OBS017617,IMG02893_SP0373.jpg,Kirti Kulkarni,2026-02-19,19.842837,74.584932,Wildlife
IMG02894,SP0183,,IMG02894_SP0183.jpg,Rajesh Kulkarni,2020-09-20,19.855486,74.404482,Habitat
IMG02895,SP0149,OBS001514,IMG02895_SP0149.jpg,Tejas Joshi,2025-04-21,19.944956,74.541844,Habitat
IMG02896,SP0125,OBS013002,IMG02896_SP0125.jpg,Tejas Jadhav,2023-05-09,19.871934,74.481396,Habitat
IMG02897,SP0145,OBS017328,IMG02897_SP0145.jpg,Neha Pawar,2020-03-20,19.812858,74.477689,Citizen Submission
IMG02898,SP0421,,IMG02898_SP0421.jpg,Sneha More,2016-08-11,19.852981,74.506995,Field Survey
IMG02899,SP0205,,IMG02899_SP0205.jpg,Amit Kulkarni,2020-01-27,19.926369,74.508575,Field Survey
IMG02900,SP0012,OBS002984,IMG02900_SP0012.jpg,Sneha Patil,2026-06-18,19.810765,74.36414,Citizen Submission
IMG02901,SP0344,OBS017031,IMG02901_SP0344.jpg,Rahul Deshpande,2023-07-05,19.826186,74.42079,Citizen Submission
IMG02902,SP0247,OBS016064,IMG02902_SP0247.jpg,Rajesh Kale,2017-04-05,19.920273,74.479278,Habitat
IMG02903,SP0111,,IMG02903_SP0111.jpg,Om Bhosale,2022-10-14,19.910666,74.360564,Wildlife
IMG02904,SP0085,,IMG02904_SP0085.jpg,Rahul Deshpande,2021-05-26,19.840593,74.42369,Wildlife
IMG02905,SP0179,OBS016572,IMG02905_SP0179.jpg,Aarti Joshi,2017-03-04,19.902635,74.426872,Flora
IMG02906,SP0218,OBS006549,IMG02906_SP0218.jpg,Rajesh Kulkarni,2025-01-25,19.944036,74.524546,Field Survey
IMG02907,SP0023,,IMG02907_SP0023.jpg,Kirti Kale,2025-04-22,19.927013,74.440188,Wildlife
IMG02908,SP0439,OBS013172,IMG02908_SP0439.jpg,Kirti Kulkarni,2024-02-02,19.908596,74.354133,Flora
IMG02909,SP0138,OBS019729,IMG02909_SP0138.jpg,Neha Pawar,2016-09-24,19.924343,74.444774,Water Body
IMG02910,SP0204,OBS007083,IMG02910_SP0204.jpg,Swati Bhosale,2022-03-27,19.866959,74.548763,Habitat
IMG02911,SP0085,,IMG02911_SP0085.jpg,Pooja Shinde,2024-06-12,19.925556,74.531494,Habitat
IMG02912,SP0361,,IMG02912_SP0361.jpg,Aarti Jadhav,2025-09-07,19.867947,74.445471,Water Body
IMG02913,SP0041,OBS004083,IMG02913_SP0041.jpg,Rajesh Kale,2023-05-28,19.804092,74.599814,Citizen Submission
IMG02914,SP0451,OBS010636,IMG02914_SP0451.jpg,Swati Bhosale,2018-07-11,19.923881,74.548431,Water Body
IMG02915,SP0393,OBS006470,IMG02915_SP0393.jpg,Priyanka More,2016-11-06,19.809792,74.576584,Wildlife
IMG02916,SP0068,,IMG02916_SP0068.jpg,Vikram Joshi,2021-05-14,19.902909,74.504074,Water Body
IMG02917,SP0402,OBS016763,IMG02917_SP0402.jpg,Nikhil Deshpande,2017-04-04,19.812876,74.56143,Wildlife
IMG02918,SP0447,OBS011759,IMG02918_SP0447.jpg,Om Shinde,2026-02-01,19.819402,74.435927,Citizen Submission
IMG02919,SP0037,OBS018683,IMG02919_SP0037.jpg,Amit Kulkarni,2020-11-16,19.909586,74.398711,Field Survey
IMG02920,SP0357,OBS013235,IMG02920_SP0357.jpg,Sandeep More,2017-07-13,19.93991,74.392311,Water Body
IMG02921,SP0443,,IMG02921_SP0443.jpg,Sneha Patil,2018-07-25,19.94475,74.413176,Citizen Submission
IMG02922,SP0209,OBS019765,IMG02922_SP0209.jpg,Aarti Jadhav,2022-08-05,19.900494,74.466187,Flora
IMG02923,SP0255,OBS007676,IMG02923_SP0255.jpg,Priyanka Patil,2021-11-11,19.851594,74.544296,Habitat
IMG02924,SP0334,OBS018541,IMG02924_SP0334.jpg,Vikram Joshi,2019-02-18,19.864668,74.521438,Wildlife
IMG02925,SP0389,OBS013606,IMG02925_SP0389.jpg,Nikhil Deshpande,2023-07-23,19.928984,74.504983,Field Survey
IMG02926,SP0359,OBS005991,IMG02926_SP0359.jpg,Sandeep More,2022-01-10,19.896995,74.580664,Field Survey
IMG02927,SP0022,,IMG02927_SP0022.jpg,Neha Deshpande,2025-06-12,19.847629,74.514313,Water Body
IMG02928,SP0268,OBS014446,IMG02928_SP0268.jpg,Priyanka Patil,2022-10-06,19.889605,74.402008,Citizen Submission
IMG02929,SP0082,OBS008366,IMG02929_SP0082.jpg,Vikram Jadhav,2026-07-18,19.841413,74.561623,Wildlife
IMG02930,SP0233,,IMG02930_SP0233.jpg,Pooja Shinde,2016-10-13,19.814712,74.407742,Citizen Submission
IMG02931,SP0038,,IMG02931_SP0038.jpg,Rahul Pawar,2018-09-19,19.82351,74.360904,Wildlife
IMG02932,SP0359,,IMG02932_SP0359.jpg,Amit Kulkarni,2023-04-24,19.816272,74.363688,Wildlife
IMG02933,SP0066,,IMG02933_SP0066.jpg,Tejas Joshi,2023-03-24,19.807314,74.426843,Flora
IMG02934,SP0108,OBS011439,IMG02934_SP0108.jpg,Nikhil Deshpande,2016-09-25,19.867378,74.594256,Habitat
IMG02935,SP0364,OBS000190,IMG02935_SP0364.jpg,Sandeep More,2017-10-16,19.929066,74.388795,Field Survey
IMG02936,SP0265,OBS014703,IMG02936_SP0265.jpg,Nikhil Deshpande,2022-06-16,19.916709,74.40601,Habitat
IMG02937,SP0308,OBS018802,IMG02937_SP0308.jpg,Sneha More,2018-12-03,19.878663,74.427314,Water Body
IMG02938,SP0350,OBS014095,IMG02938_SP0350.jpg,Rajesh Kulkarni,2017-06-17,19.866559,74.351279,Habitat
IMG02939,SP0239,,IMG02939_SP0239.jpg,Sneha Patil,2018-04-08,19.930353,74.457661,Habitat
IMG02940,SP0209,OBS006976,IMG02940_SP0209.jpg,Vikram Joshi,2017-07-17,19.907882,74.406599,Wildlife
IMG02941,SP0232,,IMG02941_SP0232.jpg,Nikhil Deshpande,2018-03-23,19.948608,74.408536,Field Survey
IMG02942,SP0227,OBS005801,IMG02942_SP0227.jpg,Amit Kulkarni,2024-08-18,19.928433,74.51523,Habitat
IMG02943,SP0295,OBS005040,IMG02943_SP0295.jpg,Rahul Deshpande,2020-02-03,19.820769,74.505819,Water Body
IMG02944,SP0121,,IMG02944_SP0121.jpg,Pooja Bhosale,2019-03-02,19.866275,74.459333,Citizen Submission
IMG02945,SP0270,OBS013272,IMG02945_SP0270.jpg,Swati Shinde,2025-05-08,19.816475,74.53533,Flora
IMG02946,SP0228,,IMG02946_SP0228.jpg,Rahul Deshpande,2022-10-13,19.852902,74.435156,Citizen Submission
IMG02947,SP0381,OBS003432,IMG02947_SP0381.jpg,Sneha More,2022-10-11,19.816316,74.433381,Field Survey
IMG02948,SP0398,OBS014183,IMG02948_SP0398.jpg,Pooja Shinde,2018-04-29,19.905695,74.499497,Flora
IMG02949,SP0406,,IMG02949_SP0406.jpg,Pooja Shinde,2016-10-29,19.90357,74.56793,Flora
IMG02950,SP0014,OBS007223,IMG02950_SP0014.jpg,Kirti Kale,2025-04-01,19.897358,74.530103,Citizen Submission
IMG02951,SP0238,OBS007471,IMG02951_SP0238.jpg,Priyanka Patil,2017-10-30,19.948268,74.542087,Flora
IMG02952,SP0179,OBS003761,IMG02952_SP0179.jpg,Kirti Kale,2022-06-11,19.92788,74.388416,Field Survey
IMG02953,SP0113,OBS001492,IMG02953_SP0113.jpg,Amit Kulkarni,2024-06-09,19.835309,74.580681,Field Survey
IMG02954,SP0045,,IMG02954_SP0045.jpg,Om Bhosale,2022-08-22,19.921808,74.498857,Field Survey
IMG02955,SP0161,OBS018859,IMG02955_SP0161.jpg,Vikram Joshi,2025-09-25,19.839186,74.419079,Flora
IMG02956,SP0434,OBS003321,IMG02956_SP0434.jpg,Vikram Joshi,2019-01-21,19.888299,74.380561,Flora
IMG02957,SP0001,OBS009923,IMG02957_SP0001.jpg,Amit Kale,2025-11-10,19.901889,74.458017,Citizen Submission
IMG02958,SP0068,OBS009918,IMG02958_SP0068.jpg,Priyanka More,2024-06-14,19.83127,74.425913,Citizen Submission
IMG02959,SP0368,OBS015743,IMG02959_SP0368.jpg,Sneha Patil,2020-08-04,19.875604,74.510529,Water Body
IMG02960,SP0158,OBS006725,IMG02960_SP0158.jpg,Amit Kale,2017-04-02,19.895697,74.428031,Habitat
IMG02961,SP0151,OBS007076,IMG02961_SP0151.jpg,Aarti Jadhav,2025-03-18,19.863231,74.404085,Water Body
IMG02962,SP0450,OBS008744,IMG02962_SP0450.jpg,Neha Pawar,2023-02-20,19.8746,74.406149,Flora
IMG02963,SP0402,OBS008424,IMG02963_SP0402.jpg,Neha Pawar,2017-03-21,19.927761,74.562555,Wildlife
IMG02964,SP0448,OBS019372,IMG02964_SP0448.jpg,Rajesh Kale,2018-05-22,19.878253,74.578114,Habitat
IMG02965,SP0131,OBS010360,IMG02965_SP0131.jpg,Sandeep More,2024-09-02,19.947587,74.376531,Field Survey
IMG02966,SP0179,,IMG02966_SP0179.jpg,Priyanka Patil,2023-03-21,19.912182,74.531725,Citizen Submission
IMG02967,SP0352,OBS000407,IMG02967_SP0352.jpg,Rajesh Kulkarni,2024-03-26,19.849929,74.561789,Water Body
IMG02968,SP0296,,IMG02968_SP0296.jpg,Nikhil Pawar,2022-01-30,19.902241,74.438879,Flora
IMG02969,SP0256,OBS012354,IMG02969_SP0256.jpg,Vikram Joshi,2024-05-24,19.849273,74.426361,Citizen Submission
IMG02970,SP0299,,IMG02970_SP0299.jpg,Amit Kale,2022-11-10,19.800848,74.509132,Habitat
IMG02971,SP0030,OBS013680,IMG02971_SP0030.jpg,Swati Shinde,2022-05-03,19.861468,74.433393,Wildlife
IMG02972,SP0395,OBS011935,IMG02972_SP0395.jpg,Rahul Deshpande,2017-10-09,19.838721,74.404102,Habitat
IMG02973,SP0017,,IMG02973_SP0017.jpg,Rahul Deshpande,2021-03-03,19.902877,74.39792,Wildlife
IMG02974,SP0288,OBS019225,IMG02974_SP0288.jpg,Pooja Shinde,2021-08-07,19.829501,74.562072,Water Body
IMG02975,SP0020,,IMG02975_SP0020.jpg,Rahul Deshpande,2020-03-09,19.890541,74.478434,Water Body
IMG02976,SP0104,,IMG02976_SP0104.jpg,Kirti Kale,2017-09-18,19.824292,74.396433,Flora
IMG02977,SP0454,OBS016142,IMG02977_SP0454.jpg,Sandeep Patil,2022-09-26,19.834402,74.454389,Flora
IMG02978,SP0064,OBS005063,IMG02978_SP0064.jpg,Rahul Pawar,2023-03-29,19.855635,74.501788,Citizen Submission
IMG02979,SP0269,OBS012749,IMG02979_SP0269.jpg,Priyanka More,2024-11-05,19.851952,74.529563,Water Body
IMG02980,SP0123,OBS001197,IMG02980_SP0123.jpg,Rahul Pawar,2022-04-16,19.804187,74.569764,Citizen Submission
IMG02981,SP0189,,IMG02981_SP0189.jpg,Kirti Kale,2020-04-15,19.92124,74.587804,Field Survey
IMG02982,SP0444,OBS019768,IMG02982_SP0444.jpg,Vikram Joshi,2024-02-28,19.927836,74.474259,Field Survey
IMG02983,SP0460,OBS008512,IMG02983_SP0460.jpg,Om Shinde,2021-02-07,19.864877,74.366974,Field Survey
IMG02984,SP0301,OBS011457,IMG02984_SP0301.jpg,Vikram Jadhav,2018-07-23,19.922285,74.590597,Field Survey
IMG02985,SP0288,OBS012840,IMG02985_SP0288.jpg,Rahul Deshpande,2020-12-15,19.897648,74.49721,Wildlife
IMG02986,SP0178,,IMG02986_SP0178.jpg,Sneha Patil,2021-10-15,19.865592,74.350914,Wildlife
IMG02987,SP0032,,IMG02987_SP0032.jpg,Rahul Pawar,2018-01-03,19.845714,74.482115,Wildlife
IMG02988,SP0248,,IMG02988_SP0248.jpg,Vikram Joshi,2025-01-20,19.907087,74.525188,Water Body
IMG02989,SP0080,,IMG02989_SP0080.jpg,Tejas Joshi,2024-02-23,19.842339,74.403435,Water Body
IMG02990,SP0361,,IMG02990_SP0361.jpg,Sandeep More,2018-12-27,19.842778,74.365099,Wildlife
IMG02991,SP0206,OBS002400,IMG02991_SP0206.jpg,Vikram Jadhav,2023-03-10,19.909757,74.428371,Flora
IMG02992,SP0236,OBS012049,IMG02992_SP0236.jpg,Vikram Joshi,2022-07-06,19.827871,74.582775,Flora
IMG02993,SP0032,OBS018990,IMG02993_SP0032.jpg,Om Bhosale,2024-03-25,19.836454,74.467172,Field Survey
IMG02994,SP0449,OBS013969,IMG02994_SP0449.jpg,Aarti Jadhav,2023-07-10,19.907479,74.590166,Field Survey
IMG02995,SP0220,,IMG02995_SP0220.jpg,Amit Kulkarni,2023-09-01,19.929523,74.466943,Field Survey
IMG02996,SP0165,OBS010209,IMG02996_SP0165.jpg,Sandeep Patil,2019-06-28,19.937325,74.538184,Water Body
IMG02997,SP0409,,IMG02997_SP0409.jpg,Vikram Jadhav,2026-08-07,19.849562,74.572459,Water Body
IMG02998,SP0020,,IMG02998_SP0020.jpg,Om Bhosale,2025-07-09,19.806916,74.357259,Citizen Submission
IMG02999,SP0458,,IMG02999_SP0458.jpg,Rahul Deshpande,2024-12-10,19.809051,74.590284,Water Body
IMG03000,SP0283,,IMG03000_SP0283.jpg,Amit Kale,2025-05-18,19.805399,74.419244,Wildlife
IMG03001,SP0301,,IMG03001_SP0301.jpg,Rahul Pawar,2026-08-02,19.832622,74.35839,Wildlife
IMG03002,SP0285,OBS001695,IMG03002_SP0285.jpg,Swati Bhosale,2020-04-10,19.936311,74.494443,Habitat
IMG03003,SP0425,OBS008525,IMG03003_SP0425.jpg,Aarti Joshi,2017-06-10,19.870194,74.454037,Citizen Submission
IMG03004,SP0281,OBS012306,IMG03004_SP0281.jpg,Sandeep More,2023-10-15,19.836575,74.351357,Field Survey
IMG03005,SP0053,OBS012318,IMG03005_SP0053.jpg,Swati Shinde,2024-05-28,19.843818,74.415173,Habitat
IMG03006,SP0378,OBS001630,IMG03006_SP0378.jpg,Kirti Kale,2025-10-10,19.941129,74.416394,Flora
IMG03007,SP0387,,IMG03007_SP0387.jpg,Rajesh Kulkarni,2021-08-09,19.871783,74.493489,Flora
IMG03008,SP0184,OBS011919,IMG03008_SP0184.jpg,Amit Kulkarni,2018-03-14,19.925743,74.412652,Water Body
IMG03009,SP0036,OBS003731,IMG03009_SP0036.jpg,Swati Shinde,2025-07-22,19.806286,74.352826,Habitat
IMG03010,SP0424,OBS007642,IMG03010_SP0424.jpg,Tejas Jadhav,2018-01-27,19.867797,74.480675,Habitat
IMG03011,SP0411,OBS001512,IMG03011_SP0411.jpg,Neha Pawar,2019-05-30,19.83502,74.433645,Water Body
IMG03012,SP0238,OBS005956,IMG03012_SP0238.jpg,Sandeep More,2025-08-31,19.889325,74.441386,Water Body
IMG03013,SP0179,,IMG03013_SP0179.jpg,Pooja Shinde,2024-03-23,19.821622,74.367847,Wildlife
IMG03014,SP0311,,IMG03014_SP0311.jpg,Vikram Joshi,2025-05-30,19.80502,74.483191,Wildlife
IMG03015,SP0209,OBS004097,IMG03015_SP0209.jpg,Rajesh Kale,2016-11-21,19.844708,74.573122,Wildlife
IMG03016,SP0178,,IMG03016_SP0178.jpg,Sandeep More,2023-09-14,19.922646,74.41823,Habitat
IMG03017,SP0112,OBS000318,IMG03017_SP0112.jpg,Rajesh Kulkarni,2017-10-24,19.908158,74.420806,Wildlife
IMG03018,SP0100,OBS016539,IMG03018_SP0100.jpg,Sandeep More,2017-11-29,19.911296,74.353787,Citizen Submission
IMG03019,SP0062,OBS018273,IMG03019_SP0062.jpg,Nikhil Pawar,2023-11-28,19.948135,74.461155,Water Body
IMG03020,SP0320,OBS002545,IMG03020_SP0320.jpg,Pooja Shinde,2024-06-22,19.915167,74.404399,Water Body
IMG03021,SP0284,OBS006385,IMG03021_SP0284.jpg,Rajesh Kale,2016-10-30,19.9328,74.383028,Wildlife
IMG03022,SP0337,OBS017089,IMG03022_SP0337.jpg,Tejas Jadhav,2017-06-01,19.935976,74.450786,Water Body
IMG03023,SP0373,OBS015037,IMG03023_SP0373.jpg,Pooja Bhosale,2023-09-07,19.846222,74.487948,Habitat
IMG03024,SP0306,,IMG03024_SP0306.jpg,Amit Kulkarni,2017-03-25,19.923342,74.52736,Habitat
IMG03025,SP0328,OBS012565,IMG03025_SP0328.jpg,Priyanka Patil,2026-06-28,19.826862,74.454699,Field Survey
IMG03026,SP0166,OBS004722,IMG03026_SP0166.jpg,Vikram Joshi,2018-08-11,19.866914,74.378478,Habitat
IMG03027,SP0436,OBS007507,IMG03027_SP0436.jpg,Om Bhosale,2026-02-24,19.944191,74.469395,Water Body
IMG03028,SP0275,,IMG03028_SP0275.jpg,Aarti Joshi,2024-11-13,19.866497,74.569374,Water Body
IMG03029,SP0209,OBS016772,IMG03029_SP0209.jpg,Kirti Kale,2022-05-04,19.879744,74.464834,Field Survey
IMG03030,SP0092,,IMG03030_SP0092.jpg,Kirti Kulkarni,2025-09-18,19.881384,74.507634,Field Survey
IMG03031,SP0411,OBS006717,IMG03031_SP0411.jpg,Amit Kulkarni,2019-05-01,19.830163,74.452326,Field Survey
IMG03032,SP0250,OBS002514,IMG03032_SP0250.jpg,Pooja Shinde,2023-01-16,19.882409,74.388653,Wildlife
IMG03033,SP0372,OBS004843,IMG03033_SP0372.jpg,Om Shinde,2023-07-16,19.815502,74.411049,Wildlife
IMG03034,SP0051,OBS013879,IMG03034_SP0051.jpg,Pooja Shinde,2018-10-03,19.916627,74.518222,Water Body
IMG03035,SP0320,OBS010323,IMG03035_SP0320.jpg,Sneha Patil,2020-04-26,19.927463,74.577339,Citizen Submission
IMG03036,SP0185,OBS011292,IMG03036_SP0185.jpg,Om Shinde,2022-05-02,19.943516,74.387051,Flora
IMG03037,SP0460,OBS018823,IMG03037_SP0460.jpg,Kirti Kale,2020-05-21,19.84064,74.459836,Flora
IMG03038,SP0298,,IMG03038_SP0298.jpg,Sneha Patil,2020-01-04,19.944515,74.512947,Field Survey
IMG03039,SP0344,OBS001210,IMG03039_SP0344.jpg,Vikram Jadhav,2020-01-03,19.930957,74.407115,Water Body
IMG03040,SP0151,,IMG03040_SP0151.jpg,Amit Kulkarni,2025-09-22,19.870529,74.373068,Water Body
IMG03041,SP0240,OBS015367,IMG03041_SP0240.jpg,Nikhil Pawar,2018-11-18,19.882251,74.365653,Flora
IMG03042,SP0236,,IMG03042_SP0236.jpg,Neha Deshpande,2022-03-14,19.919883,74.378232,Wildlife
IMG03043,SP0260,OBS002262,IMG03043_SP0260.jpg,Pooja Shinde,2026-02-11,19.872845,74.520971,Habitat
IMG03044,SP0431,,IMG03044_SP0431.jpg,Rahul Deshpande,2017-07-10,19.824594,74.519893,Water Body
IMG03045,SP0242,,IMG03045_SP0242.jpg,Rajesh Kulkarni,2017-01-20,19.932096,74.524466,Flora
IMG03046,SP0174,,IMG03046_SP0174.jpg,Vikram Joshi,2018-12-23,19.864662,74.405075,Flora
IMG03047,SP0022,OBS003828,IMG03047_SP0022.jpg,Sandeep More,2024-12-24,19.826833,74.541597,Citizen Submission
IMG03048,SP0292,OBS008779,IMG03048_SP0292.jpg,Om Bhosale,2018-12-29,19.897507,74.397231,Field Survey
IMG03049,SP0074,,IMG03049_SP0074.jpg,Nikhil Deshpande,2022-12-12,19.817654,74.430655,Wildlife
IMG03050,SP0032,,IMG03050_SP0032.jpg,Neha Deshpande,2025-10-25,19.875797,74.555673,Habitat
IMG03051,SP0358,OBS015049,IMG03051_SP0358.jpg,Neha Deshpande,2024-04-26,19.926087,74.412955,Field Survey
IMG03052,SP0094,OBS001627,IMG03052_SP0094.jpg,Sneha More,2018-07-20,19.921732,74.407207,Citizen Submission
IMG03053,SP0333,,IMG03053_SP0333.jpg,Aarti Jadhav,2023-06-13,19.923884,74.451934,Water Body
IMG03054,SP0319,OBS002688,IMG03054_SP0319.jpg,Vikram Joshi,2021-10-12,19.897248,74.388124,Habitat
IMG03055,SP0415,,IMG03055_SP0415.jpg,Kirti Kale,2025-12-06,19.849251,74.554281,Wildlife
IMG03056,SP0271,OBS006199,IMG03056_SP0271.jpg,Kirti Kale,2021-06-12,19.862702,74.523754,Water Body
IMG03057,SP0333,OBS016388,IMG03057_SP0333.jpg,Kirti Kale,2025-02-06,19.882669,74.538499,Water Body
IMG03058,SP0059,OBS004807,IMG03058_SP0059.jpg,Om Bhosale,2024-07-16,19.859256,74.413048,Habitat
IMG03059,SP0380,OBS003803,IMG03059_SP0380.jpg,Sneha More,2019-05-05,19.852358,74.432665,Water Body
IMG03060,SP0193,OBS005767,IMG03060_SP0193.jpg,Swati Shinde,2026-01-20,19.866235,74.442404,Field Survey
IMG03061,SP0335,OBS017648,IMG03061_SP0335.jpg,Sneha More,2018-10-22,19.876318,74.588789,Wildlife
IMG03062,SP0263,OBS008153,IMG03062_SP0263.jpg,Kirti Kale,2021-01-15,19.94863,74.578459,Field Survey
IMG03063,SP0331,OBS016407,IMG03063_SP0331.jpg,Rajesh Kulkarni,2018-04-08,19.943901,74.428489,Water Body
IMG03064,SP0451,,IMG03064_SP0451.jpg,Nikhil Deshpande,2024-03-13,19.87598,74.49068,Water Body
IMG03065,SP0073,OBS018888,IMG03065_SP0073.jpg,Nikhil Deshpande,2019-08-11,19.925394,74.494705,Wildlife
IMG03066,SP0003,OBS008307,IMG03066_SP0003.jpg,Neha Pawar,2022-10-31,19.880581,74.377637,Habitat
IMG03067,SP0046,OBS017537,IMG03067_SP0046.jpg,Rajesh Kale,2021-08-20,19.800539,74.590644,Habitat
IMG03068,SP0259,OBS011804,IMG03068_SP0259.jpg,Swati Shinde,2026-01-23,19.802516,74.517856,Wildlife
IMG03069,SP0144,OBS013823,IMG03069_SP0144.jpg,Sneha More,2020-01-26,19.872459,74.495488,Habitat
IMG03070,SP0350,OBS012367,IMG03070_SP0350.jpg,Aarti Jadhav,2021-10-28,19.945076,74.447972,Wildlife
IMG03071,SP0083,OBS016331,IMG03071_SP0083.jpg,Rahul Deshpande,2024-05-25,19.898648,74.360032,Water Body
IMG03072,SP0065,,IMG03072_SP0065.jpg,Pooja Bhosale,2019-11-07,19.911103,74.452378,Water Body
IMG03073,SP0363,OBS002873,IMG03073_SP0363.jpg,Kirti Kulkarni,2024-08-26,19.848162,74.557441,Field Survey
IMG03074,SP0326,OBS018507,IMG03074_SP0326.jpg,Rahul Deshpande,2020-10-15,19.897811,74.403267,Wildlife
IMG03075,SP0030,OBS018360,IMG03075_SP0030.jpg,Priyanka Patil,2024-06-11,19.81024,74.382636,Citizen Submission
IMG03076,SP0425,,IMG03076_SP0425.jpg,Neha Deshpande,2025-08-24,19.824074,74.599538,Flora
IMG03077,SP0392,OBS014609,IMG03077_SP0392.jpg,Nikhil Pawar,2024-12-22,19.895515,74.392368,Citizen Submission
IMG03078,SP0192,,IMG03078_SP0192.jpg,Tejas Joshi,2017-02-17,19.838556,74.598898,Field Survey
IMG03079,SP0073,,IMG03079_SP0073.jpg,Amit Kulkarni,2021-05-14,19.820397,74.510394,Water Body
IMG03080,SP0203,OBS016425,IMG03080_SP0203.jpg,Priyanka Patil,2018-05-03,19.808769,74.491152,Field Survey
IMG03081,SP0286,OBS003897,IMG03081_SP0286.jpg,Tejas Jadhav,2025-12-19,19.844848,74.493123,Flora
IMG03082,SP0270,,IMG03082_SP0270.jpg,Amit Kale,2022-10-12,19.821971,74.423517,Field Survey
IMG03083,SP0298,OBS003153,IMG03083_SP0298.jpg,Om Bhosale,2023-10-08,19.906485,74.386487,Water Body
IMG03084,SP0081,,IMG03084_SP0081.jpg,Neha Pawar,2017-09-11,19.813832,74.599915,Field Survey
IMG03085,SP0047,OBS017063,IMG03085_SP0047.jpg,Tejas Joshi,2020-11-13,19.876417,74.506482,Water Body
IMG03086,SP0239,OBS013131,IMG03086_SP0239.jpg,Kirti Kale,2022-03-04,19.940479,74.572219,Citizen Submission
IMG03087,SP0333,,IMG03087_SP0333.jpg,Pooja Shinde,2023-10-08,19.887551,74.599788,Citizen Submission
IMG03088,SP0101,OBS007495,IMG03088_SP0101.jpg,Pooja Shinde,2020-04-18,19.880263,74.39696,Water Body
IMG03089,SP0245,,IMG03089_SP0245.jpg,Swati Shinde,2020-07-08,19.930127,74.428313,Field Survey
IMG03090,SP0125,OBS014272,IMG03090_SP0125.jpg,Vikram Jadhav,2017-12-23,19.888785,74.596265,Water Body
IMG03091,SP0443,,IMG03091_SP0443.jpg,Tejas Joshi,2023-03-26,19.94389,74.464102,Field Survey
IMG03092,SP0113,OBS015858,IMG03092_SP0113.jpg,Rajesh Kale,2020-04-15,19.921823,74.433081,Wildlife
IMG03093,SP0199,,IMG03093_SP0199.jpg,Sneha Patil,2022-08-28,19.88659,74.538378,Habitat
IMG03094,SP0305,OBS003380,IMG03094_SP0305.jpg,Om Bhosale,2021-03-16,19.823588,74.516969,Citizen Submission
IMG03095,SP0417,,IMG03095_SP0417.jpg,Sandeep Patil,2026-03-09,19.931053,74.484197,Wildlife
IMG03096,SP0171,OBS006019,IMG03096_SP0171.jpg,Om Bhosale,2020-09-16,19.892598,74.476484,Citizen Submission
IMG03097,SP0003,OBS018097,IMG03097_SP0003.jpg,Tejas Jadhav,2023-01-06,19.876155,74.413637,Water Body
IMG03098,SP0228,OBS017746,IMG03098_SP0228.jpg,Priyanka More,2019-02-08,19.850982,74.500373,Field Survey
IMG03099,SP0301,OBS018646,IMG03099_SP0301.jpg,Tejas Joshi,2025-04-05,19.862536,74.529186,Citizen Submission
IMG03100,SP0012,OBS011829,IMG03100_SP0012.jpg,Neha Pawar,2025-06-11,19.819666,74.435085,Citizen Submission
IMG03101,SP0191,OBS006180,IMG03101_SP0191.jpg,Rahul Deshpande,2017-07-31,19.948228,74.375246,Citizen Submission
IMG03102,SP0368,OBS001898,IMG03102_SP0368.jpg,Amit Kulkarni,2023-12-04,19.908111,74.588338,Flora
IMG03103,SP0014,,IMG03103_SP0014.jpg,Vikram Joshi,2019-09-16,19.879241,74.493188,Wildlife
IMG03104,SP0355,OBS007334,IMG03104_SP0355.jpg,Amit Kulkarni,2017-02-17,19.892183,74.461953,Flora
IMG03105,SP0264,OBS013134,IMG03105_SP0264.jpg,Aarti Joshi,2019-04-02,19.825142,74.435834,Habitat
IMG03106,SP0301,OBS008981,IMG03106_SP0301.jpg,Rajesh Kale,2017-04-25,19.834094,74.389586,Habitat
IMG03107,SP0268,,IMG03107_SP0268.jpg,Om Shinde,2019-01-16,19.864584,74.394502,Habitat
IMG03108,SP0012,OBS000492,IMG03108_SP0012.jpg,Swati Bhosale,2024-02-28,19.854786,74.527652,Wildlife
IMG03109,SP0341,OBS007839,IMG03109_SP0341.jpg,Kirti Kale,2023-09-20,19.896565,74.526506,Wildlife
IMG03110,SP0458,OBS003031,IMG03110_SP0458.jpg,Pooja Shinde,2021-05-22,19.826772,74.598087,Wildlife
IMG03111,SP0299,OBS011937,IMG03111_SP0299.jpg,Neha Deshpande,2023-06-14,19.846812,74.351431,Field Survey
IMG03112,SP0126,OBS012329,IMG03112_SP0126.jpg,Vikram Joshi,2025-10-19,19.876677,74.483735,Field Survey
IMG03113,SP0083,,IMG03113_SP0083.jpg,Tejas Jadhav,2024-02-19,19.845478,74.53147,Citizen Submission
IMG03114,SP0202,,IMG03114_SP0202.jpg,Nikhil Pawar,2025-12-15,19.943737,74.393205,Citizen Submission
IMG03115,SP0255,,IMG03115_SP0255.jpg,Pooja Shinde,2023-04-17,19.849583,74.484942,Citizen Submission
IMG03116,SP0369,OBS018323,IMG03116_SP0369.jpg,Amit Kale,2024-10-03,19.941326,74.414431,Water Body
IMG03117,SP0382,OBS012723,IMG03117_SP0382.jpg,Kirti Kale,2019-06-19,19.90641,74.355576,Water Body
IMG03118,SP0166,,IMG03118_SP0166.jpg,Rajesh Kale,2019-06-17,19.834721,74.554917,Citizen Submission
IMG03119,SP0303,,IMG03119_SP0303.jpg,Pooja Shinde,2023-08-25,19.862443,74.452783,Citizen Submission
IMG03120,SP0225,OBS015575,IMG03120_SP0225.jpg,Vikram Jadhav,2019-09-10,19.83661,74.520469,Citizen Submission
IMG03121,SP0445,OBS011642,IMG03121_SP0445.jpg,Sandeep More,2022-09-05,19.907865,74.373792,Flora
IMG03122,SP0328,OBS008334,IMG03122_SP0328.jpg,Amit Kulkarni,2023-12-10,19.903314,74.451438,Flora
IMG03123,SP0060,OBS011716,IMG03123_SP0060.jpg,Pooja Shinde,2021-03-22,19.878116,74.52125,Wildlife
IMG03124,SP0043,OBS016157,IMG03124_SP0043.jpg,Kirti Kale,2021-09-16,19.874621,74.441718,Flora
IMG03125,SP0123,OBS005272,IMG03125_SP0123.jpg,Priyanka More,2019-02-18,19.821118,74.495901,Citizen Submission
IMG03126,SP0237,OBS008886,IMG03126_SP0237.jpg,Nikhil Deshpande,2022-02-27,19.915087,74.44651,Field Survey
IMG03127,SP0282,OBS008975,IMG03127_SP0282.jpg,Swati Shinde,2024-04-01,19.897377,74.541097,Citizen Submission
IMG03128,SP0146,OBS011609,IMG03128_SP0146.jpg,Priyanka Patil,2023-07-10,19.824792,74.417294,Flora
IMG03129,SP0434,,IMG03129_SP0434.jpg,Om Bhosale,2019-06-04,19.93789,74.57107,Wildlife
IMG03130,SP0398,,IMG03130_SP0398.jpg,Priyanka Patil,2020-06-09,19.929918,74.483123,Citizen Submission
IMG03131,SP0121,OBS007932,IMG03131_SP0121.jpg,Sandeep More,2024-04-04,19.826831,74.387281,Wildlife
IMG03132,SP0011,OBS003080,IMG03132_SP0011.jpg,Vikram Jadhav,2022-03-17,19.9285,74.381634,Field Survey
IMG03133,SP0109,OBS000191,IMG03133_SP0109.jpg,Amit Kale,2023-10-05,19.937996,74.474445,Citizen Submission
IMG03134,SP0456,OBS004945,IMG03134_SP0456.jpg,Amit Kulkarni,2022-08-27,19.909119,74.581369,Field Survey
IMG03135,SP0261,,IMG03135_SP0261.jpg,Om Shinde,2026-03-09,19.890784,74.421312,Habitat
IMG03136,SP0385,,IMG03136_SP0385.jpg,Rajesh Kale,2019-09-17,19.827048,74.55774,Habitat
IMG03137,SP0014,,IMG03137_SP0014.jpg,Pooja Shinde,2019-08-20,19.929226,74.499199,Field Survey
IMG03138,SP0010,OBS013116,IMG03138_SP0010.jpg,Amit Kulkarni,2017-02-23,19.915364,74.509649,Field Survey
IMG03139,SP0234,OBS002236,IMG03139_SP0234.jpg,Nikhil Deshpande,2019-12-11,19.849878,74.499422,Water Body
IMG03140,SP0278,,IMG03140_SP0278.jpg,Nikhil Deshpande,2019-09-22,19.843778,74.545251,Wildlife
IMG03141,SP0029,OBS002775,IMG03141_SP0029.jpg,Sneha Patil,2020-06-06,19.833076,74.447367,Citizen Submission
IMG03142,SP0276,OBS001666,IMG03142_SP0276.jpg,Sneha More,2022-05-28,19.846329,74.422014,Field Survey
IMG03143,SP0031,OBS003434,IMG03143_SP0031.jpg,Aarti Joshi,2024-07-26,19.806041,74.579054,Field Survey
IMG03144,SP0050,,IMG03144_SP0050.jpg,Om Bhosale,2022-08-24,19.886963,74.500186,Flora
IMG03145,SP0359,OBS005955,IMG03145_SP0359.jpg,Tejas Joshi,2018-01-31,19.811491,74.394687,Water Body
IMG03146,SP0151,,IMG03146_SP0151.jpg,Pooja Shinde,2025-06-22,19.913719,74.363017,Field Survey
IMG03147,SP0411,OBS005805,IMG03147_SP0411.jpg,Neha Pawar,2018-01-03,19.855085,74.561446,Flora
IMG03148,SP0314,OBS011493,IMG03148_SP0314.jpg,Vikram Jadhav,2020-09-21,19.808471,74.480874,Citizen Submission
IMG03149,SP0401,OBS016318,IMG03149_SP0401.jpg,Kirti Kale,2025-07-28,19.834763,74.459413,Water Body
IMG03150,SP0143,OBS012097,IMG03150_SP0143.jpg,Kirti Kale,2019-09-19,19.844132,74.520892,Field Survey
IMG03151,SP0197,OBS006645,IMG03151_SP0197.jpg,Kirti Kale,2025-03-21,19.827922,74.426957,Habitat
IMG03152,SP0343,OBS009296,IMG03152_SP0343.jpg,Swati Bhosale,2025-03-05,19.868697,74.561452,Water Body
IMG03153,SP0005,,IMG03153_SP0005.jpg,Sneha More,2019-03-04,19.816063,74.514811,Habitat
IMG03154,SP0042,,IMG03154_SP0042.jpg,Amit Kulkarni,2025-03-15,19.809438,74.35913,Wildlife
IMG03155,SP0132,OBS001859,IMG03155_SP0132.jpg,Priyanka Patil,2018-12-18,19.860619,74.554101,Flora
IMG03156,SP0026,OBS019299,IMG03156_SP0026.jpg,Tejas Joshi,2024-08-23,19.906319,74.452945,Citizen Submission
IMG03157,SP0260,OBS016316,IMG03157_SP0260.jpg,Neha Pawar,2020-01-28,19.867172,74.399439,Wildlife
IMG03158,SP0285,OBS002011,IMG03158_SP0285.jpg,Priyanka More,2016-12-18,19.911234,74.506471,Water Body
IMG03159,SP0452,OBS005412,IMG03159_SP0452.jpg,Amit Kale,2023-11-06,19.881613,74.374457,Citizen Submission
IMG03160,SP0425,,IMG03160_SP0425.jpg,Om Bhosale,2023-12-10,19.885594,74.486616,Citizen Submission
IMG03161,SP0008,OBS017319,IMG03161_SP0008.jpg,Priyanka Patil,2017-07-21,19.936976,74.454054,Habitat
IMG03162,SP0309,,IMG03162_SP0309.jpg,Pooja Bhosale,2023-04-19,19.929193,74.361149,Wildlife
IMG03163,SP0023,OBS005049,IMG03163_SP0023.jpg,Aarti Joshi,2026-08-06,19.837283,74.465343,Citizen Submission
IMG03164,SP0370,OBS005060,IMG03164_SP0370.jpg,Swati Bhosale,2019-03-09,19.878947,74.412486,Wildlife
IMG03165,SP0299,OBS010014,IMG03165_SP0299.jpg,Swati Bhosale,2018-10-22,19.837659,74.45703,Habitat
IMG03166,SP0171,OBS010548,IMG03166_SP0171.jpg,Pooja Shinde,2021-04-17,19.909433,74.465326,Citizen Submission
IMG03167,SP0267,OBS003117,IMG03167_SP0267.jpg,Neha Pawar,2023-09-01,19.819672,74.587867,Habitat
IMG03168,SP0112,,IMG03168_SP0112.jpg,Rahul Pawar,2025-12-30,19.873569,74.58781,Habitat
IMG03169,SP0305,,IMG03169_SP0305.jpg,Neha Deshpande,2022-04-16,19.85927,74.501664,Citizen Submission
IMG03170,SP0180,OBS010083,IMG03170_SP0180.jpg,Swati Shinde,2020-05-03,19.857055,74.510792,Habitat
IMG03171,SP0114,OBS003161,IMG03171_SP0114.jpg,Vikram Joshi,2024-01-22,19.888441,74.435456,Water Body
IMG03172,SP0405,OBS009096,IMG03172_SP0405.jpg,Neha Deshpande,2020-09-07,19.826156,74.387108,Citizen Submission
IMG03173,SP0220,OBS011570,IMG03173_SP0220.jpg,Tejas Jadhav,2024-05-23,19.840341,74.451284,Wildlife
IMG03174,SP0414,OBS012789,IMG03174_SP0414.jpg,Tejas Jadhav,2019-12-25,19.926638,74.59978,Habitat
IMG03175,SP0233,OBS002276,IMG03175_SP0233.jpg,Om Bhosale,2019-02-14,19.84313,74.54356,Field Survey
IMG03176,SP0166,OBS016141,IMG03176_SP0166.jpg,Om Bhosale,2020-11-20,19.927511,74.595367,Flora
IMG03177,SP0261,OBS016091,IMG03177_SP0261.jpg,Swati Bhosale,2018-12-08,19.868604,74.542631,Citizen Submission
IMG03178,SP0069,OBS016046,IMG03178_SP0069.jpg,Vikram Jadhav,2025-06-11,19.91247,74.499079,Flora
IMG03179,SP0386,OBS003685,IMG03179_SP0386.jpg,Rajesh Kale,2020-10-17,19.81557,74.550848,Field Survey
IMG03180,SP0247,OBS000945,IMG03180_SP0247.jpg,Priyanka More,2023-07-15,19.887487,74.580425,Water Body
IMG03181,SP0366,,IMG03181_SP0366.jpg,Tejas Joshi,2023-12-08,19.942955,74.481453,Wildlife
IMG03182,SP0241,OBS017494,IMG03182_SP0241.jpg,Vikram Joshi,2025-08-15,19.896306,74.594088,Water Body
IMG03183,SP0425,OBS003248,IMG03183_SP0425.jpg,Kirti Kulkarni,2019-01-16,19.925264,74.5438,Citizen Submission
IMG03184,SP0121,OBS002357,IMG03184_SP0121.jpg,Aarti Jadhav,2023-02-17,19.909909,74.364543,Flora
IMG03185,SP0128,OBS000890,IMG03185_SP0128.jpg,Sandeep Patil,2017-10-05,19.807726,74.532761,Field Survey
IMG03186,SP0401,OBS005928,IMG03186_SP0401.jpg,Amit Kulkarni,2020-09-22,19.935018,74.427589,Flora
IMG03187,SP0253,OBS016494,IMG03187_SP0253.jpg,Pooja Shinde,2019-12-19,19.892213,74.416335,Wildlife
IMG03188,SP0054,,IMG03188_SP0054.jpg,Om Shinde,2017-10-03,19.949588,74.410632,Habitat
IMG03189,SP0057,OBS011478,IMG03189_SP0057.jpg,Priyanka Patil,2023-05-13,19.931257,74.355539,Flora
IMG03190,SP0245,OBS005717,IMG03190_SP0245.jpg,Rahul Deshpande,2025-12-23,19.839558,74.513562,Habitat
IMG03191,SP0139,OBS002291,IMG03191_SP0139.jpg,Swati Shinde,2017-05-27,19.802042,74.476505,Field Survey
IMG03192,SP0196,,IMG03192_SP0196.jpg,Rajesh Kale,2021-05-29,19.941234,74.402503,Flora
IMG03193,SP0012,OBS005784,IMG03193_SP0012.jpg,Nikhil Deshpande,2026-06-26,19.852996,74.536201,Water Body
IMG03194,SP0215,OBS005584,IMG03194_SP0215.jpg,Vikram Joshi,2023-06-24,19.817714,74.59308,Field Survey
IMG03195,SP0366,,IMG03195_SP0366.jpg,Tejas Jadhav,2019-02-09,19.910056,74.580224,Citizen Submission
IMG03196,SP0319,OBS019440,IMG03196_SP0319.jpg,Swati Bhosale,2018-05-13,19.817836,74.533741,Field Survey
IMG03197,SP0417,OBS006949,IMG03197_SP0417.jpg,Vikram Joshi,2018-05-03,19.914372,74.393982,Field Survey
IMG03198,SP0205,OBS000587,IMG03198_SP0205.jpg,Kirti Kale,2023-06-19,19.837174,74.468618,Flora
IMG03199,SP0339,OBS006379,IMG03199_SP0339.jpg,Vikram Joshi,2021-03-23,19.85562,74.551234,Flora
IMG03200,SP0034,OBS014351,IMG03200_SP0034.jpg,Nikhil Pawar,2022-03-04,19.83082,74.409166,Water Body
IMG03201,SP0423,OBS017456,IMG03201_SP0423.jpg,Vikram Joshi,2025-12-22,19.920618,74.554115,Habitat
IMG03202,SP0231,,IMG03202_SP0231.jpg,Vikram Jadhav,2016-11-22,19.819369,74.588232,Citizen Submission
IMG03203,SP0249,,IMG03203_SP0249.jpg,Rahul Deshpande,2022-03-21,19.865761,74.590678,Wildlife
IMG03204,SP0295,OBS010543,IMG03204_SP0295.jpg,Om Shinde,2026-06-14,19.908298,74.429351,Water Body
IMG03205,SP0151,OBS007403,IMG03205_SP0151.jpg,Sneha Patil,2018-05-19,19.905067,74.437554,Wildlife
IMG03206,SP0068,,IMG03206_SP0068.jpg,Om Bhosale,2019-09-25,19.936037,74.437889,Citizen Submission
IMG03207,SP0169,,IMG03207_SP0169.jpg,Sandeep More,2017-04-08,19.903554,74.52451,Citizen Submission
IMG03208,SP0073,OBS018638,IMG03208_SP0073.jpg,Om Bhosale,2025-12-19,19.883817,74.407217,Field Survey
IMG03209,SP0155,OBS005037,IMG03209_SP0155.jpg,Pooja Shinde,2024-09-01,19.937149,74.398171,Water Body
IMG03210,SP0441,OBS001595,IMG03210_SP0441.jpg,Om Bhosale,2023-02-04,19.902369,74.429898,Flora
IMG03211,SP0451,OBS013781,IMG03211_SP0451.jpg,Amit Kulkarni,2018-10-12,19.907406,74.581686,Field Survey
IMG03212,SP0097,OBS019023,IMG03212_SP0097.jpg,Kirti Kulkarni,2021-07-14,19.862122,74.554952,Habitat
IMG03213,SP0197,OBS018912,IMG03213_SP0197.jpg,Sandeep More,2019-11-08,19.882245,74.512044,Water Body
IMG03214,SP0159,OBS005750,IMG03214_SP0159.jpg,Priyanka Patil,2021-02-05,19.861379,74.458848,Field Survey
IMG03215,SP0131,,IMG03215_SP0131.jpg,Sneha More,2023-02-18,19.920577,74.534807,Habitat
IMG03216,SP0044,OBS015659,IMG03216_SP0044.jpg,Sandeep More,2022-07-13,19.83524,74.468323,Flora
IMG03217,SP0196,,IMG03217_SP0196.jpg,Om Bhosale,2018-05-21,19.815265,74.545956,Wildlife
IMG03218,SP0211,OBS016757,IMG03218_SP0211.jpg,Rajesh Kale,2019-07-01,19.912315,74.591275,Habitat
IMG03219,SP0300,OBS009793,IMG03219_SP0300.jpg,Neha Deshpande,2017-04-09,19.837647,74.37125,Field Survey
IMG03220,SP0263,OBS002124,IMG03220_SP0263.jpg,Neha Pawar,2017-10-05,19.943149,74.390893,Habitat
IMG03221,SP0423,OBS009907,IMG03221_SP0423.jpg,Sneha Patil,2017-05-06,19.88263,74.534111,Citizen Submission
IMG03222,SP0453,,IMG03222_SP0453.jpg,Neha Pawar,2024-08-08,19.925269,74.409728,Habitat
IMG03223,SP0157,OBS017323,IMG03223_SP0157.jpg,Rahul Pawar,2021-10-05,19.933352,74.448784,Habitat
IMG03224,SP0177,,IMG03224_SP0177.jpg,Om Shinde,2019-12-31,19.940324,74.371719,Citizen Submission
IMG03225,SP0302,OBS003348,IMG03225_SP0302.jpg,Vikram Joshi,2017-05-10,19.903404,74.377228,Field Survey
IMG03226,SP0382,OBS011950,IMG03226_SP0382.jpg,Sneha Patil,2020-10-28,19.943337,74.454158,Wildlife
IMG03227,SP0395,OBS013462,IMG03227_SP0395.jpg,Rahul Pawar,2024-04-22,19.883243,74.461862,Habitat
IMG03228,SP0323,OBS016219,IMG03228_SP0323.jpg,Aarti Joshi,2025-09-27,19.841937,74.418421,Wildlife
IMG03229,SP0446,OBS018093,IMG03229_SP0446.jpg,Pooja Shinde,2021-01-09,19.88873,74.375639,Wildlife
IMG03230,SP0054,OBS009920,IMG03230_SP0054.jpg,Neha Pawar,2017-10-26,19.833575,74.428437,Habitat
IMG03231,SP0205,,IMG03231_SP0205.jpg,Sneha More,2020-11-14,19.821156,74.432102,Field Survey
IMG03232,SP0398,,IMG03232_SP0398.jpg,Rajesh Kale,2022-10-14,19.904133,74.589025,Flora
IMG03233,SP0143,OBS011730,IMG03233_SP0143.jpg,Vikram Joshi,2016-12-06,19.913623,74.568077,Field Survey
IMG03234,SP0302,OBS017676,IMG03234_SP0302.jpg,Om Bhosale,2017-05-10,19.906028,74.404405,Flora
IMG03235,SP0213,,IMG03235_SP0213.jpg,Aarti Jadhav,2026-01-15,19.81393,74.5496,Citizen Submission
IMG03236,SP0029,,IMG03236_SP0029.jpg,Kirti Kulkarni,2022-12-11,19.82694,74.536377,Flora
IMG03237,SP0357,OBS017021,IMG03237_SP0357.jpg,Pooja Bhosale,2022-11-24,19.877592,74.463665,Citizen Submission
IMG03238,SP0373,OBS011401,IMG03238_SP0373.jpg,Neha Pawar,2024-02-21,19.915667,74.463959,Field Survey
IMG03239,SP0311,OBS007445,IMG03239_SP0311.jpg,Sandeep More,2018-11-29,19.910243,74.539992,Habitat
IMG03240,SP0346,OBS008210,IMG03240_SP0346.jpg,Amit Kulkarni,2023-11-21,19.826233,74.514341,Field Survey
IMG03241,SP0218,OBS001814,IMG03241_SP0218.jpg,Sandeep Patil,2023-10-05,19.895586,74.471349,Flora
IMG03242,SP0228,OBS009630,IMG03242_SP0228.jpg,Vikram Joshi,2024-06-07,19.905353,74.514555,Flora
IMG03243,SP0203,OBS006285,IMG03243_SP0203.jpg,Rahul Deshpande,2024-03-02,19.895637,74.363741,Habitat
IMG03244,SP0174,OBS017536,IMG03244_SP0174.jpg,Sneha Patil,2019-05-26,19.893735,74.490199,Citizen Submission
IMG03245,SP0359,OBS012133,IMG03245_SP0359.jpg,Rahul Deshpande,2018-05-19,19.886048,74.577394,Water Body
IMG03246,SP0436,OBS019755,IMG03246_SP0436.jpg,Sneha Patil,2019-11-16,19.801719,74.503096,Field Survey
IMG03247,SP0266,OBS011745,IMG03247_SP0266.jpg,Neha Deshpande,2025-01-05,19.838158,74.453284,Wildlife
IMG03248,SP0293,OBS011624,IMG03248_SP0293.jpg,Amit Kulkarni,2021-03-26,19.882907,74.494925,Field Survey
IMG03249,SP0127,,IMG03249_SP0127.jpg,Kirti Kale,2016-09-23,19.829694,74.575816,Water Body
IMG03250,SP0131,,IMG03250_SP0131.jpg,Kirti Kulkarni,2021-09-24,19.867132,74.472081,Habitat
IMG03251,SP0192,OBS005084,IMG03251_SP0192.jpg,Om Shinde,2021-11-11,19.817453,74.353866,Flora
IMG03252,SP0303,OBS016636,IMG03252_SP0303.jpg,Kirti Kale,2017-08-01,19.833878,74.566628,Field Survey
IMG03253,SP0379,OBS001096,IMG03253_SP0379.jpg,Amit Kulkarni,2026-03-09,19.930527,74.590323,Water Body
IMG03254,SP0059,OBS003497,IMG03254_SP0059.jpg,Vikram Jadhav,2017-11-15,19.852051,74.554215,Citizen Submission
IMG03255,SP0096,OBS000135,IMG03255_SP0096.jpg,Priyanka More,2021-12-31,19.87789,74.502194,Habitat
IMG03256,SP0103,,IMG03256_SP0103.jpg,Sandeep More,2023-12-04,19.932623,74.521219,Field Survey
IMG03257,SP0076,,IMG03257_SP0076.jpg,Sneha Patil,2025-10-28,19.940353,74.366913,Field Survey
IMG03258,SP0035,,IMG03258_SP0035.jpg,Pooja Shinde,2021-10-12,19.916519,74.517842,Citizen Submission
IMG03259,SP0025,OBS000828,IMG03259_SP0025.jpg,Tejas Joshi,2022-12-20,19.860369,74.521548,Wildlife
IMG03260,SP0138,,IMG03260_SP0138.jpg,Pooja Bhosale,2024-08-18,19.942476,74.54217,Flora
IMG03261,SP0384,OBS017347,IMG03261_SP0384.jpg,Kirti Kale,2024-06-13,19.808855,74.454285,Citizen Submission
IMG03262,SP0094,OBS001136,IMG03262_SP0094.jpg,Sneha Patil,2022-10-07,19.859503,74.524471,Citizen Submission
IMG03263,SP0459,,IMG03263_SP0459.jpg,Sandeep More,2024-09-10,19.830702,74.586168,Citizen Submission
IMG03264,SP0248,OBS007819,IMG03264_SP0248.jpg,Kirti Kale,2018-08-15,19.902678,74.565883,Field Survey
IMG03265,SP0309,OBS000272,IMG03265_SP0309.jpg,Tejas Jadhav,2023-06-12,19.897892,74.511932,Water Body
IMG03266,SP0019,OBS017221,IMG03266_SP0019.jpg,Sneha Patil,2021-08-01,19.840011,74.51505,Habitat
IMG03267,SP0268,,IMG03267_SP0268.jpg,Vikram Joshi,2018-06-16,19.830787,74.418399,Flora
IMG03268,SP0304,OBS004223,IMG03268_SP0304.jpg,Neha Pawar,2024-05-08,19.945328,74.482399,Water Body
IMG03269,SP0282,,IMG03269_SP0282.jpg,Neha Pawar,2018-06-30,19.928625,74.395705,Field Survey
IMG03270,SP0339,,IMG03270_SP0339.jpg,Kirti Kale,2021-02-06,19.897238,74.540821,Flora
IMG03271,SP0013,OBS001824,IMG03271_SP0013.jpg,Vikram Jadhav,2019-02-17,19.813415,74.410204,Wildlife
IMG03272,SP0213,OBS011325,IMG03272_SP0213.jpg,Swati Shinde,2017-05-16,19.855213,74.434819,Citizen Submission
IMG03273,SP0441,OBS017200,IMG03273_SP0441.jpg,Neha Pawar,2023-12-14,19.881814,74.44362,Citizen Submission
IMG03274,SP0070,OBS009969,IMG03274_SP0070.jpg,Sneha More,2017-12-05,19.926549,74.578948,Habitat
IMG03275,SP0458,,IMG03275_SP0458.jpg,Sandeep More,2018-07-09,19.835881,74.597367,Citizen Submission
IMG03276,SP0422,OBS008324,IMG03276_SP0422.jpg,Pooja Shinde,2017-11-28,19.861739,74.40624,Field Survey
IMG03277,SP0050,OBS003309,IMG03277_SP0050.jpg,Pooja Shinde,2020-07-15,19.853519,74.586195,Water Body
IMG03278,SP0090,,IMG03278_SP0090.jpg,Kirti Kale,2021-05-19,19.927825,74.387069,Wildlife
IMG03279,SP0204,OBS010387,IMG03279_SP0204.jpg,Kirti Kale,2023-05-08,19.904135,74.503018,Water Body
IMG03280,SP0026,OBS013087,IMG03280_SP0026.jpg,Pooja Shinde,2023-08-02,19.920784,74.585967,Flora
IMG03281,SP0052,OBS005735,IMG03281_SP0052.jpg,Priyanka Patil,2020-12-30,19.896265,74.55551,Wildlife
IMG03282,SP0194,OBS001505,IMG03282_SP0194.jpg,Sandeep More,2018-11-19,19.920667,74.522368,Water Body
IMG03283,SP0319,OBS008281,IMG03283_SP0319.jpg,Amit Kale,2016-10-05,19.907053,74.465107,Citizen Submission
IMG03284,SP0098,OBS018327,IMG03284_SP0098.jpg,Sneha Patil,2019-07-29,19.939149,74.58836,Water Body
IMG03285,SP0094,OBS005486,IMG03285_SP0094.jpg,Vikram Joshi,2022-05-09,19.857496,74.491662,Flora
IMG03286,SP0054,OBS005891,IMG03286_SP0054.jpg,Tejas Jadhav,2024-06-11,19.844769,74.586092,Wildlife
IMG03287,SP0278,OBS009385,IMG03287_SP0278.jpg,Pooja Shinde,2016-08-15,19.925414,74.403227,Wildlife
IMG03288,SP0420,OBS009992,IMG03288_SP0420.jpg,Rahul Deshpande,2024-10-30,19.803989,74.482995,Field Survey
IMG03289,SP0423,,IMG03289_SP0423.jpg,Sneha Patil,2026-07-29,19.805531,74.439007,Citizen Submission
IMG03290,SP0123,,IMG03290_SP0123.jpg,Nikhil Deshpande,2020-12-13,19.827848,74.510406,Habitat
IMG03291,SP0395,OBS014463,IMG03291_SP0395.jpg,Rahul Deshpande,2017-08-07,19.90519,74.5587,Flora
IMG03292,SP0407,OBS010137,IMG03292_SP0407.jpg,Rahul Pawar,2025-09-04,19.824567,74.496965,Citizen Submission
IMG03293,SP0429,OBS000505,IMG03293_SP0429.jpg,Om Bhosale,2020-08-03,19.880497,74.599578,Flora
IMG03294,SP0374,OBS015329,IMG03294_SP0374.jpg,Rahul Deshpande,2022-08-17,19.850125,74.355371,Field Survey
IMG03295,SP0451,,IMG03295_SP0451.jpg,Sandeep More,2023-07-02,19.883791,74.432877,Field Survey
IMG03296,SP0454,OBS008618,IMG03296_SP0454.jpg,Pooja Shinde,2026-07-01,19.94161,74.475889,Wildlife
IMG03297,SP0182,OBS019685,IMG03297_SP0182.jpg,Sneha More,2019-07-15,19.828802,74.474368,Habitat
IMG03298,SP0387,OBS013726,IMG03298_SP0387.jpg,Vikram Joshi,2018-06-23,19.897666,74.427438,Field Survey
IMG03299,SP0416,OBS003792,IMG03299_SP0416.jpg,Swati Shinde,2022-08-23,19.929423,74.537158,Citizen Submission
IMG03300,SP0315,OBS009054,IMG03300_SP0315.jpg,Sneha More,2016-09-25,19.914311,74.567435,Citizen Submission
IMG03301,SP0329,,IMG03301_SP0329.jpg,Sneha Patil,2024-11-20,19.855671,74.474251,Wildlife
IMG03302,SP0064,,IMG03302_SP0064.jpg,Sandeep More,2019-02-04,19.858532,74.498749,Habitat
IMG03303,SP0201,OBS014410,IMG03303_SP0201.jpg,Kirti Kale,2026-05-15,19.870255,74.569865,Citizen Submission
IMG03304,SP0072,OBS011458,IMG03304_SP0072.jpg,Vikram Joshi,2016-08-09,19.913618,74.372876,Flora
IMG03305,SP0457,OBS014921,IMG03305_SP0457.jpg,Pooja Shinde,2023-09-17,19.855288,74.362229,Wildlife
IMG03306,SP0064,OBS008144,IMG03306_SP0064.jpg,Vikram Joshi,2022-11-26,19.892619,74.425739,Water Body
IMG03307,SP0171,OBS000384,IMG03307_SP0171.jpg,Pooja Bhosale,2026-03-20,19.862343,74.477242,Citizen Submission
IMG03308,SP0320,,IMG03308_SP0320.jpg,Rajesh Kulkarni,2020-03-12,19.812681,74.576278,Field Survey
IMG03309,SP0131,OBS003413,IMG03309_SP0131.jpg,Nikhil Pawar,2021-08-10,19.905338,74.588729,Wildlife
IMG03310,SP0450,OBS007061,IMG03310_SP0450.jpg,Om Shinde,2020-06-04,19.814365,74.578241,Flora
IMG03311,SP0086,,IMG03311_SP0086.jpg,Rahul Pawar,2018-05-08,19.835252,74.353138,Citizen Submission
IMG03312,SP0048,OBS015689,IMG03312_SP0048.jpg,Pooja Shinde,2018-11-08,19.837302,74.473527,Wildlife
IMG03313,SP0009,,IMG03313_SP0009.jpg,Nikhil Pawar,2021-04-22,19.883269,74.41868,Flora
IMG03314,SP0235,,IMG03314_SP0235.jpg,Kirti Kale,2024-09-19,19.914921,74.537407,Habitat
IMG03315,SP0307,,IMG03315_SP0307.jpg,Rahul Deshpande,2021-05-21,19.803293,74.435014,Field Survey
IMG03316,SP0088,OBS013588,IMG03316_SP0088.jpg,Rahul Deshpande,2019-04-30,19.948264,74.486414,Wildlife
IMG03317,SP0022,OBS009277,IMG03317_SP0022.jpg,Sneha Patil,2022-08-02,19.899431,74.394602,Citizen Submission
IMG03318,SP0060,OBS006168,IMG03318_SP0060.jpg,Rajesh Kale,2021-12-01,19.922926,74.47103,Water Body
IMG03319,SP0151,,IMG03319_SP0151.jpg,Priyanka Patil,2016-08-11,19.838876,74.568795,Flora
IMG03320,SP0061,,IMG03320_SP0061.jpg,Vikram Joshi,2018-02-02,19.902554,74.366025,Water Body
IMG03321,SP0025,,IMG03321_SP0025.jpg,Nikhil Pawar,2021-06-03,19.936825,74.565296,Water Body
IMG03322,SP0210,,IMG03322_SP0210.jpg,Aarti Jadhav,2020-01-02,19.84234,74.427266,Citizen Submission
IMG03323,SP0267,OBS006015,IMG03323_SP0267.jpg,Tejas Jadhav,2018-08-06,19.926816,74.489791,Flora
IMG03324,SP0113,OBS005712,IMG03324_SP0113.jpg,Aarti Jadhav,2017-05-19,19.869926,74.431379,Habitat
IMG03325,SP0301,,IMG03325_SP0301.jpg,Rahul Deshpande,2020-07-07,19.809569,74.486909,Field Survey
IMG03326,SP0175,OBS005642,IMG03326_SP0175.jpg,Rajesh Kulkarni,2021-03-18,19.872637,74.432406,Habitat
IMG03327,SP0350,,IMG03327_SP0350.jpg,Om Shinde,2022-08-11,19.87907,74.369012,Water Body
IMG03328,SP0119,OBS008241,IMG03328_SP0119.jpg,Rajesh Kulkarni,2021-07-15,19.827291,74.519105,Wildlife
IMG03329,SP0379,OBS018735,IMG03329_SP0379.jpg,Amit Kale,2016-09-21,19.821595,74.464493,Flora
IMG03330,SP0122,OBS019625,IMG03330_SP0122.jpg,Tejas Joshi,2023-11-08,19.832182,74.535884,Flora
IMG03331,SP0013,OBS017812,IMG03331_SP0013.jpg,Nikhil Deshpande,2026-07-19,19.805719,74.39159,Water Body
IMG03332,SP0347,OBS002189,IMG03332_SP0347.jpg,Priyanka Patil,2022-06-27,19.936345,74.497602,Wildlife
IMG03333,SP0100,,IMG03333_SP0100.jpg,Nikhil Deshpande,2018-12-11,19.842119,74.371877,Citizen Submission
IMG03334,SP0009,OBS004563,IMG03334_SP0009.jpg,Nikhil Deshpande,2016-10-25,19.812169,74.36949,Water Body
IMG03335,SP0157,OBS003635,IMG03335_SP0157.jpg,Priyanka More,2022-04-10,19.904852,74.428407,Citizen Submission
IMG03336,SP0018,,IMG03336_SP0018.jpg,Rahul Pawar,2019-04-07,19.871327,74.465268,Field Survey
IMG03337,SP0232,OBS006787,IMG03337_SP0232.jpg,Sandeep More,2016-09-19,19.86224,74.387566,Habitat
IMG03338,SP0188,,IMG03338_SP0188.jpg,Vikram Joshi,2019-08-12,19.93775,74.540707,Wildlife
IMG03339,SP0318,OBS013662,IMG03339_SP0318.jpg,Aarti Joshi,2020-12-22,19.911135,74.557431,Habitat
IMG03340,SP0102,OBS007110,IMG03340_SP0102.jpg,Rajesh Kulkarni,2023-07-26,19.895922,74.495745,Field Survey
IMG03341,SP0267,,IMG03341_SP0267.jpg,Priyanka More,2018-05-03,19.859649,74.535562,Water Body
IMG03342,SP0150,OBS011872,IMG03342_SP0150.jpg,Priyanka Patil,2017-07-13,19.8832,74.458087,Wildlife
IMG03343,SP0160,,IMG03343_SP0160.jpg,Om Bhosale,2026-04-15,19.917147,74.448408,Habitat
IMG03344,SP0050,OBS005113,IMG03344_SP0050.jpg,Nikhil Deshpande,2017-09-16,19.857748,74.524219,Wildlife
IMG03345,SP0045,OBS016251,IMG03345_SP0045.jpg,Vikram Joshi,2023-05-27,19.840934,74.407666,Wildlife
IMG03346,SP0166,OBS003837,IMG03346_SP0166.jpg,Swati Shinde,2024-11-30,19.885907,74.575962,Flora
IMG03347,SP0022,OBS003524,IMG03347_SP0022.jpg,Swati Bhosale,2022-04-28,19.823884,74.456735,Wildlife
IMG03348,SP0212,OBS019024,IMG03348_SP0212.jpg,Neha Deshpande,2017-07-03,19.906448,74.562767,Flora
IMG03349,SP0203,,IMG03349_SP0203.jpg,Kirti Kale,2019-10-23,19.910726,74.459159,Water Body
IMG03350,SP0141,,IMG03350_SP0141.jpg,Tejas Jadhav,2024-11-10,19.841292,74.425618,Flora
IMG03351,SP0393,,IMG03351_SP0393.jpg,Pooja Shinde,2021-08-13,19.806771,74.592276,Habitat
IMG03352,SP0255,OBS002211,IMG03352_SP0255.jpg,Rajesh Kale,2023-06-12,19.806151,74.524204,Citizen Submission
IMG03353,SP0416,OBS019476,IMG03353_SP0416.jpg,Kirti Kale,2023-12-12,19.896943,74.352481,Flora
IMG03354,SP0185,,IMG03354_SP0185.jpg,Tejas Jadhav,2022-11-10,19.808734,74.432361,Flora
IMG03355,SP0123,,IMG03355_SP0123.jpg,Amit Kulkarni,2022-08-25,19.877925,74.444822,Water Body
IMG03356,SP0435,OBS014197,IMG03356_SP0435.jpg,Pooja Shinde,2021-01-29,19.939421,74.562712,Water Body
IMG03357,SP0194,OBS018210,IMG03357_SP0194.jpg,Aarti Joshi,2020-01-10,19.828006,74.575446,Flora
IMG03358,SP0460,OBS014171,IMG03358_SP0460.jpg,Rahul Deshpande,2022-03-24,19.896097,74.553528,Habitat
IMG03359,SP0027,,IMG03359_SP0027.jpg,Om Shinde,2025-11-11,19.874307,74.46026,Field Survey
IMG03360,SP0206,OBS019335,IMG03360_SP0206.jpg,Amit Kale,2017-06-27,19.910314,74.448029,Field Survey
IMG03361,SP0276,OBS001117,IMG03361_SP0276.jpg,Priyanka Patil,2020-10-10,19.920428,74.485871,Habitat
IMG03362,SP0188,OBS013081,IMG03362_SP0188.jpg,Rahul Deshpande,2025-03-19,19.932639,74.558107,Wildlife
IMG03363,SP0203,,IMG03363_SP0203.jpg,Kirti Kale,2019-12-13,19.881507,74.50111,Habitat
IMG03364,SP0341,,IMG03364_SP0341.jpg,Neha Pawar,2016-10-17,19.814414,74.376931,Field Survey
IMG03365,SP0321,OBS016068,IMG03365_SP0321.jpg,Aarti Joshi,2022-07-13,19.911386,74.593072,Flora
IMG03366,SP0350,,IMG03366_SP0350.jpg,Rahul Deshpande,2020-12-17,19.937153,74.520377,Habitat
IMG03367,SP0038,OBS005122,IMG03367_SP0038.jpg,Pooja Bhosale,2017-12-06,19.857216,74.437493,Habitat
IMG03368,SP0014,OBS019616,IMG03368_SP0014.jpg,Rajesh Kale,2025-03-07,19.878343,74.350407,Water Body
IMG03369,SP0316,,IMG03369_SP0316.jpg,Aarti Joshi,2020-09-19,19.821788,74.584091,Water Body
IMG03370,SP0378,OBS017048,IMG03370_SP0378.jpg,Sandeep Patil,2023-10-19,19.944724,74.505454,Habitat
IMG03371,SP0161,OBS009690,IMG03371_SP0161.jpg,Kirti Kale,2025-12-13,19.873247,74.456762,Habitat
IMG03372,SP0178,OBS017523,IMG03372_SP0178.jpg,Amit Kale,2023-11-20,19.820149,74.505872,Citizen Submission
IMG03373,SP0042,OBS017065,IMG03373_SP0042.jpg,Om Bhosale,2022-12-21,19.837911,74.475382,Citizen Submission
IMG03374,SP0206,,IMG03374_SP0206.jpg,Sandeep Patil,2024-04-05,19.903891,74.546828,Habitat
IMG03375,SP0048,OBS005007,IMG03375_SP0048.jpg,Amit Kulkarni,2017-11-20,19.85706,74.503118,Field Survey
IMG03376,SP0412,OBS015877,IMG03376_SP0412.jpg,Sneha More,2022-11-09,19.846314,74.507923,Citizen Submission
IMG03377,SP0009,OBS010941,IMG03377_SP0009.jpg,Swati Shinde,2020-01-10,19.884891,74.434755,Flora
IMG03378,SP0347,OBS014511,IMG03378_SP0347.jpg,Aarti Joshi,2019-03-06,19.921189,74.586069,Water Body
IMG03379,SP0322,,IMG03379_SP0322.jpg,Om Bhosale,2017-10-27,19.879828,74.544497,Field Survey
IMG03380,SP0347,OBS009371,IMG03380_SP0347.jpg,Sneha More,2023-11-17,19.898242,74.531009,Habitat
IMG03381,SP0167,OBS006232,IMG03381_SP0167.jpg,Kirti Kale,2022-11-05,19.846577,74.358705,Habitat
IMG03382,SP0047,,IMG03382_SP0047.jpg,Swati Bhosale,2026-02-27,19.87491,74.378864,Flora
IMG03383,SP0374,,IMG03383_SP0374.jpg,Om Bhosale,2022-02-23,19.892614,74.39721,Water Body
IMG03384,SP0200,OBS015305,IMG03384_SP0200.jpg,Vikram Jadhav,2026-01-25,19.801725,74.478437,Habitat
IMG03385,SP0176,OBS002540,IMG03385_SP0176.jpg,Priyanka More,2023-06-11,19.835346,74.468778,Flora
IMG03386,SP0438,,IMG03386_SP0438.jpg,Aarti Jadhav,2021-10-05,19.839897,74.467474,Habitat
IMG03387,SP0344,,IMG03387_SP0344.jpg,Vikram Joshi,2020-07-07,19.849902,74.578027,Citizen Submission
IMG03388,SP0147,OBS013597,IMG03388_SP0147.jpg,Pooja Shinde,2023-01-30,19.831264,74.507367,Citizen Submission
IMG03389,SP0076,OBS006968,IMG03389_SP0076.jpg,Vikram Joshi,2020-10-01,19.893633,74.54133,Citizen Submission
IMG03390,SP0196,OBS003191,IMG03390_SP0196.jpg,Sneha More,2017-09-04,19.911582,74.395307,Water Body
IMG03391,SP0180,OBS013374,IMG03391_SP0180.jpg,Sandeep More,2016-09-20,19.84177,74.508467,Wildlife
IMG03392,SP0258,OBS012029,IMG03392_SP0258.jpg,Sneha More,2024-05-17,19.820455,74.385721,Water Body
IMG03393,SP0114,,IMG03393_SP0114.jpg,Amit Kale,2024-10-12,19.843217,74.351902,Field Survey
IMG03394,SP0047,,IMG03394_SP0047.jpg,Priyanka Patil,2025-12-23,19.845025,74.524125,Water Body
IMG03395,SP0054,,IMG03395_SP0054.jpg,Vikram Jadhav,2016-08-03,19.898052,74.369837,Flora
IMG03396,SP0290,,IMG03396_SP0290.jpg,Tejas Jadhav,2024-11-05,19.834417,74.477869,Habitat
IMG03397,SP0163,OBS012524,IMG03397_SP0163.jpg,Kirti Kulkarni,2025-11-10,19.941498,74.435617,Habitat
IMG03398,SP0412,OBS018611,IMG03398_SP0412.jpg,Vikram Joshi,2019-01-04,19.903608,74.534127,Habitat
IMG03399,SP0050,,IMG03399_SP0050.jpg,Priyanka Patil,2024-05-02,19.871623,74.438516,Flora
IMG03400,SP0123,OBS019153,IMG03400_SP0123.jpg,Sneha Patil,2018-12-14,19.919046,74.413432,Habitat
IMG03401,SP0388,OBS003502,IMG03401_SP0388.jpg,Swati Bhosale,2022-10-25,19.807295,74.476656,Water Body
IMG03402,SP0459,OBS009123,IMG03402_SP0459.jpg,Priyanka More,2018-05-30,19.938039,74.441623,Flora
IMG03403,SP0046,OBS008888,IMG03403_SP0046.jpg,Priyanka Patil,2017-09-13,19.899879,74.524826,Flora
IMG03404,SP0260,OBS016558,IMG03404_SP0260.jpg,Kirti Kulkarni,2025-08-17,19.863058,74.552575,Wildlife
IMG03405,SP0212,OBS009704,IMG03405_SP0212.jpg,Sandeep More,2018-12-20,19.837998,74.546076,Citizen Submission
IMG03406,SP0387,OBS004791,IMG03406_SP0387.jpg,Pooja Shinde,2017-04-25,19.886395,74.577286,Flora
IMG03407,SP0278,,IMG03407_SP0278.jpg,Sneha More,2019-01-31,19.93553,74.390631,Water Body
IMG03408,SP0121,,IMG03408_SP0121.jpg,Rahul Deshpande,2017-08-10,19.891613,74.423074,Wildlife
IMG03409,SP0002,OBS016379,IMG03409_SP0002.jpg,Amit Kulkarni,2022-01-29,19.906325,74.585536,Habitat
IMG03410,SP0113,OBS012124,IMG03410_SP0113.jpg,Rajesh Kale,2022-04-05,19.863864,74.581449,Habitat
IMG03411,SP0218,,IMG03411_SP0218.jpg,Rahul Deshpande,2018-02-21,19.942584,74.542842,Flora
IMG03412,SP0063,OBS014810,IMG03412_SP0063.jpg,Nikhil Deshpande,2020-07-25,19.904626,74.487657,Flora
IMG03413,SP0435,OBS005470,IMG03413_SP0435.jpg,Kirti Kulkarni,2026-04-22,19.874511,74.426191,Flora
IMG03414,SP0230,,IMG03414_SP0230.jpg,Rahul Pawar,2025-09-25,19.948666,74.467582,Habitat
IMG03415,SP0358,,IMG03415_SP0358.jpg,Nikhil Deshpande,2025-09-10,19.879413,74.597548,Flora
IMG03416,SP0179,,IMG03416_SP0179.jpg,Vikram Joshi,2023-09-08,19.87435,74.518767,Wildlife
IMG03417,SP0377,OBS004626,IMG03417_SP0377.jpg,Rahul Pawar,2016-11-01,19.874298,74.383061,Habitat
IMG03418,SP0308,OBS012317,IMG03418_SP0308.jpg,Amit Kulkarni,2022-04-14,19.922236,74.400751,Habitat
IMG03419,SP0017,OBS019079,IMG03419_SP0017.jpg,Vikram Jadhav,2025-03-24,19.846329,74.354071,Field Survey
IMG03420,SP0085,OBS018724,IMG03420_SP0085.jpg,Aarti Jadhav,2025-04-01,19.846822,74.445723,Wildlife
IMG03421,SP0106,OBS017332,IMG03421_SP0106.jpg,Sandeep More,2025-09-11,19.936146,74.553947,Wildlife
IMG03422,SP0014,,IMG03422_SP0014.jpg,Aarti Jadhav,2025-06-24,19.93713,74.46401,Wildlife
IMG03423,SP0341,,IMG03423_SP0341.jpg,Swati Bhosale,2020-01-20,19.91849,74.56039,Wildlife
IMG03424,SP0111,OBS001764,IMG03424_SP0111.jpg,Nikhil Deshpande,2025-10-30,19.908858,74.590333,Wildlife
IMG03425,SP0326,,IMG03425_SP0326.jpg,Om Shinde,2018-02-09,19.898778,74.412174,Water Body
IMG03426,SP0185,OBS016927,IMG03426_SP0185.jpg,Nikhil Pawar,2024-02-21,19.920465,74.539354,Field Survey
IMG03427,SP0391,,IMG03427_SP0391.jpg,Aarti Jadhav,2019-03-25,19.903148,74.462082,Flora
IMG03428,SP0188,OBS016603,IMG03428_SP0188.jpg,Rajesh Kale,2017-09-11,19.930317,74.368644,Wildlife
IMG03429,SP0170,OBS009457,IMG03429_SP0170.jpg,Rajesh Kale,2025-12-17,19.89289,74.441924,Flora
IMG03430,SP0034,OBS006858,IMG03430_SP0034.jpg,Om Shinde,2026-08-03,19.895023,74.522202,Water Body
IMG03431,SP0083,OBS015921,IMG03431_SP0083.jpg,Tejas Joshi,2016-12-26,19.947402,74.59121,Citizen Submission
IMG03432,SP0330,OBS002276,IMG03432_SP0330.jpg,Rahul Deshpande,2017-04-27,19.823257,74.591123,Field Survey
IMG03433,SP0321,OBS010044,IMG03433_SP0321.jpg,Neha Pawar,2018-09-28,19.81457,74.355587,Flora
IMG03434,SP0061,OBS011699,IMG03434_SP0061.jpg,Aarti Joshi,2023-01-07,19.890932,74.515281,Water Body
IMG03435,SP0059,OBS014551,IMG03435_SP0059.jpg,Nikhil Deshpande,2025-06-22,19.881344,74.597739,Water Body
IMG03436,SP0038,OBS005666,IMG03436_SP0038.jpg,Vikram Joshi,2025-07-09,19.914599,74.587707,Wildlife
IMG03437,SP0014,OBS017191,IMG03437_SP0014.jpg,Rahul Deshpande,2024-12-20,19.849351,74.370267,Citizen Submission
IMG03438,SP0080,OBS006148,IMG03438_SP0080.jpg,Om Bhosale,2025-03-13,19.908449,74.405299,Water Body
IMG03439,SP0181,OBS004488,IMG03439_SP0181.jpg,Nikhil Deshpande,2026-04-09,19.874545,74.492604,Wildlife
IMG03440,SP0421,OBS006652,IMG03440_SP0421.jpg,Swati Shinde,2024-09-29,19.895945,74.389047,Field Survey
IMG03441,SP0435,OBS011946,IMG03441_SP0435.jpg,Sandeep More,2024-01-18,19.821131,74.38702,Flora
IMG03442,SP0399,OBS007046,IMG03442_SP0399.jpg,Sneha Patil,2021-04-03,19.910699,74.447728,Field Survey
IMG03443,SP0239,OBS014543,IMG03443_SP0239.jpg,Nikhil Deshpande,2017-08-27,19.91554,74.471911,Citizen Submission
IMG03444,SP0303,,IMG03444_SP0303.jpg,Amit Kale,2020-02-27,19.871274,74.483931,Flora
IMG03445,SP0128,OBS001997,IMG03445_SP0128.jpg,Aarti Joshi,2023-07-23,19.800254,74.354717,Field Survey
IMG03446,SP0193,OBS004166,IMG03446_SP0193.jpg,Swati Bhosale,2025-06-16,19.90842,74.384158,Habitat
IMG03447,SP0308,OBS016618,IMG03447_SP0308.jpg,Aarti Jadhav,2021-09-07,19.855151,74.397323,Wildlife
IMG03448,SP0120,OBS001592,IMG03448_SP0120.jpg,Sandeep More,2022-07-01,19.838761,74.501161,Habitat
IMG03449,SP0113,,IMG03449_SP0113.jpg,Rahul Pawar,2024-05-25,19.868175,74.491094,Field Survey
IMG03450,SP0351,,IMG03450_SP0351.jpg,Rahul Deshpande,2023-10-12,19.932706,74.441199,Citizen Submission
IMG03451,SP0077,OBS008130,IMG03451_SP0077.jpg,Rajesh Kulkarni,2024-12-09,19.848318,74.386795,Flora
IMG03452,SP0304,OBS004435,IMG03452_SP0304.jpg,Vikram Joshi,2017-11-22,19.893576,74.372252,Citizen Submission
IMG03453,SP0213,OBS012918,IMG03453_SP0213.jpg,Sneha Patil,2018-04-29,19.919702,74.408966,Citizen Submission
IMG03454,SP0285,OBS000754,IMG03454_SP0285.jpg,Rahul Deshpande,2021-12-09,19.922711,74.490226,Habitat
IMG03455,SP0009,OBS007157,IMG03455_SP0009.jpg,Rajesh Kulkarni,2020-09-18,19.903458,74.391808,Water Body
IMG03456,SP0087,,IMG03456_SP0087.jpg,Priyanka Patil,2025-08-29,19.807844,74.367204,Wildlife
IMG03457,SP0421,OBS008115,IMG03457_SP0421.jpg,Pooja Bhosale,2025-09-07,19.931484,74.453241,Citizen Submission
IMG03458,SP0186,,IMG03458_SP0186.jpg,Swati Shinde,2026-07-30,19.83534,74.51842,Wildlife
IMG03459,SP0029,OBS017098,IMG03459_SP0029.jpg,Neha Pawar,2025-08-31,19.923764,74.436949,Wildlife
IMG03460,SP0364,OBS006189,IMG03460_SP0364.jpg,Amit Kale,2020-10-15,19.92954,74.533808,Water Body
IMG03461,SP0385,,IMG03461_SP0385.jpg,Pooja Shinde,2024-05-01,19.843676,74.503444,Wildlife
IMG03462,SP0087,OBS006428,IMG03462_SP0087.jpg,Kirti Kale,2024-03-17,19.897673,74.479334,Flora
IMG03463,SP0092,OBS007965,IMG03463_SP0092.jpg,Amit Kale,2019-12-29,19.928276,74.351185,Wildlife
IMG03464,SP0303,OBS018664,IMG03464_SP0303.jpg,Swati Bhosale,2018-06-28,19.853058,74.433469,Flora
IMG03465,SP0382,OBS009797,IMG03465_SP0382.jpg,Om Bhosale,2024-03-16,19.869343,74.367495,Citizen Submission
IMG03466,SP0049,,IMG03466_SP0049.jpg,Pooja Shinde,2018-03-21,19.851775,74.418192,Field Survey
IMG03467,SP0131,OBS010330,IMG03467_SP0131.jpg,Pooja Shinde,2023-11-11,19.942897,74.498165,Wildlife
IMG03468,SP0394,,IMG03468_SP0394.jpg,Nikhil Deshpande,2017-03-23,19.898331,74.419484,Water Body
IMG03469,SP0036,OBS006432,IMG03469_SP0036.jpg,Sneha Patil,2025-06-20,19.80402,74.452622,Field Survey
IMG03470,SP0196,,IMG03470_SP0196.jpg,Rajesh Kale,2024-12-03,19.905141,74.364081,Wildlife
IMG03471,SP0112,OBS010977,IMG03471_SP0112.jpg,Sandeep More,2017-06-16,19.936771,74.408029,Flora
IMG03472,SP0429,OBS016940,IMG03472_SP0429.jpg,Aarti Jadhav,2017-03-18,19.891311,74.42317,Wildlife
IMG03473,SP0334,OBS004845,IMG03473_SP0334.jpg,Neha Pawar,2024-07-18,19.915124,74.512609,Habitat
IMG03474,SP0404,,IMG03474_SP0404.jpg,Nikhil Pawar,2020-03-16,19.943279,74.551913,Citizen Submission
IMG03475,SP0371,,IMG03475_SP0371.jpg,Rahul Pawar,2023-10-09,19.859782,74.385224,Water Body
IMG03476,SP0006,OBS016586,IMG03476_SP0006.jpg,Swati Shinde,2025-06-20,19.849584,74.554274,Wildlife
IMG03477,SP0097,OBS004393,IMG03477_SP0097.jpg,Om Bhosale,2023-12-08,19.835013,74.510391,Flora
IMG03478,SP0090,OBS004924,IMG03478_SP0090.jpg,Pooja Shinde,2021-07-21,19.891255,74.550872,Habitat
IMG03479,SP0058,OBS000083,IMG03479_SP0058.jpg,Pooja Bhosale,2018-07-20,19.900162,74.516939,Water Body
IMG03480,SP0147,OBS001927,IMG03480_SP0147.jpg,Amit Kulkarni,2024-09-04,19.841416,74.535697,Habitat
IMG03481,SP0077,,IMG03481_SP0077.jpg,Tejas Joshi,2017-04-03,19.916853,74.486391,Water Body
IMG03482,SP0220,OBS009442,IMG03482_SP0220.jpg,Neha Pawar,2021-03-24,19.899756,74.397331,Wildlife
IMG03483,SP0332,OBS010636,IMG03483_SP0332.jpg,Tejas Jadhav,2020-05-06,19.899871,74.544712,Wildlife
IMG03484,SP0235,OBS007269,IMG03484_SP0235.jpg,Aarti Jadhav,2022-08-01,19.92312,74.532128,Flora
IMG03485,SP0254,,IMG03485_SP0254.jpg,Sneha More,2018-01-11,19.838763,74.545328,Habitat
IMG03486,SP0184,OBS009849,IMG03486_SP0184.jpg,Amit Kulkarni,2019-03-11,19.88422,74.388414,Flora
IMG03487,SP0272,OBS013710,IMG03487_SP0272.jpg,Rajesh Kale,2026-04-11,19.900838,74.36173,Citizen Submission
IMG03488,SP0210,OBS019481,IMG03488_SP0210.jpg,Pooja Bhosale,2024-11-22,19.806499,74.429147,Habitat
IMG03489,SP0232,OBS007024,IMG03489_SP0232.jpg,Sneha More,2025-12-01,19.908287,74.51137,Wildlife
IMG03490,SP0371,OBS000453,IMG03490_SP0371.jpg,Vikram Joshi,2025-03-03,19.905533,74.505475,Habitat
IMG03491,SP0222,,IMG03491_SP0222.jpg,Pooja Shinde,2016-11-04,19.823695,74.356029,Field Survey
IMG03492,SP0072,,IMG03492_SP0072.jpg,Sneha More,2018-07-05,19.903895,74.596285,Field Survey
IMG03493,SP0185,,IMG03493_SP0185.jpg,Om Bhosale,2024-12-05,19.937884,74.438724,Field Survey
IMG03494,SP0081,OBS013188,IMG03494_SP0081.jpg,Rajesh Kale,2016-12-10,19.822167,74.513576,Field Survey
IMG03495,SP0232,OBS008761,IMG03495_SP0232.jpg,Rahul Deshpande,2016-08-04,19.887703,74.52314,Flora
IMG03496,SP0096,OBS016762,IMG03496_SP0096.jpg,Sandeep More,2017-02-20,19.880934,74.587142,Water Body
IMG03497,SP0289,,IMG03497_SP0289.jpg,Amit Kale,2022-07-14,19.801322,74.473934,Water Body
IMG03498,SP0083,OBS009834,IMG03498_SP0083.jpg,Neha Pawar,2020-10-18,19.861333,74.517256,Citizen Submission
IMG03499,SP0448,OBS019706,IMG03499_SP0448.jpg,Kirti Kulkarni,2020-05-02,19.872995,74.418223,Wildlife
IMG03500,SP0385,OBS001219,IMG03500_SP0385.jpg,Pooja Shinde,2024-03-28,19.907682,74.493017,Flora
IMG03501,SP0196,OBS012911,IMG03501_SP0196.jpg,Rahul Pawar,2026-04-25,19.824681,74.498386,Field Survey
IMG03502,SP0396,OBS006515,IMG03502_SP0396.jpg,Aarti Joshi,2021-10-04,19.856854,74.380421,Water Body
IMG03503,SP0397,OBS000750,IMG03503_SP0397.jpg,Swati Bhosale,2025-01-18,19.829816,74.373644,Water Body
IMG03504,SP0382,OBS010992,IMG03504_SP0382.jpg,Nikhil Pawar,2020-08-26,19.926536,74.356598,Habitat
IMG03505,SP0225,OBS012067,IMG03505_SP0225.jpg,Rajesh Kale,2024-03-10,19.860416,74.364591,Water Body
IMG03506,SP0376,OBS006593,IMG03506_SP0376.jpg,Neha Pawar,2022-03-04,19.847887,74.437182,Water Body
IMG03507,SP0326,OBS003855,IMG03507_SP0326.jpg,Neha Pawar,2019-06-23,19.843094,74.372548,Wildlife
IMG03508,SP0242,,IMG03508_SP0242.jpg,Priyanka More,2020-09-11,19.913563,74.550683,Wildlife
IMG03509,SP0363,OBS001698,IMG03509_SP0363.jpg,Sneha Patil,2024-01-21,19.895972,74.472034,Water Body
IMG03510,SP0015,OBS011547,IMG03510_SP0015.jpg,Vikram Jadhav,2023-08-15,19.903196,74.490264,Wildlife
IMG03511,SP0220,OBS001433,IMG03511_SP0220.jpg,Sandeep Patil,2021-10-22,19.804566,74.458704,Habitat
IMG03512,SP0039,OBS005175,IMG03512_SP0039.jpg,Om Bhosale,2018-07-21,19.854433,74.524751,Field Survey
IMG03513,SP0135,OBS009613,IMG03513_SP0135.jpg,Om Bhosale,2022-11-19,19.82227,74.494552,Habitat
IMG03514,SP0374,,IMG03514_SP0374.jpg,Kirti Kale,2026-06-11,19.833464,74.382294,Water Body
IMG03515,SP0411,OBS011141,IMG03515_SP0411.jpg,Pooja Shinde,2018-01-24,19.895802,74.449997,Field Survey
IMG03516,SP0239,OBS011574,IMG03516_SP0239.jpg,Rahul Deshpande,2023-07-19,19.837531,74.424203,Water Body
IMG03517,SP0313,,IMG03517_SP0313.jpg,Amit Kale,2020-05-18,19.831702,74.50747,Citizen Submission
IMG03518,SP0134,OBS001078,IMG03518_SP0134.jpg,Neha Pawar,2021-02-06,19.816373,74.519919,Field Survey
IMG03519,SP0181,OBS010506,IMG03519_SP0181.jpg,Neha Pawar,2023-10-12,19.928047,74.383728,Wildlife
IMG03520,SP0460,OBS006102,IMG03520_SP0460.jpg,Om Bhosale,2020-04-13,19.887178,74.377454,Habitat
IMG03521,SP0235,OBS005988,IMG03521_SP0235.jpg,Tejas Jadhav,2022-08-29,19.838085,74.443602,Flora
IMG03522,SP0404,OBS015037,IMG03522_SP0404.jpg,Priyanka More,2021-07-23,19.863873,74.575743,Water Body
IMG03523,SP0102,,IMG03523_SP0102.jpg,Kirti Kulkarni,2023-06-04,19.908224,74.419693,Citizen Submission
IMG03524,SP0049,OBS014460,IMG03524_SP0049.jpg,Rajesh Kulkarni,2021-02-13,19.91683,74.575212,Wildlife
IMG03525,SP0361,OBS012553,IMG03525_SP0361.jpg,Nikhil Pawar,2023-06-03,19.882576,74.534634,Citizen Submission
IMG03526,SP0427,OBS012038,IMG03526_SP0427.jpg,Neha Pawar,2020-08-07,19.915525,74.538128,Water Body
IMG03527,SP0219,OBS012773,IMG03527_SP0219.jpg,Neha Pawar,2018-02-21,19.929127,74.464748,Citizen Submission
IMG03528,SP0231,,IMG03528_SP0231.jpg,Kirti Kale,2023-01-20,19.926536,74.357319,Wildlife
IMG03529,SP0413,OBS011207,IMG03529_SP0413.jpg,Om Bhosale,2018-01-23,19.886836,74.555114,Citizen Submission
IMG03530,SP0409,,IMG03530_SP0409.jpg,Sandeep More,2023-05-01,19.822105,74.533225,Citizen Submission
IMG03531,SP0232,,IMG03531_SP0232.jpg,Swati Shinde,2018-08-11,19.920158,74.47806,Flora
IMG03532,SP0040,OBS009118,IMG03532_SP0040.jpg,Sandeep Patil,2021-02-22,19.840537,74.435079,Wildlife
IMG03533,SP0315,,IMG03533_SP0315.jpg,Om Bhosale,2021-03-04,19.842876,74.393712,Flora
IMG03534,SP0156,,IMG03534_SP0156.jpg,Kirti Kale,2019-05-08,19.862077,74.571072,Wildlife
IMG03535,SP0154,OBS002281,IMG03535_SP0154.jpg,Nikhil Pawar,2024-05-28,19.94689,74.433415,Wildlife
IMG03536,SP0263,OBS017472,IMG03536_SP0263.jpg,Kirti Kale,2022-10-31,19.925564,74.37808,Citizen Submission
IMG03537,SP0246,OBS003562,IMG03537_SP0246.jpg,Aarti Joshi,2019-07-20,19.815206,74.421552,Citizen Submission
IMG03538,SP0054,,IMG03538_SP0054.jpg,Aarti Jadhav,2022-06-04,19.947471,74.55301,Citizen Submission
IMG03539,SP0298,,IMG03539_SP0298.jpg,Sandeep Patil,2024-10-24,19.946266,74.386552,Water Body
IMG03540,SP0307,OBS012162,IMG03540_SP0307.jpg,Sandeep More,2016-12-11,19.903843,74.592193,Field Survey
IMG03541,SP0029,,IMG03541_SP0029.jpg,Kirti Kale,2020-02-21,19.850928,74.519628,Field Survey
IMG03542,SP0400,,IMG03542_SP0400.jpg,Priyanka Patil,2021-03-14,19.830433,74.438855,Citizen Submission
IMG03543,SP0093,,IMG03543_SP0093.jpg,Swati Bhosale,2022-05-21,19.804118,74.365382,Citizen Submission
IMG03544,SP0229,OBS009830,IMG03544_SP0229.jpg,Tejas Jadhav,2023-12-23,19.938294,74.391169,Wildlife
IMG03545,SP0303,OBS008745,IMG03545_SP0303.jpg,Amit Kulkarni,2026-05-22,19.867402,74.509998,Water Body
IMG03546,SP0336,OBS009102,IMG03546_SP0336.jpg,Rahul Deshpande,2020-08-08,19.805088,74.482593,Flora
IMG03547,SP0103,OBS000285,IMG03547_SP0103.jpg,Priyanka Patil,2017-04-11,19.918546,74.44496,Wildlife
IMG03548,SP0142,OBS019096,IMG03548_SP0142.jpg,Sneha Patil,2018-08-05,19.803308,74.463619,Flora
IMG03549,SP0274,,IMG03549_SP0274.jpg,Rahul Pawar,2025-09-29,19.82454,74.459232,Field Survey
IMG03550,SP0307,OBS016722,IMG03550_SP0307.jpg,Nikhil Pawar,2022-01-08,19.88553,74.570887,Flora
IMG03551,SP0318,,IMG03551_SP0318.jpg,Vikram Joshi,2018-07-23,19.87761,74.521497,Flora
IMG03552,SP0450,OBS017408,IMG03552_SP0450.jpg,Kirti Kulkarni,2017-11-02,19.877132,74.360639,Citizen Submission
IMG03553,SP0289,OBS000303,IMG03553_SP0289.jpg,Amit Kulkarni,2021-06-13,19.849314,74.383925,Habitat
IMG03554,SP0210,,IMG03554_SP0210.jpg,Tejas Jadhav,2025-04-28,19.837872,74.564778,Flora
IMG03555,SP0016,OBS010587,IMG03555_SP0016.jpg,Rajesh Kale,2020-07-26,19.857849,74.40045,Water Body
IMG03556,SP0111,,IMG03556_SP0111.jpg,Kirti Kale,2023-02-12,19.815676,74.407103,Field Survey
IMG03557,SP0148,OBS016346,IMG03557_SP0148.jpg,Kirti Kulkarni,2022-07-20,19.828336,74.541277,Wildlife
IMG03558,SP0173,OBS010348,IMG03558_SP0173.jpg,Swati Shinde,2018-05-31,19.860631,74.504133,Wildlife
IMG03559,SP0341,OBS015966,IMG03559_SP0341.jpg,Tejas Jadhav,2024-12-22,19.871304,74.358408,Water Body
IMG03560,SP0361,OBS019704,IMG03560_SP0361.jpg,Swati Shinde,2022-03-11,19.93098,74.447418,Wildlife
IMG03561,SP0136,OBS003520,IMG03561_SP0136.jpg,Sneha Patil,2023-11-19,19.933926,74.57199,Field Survey
IMG03562,SP0145,OBS003132,IMG03562_SP0145.jpg,Pooja Bhosale,2016-11-02,19.923775,74.51905,Field Survey
IMG03563,SP0291,OBS002684,IMG03563_SP0291.jpg,Swati Bhosale,2021-11-16,19.901889,74.471058,Field Survey
IMG03564,SP0340,,IMG03564_SP0340.jpg,Priyanka Patil,2019-06-05,19.842966,74.557381,Habitat
IMG03565,SP0246,,IMG03565_SP0246.jpg,Amit Kulkarni,2024-03-18,19.860114,74.523403,Habitat
IMG03566,SP0099,OBS006246,IMG03566_SP0099.jpg,Vikram Jadhav,2026-05-21,19.813134,74.438621,Citizen Submission
IMG03567,SP0450,OBS008536,IMG03567_SP0450.jpg,Om Bhosale,2017-04-08,19.867214,74.400745,Citizen Submission
IMG03568,SP0125,,IMG03568_SP0125.jpg,Aarti Jadhav,2019-01-12,19.893571,74.45391,Habitat
IMG03569,SP0033,OBS005700,IMG03569_SP0033.jpg,Aarti Jadhav,2017-01-05,19.880501,74.420431,Flora
IMG03570,SP0336,OBS017437,IMG03570_SP0336.jpg,Pooja Shinde,2016-10-27,19.853844,74.394029,Field Survey
IMG03571,SP0067,,IMG03571_SP0067.jpg,Sandeep More,2022-03-09,19.895532,74.511139,Wildlife
IMG03572,SP0142,OBS009800,IMG03572_SP0142.jpg,Kirti Kale,2020-04-15,19.860937,74.457127,Habitat
IMG03573,SP0398,OBS008263,IMG03573_SP0398.jpg,Nikhil Pawar,2017-04-30,19.80685,74.364678,Habitat
IMG03574,SP0190,,IMG03574_SP0190.jpg,Sandeep Patil,2025-02-06,19.949774,74.598178,Flora
IMG03575,SP0022,,IMG03575_SP0022.jpg,Sandeep More,2021-05-12,19.948854,74.501755,Flora
IMG03576,SP0145,,IMG03576_SP0145.jpg,Rahul Pawar,2018-09-11,19.851675,74.444424,Wildlife
IMG03577,SP0216,OBS008189,IMG03577_SP0216.jpg,Sandeep More,2022-07-09,19.883711,74.542112,Citizen Submission
IMG03578,SP0431,,IMG03578_SP0431.jpg,Sandeep Patil,2021-11-02,19.949864,74.444576,Flora
IMG03579,SP0322,OBS018648,IMG03579_SP0322.jpg,Rahul Deshpande,2020-12-27,19.811876,74.577933,Wildlife
IMG03580,SP0198,OBS009484,IMG03580_SP0198.jpg,Pooja Bhosale,2020-07-20,19.830969,74.587554,Citizen Submission
IMG03581,SP0205,OBS018768,IMG03581_SP0205.jpg,Vikram Joshi,2017-12-26,19.880863,74.578822,Water Body
IMG03582,SP0430,,IMG03582_SP0430.jpg,Sandeep More,2019-03-16,19.814105,74.422608,Flora
IMG03583,SP0124,,IMG03583_SP0124.jpg,Sandeep Patil,2022-06-12,19.849617,74.373626,Flora
IMG03584,SP0362,OBS011146,IMG03584_SP0362.jpg,Tejas Joshi,2026-02-05,19.825489,74.369554,Water Body
IMG03585,SP0001,OBS017439,IMG03585_SP0001.jpg,Aarti Jadhav,2022-08-15,19.887082,74.555516,Habitat
IMG03586,SP0271,OBS000032,IMG03586_SP0271.jpg,Vikram Joshi,2021-04-26,19.887407,74.523288,Habitat
IMG03587,SP0382,OBS018899,IMG03587_SP0382.jpg,Sandeep Patil,2024-05-29,19.945497,74.541047,Citizen Submission
IMG03588,SP0378,,IMG03588_SP0378.jpg,Kirti Kale,2023-12-01,19.908471,74.369894,Wildlife
IMG03589,SP0369,OBS008868,IMG03589_SP0369.jpg,Sandeep More,2017-09-08,19.857941,74.439302,Water Body
IMG03590,SP0007,OBS012385,IMG03590_SP0007.jpg,Vikram Joshi,2020-08-12,19.916603,74.557947,Water Body
IMG03591,SP0428,,IMG03591_SP0428.jpg,Pooja Bhosale,2024-10-18,19.939798,74.551569,Wildlife
IMG03592,SP0237,OBS015246,IMG03592_SP0237.jpg,Nikhil Deshpande,2025-12-17,19.935055,74.433929,Water Body
IMG03593,SP0092,OBS011662,IMG03593_SP0092.jpg,Vikram Joshi,2023-02-19,19.901424,74.50309,Habitat
IMG03594,SP0451,,IMG03594_SP0451.jpg,Sneha More,2021-12-22,19.862839,74.499419,Flora
IMG03595,SP0336,OBS001260,IMG03595_SP0336.jpg,Rahul Deshpande,2019-10-27,19.827623,74.482143,Field Survey
IMG03596,SP0397,OBS018336,IMG03596_SP0397.jpg,Vikram Joshi,2022-04-30,19.850355,74.381232,Habitat
IMG03597,SP0205,,IMG03597_SP0205.jpg,Rajesh Kale,2026-01-15,19.808982,74.431561,Wildlife
IMG03598,SP0408,OBS015888,IMG03598_SP0408.jpg,Neha Pawar,2024-11-15,19.928335,74.462435,Flora
IMG03599,SP0241,OBS008382,IMG03599_SP0241.jpg,Kirti Kulkarni,2022-09-25,19.801967,74.541596,Citizen Submission
IMG03600,SP0168,OBS008721,IMG03600_SP0168.jpg,Sandeep More,2023-06-09,19.828324,74.486776,Citizen Submission
IMG03601,SP0320,,IMG03601_SP0320.jpg,Kirti Kale,2024-12-04,19.909067,74.599855,Citizen Submission
IMG03602,SP0059,OBS008554,IMG03602_SP0059.jpg,Om Bhosale,2017-02-02,19.855766,74.592401,Water Body
IMG03603,SP0396,OBS013385,IMG03603_SP0396.jpg,Pooja Bhosale,2021-05-24,19.933732,74.412256,Field Survey
IMG03604,SP0447,OBS016905,IMG03604_SP0447.jpg,Amit Kulkarni,2019-11-25,19.929047,74.592629,Citizen Submission
IMG03605,SP0455,OBS009529,IMG03605_SP0455.jpg,Vikram Jadhav,2018-06-27,19.854086,74.548798,Water Body
IMG03606,SP0034,,IMG03606_SP0034.jpg,Aarti Joshi,2022-03-02,19.804829,74.400465,Flora
IMG03607,SP0334,,IMG03607_SP0334.jpg,Om Bhosale,2019-03-07,19.815042,74.463898,Flora
IMG03608,SP0458,,IMG03608_SP0458.jpg,Amit Kulkarni,2021-05-18,19.840373,74.480228,Wildlife
IMG03609,SP0407,,IMG03609_SP0407.jpg,Vikram Jadhav,2021-08-20,19.826081,74.443396,Field Survey
IMG03610,SP0438,OBS018829,IMG03610_SP0438.jpg,Amit Kulkarni,2025-08-30,19.93847,74.446323,Citizen Submission
IMG03611,SP0203,OBS019116,IMG03611_SP0203.jpg,Sneha Patil,2022-06-18,19.94619,74.448883,Flora
IMG03612,SP0444,OBS016590,IMG03612_SP0444.jpg,Vikram Joshi,2025-09-13,19.882736,74.540793,Citizen Submission
IMG03613,SP0216,OBS003240,IMG03613_SP0216.jpg,Neha Pawar,2019-04-20,19.911031,74.414905,Flora
IMG03614,SP0082,,IMG03614_SP0082.jpg,Neha Pawar,2022-08-30,19.92299,74.396923,Citizen Submission
IMG03615,SP0128,,IMG03615_SP0128.jpg,Rahul Pawar,2017-03-22,19.93526,74.395536,Water Body
IMG03616,SP0240,OBS004544,IMG03616_SP0240.jpg,Amit Kulkarni,2023-08-23,19.917742,74.554485,Habitat
IMG03617,SP0054,OBS003617,IMG03617_SP0054.jpg,Rahul Deshpande,2024-02-13,19.835342,74.435219,Flora
IMG03618,SP0071,OBS018890,IMG03618_SP0071.jpg,Kirti Kale,2025-10-26,19.872987,74.519131,Wildlife
IMG03619,SP0047,OBS017061,IMG03619_SP0047.jpg,Aarti Jadhav,2020-06-27,19.85835,74.374596,Field Survey
IMG03620,SP0064,OBS018173,IMG03620_SP0064.jpg,Nikhil Deshpande,2025-10-26,19.803987,74.516611,Flora
IMG03621,SP0455,OBS004831,IMG03621_SP0455.jpg,Neha Deshpande,2018-08-08,19.846732,74.582798,Water Body
IMG03622,SP0047,OBS008631,IMG03622_SP0047.jpg,Pooja Bhosale,2023-02-17,19.911114,74.361339,Water Body
IMG03623,SP0362,,IMG03623_SP0362.jpg,Vikram Joshi,2017-03-11,19.837944,74.530993,Habitat
IMG03624,SP0002,OBS016466,IMG03624_SP0002.jpg,Sneha Patil,2024-09-27,19.861457,74.585803,Flora
IMG03625,SP0005,OBS011866,IMG03625_SP0005.jpg,Neha Pawar,2018-07-19,19.896442,74.552702,Field Survey
IMG03626,SP0101,,IMG03626_SP0101.jpg,Vikram Joshi,2021-03-19,19.847838,74.383777,Flora
IMG03627,SP0292,,IMG03627_SP0292.jpg,Rahul Pawar,2018-08-23,19.928563,74.558056,Citizen Submission
IMG03628,SP0426,,IMG03628_SP0426.jpg,Tejas Jadhav,2026-01-13,19.91886,74.57888,Habitat
IMG03629,SP0414,,IMG03629_SP0414.jpg,Sneha More,2017-05-03,19.827977,74.547625,Field Survey
IMG03630,SP0040,OBS005940,IMG03630_SP0040.jpg,Priyanka More,2019-10-23,19.882426,74.595056,Habitat
IMG03631,SP0401,OBS012506,IMG03631_SP0401.jpg,Om Bhosale,2020-05-03,19.927693,74.352214,Water Body
IMG03632,SP0419,OBS009625,IMG03632_SP0419.jpg,Nikhil Pawar,2021-01-30,19.805506,74.40126,Water Body
IMG03633,SP0123,OBS002327,IMG03633_SP0123.jpg,Aarti Jadhav,2017-08-30,19.941759,74.489339,Wildlife
IMG03634,SP0404,OBS010236,IMG03634_SP0404.jpg,Sneha More,2018-01-20,19.854902,74.479644,Flora
IMG03635,SP0283,OBS015533,IMG03635_SP0283.jpg,Neha Deshpande,2017-01-13,19.947676,74.405898,Wildlife
IMG03636,SP0401,,IMG03636_SP0401.jpg,Sneha Patil,2017-01-25,19.821903,74.593838,Field Survey
IMG03637,SP0152,OBS001369,IMG03637_SP0152.jpg,Swati Shinde,2018-06-29,19.89097,74.471,Habitat
IMG03638,SP0203,,IMG03638_SP0203.jpg,Om Shinde,2017-03-09,19.868014,74.455599,Wildlife
IMG03639,SP0042,OBS018857,IMG03639_SP0042.jpg,Amit Kale,2022-09-03,19.899657,74.41753,Habitat
IMG03640,SP0310,OBS010511,IMG03640_SP0310.jpg,Amit Kulkarni,2017-05-11,19.893027,74.577312,Field Survey
IMG03641,SP0224,,IMG03641_SP0224.jpg,Priyanka Patil,2016-11-29,19.829896,74.472047,Wildlife
IMG03642,SP0125,,IMG03642_SP0125.jpg,Om Bhosale,2018-10-24,19.865249,74.481163,Habitat
IMG03643,SP0011,OBS014868,IMG03643_SP0011.jpg,Amit Kulkarni,2020-12-21,19.832381,74.524882,Citizen Submission
IMG03644,SP0226,,IMG03644_SP0226.jpg,Nikhil Deshpande,2026-03-14,19.853647,74.593019,Citizen Submission
IMG03645,SP0351,OBS004326,IMG03645_SP0351.jpg,Tejas Joshi,2018-05-01,19.94006,74.523009,Wildlife
IMG03646,SP0332,OBS016636,IMG03646_SP0332.jpg,Tejas Jadhav,2025-08-19,19.825706,74.523123,Water Body
IMG03647,SP0089,OBS016647,IMG03647_SP0089.jpg,Rajesh Kale,2019-07-06,19.926118,74.400949,Citizen Submission
IMG03648,SP0286,,IMG03648_SP0286.jpg,Nikhil Deshpande,2019-07-07,19.849215,74.500654,Field Survey
IMG03649,SP0267,OBS007815,IMG03649_SP0267.jpg,Om Bhosale,2021-10-08,19.831537,74.478493,Water Body
IMG03650,SP0330,OBS002566,IMG03650_SP0330.jpg,Nikhil Pawar,2024-08-11,19.836917,74.565775,Wildlife
IMG03651,SP0351,,IMG03651_SP0351.jpg,Neha Pawar,2018-11-17,19.827974,74.428715,Field Survey
IMG03652,SP0093,,IMG03652_SP0093.jpg,Kirti Kale,2021-04-27,19.844442,74.422981,Citizen Submission
IMG03653,SP0233,,IMG03653_SP0233.jpg,Pooja Bhosale,2021-04-12,19.935904,74.593971,Flora
IMG03654,SP0344,,IMG03654_SP0344.jpg,Amit Kale,2021-02-04,19.861935,74.371503,Habitat
IMG03655,SP0100,OBS009987,IMG03655_SP0100.jpg,Rahul Deshpande,2023-02-02,19.877589,74.374276,Habitat
IMG03656,SP0049,,IMG03656_SP0049.jpg,Nikhil Pawar,2021-01-14,19.881575,74.486658,Water Body
IMG03657,SP0154,OBS000845,IMG03657_SP0154.jpg,Sneha Patil,2017-09-21,19.805556,74.443414,Water Body
IMG03658,SP0012,OBS004493,IMG03658_SP0012.jpg,Pooja Bhosale,2018-04-24,19.830334,74.586556,Water Body
IMG03659,SP0288,,IMG03659_SP0288.jpg,Rahul Deshpande,2025-03-28,19.908977,74.537759,Wildlife
IMG03660,SP0425,OBS015434,IMG03660_SP0425.jpg,Aarti Jadhav,2016-10-29,19.949838,74.556233,Field Survey
IMG03661,SP0444,,IMG03661_SP0444.jpg,Nikhil Pawar,2025-08-06,19.935784,74.5485,Citizen Submission
IMG03662,SP0292,,IMG03662_SP0292.jpg,Priyanka Patil,2020-05-01,19.883706,74.528402,Flora
IMG03663,SP0322,,IMG03663_SP0322.jpg,Kirti Kale,2018-06-22,19.877586,74.564249,Habitat
IMG03664,SP0125,OBS011003,IMG03664_SP0125.jpg,Om Shinde,2016-09-30,19.908658,74.424553,Field Survey
IMG03665,SP0429,OBS007447,IMG03665_SP0429.jpg,Sneha Patil,2017-05-29,19.896483,74.425435,Wildlife
IMG03666,SP0235,,IMG03666_SP0235.jpg,Neha Pawar,2020-07-31,19.813174,74.414044,Flora
IMG03667,SP0312,,IMG03667_SP0312.jpg,Rajesh Kulkarni,2021-01-27,19.851614,74.562144,Wildlife
IMG03668,SP0083,OBS012938,IMG03668_SP0083.jpg,Rahul Deshpande,2019-01-08,19.837897,74.445038,Field Survey
IMG03669,SP0121,,IMG03669_SP0121.jpg,Rahul Deshpande,2018-09-16,19.813405,74.40653,Water Body
IMG03670,SP0423,OBS000659,IMG03670_SP0423.jpg,Aarti Joshi,2019-11-12,19.862374,74.542159,Field Survey
IMG03671,SP0386,OBS011961,IMG03671_SP0386.jpg,Pooja Bhosale,2022-01-11,19.860442,74.407344,Habitat
IMG03672,SP0456,OBS001710,IMG03672_SP0456.jpg,Neha Deshpande,2025-08-09,19.921783,74.427167,Flora
IMG03673,SP0129,,IMG03673_SP0129.jpg,Swati Bhosale,2023-10-29,19.893689,74.453399,Habitat
IMG03674,SP0186,OBS006006,IMG03674_SP0186.jpg,Amit Kulkarni,2024-02-26,19.85588,74.495601,Field Survey
IMG03675,SP0270,OBS006864,IMG03675_SP0270.jpg,Sandeep More,2024-04-17,19.890156,74.39767,Citizen Submission
IMG03676,SP0382,OBS002995,IMG03676_SP0382.jpg,Sandeep More,2024-08-05,19.814235,74.501466,Flora
IMG03677,SP0048,OBS009621,IMG03677_SP0048.jpg,Om Shinde,2020-02-02,19.825652,74.491353,Water Body
IMG03678,SP0076,OBS000492,IMG03678_SP0076.jpg,Neha Deshpande,2018-10-14,19.882157,74.501769,Habitat
IMG03679,SP0260,OBS011711,IMG03679_SP0260.jpg,Sneha Patil,2025-11-21,19.835474,74.545,Wildlife
IMG03680,SP0025,OBS000227,IMG03680_SP0025.jpg,Nikhil Pawar,2016-09-10,19.849452,74.406656,Citizen Submission
IMG03681,SP0330,OBS009203,IMG03681_SP0330.jpg,Sneha Patil,2023-02-06,19.914403,74.555171,Flora
IMG03682,SP0190,,IMG03682_SP0190.jpg,Kirti Kulkarni,2025-11-17,19.811803,74.575408,Habitat
IMG03683,SP0085,OBS013198,IMG03683_SP0085.jpg,Rahul Pawar,2025-11-07,19.820071,74.510895,Habitat
IMG03684,SP0158,,IMG03684_SP0158.jpg,Aarti Jadhav,2024-08-11,19.874304,74.449825,Flora
IMG03685,SP0330,,IMG03685_SP0330.jpg,Amit Kale,2018-12-11,19.90425,74.566467,Wildlife
IMG03686,SP0208,OBS009097,IMG03686_SP0208.jpg,Kirti Kulkarni,2026-01-01,19.830898,74.438749,Water Body
IMG03687,SP0030,,IMG03687_SP0030.jpg,Sandeep More,2018-12-22,19.91893,74.55068,Field Survey
IMG03688,SP0030,OBS004102,IMG03688_SP0030.jpg,Sneha Patil,2020-11-11,19.904154,74.400212,Flora
IMG03689,SP0156,OBS010039,IMG03689_SP0156.jpg,Rahul Deshpande,2024-04-30,19.850659,74.537649,Citizen Submission
IMG03690,SP0062,,IMG03690_SP0062.jpg,Swati Shinde,2025-04-14,19.941778,74.474207,Habitat
IMG03691,SP0119,OBS000248,IMG03691_SP0119.jpg,Pooja Shinde,2018-08-03,19.929035,74.564514,Field Survey
IMG03692,SP0016,OBS013398,IMG03692_SP0016.jpg,Rahul Deshpande,2018-07-07,19.851673,74.545071,Wildlife
IMG03693,SP0099,OBS001014,IMG03693_SP0099.jpg,Vikram Jadhav,2023-06-03,19.817588,74.359937,Habitat
IMG03694,SP0237,OBS002113,IMG03694_SP0237.jpg,Nikhil Pawar,2020-03-10,19.822229,74.360689,Wildlife
IMG03695,SP0085,OBS000424,IMG03695_SP0085.jpg,Swati Shinde,2019-03-22,19.920922,74.519864,Habitat
IMG03696,SP0135,,IMG03696_SP0135.jpg,Sneha Patil,2023-03-04,19.818947,74.519118,Wildlife
IMG03697,SP0144,OBS015201,IMG03697_SP0144.jpg,Rajesh Kulkarni,2025-09-19,19.823026,74.52881,Water Body
IMG03698,SP0231,OBS016696,IMG03698_SP0231.jpg,Aarti Joshi,2020-08-23,19.936962,74.593674,Water Body
IMG03699,SP0295,OBS003726,IMG03699_SP0295.jpg,Priyanka More,2016-11-04,19.904439,74.397473,Citizen Submission
IMG03700,SP0412,OBS017856,IMG03700_SP0412.jpg,Nikhil Pawar,2021-05-20,19.880589,74.376699,Flora
IMG03701,SP0278,OBS004846,IMG03701_SP0278.jpg,Kirti Kale,2021-08-22,19.876073,74.426636,Habitat
IMG03702,SP0370,,IMG03702_SP0370.jpg,Neha Pawar,2021-04-27,19.871202,74.580665,Citizen Submission
IMG03703,SP0015,,IMG03703_SP0015.jpg,Vikram Jadhav,2019-12-13,19.874731,74.540742,Field Survey
IMG03704,SP0399,,IMG03704_SP0399.jpg,Sandeep More,2016-12-27,19.884035,74.531939,Wildlife
IMG03705,SP0459,OBS018416,IMG03705_SP0459.jpg,Kirti Kale,2020-03-01,19.894077,74.452027,Wildlife
IMG03706,SP0036,OBS013792,IMG03706_SP0036.jpg,Rajesh Kulkarni,2022-09-18,19.933052,74.518801,Flora
IMG03707,SP0015,,IMG03707_SP0015.jpg,Amit Kale,2022-05-15,19.803235,74.516985,Flora
IMG03708,SP0195,OBS000061,IMG03708_SP0195.jpg,Tejas Jadhav,2021-08-30,19.824674,74.556649,Habitat
IMG03709,SP0355,,IMG03709_SP0355.jpg,Aarti Joshi,2022-06-15,19.926172,74.548724,Wildlife
IMG03710,SP0040,,IMG03710_SP0040.jpg,Amit Kulkarni,2018-11-18,19.829432,74.485737,Citizen Submission
IMG03711,SP0337,,IMG03711_SP0337.jpg,Kirti Kulkarni,2020-11-17,19.947956,74.364907,Citizen Submission
IMG03712,SP0044,OBS010131,IMG03712_SP0044.jpg,Amit Kale,2018-09-18,19.937387,74.390165,Flora
IMG03713,SP0199,,IMG03713_SP0199.jpg,Pooja Shinde,2021-12-01,19.895964,74.451139,Flora
IMG03714,SP0401,OBS016593,IMG03714_SP0401.jpg,Aarti Jadhav,2021-04-20,19.838193,74.498747,Field Survey
IMG03715,SP0447,OBS014291,IMG03715_SP0447.jpg,Rahul Deshpande,2026-06-08,19.919935,74.422004,Citizen Submission
IMG03716,SP0062,,IMG03716_SP0062.jpg,Kirti Kale,2023-12-20,19.814923,74.400542,Habitat
IMG03717,SP0109,OBS004397,IMG03717_SP0109.jpg,Tejas Joshi,2023-04-11,19.840534,74.452427,Habitat
IMG03718,SP0396,OBS011562,IMG03718_SP0396.jpg,Rahul Deshpande,2022-07-08,19.852265,74.529705,Habitat
IMG03719,SP0421,,IMG03719_SP0421.jpg,Aarti Jadhav,2020-05-02,19.930433,74.429871,Habitat
IMG03720,SP0069,,IMG03720_SP0069.jpg,Vikram Joshi,2021-12-08,19.914889,74.531981,Citizen Submission
IMG03721,SP0104,OBS011500,IMG03721_SP0104.jpg,Om Bhosale,2025-10-29,19.804083,74.448209,Water Body
IMG03722,SP0192,OBS007882,IMG03722_SP0192.jpg,Vikram Jadhav,2026-03-03,19.848092,74.533497,Citizen Submission
IMG03723,SP0075,OBS003882,IMG03723_SP0075.jpg,Neha Pawar,2017-09-02,19.816171,74.568018,Field Survey
IMG03724,SP0288,OBS004330,IMG03724_SP0288.jpg,Neha Pawar,2025-04-10,19.862778,74.440776,Citizen Submission
IMG03725,SP0353,OBS013249,IMG03725_SP0353.jpg,Rahul Deshpande,2020-12-22,19.819171,74.514276,Field Survey
IMG03726,SP0413,OBS011351,IMG03726_SP0413.jpg,Sandeep More,2017-12-07,19.810799,74.437744,Water Body
IMG03727,SP0173,,IMG03727_SP0173.jpg,Amit Kulkarni,2025-04-19,19.830286,74.563542,Wildlife
IMG03728,SP0082,OBS010942,IMG03728_SP0082.jpg,Sandeep More,2021-12-04,19.905902,74.556294,Habitat
IMG03729,SP0058,OBS012004,IMG03729_SP0058.jpg,Pooja Bhosale,2021-02-25,19.883607,74.445878,Water Body
IMG03730,SP0185,OBS008105,IMG03730_SP0185.jpg,Tejas Joshi,2017-01-15,19.8586,74.506283,Field Survey
IMG03731,SP0054,,IMG03731_SP0054.jpg,Om Shinde,2020-04-07,19.828074,74.366432,Habitat
IMG03732,SP0082,,IMG03732_SP0082.jpg,Swati Bhosale,2017-02-23,19.915503,74.509768,Field Survey
IMG03733,SP0185,,IMG03733_SP0185.jpg,Om Bhosale,2023-12-09,19.897834,74.534546,Field Survey
IMG03734,SP0038,OBS006048,IMG03734_SP0038.jpg,Sneha Patil,2018-02-27,19.912906,74.502149,Field Survey
IMG03735,SP0324,OBS003280,IMG03735_SP0324.jpg,Pooja Bhosale,2025-10-28,19.900982,74.386522,Citizen Submission
IMG03736,SP0362,OBS017202,IMG03736_SP0362.jpg,Nikhil Pawar,2025-04-05,19.885395,74.572387,Water Body
IMG03737,SP0037,OBS003140,IMG03737_SP0037.jpg,Sandeep Patil,2021-11-15,19.89571,74.534042,Flora
IMG03738,SP0152,OBS001963,IMG03738_SP0152.jpg,Nikhil Deshpande,2017-05-11,19.882213,74.439661,Wildlife
IMG03739,SP0418,,IMG03739_SP0418.jpg,Rahul Deshpande,2019-03-08,19.857857,74.559661,Water Body
IMG03740,SP0045,OBS019957,IMG03740_SP0045.jpg,Priyanka More,2022-03-03,19.868891,74.55133,Wildlife
IMG03741,SP0454,OBS008304,IMG03741_SP0454.jpg,Rajesh Kulkarni,2022-04-09,19.877102,74.498835,Flora
IMG03742,SP0122,,IMG03742_SP0122.jpg,Aarti Jadhav,2026-07-31,19.837796,74.515358,Wildlife
IMG03743,SP0341,OBS001935,IMG03743_SP0341.jpg,Kirti Kulkarni,2019-08-01,19.869904,74.403738,Habitat
IMG03744,SP0018,OBS019413,IMG03744_SP0018.jpg,Kirti Kale,2017-12-27,19.89914,74.565212,Field Survey
IMG03745,SP0027,,IMG03745_SP0027.jpg,Om Bhosale,2018-05-11,19.811749,74.415399,Field Survey
IMG03746,SP0015,,IMG03746_SP0015.jpg,Om Bhosale,2018-05-04,19.881708,74.499156,Water Body
IMG03747,SP0381,OBS006673,IMG03747_SP0381.jpg,Neha Deshpande,2019-05-08,19.855263,74.533599,Field Survey
IMG03748,SP0158,OBS018207,IMG03748_SP0158.jpg,Amit Kulkarni,2024-05-10,19.852435,74.36131,Water Body
IMG03749,SP0246,OBS007312,IMG03749_SP0246.jpg,Pooja Shinde,2022-04-01,19.922245,74.539147,Flora
IMG03750,SP0131,,IMG03750_SP0131.jpg,Vikram Jadhav,2017-09-07,19.918043,74.357059,Habitat
IMG03751,SP0057,OBS016377,IMG03751_SP0057.jpg,Om Bhosale,2021-04-15,19.860212,74.368993,Water Body
IMG03752,SP0049,OBS017104,IMG03752_SP0049.jpg,Aarti Jadhav,2022-01-18,19.921599,74.539966,Citizen Submission
IMG03753,SP0052,OBS007731,IMG03753_SP0052.jpg,Sneha Patil,2020-06-29,19.925921,74.402111,Habitat
IMG03754,SP0377,OBS009008,IMG03754_SP0377.jpg,Pooja Shinde,2016-10-24,19.848588,74.463862,Wildlife
IMG03755,SP0388,OBS010898,IMG03755_SP0388.jpg,Om Bhosale,2023-07-11,19.820688,74.433119,Field Survey
IMG03756,SP0235,OBS015157,IMG03756_SP0235.jpg,Kirti Kale,2023-08-17,19.815637,74.507811,Water Body
IMG03757,SP0125,OBS005599,IMG03757_SP0125.jpg,Sandeep More,2017-10-18,19.920973,74.53639,Flora
IMG03758,SP0434,,IMG03758_SP0434.jpg,Nikhil Deshpande,2017-06-25,19.825653,74.376572,Flora
IMG03759,SP0384,OBS013619,IMG03759_SP0384.jpg,Om Bhosale,2024-04-06,19.811725,74.496395,Flora
IMG03760,SP0414,OBS009912,IMG03760_SP0414.jpg,Aarti Jadhav,2018-08-04,19.834854,74.437406,Citizen Submission
IMG03761,SP0332,,IMG03761_SP0332.jpg,Pooja Bhosale,2017-04-01,19.91483,74.572862,Citizen Submission
IMG03762,SP0088,OBS006881,IMG03762_SP0088.jpg,Kirti Kulkarni,2023-03-27,19.897181,74.477031,Wildlife
IMG03763,SP0010,OBS008462,IMG03763_SP0010.jpg,Om Shinde,2026-07-05,19.943705,74.389489,Water Body
IMG03764,SP0161,OBS011016,IMG03764_SP0161.jpg,Rahul Pawar,2025-10-18,19.870833,74.526227,Water Body
IMG03765,SP0091,,IMG03765_SP0091.jpg,Om Bhosale,2023-01-03,19.872713,74.453227,Habitat
IMG03766,SP0117,,IMG03766_SP0117.jpg,Om Shinde,2019-04-30,19.862513,74.405343,Wildlife
IMG03767,SP0387,OBS011123,IMG03767_SP0387.jpg,Pooja Shinde,2024-12-01,19.942589,74.425621,Habitat
IMG03768,SP0169,OBS017164,IMG03768_SP0169.jpg,Priyanka Patil,2020-11-05,19.886778,74.368158,Water Body
IMG03769,SP0214,OBS001615,IMG03769_SP0214.jpg,Swati Bhosale,2025-01-14,19.945411,74.368595,Field Survey
IMG03770,SP0156,OBS016340,IMG03770_SP0156.jpg,Rajesh Kulkarni,2017-09-28,19.800632,74.419148,Field Survey
IMG03771,SP0197,OBS001998,IMG03771_SP0197.jpg,Amit Kulkarni,2016-12-25,19.932253,74.37269,Citizen Submission
IMG03772,SP0077,,IMG03772_SP0077.jpg,Tejas Jadhav,2017-10-05,19.822933,74.411942,Citizen Submission
IMG03773,SP0433,OBS002521,IMG03773_SP0433.jpg,Kirti Kale,2020-08-11,19.843873,74.418377,Water Body
IMG03774,SP0282,OBS013056,IMG03774_SP0282.jpg,Tejas Jadhav,2025-03-11,19.899237,74.350042,Citizen Submission
IMG03775,SP0048,OBS014433,IMG03775_SP0048.jpg,Vikram Joshi,2021-05-03,19.889672,74.455686,Citizen Submission
IMG03776,SP0230,OBS018005,IMG03776_SP0230.jpg,Pooja Shinde,2024-07-10,19.8445,74.496401,Citizen Submission
IMG03777,SP0212,,IMG03777_SP0212.jpg,Sneha Patil,2023-05-15,19.917472,74.553789,Wildlife
IMG03778,SP0209,OBS004877,IMG03778_SP0209.jpg,Neha Pawar,2016-08-19,19.817666,74.598899,Water Body
IMG03779,SP0082,,IMG03779_SP0082.jpg,Sandeep More,2023-09-08,19.847582,74.474364,Field Survey
IMG03780,SP0385,OBS009828,IMG03780_SP0385.jpg,Amit Kale,2017-02-19,19.944335,74.464059,Flora
IMG03781,SP0430,OBS006490,IMG03781_SP0430.jpg,Om Shinde,2025-12-22,19.923458,74.398171,Field Survey
IMG03782,SP0093,,IMG03782_SP0093.jpg,Sandeep More,2024-05-20,19.812419,74.557075,Flora
IMG03783,SP0065,OBS019320,IMG03783_SP0065.jpg,Kirti Kale,2025-10-19,19.83447,74.399337,Field Survey
IMG03784,SP0180,OBS003251,IMG03784_SP0180.jpg,Vikram Joshi,2022-06-13,19.910141,74.412057,Flora
IMG03785,SP0180,OBS008606,IMG03785_SP0180.jpg,Nikhil Pawar,2021-07-02,19.865511,74.483681,Citizen Submission
IMG03786,SP0094,OBS015468,IMG03786_SP0094.jpg,Rahul Deshpande,2022-12-02,19.809618,74.51987,Citizen Submission
IMG03787,SP0394,,IMG03787_SP0394.jpg,Tejas Joshi,2020-07-03,19.816933,74.437228,Water Body
IMG03788,SP0290,OBS007312,IMG03788_SP0290.jpg,Rahul Deshpande,2022-07-03,19.80237,74.364169,Wildlife
IMG03789,SP0346,,IMG03789_SP0346.jpg,Kirti Kulkarni,2021-04-07,19.949959,74.548279,Citizen Submission
IMG03790,SP0121,OBS013938,IMG03790_SP0121.jpg,Kirti Kale,2018-03-26,19.901763,74.530945,Flora
IMG03791,SP0346,OBS011127,IMG03791_SP0346.jpg,Sandeep Patil,2017-06-03,19.87007,74.514941,Habitat
IMG03792,SP0006,,IMG03792_SP0006.jpg,Sneha Patil,2021-10-19,19.864958,74.402172,Water Body
IMG03793,SP0184,OBS011425,IMG03793_SP0184.jpg,Om Bhosale,2020-08-17,19.843555,74.391087,Citizen Submission
IMG03794,SP0120,OBS000697,IMG03794_SP0120.jpg,Aarti Joshi,2020-02-16,19.883167,74.39398,Water Body
IMG03795,SP0144,OBS004916,IMG03795_SP0144.jpg,Nikhil Pawar,2021-06-10,19.938103,74.361612,Flora
IMG03796,SP0021,OBS006755,IMG03796_SP0021.jpg,Pooja Shinde,2023-10-15,19.831862,74.485987,Citizen Submission
IMG03797,SP0278,OBS005430,IMG03797_SP0278.jpg,Sandeep More,2019-08-21,19.831871,74.406233,Field Survey
IMG03798,SP0250,,IMG03798_SP0250.jpg,Amit Kale,2019-05-27,19.86205,74.577207,Field Survey
IMG03799,SP0170,,IMG03799_SP0170.jpg,Amit Kulkarni,2024-02-18,19.804836,74.512414,Citizen Submission
IMG03800,SP0111,OBS012663,IMG03800_SP0111.jpg,Amit Kale,2022-06-06,19.891181,74.478104,Wildlife
IMG03801,SP0169,OBS006195,IMG03801_SP0169.jpg,Rahul Pawar,2022-04-20,19.884238,74.593153,Citizen Submission
IMG03802,SP0309,,IMG03802_SP0309.jpg,Swati Bhosale,2018-12-12,19.833068,74.480621,Wildlife
IMG03803,SP0121,OBS002190,IMG03803_SP0121.jpg,Amit Kulkarni,2017-05-01,19.881585,74.554362,Habitat
IMG03804,SP0080,OBS000063,IMG03804_SP0080.jpg,Sandeep Patil,2021-05-09,19.908039,74.575577,Citizen Submission
IMG03805,SP0020,OBS001675,IMG03805_SP0020.jpg,Kirti Kale,2023-08-08,19.861551,74.468083,Wildlife
IMG03806,SP0069,OBS013728,IMG03806_SP0069.jpg,Vikram Joshi,2020-05-22,19.857102,74.585231,Water Body
IMG03807,SP0330,OBS017313,IMG03807_SP0330.jpg,Kirti Kale,2018-09-13,19.827412,74.426962,Flora
IMG03808,SP0327,,IMG03808_SP0327.jpg,Sandeep More,2017-04-05,19.822727,74.565802,Habitat
IMG03809,SP0454,OBS002513,IMG03809_SP0454.jpg,Vikram Joshi,2018-09-10,19.911978,74.529269,Water Body
IMG03810,SP0438,OBS005498,IMG03810_SP0438.jpg,Amit Kulkarni,2025-10-28,19.949805,74.399661,Water Body
IMG03811,SP0017,OBS006165,IMG03811_SP0017.jpg,Sandeep More,2023-08-29,19.942653,74.530502,Citizen Submission
IMG03812,SP0152,,IMG03812_SP0152.jpg,Pooja Bhosale,2021-10-29,19.858977,74.58745,Citizen Submission
IMG03813,SP0381,OBS002450,IMG03813_SP0381.jpg,Swati Bhosale,2017-11-02,19.939467,74.505079,Flora
IMG03814,SP0378,,IMG03814_SP0378.jpg,Om Bhosale,2024-12-31,19.890456,74.545713,Water Body
IMG03815,SP0238,OBS010946,IMG03815_SP0238.jpg,Vikram Joshi,2019-04-24,19.943256,74.547847,Citizen Submission
IMG03816,SP0267,OBS017124,IMG03816_SP0267.jpg,Kirti Kale,2024-09-04,19.913014,74.43485,Citizen Submission
IMG03817,SP0170,OBS003922,IMG03817_SP0170.jpg,Swati Shinde,2016-10-10,19.86365,74.376794,Field Survey
IMG03818,SP0349,,IMG03818_SP0349.jpg,Aarti Jadhav,2018-05-21,19.826499,74.368906,Wildlife
IMG03819,SP0453,OBS007401,IMG03819_SP0453.jpg,Neha Deshpande,2023-09-30,19.947105,74.583087,Water Body
IMG03820,SP0418,OBS003976,IMG03820_SP0418.jpg,Om Bhosale,2018-04-17,19.886535,74.385495,Flora
IMG03821,SP0360,,IMG03821_SP0360.jpg,Nikhil Pawar,2024-10-13,19.876727,74.46451,Wildlife
IMG03822,SP0013,OBS010434,IMG03822_SP0013.jpg,Rajesh Kale,2024-11-08,19.897809,74.449916,Habitat
IMG03823,SP0128,,IMG03823_SP0128.jpg,Vikram Joshi,2017-08-27,19.84169,74.44312,Flora
IMG03824,SP0442,OBS008697,IMG03824_SP0442.jpg,Nikhil Deshpande,2025-01-26,19.893619,74.565775,Water Body
IMG03825,SP0017,OBS018860,IMG03825_SP0017.jpg,Nikhil Pawar,2023-07-07,19.876634,74.43826,Field Survey
IMG03826,SP0107,OBS018574,IMG03826_SP0107.jpg,Om Shinde,2026-01-31,19.873096,74.415692,Flora
IMG03827,SP0340,OBS009581,IMG03827_SP0340.jpg,Kirti Kale,2024-05-13,19.800427,74.422188,Field Survey
IMG03828,SP0019,OBS014471,IMG03828_SP0019.jpg,Swati Shinde,2019-09-13,19.942406,74.412954,Field Survey
IMG03829,SP0343,,IMG03829_SP0343.jpg,Amit Kulkarni,2017-05-10,19.899322,74.461298,Field Survey
IMG03830,SP0409,OBS004951,IMG03830_SP0409.jpg,Tejas Jadhav,2020-03-05,19.903572,74.415313,Habitat
IMG03831,SP0216,,IMG03831_SP0216.jpg,Priyanka More,2018-05-06,19.810149,74.59911,Habitat
IMG03832,SP0198,OBS002452,IMG03832_SP0198.jpg,Om Shinde,2025-04-05,19.886208,74.420611,Citizen Submission
IMG03833,SP0001,OBS012496,IMG03833_SP0001.jpg,Tejas Jadhav,2018-07-05,19.948677,74.43236,Water Body
IMG03834,SP0283,OBS014068,IMG03834_SP0283.jpg,Sneha Patil,2017-01-07,19.854783,74.384525,Habitat
IMG03835,SP0406,OBS008892,IMG03835_SP0406.jpg,Amit Kale,2025-06-03,19.880853,74.543394,Habitat
IMG03836,SP0101,OBS019927,IMG03836_SP0101.jpg,Rajesh Kale,2018-05-12,19.819607,74.357069,Wildlife
IMG03837,SP0039,OBS014356,IMG03837_SP0039.jpg,Kirti Kale,2020-02-07,19.945999,74.586409,Citizen Submission
IMG03838,SP0115,,IMG03838_SP0115.jpg,Neha Pawar,2019-04-04,19.878391,74.535776,Flora
IMG03839,SP0264,OBS016639,IMG03839_SP0264.jpg,Tejas Jadhav,2023-10-17,19.823521,74.488681,Water Body
IMG03840,SP0049,OBS006093,IMG03840_SP0049.jpg,Neha Deshpande,2018-12-19,19.800714,74.548947,Flora
IMG03841,SP0378,,IMG03841_SP0378.jpg,Rajesh Kale,2022-01-16,19.93707,74.413327,Wildlife
IMG03842,SP0244,OBS015216,IMG03842_SP0244.jpg,Sandeep Patil,2021-09-16,19.818702,74.454808,Wildlife
IMG03843,SP0106,OBS007791,IMG03843_SP0106.jpg,Rahul Pawar,2023-10-28,19.906052,74.530956,Citizen Submission
IMG03844,SP0290,,IMG03844_SP0290.jpg,Amit Kulkarni,2020-12-27,19.835767,74.567608,Flora
IMG03845,SP0111,,IMG03845_SP0111.jpg,Neha Deshpande,2025-01-09,19.828497,74.370287,Citizen Submission
IMG03846,SP0388,OBS011579,IMG03846_SP0388.jpg,Amit Kulkarni,2016-10-15,19.883739,74.357703,Wildlife
IMG03847,SP0267,OBS017220,IMG03847_SP0267.jpg,Om Bhosale,2017-01-09,19.936346,74.416213,Field Survey
IMG03848,SP0004,OBS007641,IMG03848_SP0004.jpg,Rahul Pawar,2019-09-29,19.914958,74.400108,Wildlife
IMG03849,SP0074,OBS019643,IMG03849_SP0074.jpg,Kirti Kulkarni,2017-08-08,19.909747,74.432266,Habitat
IMG03850,SP0304,OBS000568,IMG03850_SP0304.jpg,Priyanka Patil,2020-04-22,19.922377,74.43521,Field Survey
IMG03851,SP0354,,IMG03851_SP0354.jpg,Amit Kale,2017-11-18,19.939917,74.425089,Flora
IMG03852,SP0054,OBS001972,IMG03852_SP0054.jpg,Om Bhosale,2024-09-16,19.814933,74.402837,Field Survey
IMG03853,SP0284,OBS009396,IMG03853_SP0284.jpg,Pooja Shinde,2016-09-11,19.942437,74.494827,Field Survey
IMG03854,SP0042,,IMG03854_SP0042.jpg,Neha Pawar,2018-10-13,19.902696,74.598968,Field Survey
IMG03855,SP0075,OBS012477,IMG03855_SP0075.jpg,Rajesh Kulkarni,2023-12-08,19.887817,74.359291,Water Body
IMG03856,SP0307,OBS017851,IMG03856_SP0307.jpg,Vikram Jadhav,2019-08-31,19.861593,74.506537,Wildlife
IMG03857,SP0112,,IMG03857_SP0112.jpg,Neha Pawar,2019-05-09,19.888188,74.370361,Field Survey
IMG03858,SP0306,,IMG03858_SP0306.jpg,Vikram Joshi,2022-02-11,19.823581,74.555214,Water Body
IMG03859,SP0109,,IMG03859_SP0109.jpg,Aarti Joshi,2020-02-10,19.914583,74.450763,Citizen Submission
IMG03860,SP0060,OBS013154,IMG03860_SP0060.jpg,Aarti Jadhav,2018-04-13,19.849541,74.359397,Field Survey
IMG03861,SP0026,OBS002239,IMG03861_SP0026.jpg,Pooja Shinde,2023-05-14,19.855785,74.595378,Wildlife
IMG03862,SP0342,,IMG03862_SP0342.jpg,Nikhil Pawar,2020-10-31,19.84089,74.578106,Citizen Submission
IMG03863,SP0030,OBS018833,IMG03863_SP0030.jpg,Rahul Pawar,2018-11-05,19.853651,74.377313,Habitat
IMG03864,SP0393,OBS013150,IMG03864_SP0393.jpg,Aarti Joshi,2021-06-11,19.906475,74.447567,Citizen Submission
IMG03865,SP0440,,IMG03865_SP0440.jpg,Om Bhosale,2025-02-23,19.842474,74.527524,Citizen Submission
IMG03866,SP0392,OBS018055,IMG03866_SP0392.jpg,Pooja Shinde,2022-12-31,19.902782,74.38456,Field Survey
IMG03867,SP0256,OBS009177,IMG03867_SP0256.jpg,Aarti Joshi,2018-09-19,19.932588,74.434492,Field Survey
IMG03868,SP0329,,IMG03868_SP0329.jpg,Vikram Joshi,2025-03-27,19.942405,74.37519,Habitat
IMG03869,SP0420,OBS005732,IMG03869_SP0420.jpg,Rahul Deshpande,2017-12-22,19.876153,74.402476,Field Survey
IMG03870,SP0217,OBS008672,IMG03870_SP0217.jpg,Aarti Joshi,2019-12-13,19.932872,74.423645,Wildlife
IMG03871,SP0234,OBS002113,IMG03871_SP0234.jpg,Priyanka More,2018-06-07,19.876289,74.446883,Flora
IMG03872,SP0061,,IMG03872_SP0061.jpg,Kirti Kale,2020-12-13,19.943375,74.590769,Habitat
IMG03873,SP0289,OBS012748,IMG03873_SP0289.jpg,Priyanka Patil,2024-11-10,19.907594,74.468595,Citizen Submission
IMG03874,SP0028,OBS006560,IMG03874_SP0028.jpg,Vikram Jadhav,2017-05-29,19.850467,74.364027,Flora
IMG03875,SP0282,,IMG03875_SP0282.jpg,Rajesh Kulkarni,2021-10-29,19.831889,74.587201,Citizen Submission
IMG03876,SP0108,,IMG03876_SP0108.jpg,Vikram Jadhav,2025-01-03,19.869153,74.543447,Habitat
IMG03877,SP0130,OBS001369,IMG03877_SP0130.jpg,Kirti Kulkarni,2016-11-06,19.926674,74.390301,Flora
IMG03878,SP0373,,IMG03878_SP0373.jpg,Kirti Kale,2017-05-15,19.93776,74.442149,Habitat
IMG03879,SP0451,,IMG03879_SP0451.jpg,Vikram Jadhav,2017-04-25,19.900726,74.443043,Citizen Submission
IMG03880,SP0347,OBS015566,IMG03880_SP0347.jpg,Rahul Pawar,2021-12-19,19.911969,74.423625,Water Body
IMG03881,SP0139,OBS000979,IMG03881_SP0139.jpg,Aarti Jadhav,2021-08-23,19.910541,74.516728,Flora
IMG03882,SP0195,,IMG03882_SP0195.jpg,Pooja Shinde,2024-04-29,19.836005,74.496964,Wildlife
IMG03883,SP0417,OBS008217,IMG03883_SP0417.jpg,Rajesh Kale,2026-03-24,19.879382,74.583196,Citizen Submission
IMG03884,SP0183,,IMG03884_SP0183.jpg,Neha Pawar,2017-08-14,19.928491,74.538009,Citizen Submission
IMG03885,SP0296,OBS009231,IMG03885_SP0296.jpg,Neha Deshpande,2022-02-07,19.943771,74.530558,Field Survey
IMG03886,SP0025,OBS018665,IMG03886_SP0025.jpg,Sneha Patil,2018-08-04,19.924953,74.543572,Habitat
IMG03887,SP0446,OBS016880,IMG03887_SP0446.jpg,Aarti Jadhav,2020-05-11,19.831538,74.408447,Wildlife
IMG03888,SP0267,OBS003633,IMG03888_SP0267.jpg,Neha Pawar,2023-06-06,19.801489,74.464926,Flora
IMG03889,SP0172,OBS006448,IMG03889_SP0172.jpg,Aarti Jadhav,2019-07-14,19.919528,74.445221,Water Body
IMG03890,SP0274,OBS001201,IMG03890_SP0274.jpg,Amit Kale,2024-05-11,19.845244,74.388363,Citizen Submission
IMG03891,SP0121,,IMG03891_SP0121.jpg,Swati Shinde,2020-03-31,19.855575,74.420776,Flora
IMG03892,SP0087,OBS015063,IMG03892_SP0087.jpg,Sandeep Patil,2026-02-06,19.876707,74.510674,Wildlife
IMG03893,SP0089,OBS019591,IMG03893_SP0089.jpg,Tejas Joshi,2024-12-26,19.865087,74.557435,Habitat
IMG03894,SP0346,OBS010820,IMG03894_SP0346.jpg,Nikhil Deshpande,2018-10-02,19.907652,74.573809,Wildlife
IMG03895,SP0324,OBS010869,IMG03895_SP0324.jpg,Neha Pawar,2019-01-20,19.834792,74.41814,Water Body
IMG03896,SP0074,OBS018019,IMG03896_SP0074.jpg,Sandeep More,2017-03-14,19.829408,74.388717,Habitat
IMG03897,SP0026,OBS015057,IMG03897_SP0026.jpg,Rajesh Kulkarni,2022-12-18,19.817546,74.385945,Citizen Submission
IMG03898,SP0360,,IMG03898_SP0360.jpg,Rajesh Kale,2022-04-03,19.830738,74.488295,Water Body
IMG03899,SP0140,OBS019352,IMG03899_SP0140.jpg,Sneha Patil,2020-11-29,19.850069,74.426359,Wildlife
IMG03900,SP0226,,IMG03900_SP0226.jpg,Vikram Joshi,2017-09-30,19.801751,74.453935,Habitat
IMG03901,SP0052,OBS001768,IMG03901_SP0052.jpg,Priyanka More,2023-01-06,19.833896,74.500395,Habitat
IMG03902,SP0413,,IMG03902_SP0413.jpg,Amit Kulkarni,2021-11-03,19.929631,74.47683,Wildlife
IMG03903,SP0158,OBS005352,IMG03903_SP0158.jpg,Om Bhosale,2019-01-07,19.801542,74.555825,Wildlife
IMG03904,SP0358,,IMG03904_SP0358.jpg,Rajesh Kale,2025-12-29,19.819164,74.354539,Field Survey
IMG03905,SP0398,,IMG03905_SP0398.jpg,Rajesh Kulkarni,2024-08-02,19.893019,74.436768,Habitat
IMG03906,SP0007,OBS009633,IMG03906_SP0007.jpg,Tejas Jadhav,2023-04-26,19.905099,74.490266,Flora
IMG03907,SP0430,OBS016102,IMG03907_SP0430.jpg,Neha Deshpande,2025-11-11,19.836657,74.450057,Citizen Submission
IMG03908,SP0295,OBS013050,IMG03908_SP0295.jpg,Vikram Jadhav,2020-07-25,19.905407,74.402708,Wildlife
IMG03909,SP0371,OBS014181,IMG03909_SP0371.jpg,Aarti Jadhav,2026-06-06,19.877413,74.389358,Water Body
IMG03910,SP0062,OBS007426,IMG03910_SP0062.jpg,Sneha More,2021-09-23,19.808966,74.384748,Citizen Submission
IMG03911,SP0441,OBS011930,IMG03911_SP0441.jpg,Aarti Jadhav,2026-07-25,19.887062,74.369926,Water Body
IMG03912,SP0231,OBS011917,IMG03912_SP0231.jpg,Pooja Shinde,2021-07-18,19.94625,74.506763,Water Body
IMG03913,SP0402,OBS008803,IMG03913_SP0402.jpg,Pooja Shinde,2021-02-21,19.881471,74.559251,Wildlife
IMG03914,SP0019,,IMG03914_SP0019.jpg,Kirti Kale,2016-08-31,19.874804,74.471872,Water Body
IMG03915,SP0288,,IMG03915_SP0288.jpg,Om Shinde,2020-01-15,19.876031,74.407906,Habitat
IMG03916,SP0238,OBS017619,IMG03916_SP0238.jpg,Nikhil Pawar,2025-11-04,19.838805,74.404636,Field Survey
IMG03917,SP0454,OBS005140,IMG03917_SP0454.jpg,Amit Kale,2021-03-10,19.866381,74.457914,Water Body
IMG03918,SP0286,OBS001626,IMG03918_SP0286.jpg,Amit Kale,2020-09-05,19.824483,74.585277,Habitat
IMG03919,SP0204,OBS009873,IMG03919_SP0204.jpg,Amit Kale,2022-12-24,19.865953,74.495197,Field Survey
IMG03920,SP0005,OBS008633,IMG03920_SP0005.jpg,Sneha More,2024-10-20,19.836566,74.380595,Habitat
IMG03921,SP0173,OBS000062,IMG03921_SP0173.jpg,Sandeep Patil,2025-11-09,19.803314,74.383319,Water Body
IMG03922,SP0293,OBS002366,IMG03922_SP0293.jpg,Priyanka Patil,2023-08-05,19.815943,74.566939,Habitat
IMG03923,SP0409,OBS006163,IMG03923_SP0409.jpg,Amit Kulkarni,2020-02-10,19.83973,74.376356,Field Survey
IMG03924,SP0233,OBS002543,IMG03924_SP0233.jpg,Vikram Joshi,2022-04-26,19.885252,74.371762,Field Survey
IMG03925,SP0118,OBS004097,IMG03925_SP0118.jpg,Vikram Jadhav,2019-03-18,19.935,74.40806,Citizen Submission
IMG03926,SP0429,OBS001536,IMG03926_SP0429.jpg,Rahul Pawar,2023-03-21,19.804109,74.480307,Field Survey
IMG03927,SP0429,OBS002725,IMG03927_SP0429.jpg,Kirti Kale,2019-12-02,19.81826,74.496169,Flora
IMG03928,SP0051,OBS019761,IMG03928_SP0051.jpg,Amit Kale,2019-07-10,19.879347,74.578929,Wildlife
IMG03929,SP0197,,IMG03929_SP0197.jpg,Nikhil Pawar,2017-12-21,19.811743,74.542709,Habitat
IMG03930,SP0407,OBS007183,IMG03930_SP0407.jpg,Rajesh Kulkarni,2018-10-12,19.82422,74.410184,Water Body
IMG03931,SP0407,,IMG03931_SP0407.jpg,Rahul Deshpande,2017-05-08,19.911516,74.544715,Flora
IMG03932,SP0093,OBS010232,IMG03932_SP0093.jpg,Swati Shinde,2020-11-16,19.803944,74.582463,Flora
IMG03933,SP0128,OBS005285,IMG03933_SP0128.jpg,Rajesh Kale,2021-06-07,19.901186,74.377029,Habitat
IMG03934,SP0436,OBS005567,IMG03934_SP0436.jpg,Pooja Shinde,2023-05-12,19.802184,74.555737,Water Body
IMG03935,SP0431,OBS001310,IMG03935_SP0431.jpg,Neha Pawar,2025-07-02,19.847081,74.400106,Wildlife
IMG03936,SP0387,OBS002311,IMG03936_SP0387.jpg,Kirti Kale,2017-05-30,19.833715,74.530035,Wildlife
IMG03937,SP0291,OBS006638,IMG03937_SP0291.jpg,Sandeep Patil,2026-02-14,19.878393,74.522326,Water Body
IMG03938,SP0442,,IMG03938_SP0442.jpg,Om Bhosale,2019-08-15,19.942661,74.400039,Water Body
IMG03939,SP0451,OBS002840,IMG03939_SP0451.jpg,Priyanka More,2023-02-11,19.938024,74.468984,Flora
IMG03940,SP0185,OBS012445,IMG03940_SP0185.jpg,Om Bhosale,2023-08-05,19.879973,74.363901,Water Body
IMG03941,SP0148,OBS009998,IMG03941_SP0148.jpg,Rahul Deshpande,2024-10-07,19.833072,74.493199,Flora
IMG03942,SP0251,OBS006413,IMG03942_SP0251.jpg,Kirti Kale,2021-09-07,19.933131,74.357838,Field Survey
IMG03943,SP0434,OBS002694,IMG03943_SP0434.jpg,Pooja Shinde,2025-02-26,19.838418,74.393471,Wildlife
IMG03944,SP0428,OBS012671,IMG03944_SP0428.jpg,Nikhil Deshpande,2017-08-16,19.842095,74.484057,Flora
IMG03945,SP0402,OBS008325,IMG03945_SP0402.jpg,Om Bhosale,2020-05-02,19.828101,74.498859,Water Body
IMG03946,SP0021,OBS018643,IMG03946_SP0021.jpg,Om Bhosale,2021-07-13,19.887514,74.558107,Water Body
IMG03947,SP0319,OBS017205,IMG03947_SP0319.jpg,Om Bhosale,2019-04-23,19.82669,74.530267,Water Body
IMG03948,SP0158,,IMG03948_SP0158.jpg,Sandeep Patil,2018-12-15,19.936975,74.420443,Habitat
IMG03949,SP0353,OBS015703,IMG03949_SP0353.jpg,Pooja Shinde,2019-03-30,19.877931,74.490805,Field Survey
IMG03950,SP0297,,IMG03950_SP0297.jpg,Sandeep More,2024-09-03,19.827142,74.413001,Wildlife
IMG03951,SP0023,OBS010049,IMG03951_SP0023.jpg,Neha Deshpande,2020-09-17,19.822489,74.521216,Flora
IMG03952,SP0242,OBS010762,IMG03952_SP0242.jpg,Kirti Kale,2023-08-31,19.817431,74.478849,Field Survey
IMG03953,SP0445,OBS000795,IMG03953_SP0445.jpg,Kirti Kale,2024-09-02,19.878376,74.555663,Habitat
IMG03954,SP0306,OBS007763,IMG03954_SP0306.jpg,Sneha More,2020-03-11,19.853475,74.362629,Wildlife
IMG03955,SP0407,OBS019010,IMG03955_SP0407.jpg,Om Bhosale,2020-11-15,19.877342,74.454526,Habitat
IMG03956,SP0333,OBS015705,IMG03956_SP0333.jpg,Swati Bhosale,2016-09-15,19.806451,74.596097,Habitat
IMG03957,SP0300,OBS011488,IMG03957_SP0300.jpg,Pooja Shinde,2021-08-22,19.947951,74.353262,Citizen Submission
IMG03958,SP0362,OBS000945,IMG03958_SP0362.jpg,Swati Shinde,2017-07-25,19.935937,74.51712,Flora
IMG03959,SP0412,OBS008221,IMG03959_SP0412.jpg,Neha Deshpande,2019-07-01,19.858654,74.526616,Habitat
IMG03960,SP0218,OBS015491,IMG03960_SP0218.jpg,Om Bhosale,2025-07-11,19.895428,74.453328,Wildlife
IMG03961,SP0334,OBS014370,IMG03961_SP0334.jpg,Neha Pawar,2025-06-18,19.927174,74.456794,Habitat
IMG03962,SP0378,OBS001129,IMG03962_SP0378.jpg,Priyanka Patil,2022-08-23,19.93862,74.508572,Field Survey
IMG03963,SP0102,OBS013792,IMG03963_SP0102.jpg,Rahul Pawar,2022-06-18,19.850339,74.422612,Habitat
IMG03964,SP0359,OBS015903,IMG03964_SP0359.jpg,Aarti Jadhav,2020-03-10,19.806252,74.53933,Field Survey
IMG03965,SP0002,,IMG03965_SP0002.jpg,Kirti Kulkarni,2025-03-09,19.908017,74.40131,Citizen Submission
IMG03966,SP0170,OBS006532,IMG03966_SP0170.jpg,Rajesh Kale,2017-07-12,19.816494,74.356549,Field Survey
IMG03967,SP0235,,IMG03967_SP0235.jpg,Vikram Jadhav,2020-08-31,19.934303,74.414892,Citizen Submission
IMG03968,SP0026,,IMG03968_SP0026.jpg,Tejas Jadhav,2025-06-18,19.850942,74.471632,Wildlife
IMG03969,SP0118,,IMG03969_SP0118.jpg,Rajesh Kale,2019-08-18,19.901813,74.51639,Wildlife
IMG03970,SP0224,,IMG03970_SP0224.jpg,Priyanka More,2024-09-06,19.897113,74.551148,Water Body
IMG03971,SP0453,,IMG03971_SP0453.jpg,Neha Deshpande,2019-06-06,19.807293,74.577252,Wildlife
IMG03972,SP0343,OBS009241,IMG03972_SP0343.jpg,Rahul Deshpande,2021-11-18,19.876038,74.371988,Field Survey
IMG03973,SP0127,OBS002399,IMG03973_SP0127.jpg,Sneha More,2018-10-25,19.885181,74.479478,Field Survey
IMG03974,SP0028,OBS016590,IMG03974_SP0028.jpg,Kirti Kulkarni,2025-07-17,19.800933,74.436227,Wildlife
IMG03975,SP0241,OBS011305,IMG03975_SP0241.jpg,Vikram Joshi,2020-06-29,19.854832,74.373678,Water Body
IMG03976,SP0253,OBS000066,IMG03976_SP0253.jpg,Tejas Joshi,2022-01-11,19.88779,74.350599,Wildlife
IMG03977,SP0419,OBS018955,IMG03977_SP0419.jpg,Priyanka More,2018-07-15,19.948225,74.572501,Citizen Submission
IMG03978,SP0270,,IMG03978_SP0270.jpg,Neha Pawar,2025-09-29,19.868797,74.393715,Flora
IMG03979,SP0308,OBS008477,IMG03979_SP0308.jpg,Priyanka More,2019-10-16,19.826916,74.542098,Field Survey
IMG03980,SP0433,OBS007966,IMG03980_SP0433.jpg,Nikhil Pawar,2020-07-11,19.885012,74.404691,Field Survey
IMG03981,SP0130,OBS012474,IMG03981_SP0130.jpg,Sneha Patil,2023-12-06,19.864689,74.575757,Flora
IMG03982,SP0248,OBS009513,IMG03982_SP0248.jpg,Rahul Deshpande,2017-01-02,19.935333,74.490185,Flora
IMG03983,SP0022,,IMG03983_SP0022.jpg,Nikhil Deshpande,2017-12-02,19.82181,74.399604,Field Survey
IMG03984,SP0268,OBS012591,IMG03984_SP0268.jpg,Nikhil Deshpande,2024-07-18,19.861869,74.530047,Citizen Submission
IMG03985,SP0109,OBS017277,IMG03985_SP0109.jpg,Sneha Patil,2017-10-13,19.929154,74.55583,Field Survey
IMG03986,SP0043,OBS006328,IMG03986_SP0043.jpg,Priyanka Patil,2020-01-23,19.894946,74.422594,Flora
IMG03987,SP0396,OBS015822,IMG03987_SP0396.jpg,Sneha More,2018-01-31,19.895519,74.358557,Field Survey
IMG03988,SP0217,OBS008274,IMG03988_SP0217.jpg,Pooja Shinde,2019-08-01,19.833581,74.464448,Flora
IMG03989,SP0157,,IMG03989_SP0157.jpg,Kirti Kulkarni,2017-07-29,19.938471,74.551868,Citizen Submission
IMG03990,SP0375,OBS013935,IMG03990_SP0375.jpg,Rahul Deshpande,2019-09-20,19.822186,74.487553,Field Survey
IMG03991,SP0247,OBS010003,IMG03991_SP0247.jpg,Aarti Jadhav,2019-05-19,19.919733,74.595155,Flora
IMG03992,SP0425,OBS005085,IMG03992_SP0425.jpg,Vikram Jadhav,2022-11-03,19.880139,74.566512,Wildlife
IMG03993,SP0424,OBS017675,IMG03993_SP0424.jpg,Swati Shinde,2021-02-03,19.800343,74.440512,Water Body
IMG03994,SP0221,,IMG03994_SP0221.jpg,Pooja Shinde,2025-10-03,19.818442,74.39846,Citizen Submission
IMG03995,SP0445,OBS018584,IMG03995_SP0445.jpg,Pooja Shinde,2017-04-12,19.92812,74.380087,Habitat
IMG03996,SP0033,OBS018160,IMG03996_SP0033.jpg,Sandeep More,2024-11-21,19.926401,74.521246,Habitat
IMG03997,SP0232,OBS005283,IMG03997_SP0232.jpg,Om Bhosale,2020-10-09,19.84351,74.370551,Field Survey
IMG03998,SP0267,,IMG03998_SP0267.jpg,Sneha Patil,2025-12-08,19.870869,74.531324,Wildlife
IMG03999,SP0186,OBS015845,IMG03999_SP0186.jpg,Neha Pawar,2022-10-27,19.914081,74.427467,Water Body
IMG04000,SP0042,OBS017670,IMG04000_SP0042.jpg,Om Bhosale,2023-03-11,19.874093,74.546711,Water Body
IMG04001,SP0028,OBS016675,IMG04001_SP0028.jpg,Kirti Kale,2025-07-06,19.941856,74.575725,Water Body
IMG04002,SP0075,OBS011981,IMG04002_SP0075.jpg,Amit Kulkarni,2019-09-28,19.84955,74.352035,Field Survey
IMG04003,SP0294,,IMG04003_SP0294.jpg,Aarti Jadhav,2022-06-14,19.885549,74.398486,Habitat
IMG04004,SP0378,OBS001129,IMG04004_SP0378.jpg,Kirti Kale,2023-04-05,19.816599,74.5153,Citizen Submission
IMG04005,SP0094,,IMG04005_SP0094.jpg,Sneha More,2016-09-01,19.943085,74.520938,Water Body
IMG04006,SP0382,OBS015891,IMG04006_SP0382.jpg,Rahul Deshpande,2019-12-09,19.875969,74.532669,Citizen Submission
IMG04007,SP0273,OBS000133,IMG04007_SP0273.jpg,Priyanka More,2017-12-18,19.850541,74.375473,Habitat
IMG04008,SP0268,,IMG04008_SP0268.jpg,Nikhil Pawar,2016-11-09,19.872456,74.434296,Field Survey
IMG04009,SP0373,OBS001218,IMG04009_SP0373.jpg,Priyanka More,2019-08-21,19.870194,74.510133,Citizen Submission
IMG04010,SP0451,OBS000153,IMG04010_SP0451.jpg,Rahul Pawar,2025-02-09,19.923029,74.451752,Flora
IMG04011,SP0148,OBS005263,IMG04011_SP0148.jpg,Om Shinde,2022-06-19,19.842145,74.427443,Flora
IMG04012,SP0245,OBS014934,IMG04012_SP0245.jpg,Aarti Jadhav,2020-02-03,19.92015,74.359629,Flora
IMG04013,SP0237,OBS016287,IMG04013_SP0237.jpg,Om Shinde,2025-12-28,19.914793,74.431633,Water Body
IMG04014,SP0354,OBS005391,IMG04014_SP0354.jpg,Rahul Deshpande,2019-08-23,19.931246,74.358383,Citizen Submission
IMG04015,SP0347,OBS017835,IMG04015_SP0347.jpg,Tejas Joshi,2017-04-13,19.87716,74.574471,Flora
IMG04016,SP0160,,IMG04016_SP0160.jpg,Sneha More,2018-06-16,19.853398,74.392332,Habitat
IMG04017,SP0021,,IMG04017_SP0021.jpg,Pooja Bhosale,2025-05-10,19.85582,74.463107,Citizen Submission
IMG04018,SP0437,OBS008536,IMG04018_SP0437.jpg,Sneha Patil,2018-04-17,19.897107,74.512383,Water Body
IMG04019,SP0299,OBS018747,IMG04019_SP0299.jpg,Sandeep More,2017-06-28,19.946674,74.356551,Habitat
IMG04020,SP0252,OBS019366,IMG04020_SP0252.jpg,Sandeep More,2022-08-14,19.871071,74.534012,Wildlife
IMG04021,SP0344,,IMG04021_SP0344.jpg,Vikram Jadhav,2024-04-19,19.918426,74.399714,Wildlife
IMG04022,SP0182,OBS015938,IMG04022_SP0182.jpg,Aarti Jadhav,2018-05-11,19.88851,74.39793,Wildlife
IMG04023,SP0285,,IMG04023_SP0285.jpg,Kirti Kale,2017-09-03,19.863673,74.462795,Citizen Submission
IMG04024,SP0180,,IMG04024_SP0180.jpg,Amit Kale,2021-04-18,19.832979,74.563901,Field Survey
IMG04025,SP0199,,IMG04025_SP0199.jpg,Om Bhosale,2022-09-05,19.864528,74.379208,Wildlife
IMG04026,SP0056,OBS008023,IMG04026_SP0056.jpg,Neha Deshpande,2016-10-11,19.947708,74.406777,Citizen Submission
IMG04027,SP0348,OBS011427,IMG04027_SP0348.jpg,Om Bhosale,2016-08-05,19.81311,74.495396,Citizen Submission
IMG04028,SP0335,,IMG04028_SP0335.jpg,Vikram Jadhav,2024-05-03,19.917258,74.405335,Flora
IMG04029,SP0097,OBS006493,IMG04029_SP0097.jpg,Rajesh Kale,2021-04-03,19.864381,74.391669,Water Body
IMG04030,SP0067,OBS008807,IMG04030_SP0067.jpg,Neha Pawar,2018-05-31,19.848021,74.456584,Flora
IMG04031,SP0327,OBS002476,IMG04031_SP0327.jpg,Sandeep Patil,2020-10-03,19.895122,74.376221,Habitat
IMG04032,SP0303,OBS012639,IMG04032_SP0303.jpg,Kirti Kulkarni,2016-11-25,19.829941,74.418471,Citizen Submission
IMG04033,SP0281,OBS002182,IMG04033_SP0281.jpg,Amit Kale,2022-10-06,19.889703,74.599912,Water Body
IMG04034,SP0275,OBS002042,IMG04034_SP0275.jpg,Neha Pawar,2021-04-15,19.813502,74.385783,Wildlife
IMG04035,SP0445,,IMG04035_SP0445.jpg,Amit Kale,2020-12-08,19.879429,74.442643,Citizen Submission
IMG04036,SP0320,OBS016286,IMG04036_SP0320.jpg,Vikram Joshi,2016-09-10,19.949675,74.58291,Citizen Submission
IMG04037,SP0317,OBS019188,IMG04037_SP0317.jpg,Rahul Deshpande,2022-04-15,19.932391,74.432736,Citizen Submission
IMG04038,SP0260,,IMG04038_SP0260.jpg,Amit Kale,2020-04-27,19.891499,74.590695,Citizen Submission
IMG04039,SP0072,OBS016393,IMG04039_SP0072.jpg,Sandeep More,2021-09-11,19.844301,74.432972,Flora
IMG04040,SP0028,OBS015062,IMG04040_SP0028.jpg,Kirti Kale,2016-10-25,19.899337,74.352354,Wildlife
IMG04041,SP0189,OBS017829,IMG04041_SP0189.jpg,Rajesh Kulkarni,2019-12-22,19.925975,74.570478,Citizen Submission
IMG04042,SP0297,,IMG04042_SP0297.jpg,Pooja Shinde,2020-04-12,19.83343,74.522793,Habitat
IMG04043,SP0050,OBS017490,IMG04043_SP0050.jpg,Kirti Kale,2022-04-14,19.848,74.524696,Field Survey
IMG04044,SP0239,OBS006094,IMG04044_SP0239.jpg,Kirti Kale,2024-10-23,19.909925,74.398146,Wildlife
IMG04045,SP0293,,IMG04045_SP0293.jpg,Pooja Shinde,2019-07-27,19.803084,74.424167,Water Body
IMG04046,SP0413,,IMG04046_SP0413.jpg,Tejas Jadhav,2026-08-07,19.923756,74.366053,Habitat
IMG04047,SP0311,OBS000511,IMG04047_SP0311.jpg,Rajesh Kale,2016-09-02,19.887392,74.508152,Habitat
IMG04048,SP0027,,IMG04048_SP0027.jpg,Sandeep More,2025-03-01,19.824176,74.581745,Water Body
IMG04049,SP0329,,IMG04049_SP0329.jpg,Rahul Pawar,2019-04-21,19.948341,74.581051,Habitat
IMG04050,SP0404,OBS013951,IMG04050_SP0404.jpg,Om Shinde,2024-11-03,19.87045,74.396504,Field Survey
IMG04051,SP0382,,IMG04051_SP0382.jpg,Neha Deshpande,2017-11-04,19.947732,74.481417,Water Body
IMG04052,SP0147,OBS007828,IMG04052_SP0147.jpg,Vikram Jadhav,2023-10-02,19.869667,74.571313,Citizen Submission
IMG04053,SP0288,,IMG04053_SP0288.jpg,Neha Pawar,2016-12-26,19.815323,74.510488,Field Survey
IMG04054,SP0034,,IMG04054_SP0034.jpg,Sneha Patil,2022-12-06,19.853095,74.376772,Wildlife
IMG04055,SP0018,,IMG04055_SP0018.jpg,Sneha More,2018-05-15,19.828824,74.523686,Field Survey
IMG04056,SP0364,,IMG04056_SP0364.jpg,Rahul Deshpande,2021-05-03,19.862649,74.388679,Habitat
IMG04057,SP0166,OBS009198,IMG04057_SP0166.jpg,Neha Pawar,2021-08-31,19.862729,74.504877,Field Survey
IMG04058,SP0017,OBS011162,IMG04058_SP0017.jpg,Rajesh Kale,2025-01-26,19.822103,74.38291,Habitat
IMG04059,SP0286,OBS013506,IMG04059_SP0286.jpg,Neha Pawar,2016-10-07,19.800339,74.541953,Field Survey
IMG04060,SP0238,,IMG04060_SP0238.jpg,Om Bhosale,2024-09-17,19.92629,74.474459,Water Body
IMG04061,SP0010,,IMG04061_SP0010.jpg,Rahul Deshpande,2022-09-10,19.949389,74.455968,Water Body
IMG04062,SP0288,OBS019195,IMG04062_SP0288.jpg,Tejas Joshi,2018-03-18,19.851008,74.453632,Wildlife
IMG04063,SP0009,OBS002348,IMG04063_SP0009.jpg,Amit Kulkarni,2023-01-07,19.930846,74.481788,Habitat
IMG04064,SP0436,OBS007944,IMG04064_SP0436.jpg,Amit Kale,2025-11-21,19.8199,74.586983,Flora
IMG04065,SP0374,OBS008718,IMG04065_SP0374.jpg,Sandeep More,2022-11-12,19.881215,74.514504,Citizen Submission
IMG04066,SP0121,OBS019298,IMG04066_SP0121.jpg,Amit Kulkarni,2017-03-21,19.8104,74.440864,Water Body
IMG04067,SP0018,,IMG04067_SP0018.jpg,Amit Kulkarni,2018-09-15,19.882003,74.377019,Flora
IMG04068,SP0206,,IMG04068_SP0206.jpg,Priyanka More,2019-12-25,19.818378,74.567273,Field Survey
IMG04069,SP0352,OBS017863,IMG04069_SP0352.jpg,Kirti Kale,2016-08-04,19.916131,74.35412,Habitat
IMG04070,SP0367,,IMG04070_SP0367.jpg,Om Shinde,2016-08-02,19.892923,74.574479,Flora
IMG04071,SP0329,OBS014132,IMG04071_SP0329.jpg,Pooja Bhosale,2024-03-03,19.832438,74.585576,Citizen Submission
IMG04072,SP0282,OBS009575,IMG04072_SP0282.jpg,Neha Pawar,2024-02-07,19.862709,74.518999,Citizen Submission
IMG04073,SP0379,OBS004423,IMG04073_SP0379.jpg,Tejas Jadhav,2022-12-09,19.910928,74.593755,Citizen Submission
IMG04074,SP0114,OBS004163,IMG04074_SP0114.jpg,Pooja Bhosale,2017-12-18,19.861087,74.424943,Flora
IMG04075,SP0099,OBS017606,IMG04075_SP0099.jpg,Rahul Pawar,2024-06-29,19.897062,74.397444,Citizen Submission
IMG04076,SP0093,,IMG04076_SP0093.jpg,Rajesh Kulkarni,2017-08-20,19.870686,74.497193,Water Body
IMG04077,SP0323,OBS007356,IMG04077_SP0323.jpg,Sandeep Patil,2016-11-12,19.891984,74.398042,Flora
IMG04078,SP0163,OBS014475,IMG04078_SP0163.jpg,Rahul Deshpande,2016-08-17,19.919815,74.517992,Field Survey
IMG04079,SP0444,,IMG04079_SP0444.jpg,Neha Pawar,2021-08-06,19.918947,74.497809,Habitat
IMG04080,SP0167,OBS019858,IMG04080_SP0167.jpg,Aarti Joshi,2023-01-18,19.878492,74.491866,Wildlife
IMG04081,SP0276,OBS017444,IMG04081_SP0276.jpg,Pooja Shinde,2025-03-10,19.920525,74.440294,Wildlife
IMG04082,SP0284,OBS019979,IMG04082_SP0284.jpg,Om Shinde,2020-07-24,19.916844,74.536573,Field Survey
IMG04083,SP0142,OBS012336,IMG04083_SP0142.jpg,Kirti Kale,2016-11-10,19.904389,74.5664,Flora
IMG04084,SP0360,OBS002120,IMG04084_SP0360.jpg,Priyanka Patil,2021-07-02,19.909653,74.366019,Water Body
IMG04085,SP0199,OBS015735,IMG04085_SP0199.jpg,Kirti Kale,2021-02-02,19.916026,74.479039,Habitat
IMG04086,SP0178,,IMG04086_SP0178.jpg,Swati Shinde,2019-05-12,19.90697,74.587675,Flora
IMG04087,SP0268,,IMG04087_SP0268.jpg,Rajesh Kulkarni,2022-03-10,19.814988,74.522193,Water Body
IMG04088,SP0319,OBS018916,IMG04088_SP0319.jpg,Nikhil Deshpande,2018-04-08,19.884837,74.572265,Flora
IMG04089,SP0123,,IMG04089_SP0123.jpg,Tejas Joshi,2016-12-01,19.827973,74.545192,Water Body
IMG04090,SP0062,,IMG04090_SP0062.jpg,Neha Deshpande,2019-10-10,19.827482,74.431913,Field Survey
IMG04091,SP0332,,IMG04091_SP0332.jpg,Pooja Shinde,2020-04-17,19.808721,74.496731,Field Survey
IMG04092,SP0212,OBS008945,IMG04092_SP0212.jpg,Kirti Kulkarni,2021-08-26,19.908954,74.361497,Citizen Submission
IMG04093,SP0063,OBS010494,IMG04093_SP0063.jpg,Kirti Kale,2017-07-04,19.923734,74.441427,Habitat
IMG04094,SP0248,OBS003597,IMG04094_SP0248.jpg,Om Bhosale,2018-06-29,19.838338,74.353141,Field Survey
IMG04095,SP0401,OBS017902,IMG04095_SP0401.jpg,Nikhil Pawar,2019-12-26,19.818456,74.387108,Water Body
IMG04096,SP0379,,IMG04096_SP0379.jpg,Sneha Patil,2017-11-22,19.949853,74.440596,Flora
IMG04097,SP0377,,IMG04097_SP0377.jpg,Amit Kulkarni,2021-10-31,19.927723,74.385512,Citizen Submission
IMG04098,SP0147,,IMG04098_SP0147.jpg,Amit Kale,2026-08-05,19.82694,74.488135,Habitat
IMG04099,SP0231,,IMG04099_SP0231.jpg,Nikhil Pawar,2016-10-27,19.909443,74.506601,Habitat
IMG04100,SP0446,,IMG04100_SP0446.jpg,Amit Kulkarni,2023-05-07,19.874637,74.569786,Water Body
IMG04101,SP0235,OBS001763,IMG04101_SP0235.jpg,Kirti Kale,2016-12-15,19.880153,74.436259,Citizen Submission
IMG04102,SP0267,OBS011657,IMG04102_SP0267.jpg,Tejas Jadhav,2023-03-14,19.800293,74.353913,Habitat
IMG04103,SP0154,OBS016870,IMG04103_SP0154.jpg,Neha Deshpande,2023-05-21,19.879453,74.380307,Flora
IMG04104,SP0259,,IMG04104_SP0259.jpg,Priyanka Patil,2020-08-31,19.827929,74.586497,Wildlife
IMG04105,SP0272,OBS018552,IMG04105_SP0272.jpg,Om Bhosale,2016-09-03,19.921102,74.543086,Water Body
IMG04106,SP0004,OBS016068,IMG04106_SP0004.jpg,Sneha Patil,2022-07-25,19.832038,74.537137,Habitat
IMG04107,SP0191,OBS004745,IMG04107_SP0191.jpg,Nikhil Pawar,2024-07-21,19.891708,74.511725,Field Survey
IMG04108,SP0239,OBS016159,IMG04108_SP0239.jpg,Rajesh Kale,2025-11-26,19.935928,74.43058,Habitat
IMG04109,SP0041,,IMG04109_SP0041.jpg,Vikram Joshi,2018-07-04,19.943341,74.528097,Citizen Submission
IMG04110,SP0035,OBS005509,IMG04110_SP0035.jpg,Sneha More,2025-12-17,19.938412,74.404421,Field Survey
IMG04111,SP0305,OBS017944,IMG04111_SP0305.jpg,Rajesh Kale,2021-12-09,19.81257,74.504144,Citizen Submission
IMG04112,SP0077,OBS012152,IMG04112_SP0077.jpg,Om Bhosale,2017-01-08,19.849615,74.414275,Citizen Submission
IMG04113,SP0043,OBS012592,IMG04113_SP0043.jpg,Tejas Joshi,2022-09-22,19.824925,74.521446,Flora
IMG04114,SP0227,,IMG04114_SP0227.jpg,Neha Deshpande,2025-05-24,19.914439,74.424178,Field Survey
IMG04115,SP0426,OBS008309,IMG04115_SP0426.jpg,Amit Kulkarni,2026-01-27,19.852125,74.483628,Habitat
IMG04116,SP0138,,IMG04116_SP0138.jpg,Aarti Joshi,2020-08-27,19.805153,74.480877,Wildlife
IMG04117,SP0169,OBS004366,IMG04117_SP0169.jpg,Tejas Joshi,2023-03-23,19.831818,74.472947,Citizen Submission
IMG04118,SP0271,,IMG04118_SP0271.jpg,Sneha More,2024-12-29,19.866866,74.484812,Citizen Submission
IMG04119,SP0258,OBS019221,IMG04119_SP0258.jpg,Neha Pawar,2023-01-11,19.817648,74.509441,Citizen Submission
IMG04120,SP0131,,IMG04120_SP0131.jpg,Aarti Joshi,2020-12-08,19.873198,74.373917,Wildlife
IMG04121,SP0160,OBS010483,IMG04121_SP0160.jpg,Om Shinde,2016-10-04,19.819294,74.352897,Field Survey
IMG04122,SP0193,,IMG04122_SP0193.jpg,Neha Pawar,2026-01-10,19.87559,74.378819,Flora
IMG04123,SP0387,OBS011360,IMG04123_SP0387.jpg,Amit Kale,2020-07-03,19.828199,74.362403,Citizen Submission
IMG04124,SP0409,OBS000385,IMG04124_SP0409.jpg,Amit Kulkarni,2022-05-21,19.835986,74.59955,Flora
IMG04125,SP0222,,IMG04125_SP0222.jpg,Vikram Joshi,2023-05-08,19.885229,74.489292,Flora
IMG04126,SP0093,OBS011654,IMG04126_SP0093.jpg,Priyanka Patil,2022-04-13,19.923463,74.365006,Wildlife
IMG04127,SP0193,OBS003357,IMG04127_SP0193.jpg,Pooja Bhosale,2022-06-06,19.805127,74.553039,Wildlife
IMG04128,SP0043,OBS013400,IMG04128_SP0043.jpg,Kirti Kale,2020-01-12,19.878668,74.592888,Wildlife
IMG04129,SP0127,,IMG04129_SP0127.jpg,Aarti Joshi,2019-05-21,19.844775,74.392865,Wildlife
IMG04130,SP0366,OBS010720,IMG04130_SP0366.jpg,Swati Bhosale,2018-05-04,19.903635,74.572549,Field Survey
IMG04131,SP0314,OBS007202,IMG04131_SP0314.jpg,Rahul Pawar,2025-12-23,19.810348,74.403326,Flora
IMG04132,SP0382,OBS016576,IMG04132_SP0382.jpg,Swati Shinde,2017-11-24,19.856645,74.567038,Field Survey
IMG04133,SP0255,OBS011030,IMG04133_SP0255.jpg,Swati Shinde,2023-08-06,19.932633,74.408901,Water Body
IMG04134,SP0054,,IMG04134_SP0054.jpg,Kirti Kale,2021-10-12,19.891372,74.393217,Field Survey
IMG04135,SP0188,,IMG04135_SP0188.jpg,Sandeep Patil,2018-10-26,19.895886,74.397308,Citizen Submission
IMG04136,SP0383,OBS005239,IMG04136_SP0383.jpg,Priyanka More,2022-10-08,19.927206,74.570585,Habitat
IMG04137,SP0392,OBS017631,IMG04137_SP0392.jpg,Om Shinde,2025-07-20,19.833161,74.570332,Field Survey
IMG04138,SP0030,OBS016471,IMG04138_SP0030.jpg,Pooja Shinde,2026-03-12,19.864406,74.350668,Wildlife
IMG04139,SP0063,OBS009363,IMG04139_SP0063.jpg,Tejas Jadhav,2021-08-12,19.803148,74.540463,Field Survey
IMG04140,SP0230,OBS019804,IMG04140_SP0230.jpg,Neha Pawar,2020-06-08,19.934228,74.553888,Habitat
IMG04141,SP0318,,IMG04141_SP0318.jpg,Amit Kulkarni,2025-08-10,19.939477,74.561542,Wildlife
IMG04142,SP0003,,IMG04142_SP0003.jpg,Aarti Jadhav,2017-10-21,19.8173,74.583813,Field Survey
IMG04143,SP0325,OBS010438,IMG04143_SP0325.jpg,Tejas Joshi,2023-12-13,19.881558,74.567206,Water Body
IMG04144,SP0259,OBS016420,IMG04144_SP0259.jpg,Rajesh Kale,2023-09-23,19.929427,74.470538,Flora
IMG04145,SP0128,OBS010530,IMG04145_SP0128.jpg,Om Bhosale,2018-01-17,19.888012,74.381463,Water Body
IMG04146,SP0353,OBS004607,IMG04146_SP0353.jpg,Pooja Bhosale,2025-03-19,19.829261,74.553262,Citizen Submission
IMG04147,SP0392,,IMG04147_SP0392.jpg,Tejas Jadhav,2021-05-28,19.86089,74.549624,Water Body
IMG04148,SP0145,OBS005655,IMG04148_SP0145.jpg,Neha Deshpande,2018-04-25,19.924082,74.546438,Field Survey
IMG04149,SP0027,,IMG04149_SP0027.jpg,Rahul Deshpande,2020-09-15,19.86131,74.517063,Citizen Submission
IMG04150,SP0440,,IMG04150_SP0440.jpg,Rahul Pawar,2017-09-05,19.856592,74.35687,Field Survey
IMG04151,SP0307,,IMG04151_SP0307.jpg,Tejas Jadhav,2019-02-19,19.852881,74.453971,Habitat
IMG04152,SP0225,OBS018472,IMG04152_SP0225.jpg,Sneha More,2024-07-20,19.868147,74.487999,Wildlife
IMG04153,SP0386,OBS014550,IMG04153_SP0386.jpg,Amit Kulkarni,2021-03-13,19.920225,74.540393,Citizen Submission
IMG04154,SP0263,,IMG04154_SP0263.jpg,Pooja Shinde,2023-04-06,19.916726,74.567922,Wildlife
IMG04155,SP0094,OBS016611,IMG04155_SP0094.jpg,Om Shinde,2023-02-04,19.894729,74.467474,Citizen Submission
IMG04156,SP0072,OBS000516,IMG04156_SP0072.jpg,Swati Bhosale,2023-05-17,19.849917,74.466495,Wildlife
IMG04157,SP0259,,IMG04157_SP0259.jpg,Neha Pawar,2024-03-04,19.94598,74.400939,Habitat
IMG04158,SP0140,OBS001171,IMG04158_SP0140.jpg,Sneha More,2025-04-17,19.895446,74.513402,Wildlife
IMG04159,SP0297,OBS012767,IMG04159_SP0297.jpg,Tejas Joshi,2017-10-18,19.818433,74.475477,Field Survey
IMG04160,SP0354,OBS016095,IMG04160_SP0354.jpg,Tejas Joshi,2018-10-05,19.941826,74.44922,Water Body
IMG04161,SP0325,OBS002248,IMG04161_SP0325.jpg,Pooja Shinde,2021-01-09,19.864251,74.475797,Citizen Submission
IMG04162,SP0096,OBS015084,IMG04162_SP0096.jpg,Pooja Shinde,2018-11-24,19.880715,74.515617,Field Survey
IMG04163,SP0072,OBS018264,IMG04163_SP0072.jpg,Swati Shinde,2018-05-25,19.94346,74.441257,Wildlife
IMG04164,SP0437,OBS014805,IMG04164_SP0437.jpg,Priyanka More,2024-02-21,19.8259,74.546163,Habitat
IMG04165,SP0263,OBS013419,IMG04165_SP0263.jpg,Amit Kale,2017-06-21,19.906761,74.596687,Wildlife
IMG04166,SP0427,,IMG04166_SP0427.jpg,Amit Kulkarni,2021-06-07,19.804368,74.374413,Water Body
IMG04167,SP0197,OBS017677,IMG04167_SP0197.jpg,Pooja Shinde,2023-01-24,19.839604,74.580712,Habitat
IMG04168,SP0232,OBS012848,IMG04168_SP0232.jpg,Aarti Jadhav,2018-11-27,19.943299,74.417136,Habitat
IMG04169,SP0389,OBS013967,IMG04169_SP0389.jpg,Priyanka More,2020-04-26,19.845836,74.51043,Citizen Submission
IMG04170,SP0009,OBS019404,IMG04170_SP0009.jpg,Rahul Deshpande,2022-12-05,19.881573,74.448801,Flora
IMG04171,SP0433,OBS015737,IMG04171_SP0433.jpg,Swati Shinde,2024-12-10,19.940083,74.418665,Citizen Submission
IMG04172,SP0050,OBS007541,IMG04172_SP0050.jpg,Amit Kulkarni,2019-07-26,19.879731,74.540619,Water Body
IMG04173,SP0013,,IMG04173_SP0013.jpg,Rahul Deshpande,2019-04-27,19.85532,74.577482,Citizen Submission
IMG04174,SP0321,OBS018324,IMG04174_SP0321.jpg,Aarti Jadhav,2021-08-07,19.942175,74.470975,Wildlife
IMG04175,SP0360,OBS014121,IMG04175_SP0360.jpg,Kirti Kale,2024-07-03,19.863394,74.517979,Citizen Submission
IMG04176,SP0256,,IMG04176_SP0256.jpg,Vikram Joshi,2016-09-06,19.87899,74.518374,Water Body
IMG04177,SP0049,OBS007785,IMG04177_SP0049.jpg,Pooja Shinde,2019-02-28,19.909522,74.563839,Field Survey
IMG04178,SP0429,OBS003333,IMG04178_SP0429.jpg,Swati Bhosale,2017-10-29,19.869079,74.418055,Habitat
IMG04179,SP0279,OBS019260,IMG04179_SP0279.jpg,Aarti Jadhav,2019-09-22,19.813795,74.423587,Wildlife
IMG04180,SP0198,OBS006267,IMG04180_SP0198.jpg,Vikram Jadhav,2019-01-14,19.878441,74.393897,Citizen Submission
IMG04181,SP0305,OBS002356,IMG04181_SP0305.jpg,Rahul Pawar,2021-01-29,19.91925,74.525196,Citizen Submission
IMG04182,SP0003,,IMG04182_SP0003.jpg,Rajesh Kulkarni,2023-07-15,19.893693,74.458178,Flora
IMG04183,SP0317,OBS007459,IMG04183_SP0317.jpg,Swati Shinde,2017-06-30,19.925772,74.488651,Field Survey
IMG04184,SP0261,OBS012123,IMG04184_SP0261.jpg,Aarti Jadhav,2025-02-15,19.833201,74.417962,Citizen Submission
IMG04185,SP0329,,IMG04185_SP0329.jpg,Sandeep More,2024-12-20,19.868311,74.464445,Field Survey
IMG04186,SP0171,OBS018121,IMG04186_SP0171.jpg,Priyanka More,2024-09-20,19.933644,74.457039,Flora
IMG04187,SP0060,OBS014568,IMG04187_SP0060.jpg,Pooja Bhosale,2020-09-18,19.908865,74.548344,Field Survey
IMG04188,SP0148,OBS002685,IMG04188_SP0148.jpg,Sneha More,2021-10-11,19.85687,74.483394,Wildlife
IMG04189,SP0207,,IMG04189_SP0207.jpg,Amit Kulkarni,2026-07-08,19.891319,74.516204,Wildlife
IMG04190,SP0378,,IMG04190_SP0378.jpg,Neha Pawar,2017-09-15,19.877053,74.527336,Citizen Submission
IMG04191,SP0102,,IMG04191_SP0102.jpg,Amit Kulkarni,2018-09-03,19.860292,74.452424,Citizen Submission
IMG04192,SP0350,OBS014455,IMG04192_SP0350.jpg,Neha Pawar,2025-04-12,19.865552,74.565419,Habitat
IMG04193,SP0167,OBS012738,IMG04193_SP0167.jpg,Pooja Shinde,2025-01-05,19.92658,74.522932,Citizen Submission
IMG04194,SP0084,OBS008811,IMG04194_SP0084.jpg,Sneha Patil,2022-04-22,19.937562,74.544615,Habitat
IMG04195,SP0298,OBS005971,IMG04195_SP0298.jpg,Pooja Shinde,2019-07-08,19.875851,74.449002,Water Body
IMG04196,SP0402,OBS006979,IMG04196_SP0402.jpg,Pooja Bhosale,2026-02-13,19.841888,74.434611,Water Body
IMG04197,SP0350,OBS005995,IMG04197_SP0350.jpg,Neha Pawar,2021-04-14,19.85259,74.371303,Wildlife
IMG04198,SP0096,OBS004157,IMG04198_SP0096.jpg,Swati Bhosale,2022-05-14,19.831126,74.578587,Habitat
IMG04199,SP0243,OBS016613,IMG04199_SP0243.jpg,Sandeep More,2017-09-05,19.912803,74.359244,Wildlife
IMG04200,SP0284,,IMG04200_SP0284.jpg,Neha Pawar,2020-10-06,19.916757,74.424746,Water Body
IMG04201,SP0033,OBS017253,IMG04201_SP0033.jpg,Neha Pawar,2024-06-09,19.940126,74.588362,Field Survey
IMG04202,SP0273,OBS011129,IMG04202_SP0273.jpg,Nikhil Pawar,2020-04-11,19.908517,74.445356,Wildlife
IMG04203,SP0459,,IMG04203_SP0459.jpg,Tejas Jadhav,2016-10-08,19.931124,74.379702,Flora
IMG04204,SP0018,OBS009043,IMG04204_SP0018.jpg,Kirti Kulkarni,2017-06-11,19.834766,74.461654,Citizen Submission
IMG04205,SP0182,OBS007979,IMG04205_SP0182.jpg,Vikram Joshi,2025-06-17,19.850442,74.429217,Field Survey
IMG04206,SP0101,,IMG04206_SP0101.jpg,Sandeep More,2021-08-23,19.938901,74.519206,Habitat
IMG04207,SP0029,,IMG04207_SP0029.jpg,Kirti Kale,2026-03-18,19.827366,74.540576,Habitat
IMG04208,SP0293,OBS006728,IMG04208_SP0293.jpg,Sneha More,2021-08-11,19.91902,74.387009,Citizen Submission
IMG04209,SP0070,OBS016838,IMG04209_SP0070.jpg,Rajesh Kale,2019-12-18,19.908631,74.594095,Flora
IMG04210,SP0032,,IMG04210_SP0032.jpg,Vikram Joshi,2024-05-19,19.842198,74.428786,Field Survey
IMG04211,SP0268,OBS004198,IMG04211_SP0268.jpg,Sneha Patil,2020-09-07,19.819012,74.540758,Flora
IMG04212,SP0103,OBS014287,IMG04212_SP0103.jpg,Neha Pawar,2019-05-31,19.860585,74.5029,Flora
IMG04213,SP0066,OBS018354,IMG04213_SP0066.jpg,Nikhil Pawar,2019-06-04,19.835648,74.473318,Water Body
IMG04214,SP0102,,IMG04214_SP0102.jpg,Nikhil Pawar,2018-08-14,19.903831,74.391613,Habitat
IMG04215,SP0391,OBS008275,IMG04215_SP0391.jpg,Vikram Jadhav,2018-08-17,19.8647,74.442564,Wildlife
IMG04216,SP0269,OBS018650,IMG04216_SP0269.jpg,Sandeep More,2019-01-05,19.822275,74.495417,Field Survey
IMG04217,SP0391,OBS005172,IMG04217_SP0391.jpg,Sneha More,2018-12-02,19.851761,74.488381,Field Survey
IMG04218,SP0451,OBS004923,IMG04218_SP0451.jpg,Om Bhosale,2024-12-19,19.90073,74.36605,Flora
IMG04219,SP0051,OBS001499,IMG04219_SP0051.jpg,Amit Kulkarni,2025-12-11,19.850435,74.488584,Field Survey
IMG04220,SP0125,OBS018805,IMG04220_SP0125.jpg,Vikram Joshi,2023-02-03,19.841629,74.550981,Habitat
IMG04221,SP0106,OBS003606,IMG04221_SP0106.jpg,Om Bhosale,2022-09-09,19.832459,74.582433,Flora
IMG04222,SP0402,OBS016635,IMG04222_SP0402.jpg,Pooja Shinde,2022-10-31,19.885444,74.427249,Flora
IMG04223,SP0446,,IMG04223_SP0446.jpg,Sandeep More,2018-07-10,19.869189,74.399326,Water Body
IMG04224,SP0332,OBS014443,IMG04224_SP0332.jpg,Kirti Kale,2020-07-28,19.855116,74.470268,Citizen Submission
IMG04225,SP0218,,IMG04225_SP0218.jpg,Sneha Patil,2025-09-05,19.947647,74.440955,Habitat
IMG04226,SP0036,,IMG04226_SP0036.jpg,Neha Pawar,2023-05-27,19.817179,74.476807,Habitat
IMG04227,SP0149,OBS016612,IMG04227_SP0149.jpg,Kirti Kale,2021-07-31,19.854998,74.481671,Wildlife
IMG04228,SP0179,OBS013196,IMG04228_SP0179.jpg,Nikhil Pawar,2022-09-07,19.852336,74.365582,Wildlife
IMG04229,SP0441,OBS014161,IMG04229_SP0441.jpg,Neha Deshpande,2024-03-05,19.853471,74.386256,Wildlife
IMG04230,SP0061,OBS017527,IMG04230_SP0061.jpg,Sandeep More,2019-08-09,19.904439,74.462836,Field Survey
IMG04231,SP0138,,IMG04231_SP0138.jpg,Nikhil Pawar,2016-08-16,19.836988,74.568041,Water Body
IMG04232,SP0161,OBS012680,IMG04232_SP0161.jpg,Swati Shinde,2020-06-12,19.845259,74.51242,Field Survey
IMG04233,SP0037,OBS002633,IMG04233_SP0037.jpg,Kirti Kale,2019-11-15,19.900097,74.437873,Flora
IMG04234,SP0281,,IMG04234_SP0281.jpg,Tejas Joshi,2018-03-06,19.871813,74.421205,Wildlife
IMG04235,SP0121,,IMG04235_SP0121.jpg,Priyanka More,2020-08-25,19.862284,74.410415,Water Body
IMG04236,SP0433,OBS016439,IMG04236_SP0433.jpg,Sandeep Patil,2019-10-23,19.92117,74.517976,Flora
IMG04237,SP0260,OBS014017,IMG04237_SP0260.jpg,Sandeep More,2025-01-06,19.9057,74.39386,Habitat
IMG04238,SP0400,OBS014415,IMG04238_SP0400.jpg,Amit Kale,2024-05-16,19.937084,74.370481,Water Body
IMG04239,SP0154,OBS015845,IMG04239_SP0154.jpg,Pooja Bhosale,2026-01-15,19.911555,74.568235,Wildlife
IMG04240,SP0266,OBS006354,IMG04240_SP0266.jpg,Kirti Kale,2022-06-26,19.891128,74.546887,Wildlife
IMG04241,SP0125,OBS016998,IMG04241_SP0125.jpg,Om Shinde,2017-03-07,19.931563,74.560397,Habitat
IMG04242,SP0456,,IMG04242_SP0456.jpg,Rahul Deshpande,2021-05-02,19.877231,74.58379,Habitat
IMG04243,SP0456,OBS003507,IMG04243_SP0456.jpg,Sandeep More,2026-03-28,19.847844,74.480108,Habitat
IMG04244,SP0146,OBS005147,IMG04244_SP0146.jpg,Sandeep More,2017-08-30,19.940403,74.593244,Citizen Submission
IMG04245,SP0110,,IMG04245_SP0110.jpg,Rahul Pawar,2021-01-06,19.874086,74.535831,Water Body
IMG04246,SP0092,,IMG04246_SP0092.jpg,Pooja Bhosale,2026-06-27,19.901552,74.389932,Water Body
IMG04247,SP0078,OBS002955,IMG04247_SP0078.jpg,Kirti Kale,2022-07-24,19.891023,74.591913,Flora
IMG04248,SP0336,OBS003253,IMG04248_SP0336.jpg,Pooja Bhosale,2019-01-31,19.852461,74.507875,Flora
IMG04249,SP0388,,IMG04249_SP0388.jpg,Aarti Jadhav,2024-10-19,19.866004,74.479093,Habitat
IMG04250,SP0005,OBS011539,IMG04250_SP0005.jpg,Sandeep More,2022-01-31,19.829597,74.414567,Citizen Submission
IMG04251,SP0399,OBS004546,IMG04251_SP0399.jpg,Om Bhosale,2019-08-09,19.857948,74.402579,Field Survey
IMG04252,SP0323,,IMG04252_SP0323.jpg,Rajesh Kulkarni,2022-03-15,19.886088,74.371678,Field Survey
IMG04253,SP0170,,IMG04253_SP0170.jpg,Rahul Pawar,2021-09-20,19.810551,74.374721,Field Survey
IMG04254,SP0091,,IMG04254_SP0091.jpg,Aarti Jadhav,2018-01-28,19.901624,74.366674,Flora
IMG04255,SP0035,,IMG04255_SP0035.jpg,Om Bhosale,2026-03-23,19.826857,74.501524,Citizen Submission
IMG04256,SP0048,OBS005953,IMG04256_SP0048.jpg,Aarti Jadhav,2017-04-21,19.943609,74.498075,Flora
IMG04257,SP0194,OBS000375,IMG04257_SP0194.jpg,Aarti Jadhav,2026-04-02,19.927541,74.548992,Field Survey
IMG04258,SP0174,OBS008318,IMG04258_SP0174.jpg,Rahul Pawar,2021-05-03,19.947127,74.546296,Wildlife
IMG04259,SP0274,,IMG04259_SP0274.jpg,Amit Kulkarni,2018-11-07,19.84075,74.537549,Habitat
IMG04260,SP0050,OBS004010,IMG04260_SP0050.jpg,Pooja Shinde,2024-11-08,19.844808,74.399036,Water Body
IMG04261,SP0017,OBS012509,IMG04261_SP0017.jpg,Amit Kulkarni,2023-05-11,19.934732,74.358309,Wildlife
IMG04262,SP0259,OBS018686,IMG04262_SP0259.jpg,Neha Deshpande,2019-03-08,19.871973,74.470419,Field Survey
IMG04263,SP0277,OBS010861,IMG04263_SP0277.jpg,Neha Pawar,2021-03-28,19.878796,74.362882,Field Survey
IMG04264,SP0450,OBS009668,IMG04264_SP0450.jpg,Kirti Kulkarni,2020-10-17,19.867717,74.518182,Flora
IMG04265,SP0179,OBS012963,IMG04265_SP0179.jpg,Tejas Joshi,2020-07-29,19.906096,74.478684,Citizen Submission
IMG04266,SP0059,OBS004234,IMG04266_SP0059.jpg,Vikram Joshi,2018-06-09,19.800957,74.375978,Citizen Submission
IMG04267,SP0259,OBS009038,IMG04267_SP0259.jpg,Pooja Bhosale,2022-08-01,19.801769,74.410296,Citizen Submission
IMG04268,SP0249,OBS019526,IMG04268_SP0249.jpg,Amit Kale,2019-05-04,19.925928,74.357346,Flora
IMG04269,SP0193,,IMG04269_SP0193.jpg,Amit Kulkarni,2018-06-20,19.835342,74.361446,Field Survey
IMG04270,SP0211,,IMG04270_SP0211.jpg,Aarti Jadhav,2020-12-28,19.827424,74.436985,Field Survey
IMG04271,SP0433,OBS012218,IMG04271_SP0433.jpg,Om Bhosale,2024-06-21,19.855848,74.5227,Flora
IMG04272,SP0365,OBS015634,IMG04272_SP0365.jpg,Sandeep More,2025-12-17,19.812392,74.549784,Citizen Submission
IMG04273,SP0029,OBS016034,IMG04273_SP0029.jpg,Kirti Kale,2020-07-15,19.877367,74.593319,Citizen Submission
IMG04274,SP0033,OBS012088,IMG04274_SP0033.jpg,Om Shinde,2023-05-25,19.920078,74.442952,Flora
IMG04275,SP0031,,IMG04275_SP0031.jpg,Neha Pawar,2021-11-13,19.864264,74.590247,Habitat
IMG04276,SP0330,OBS016701,IMG04276_SP0330.jpg,Amit Kulkarni,2023-09-16,19.817102,74.518716,Habitat
IMG04277,SP0371,OBS000061,IMG04277_SP0371.jpg,Vikram Jadhav,2024-10-30,19.870959,74.578742,Water Body
IMG04278,SP0170,,IMG04278_SP0170.jpg,Aarti Jadhav,2020-02-21,19.933816,74.410602,Habitat
IMG04279,SP0400,OBS013891,IMG04279_SP0400.jpg,Vikram Jadhav,2018-02-07,19.834853,74.411748,Wildlife
IMG04280,SP0210,OBS002408,IMG04280_SP0210.jpg,Pooja Shinde,2018-06-01,19.922942,74.568825,Citizen Submission
IMG04281,SP0039,OBS009258,IMG04281_SP0039.jpg,Rajesh Kulkarni,2025-06-12,19.934312,74.428595,Water Body
IMG04282,SP0274,OBS019670,IMG04282_SP0274.jpg,Neha Pawar,2021-12-05,19.901327,74.586937,Flora
IMG04283,SP0190,,IMG04283_SP0190.jpg,Swati Bhosale,2025-07-07,19.817189,74.376818,Flora
IMG04284,SP0392,OBS009041,IMG04284_SP0392.jpg,Aarti Jadhav,2022-09-02,19.926781,74.492425,Flora
IMG04285,SP0084,,IMG04285_SP0084.jpg,Aarti Jadhav,2018-10-04,19.809287,74.512094,Citizen Submission
IMG04286,SP0125,OBS009706,IMG04286_SP0125.jpg,Tejas Jadhav,2023-07-04,19.87354,74.56642,Citizen Submission
IMG04287,SP0423,OBS009317,IMG04287_SP0423.jpg,Pooja Shinde,2022-11-30,19.909635,74.584915,Citizen Submission
IMG04288,SP0248,OBS014036,IMG04288_SP0248.jpg,Swati Bhosale,2020-07-05,19.817116,74.548403,Citizen Submission
IMG04289,SP0386,OBS005501,IMG04289_SP0386.jpg,Aarti Jadhav,2021-01-24,19.850222,74.491375,Wildlife
IMG04290,SP0066,,IMG04290_SP0066.jpg,Tejas Jadhav,2018-05-05,19.904725,74.532764,Field Survey
IMG04291,SP0128,OBS017914,IMG04291_SP0128.jpg,Priyanka Patil,2016-08-11,19.945445,74.353911,Water Body
IMG04292,SP0143,OBS015316,IMG04292_SP0143.jpg,Amit Kale,2019-10-01,19.914496,74.388497,Water Body
IMG04293,SP0001,OBS004368,IMG04293_SP0001.jpg,Nikhil Pawar,2023-02-18,19.822527,74.541619,Field Survey
IMG04294,SP0196,OBS008569,IMG04294_SP0196.jpg,Vikram Jadhav,2023-10-14,19.809493,74.505993,Habitat
IMG04295,SP0356,OBS019005,IMG04295_SP0356.jpg,Rajesh Kale,2022-05-27,19.895617,74.553491,Water Body
IMG04296,SP0093,OBS013689,IMG04296_SP0093.jpg,Aarti Jadhav,2020-05-27,19.867741,74.437869,Citizen Submission
IMG04297,SP0126,OBS016874,IMG04297_SP0126.jpg,Aarti Jadhav,2024-06-01,19.861476,74.392746,Water Body
IMG04298,SP0205,OBS003025,IMG04298_SP0205.jpg,Neha Pawar,2025-08-07,19.856494,74.420014,Citizen Submission
IMG04299,SP0340,,IMG04299_SP0340.jpg,Swati Bhosale,2022-02-16,19.863743,74.400527,Field Survey
IMG04300,SP0403,OBS010163,IMG04300_SP0403.jpg,Tejas Jadhav,2018-05-11,19.928926,74.523931,Flora
IMG04301,SP0197,OBS011423,IMG04301_SP0197.jpg,Amit Kulkarni,2019-11-05,19.926633,74.455255,Flora
IMG04302,SP0004,OBS001548,IMG04302_SP0004.jpg,Rahul Deshpande,2020-03-29,19.890493,74.360359,Field Survey
IMG04303,SP0367,OBS016605,IMG04303_SP0367.jpg,Nikhil Pawar,2026-01-21,19.819673,74.484485,Field Survey
IMG04304,SP0097,,IMG04304_SP0097.jpg,Vikram Joshi,2021-06-17,19.942991,74.511315,Wildlife
IMG04305,SP0315,OBS005758,IMG04305_SP0315.jpg,Neha Pawar,2023-12-31,19.817426,74.566895,Water Body
IMG04306,SP0235,OBS011105,IMG04306_SP0235.jpg,Sandeep Patil,2025-01-31,19.938803,74.560463,Flora
IMG04307,SP0308,OBS006148,IMG04307_SP0308.jpg,Rahul Deshpande,2023-11-01,19.900861,74.40099,Habitat
IMG04308,SP0092,OBS005164,IMG04308_SP0092.jpg,Neha Pawar,2025-05-13,19.885136,74.469515,Wildlife
IMG04309,SP0089,OBS015640,IMG04309_SP0089.jpg,Sneha Patil,2019-06-17,19.919887,74.46991,Wildlife
IMG04310,SP0097,OBS002371,IMG04310_SP0097.jpg,Pooja Shinde,2019-04-10,19.807425,74.445097,Field Survey
IMG04311,SP0187,,IMG04311_SP0187.jpg,Pooja Bhosale,2020-10-31,19.923353,74.460488,Habitat
IMG04312,SP0215,OBS003467,IMG04312_SP0215.jpg,Tejas Jadhav,2021-06-20,19.924825,74.481735,Field Survey
IMG04313,SP0083,OBS012827,IMG04313_SP0083.jpg,Kirti Kale,2024-05-07,19.887028,74.477103,Citizen Submission
IMG04314,SP0002,,IMG04314_SP0002.jpg,Aarti Jadhav,2025-06-01,19.948462,74.365079,Water Body
IMG04315,SP0175,OBS005182,IMG04315_SP0175.jpg,Sandeep More,2023-10-30,19.861186,74.386055,Wildlife
IMG04316,SP0053,OBS012164,IMG04316_SP0053.jpg,Sandeep More,2025-11-19,19.840433,74.393784,Habitat
IMG04317,SP0054,OBS018814,IMG04317_SP0054.jpg,Rahul Deshpande,2024-01-08,19.936299,74.569142,Flora
IMG04318,SP0050,OBS007132,IMG04318_SP0050.jpg,Rajesh Kulkarni,2021-04-02,19.92991,74.45049,Water Body
IMG04319,SP0009,OBS017763,IMG04319_SP0009.jpg,Aarti Jadhav,2021-06-26,19.870125,74.5933,Wildlife
IMG04320,SP0061,OBS011716,IMG04320_SP0061.jpg,Kirti Kale,2024-07-12,19.846165,74.420162,Field Survey
IMG04321,SP0185,OBS003784,IMG04321_SP0185.jpg,Sandeep More,2021-01-11,19.813332,74.423769,Citizen Submission
IMG04322,SP0334,OBS013487,IMG04322_SP0334.jpg,Kirti Kulkarni,2021-12-11,19.923289,74.402756,Flora
IMG04323,SP0287,OBS018622,IMG04323_SP0287.jpg,Priyanka Patil,2023-10-29,19.884077,74.380085,Wildlife
IMG04324,SP0201,OBS005701,IMG04324_SP0201.jpg,Rahul Pawar,2024-05-09,19.916792,74.511058,Water Body
IMG04325,SP0001,,IMG04325_SP0001.jpg,Swati Bhosale,2023-05-28,19.806972,74.373728,Field Survey
IMG04326,SP0406,OBS009397,IMG04326_SP0406.jpg,Aarti Jadhav,2023-08-20,19.911551,74.366829,Flora
IMG04327,SP0010,,IMG04327_SP0010.jpg,Amit Kulkarni,2026-04-05,19.844025,74.350211,Wildlife
IMG04328,SP0418,OBS012113,IMG04328_SP0418.jpg,Tejas Joshi,2020-04-18,19.944838,74.510086,Habitat
IMG04329,SP0113,OBS003601,IMG04329_SP0113.jpg,Rahul Deshpande,2020-12-11,19.865051,74.508334,Flora
IMG04330,SP0436,,IMG04330_SP0436.jpg,Kirti Kulkarni,2022-08-12,19.840259,74.474344,Water Body
IMG04331,SP0441,OBS007924,IMG04331_SP0441.jpg,Sneha More,2019-08-08,19.840733,74.436515,Citizen Submission
IMG04332,SP0444,,IMG04332_SP0444.jpg,Kirti Kale,2016-08-08,19.859501,74.427592,Citizen Submission
IMG04333,SP0305,OBS011960,IMG04333_SP0305.jpg,Rahul Deshpande,2024-10-19,19.947227,74.47751,Habitat
IMG04334,SP0080,,IMG04334_SP0080.jpg,Vikram Jadhav,2021-04-24,19.932079,74.369537,Flora
IMG04335,SP0315,OBS008447,IMG04335_SP0315.jpg,Priyanka More,2022-12-14,19.844214,74.518584,Citizen Submission
IMG04336,SP0330,OBS017626,IMG04336_SP0330.jpg,Tejas Jadhav,2021-08-07,19.857521,74.393006,Flora
IMG04337,SP0077,OBS013581,IMG04337_SP0077.jpg,Rajesh Kale,2024-07-06,19.911005,74.498944,Wildlife
IMG04338,SP0093,,IMG04338_SP0093.jpg,Rajesh Kale,2019-05-15,19.848884,74.462889,Habitat
IMG04339,SP0287,OBS001189,IMG04339_SP0287.jpg,Sandeep More,2019-02-18,19.916339,74.547122,Citizen Submission
IMG04340,SP0140,OBS017216,IMG04340_SP0140.jpg,Rajesh Kulkarni,2017-05-28,19.839498,74.565268,Habitat
IMG04341,SP0220,OBS002818,IMG04341_SP0220.jpg,Amit Kale,2016-11-23,19.902928,74.492305,Wildlife
IMG04342,SP0427,,IMG04342_SP0427.jpg,Tejas Joshi,2024-09-09,19.840848,74.52778,Field Survey
IMG04343,SP0139,OBS006808,IMG04343_SP0139.jpg,Amit Kale,2025-05-07,19.932337,74.56395,Field Survey
IMG04344,SP0456,OBS013933,IMG04344_SP0456.jpg,Neha Pawar,2018-03-25,19.864457,74.587817,Citizen Submission
IMG04345,SP0222,OBS003911,IMG04345_SP0222.jpg,Neha Pawar,2022-07-08,19.930978,74.474108,Habitat
IMG04346,SP0149,OBS011670,IMG04346_SP0149.jpg,Kirti Kale,2023-03-25,19.948496,74.453697,Field Survey
IMG04347,SP0124,OBS008052,IMG04347_SP0124.jpg,Pooja Shinde,2022-03-29,19.887444,74.569415,Citizen Submission
IMG04348,SP0262,,IMG04348_SP0262.jpg,Rahul Deshpande,2019-08-09,19.806333,74.547134,Flora
IMG04349,SP0204,,IMG04349_SP0204.jpg,Neha Pawar,2017-10-27,19.847991,74.535343,Flora
IMG04350,SP0137,,IMG04350_SP0137.jpg,Nikhil Deshpande,2018-06-20,19.899994,74.479629,Water Body
IMG04351,SP0274,,IMG04351_SP0274.jpg,Vikram Joshi,2023-11-01,19.890053,74.372906,Habitat
IMG04352,SP0328,OBS000102,IMG04352_SP0328.jpg,Nikhil Deshpande,2026-07-23,19.853988,74.514543,Water Body
IMG04353,SP0374,,IMG04353_SP0374.jpg,Tejas Joshi,2023-09-09,19.888656,74.452528,Citizen Submission
IMG04354,SP0237,OBS012432,IMG04354_SP0237.jpg,Kirti Kale,2017-05-25,19.938758,74.568133,Wildlife
IMG04355,SP0042,OBS015018,IMG04355_SP0042.jpg,Priyanka Patil,2024-11-01,19.814002,74.353306,Water Body
IMG04356,SP0281,OBS002579,IMG04356_SP0281.jpg,Aarti Jadhav,2021-02-28,19.928597,74.56128,Habitat
IMG04357,SP0278,,IMG04357_SP0278.jpg,Pooja Bhosale,2023-08-08,19.807644,74.542916,Water Body
IMG04358,SP0401,,IMG04358_SP0401.jpg,Om Shinde,2023-01-06,19.927188,74.463035,Water Body
IMG04359,SP0414,,IMG04359_SP0414.jpg,Om Bhosale,2017-01-22,19.872164,74.413804,Habitat
IMG04360,SP0056,,IMG04360_SP0056.jpg,Sneha Patil,2019-07-20,19.813859,74.529192,Field Survey
IMG04361,SP0267,,IMG04361_SP0267.jpg,Neha Pawar,2021-03-21,19.847407,74.574874,Field Survey
IMG04362,SP0356,OBS006685,IMG04362_SP0356.jpg,Vikram Joshi,2023-11-23,19.820548,74.489871,Flora
IMG04363,SP0160,OBS012598,IMG04363_SP0160.jpg,Sandeep More,2018-11-15,19.880178,74.432806,Water Body
IMG04364,SP0014,OBS001048,IMG04364_SP0014.jpg,Vikram Jadhav,2025-04-03,19.83368,74.561608,Flora
IMG04365,SP0448,,IMG04365_SP0448.jpg,Vikram Joshi,2023-03-24,19.89564,74.452787,Wildlife
IMG04366,SP0336,OBS017303,IMG04366_SP0336.jpg,Vikram Joshi,2017-02-11,19.902139,74.578598,Water Body
IMG04367,SP0151,OBS003895,IMG04367_SP0151.jpg,Sandeep More,2016-11-09,19.803178,74.465769,Flora
IMG04368,SP0451,OBS001548,IMG04368_SP0451.jpg,Rajesh Kale,2019-02-24,19.845729,74.356748,Water Body
IMG04369,SP0318,OBS019122,IMG04369_SP0318.jpg,Priyanka More,2018-06-27,19.934695,74.450834,Habitat
IMG04370,SP0068,,IMG04370_SP0068.jpg,Amit Kulkarni,2022-03-06,19.90235,74.413962,Flora
IMG04371,SP0145,OBS004061,IMG04371_SP0145.jpg,Sneha More,2025-05-22,19.889784,74.359972,Citizen Submission
IMG04372,SP0017,OBS018353,IMG04372_SP0017.jpg,Aarti Jadhav,2024-06-25,19.902729,74.442269,Field Survey
IMG04373,SP0066,OBS018445,IMG04373_SP0066.jpg,Rahul Deshpande,2023-01-19,19.88678,74.590991,Wildlife
IMG04374,SP0288,OBS019945,IMG04374_SP0288.jpg,Kirti Kale,2019-03-07,19.840789,74.399663,Flora
IMG04375,SP0084,,IMG04375_SP0084.jpg,Sneha Patil,2019-07-01,19.844177,74.363161,Flora
IMG04376,SP0451,,IMG04376_SP0451.jpg,Aarti Jadhav,2019-01-07,19.835906,74.372787,Wildlife
IMG04377,SP0012,,IMG04377_SP0012.jpg,Nikhil Pawar,2017-11-20,19.887583,74.354149,Wildlife
IMG04378,SP0128,,IMG04378_SP0128.jpg,Sandeep Patil,2024-10-08,19.841955,74.392057,Field Survey
IMG04379,SP0347,,IMG04379_SP0347.jpg,Swati Bhosale,2018-11-06,19.932983,74.481795,Flora
IMG04380,SP0050,OBS017633,IMG04380_SP0050.jpg,Pooja Bhosale,2016-10-24,19.855465,74.458274,Flora
IMG04381,SP0021,OBS017468,IMG04381_SP0021.jpg,Sneha More,2023-08-01,19.928716,74.482197,Field Survey
IMG04382,SP0239,OBS002080,IMG04382_SP0239.jpg,Vikram Joshi,2017-06-07,19.936873,74.39902,Wildlife
IMG04383,SP0183,,IMG04383_SP0183.jpg,Neha Pawar,2019-04-18,19.920938,74.468657,Wildlife
IMG04384,SP0282,,IMG04384_SP0282.jpg,Kirti Kale,2023-05-21,19.836351,74.576969,Citizen Submission
IMG04385,SP0030,OBS015379,IMG04385_SP0030.jpg,Vikram Joshi,2026-06-18,19.911839,74.567324,Wildlife
IMG04386,SP0248,OBS007560,IMG04386_SP0248.jpg,Amit Kale,2020-11-11,19.872924,74.472159,Habitat
IMG04387,SP0031,OBS008894,IMG04387_SP0031.jpg,Pooja Shinde,2023-04-17,19.85487,74.372182,Citizen Submission
IMG04388,SP0009,OBS008301,IMG04388_SP0009.jpg,Pooja Bhosale,2026-02-13,19.873096,74.485355,Water Body
IMG04389,SP0305,,IMG04389_SP0305.jpg,Tejas Joshi,2024-08-18,19.945838,74.400797,Water Body
IMG04390,SP0164,OBS011153,IMG04390_SP0164.jpg,Sneha More,2020-05-23,19.820309,74.509831,Habitat
IMG04391,SP0112,OBS008201,IMG04391_SP0112.jpg,Neha Pawar,2025-01-14,19.945273,74.409222,Field Survey
IMG04392,SP0339,,IMG04392_SP0339.jpg,Sandeep More,2023-09-11,19.895334,74.528347,Flora
IMG04393,SP0317,OBS007428,IMG04393_SP0317.jpg,Kirti Kale,2017-10-09,19.819267,74.476519,Wildlife
IMG04394,SP0009,OBS012215,IMG04394_SP0009.jpg,Swati Bhosale,2018-07-19,19.826995,74.42273,Citizen Submission
IMG04395,SP0154,OBS000696,IMG04395_SP0154.jpg,Neha Pawar,2025-06-13,19.865885,74.565223,Wildlife
IMG04396,SP0180,OBS017243,IMG04396_SP0180.jpg,Neha Deshpande,2019-08-25,19.859905,74.457487,Flora
IMG04397,SP0099,,IMG04397_SP0099.jpg,Swati Bhosale,2024-11-14,19.912445,74.455188,Water Body
IMG04398,SP0266,OBS016067,IMG04398_SP0266.jpg,Nikhil Deshpande,2022-05-24,19.834781,74.485983,Flora
IMG04399,SP0384,,IMG04399_SP0384.jpg,Kirti Kale,2022-05-09,19.849539,74.489061,Citizen Submission
IMG04400,SP0113,OBS014609,IMG04400_SP0113.jpg,Neha Deshpande,2018-08-14,19.806126,74.578806,Field Survey
IMG04401,SP0154,,IMG04401_SP0154.jpg,Kirti Kale,2017-03-18,19.901036,74.536782,Flora
IMG04402,SP0198,OBS016311,IMG04402_SP0198.jpg,Kirti Kale,2018-06-09,19.832419,74.526577,Habitat
IMG04403,SP0260,OBS002568,IMG04403_SP0260.jpg,Om Bhosale,2025-08-17,19.813971,74.381573,Field Survey
IMG04404,SP0393,OBS009520,IMG04404_SP0393.jpg,Nikhil Deshpande,2024-01-16,19.810266,74.524693,Water Body
IMG04405,SP0248,,IMG04405_SP0248.jpg,Amit Kulkarni,2024-02-12,19.873848,74.430565,Wildlife
IMG04406,SP0048,OBS015724,IMG04406_SP0048.jpg,Priyanka More,2022-06-07,19.884367,74.377954,Field Survey
IMG04407,SP0397,,IMG04407_SP0397.jpg,Sneha Patil,2022-06-21,19.892174,74.567599,Field Survey
IMG04408,SP0083,OBS000070,IMG04408_SP0083.jpg,Aarti Jadhav,2024-10-04,19.875373,74.413406,Wildlife
IMG04409,SP0435,OBS012974,IMG04409_SP0435.jpg,Rajesh Kale,2023-10-31,19.884534,74.571674,Water Body
IMG04410,SP0149,OBS018710,IMG04410_SP0149.jpg,Om Bhosale,2025-01-08,19.945614,74.428393,Flora
IMG04411,SP0294,OBS005614,IMG04411_SP0294.jpg,Sneha More,2024-09-21,19.902767,74.426953,Field Survey
IMG04412,SP0020,OBS003953,IMG04412_SP0020.jpg,Neha Pawar,2017-12-15,19.908665,74.518147,Citizen Submission
IMG04413,SP0193,OBS003721,IMG04413_SP0193.jpg,Neha Deshpande,2026-08-07,19.830675,74.479567,Citizen Submission
IMG04414,SP0207,,IMG04414_SP0207.jpg,Swati Bhosale,2023-06-21,19.843516,74.440307,Water Body
IMG04415,SP0025,OBS013800,IMG04415_SP0025.jpg,Rahul Deshpande,2016-11-13,19.911628,74.584168,Habitat
IMG04416,SP0060,OBS017779,IMG04416_SP0060.jpg,Kirti Kale,2021-12-29,19.895352,74.417499,Water Body
IMG04417,SP0038,OBS007693,IMG04417_SP0038.jpg,Rahul Pawar,2023-10-18,19.869057,74.576391,Water Body
IMG04418,SP0128,OBS004413,IMG04418_SP0128.jpg,Rahul Deshpande,2023-08-06,19.917117,74.400323,Wildlife
IMG04419,SP0257,OBS003630,IMG04419_SP0257.jpg,Rahul Pawar,2023-12-18,19.861814,74.480047,Flora
IMG04420,SP0238,,IMG04420_SP0238.jpg,Pooja Shinde,2022-03-16,19.885808,74.471581,Wildlife
IMG04421,SP0171,OBS005236,IMG04421_SP0171.jpg,Aarti Jadhav,2022-08-31,19.906387,74.54052,Citizen Submission
IMG04422,SP0220,,IMG04422_SP0220.jpg,Vikram Joshi,2024-02-06,19.839377,74.593071,Water Body
IMG04423,SP0202,,IMG04423_SP0202.jpg,Sneha Patil,2025-09-10,19.881789,74.419772,Citizen Submission
IMG04424,SP0212,,IMG04424_SP0212.jpg,Vikram Jadhav,2017-12-19,19.942417,74.503998,Wildlife
IMG04425,SP0079,OBS009507,IMG04425_SP0079.jpg,Pooja Bhosale,2022-11-14,19.936136,74.518828,Citizen Submission
IMG04426,SP0384,OBS014699,IMG04426_SP0384.jpg,Rahul Deshpande,2026-05-19,19.802309,74.514104,Flora
IMG04427,SP0443,OBS016772,IMG04427_SP0443.jpg,Rahul Pawar,2018-06-29,19.854403,74.351098,Field Survey
IMG04428,SP0176,,IMG04428_SP0176.jpg,Swati Bhosale,2021-12-28,19.936637,74.430626,Wildlife
IMG04429,SP0305,OBS016108,IMG04429_SP0305.jpg,Amit Kulkarni,2023-11-07,19.841338,74.414164,Citizen Submission
IMG04430,SP0042,,IMG04430_SP0042.jpg,Priyanka More,2017-02-01,19.885589,74.370417,Wildlife
IMG04431,SP0107,,IMG04431_SP0107.jpg,Amit Kulkarni,2026-06-06,19.929802,74.466071,Habitat
IMG04432,SP0038,OBS019911,IMG04432_SP0038.jpg,Sandeep More,2023-12-31,19.806184,74.440706,Wildlife
IMG04433,SP0055,,IMG04433_SP0055.jpg,Pooja Shinde,2025-08-04,19.825843,74.5917,Flora
IMG04434,SP0392,OBS019961,IMG04434_SP0392.jpg,Swati Bhosale,2024-05-19,19.933805,74.587769,Wildlife
IMG04435,SP0304,OBS011388,IMG04435_SP0304.jpg,Kirti Kale,2023-10-09,19.902153,74.370208,Habitat
IMG04436,SP0356,OBS016385,IMG04436_SP0356.jpg,Neha Deshpande,2019-07-29,19.902596,74.364016,Citizen Submission
IMG04437,SP0405,OBS007673,IMG04437_SP0405.jpg,Nikhil Pawar,2022-02-28,19.841401,74.438081,Citizen Submission
IMG04438,SP0150,,IMG04438_SP0150.jpg,Pooja Bhosale,2020-01-09,19.847871,74.561133,Flora
IMG04439,SP0356,,IMG04439_SP0356.jpg,Vikram Jadhav,2023-01-01,19.901888,74.43334,Field Survey
IMG04440,SP0048,OBS016782,IMG04440_SP0048.jpg,Vikram Joshi,2024-08-16,19.890193,74.377805,Water Body
IMG04441,SP0096,OBS000221,IMG04441_SP0096.jpg,Kirti Kulkarni,2022-06-11,19.885868,74.374417,Water Body
IMG04442,SP0183,OBS001512,IMG04442_SP0183.jpg,Nikhil Deshpande,2024-06-15,19.89418,74.402536,Flora
IMG04443,SP0130,OBS019360,IMG04443_SP0130.jpg,Amit Kulkarni,2021-04-17,19.943071,74.574417,Flora
IMG04444,SP0326,,IMG04444_SP0326.jpg,Sandeep More,2025-07-01,19.916203,74.578773,Water Body
IMG04445,SP0023,OBS016606,IMG04445_SP0023.jpg,Kirti Kale,2019-10-29,19.822064,74.528532,Wildlife
IMG04446,SP0456,OBS010431,IMG04446_SP0456.jpg,Rahul Deshpande,2021-03-26,19.856851,74.522821,Field Survey
IMG04447,SP0259,OBS015474,IMG04447_SP0259.jpg,Kirti Kulkarni,2025-04-14,19.842737,74.448833,Flora
IMG04448,SP0390,,IMG04448_SP0390.jpg,Sandeep Patil,2018-12-07,19.911485,74.552174,Citizen Submission
IMG04449,SP0192,,IMG04449_SP0192.jpg,Tejas Joshi,2019-11-24,19.925462,74.402659,Water Body
IMG04450,SP0143,OBS006172,IMG04450_SP0143.jpg,Amit Kulkarni,2017-07-11,19.803537,74.500564,Water Body
IMG04451,SP0184,OBS012410,IMG04451_SP0184.jpg,Sneha Patil,2022-06-14,19.948952,74.53438,Citizen Submission
IMG04452,SP0108,,IMG04452_SP0108.jpg,Swati Shinde,2021-07-31,19.888385,74.391873,Flora
IMG04453,SP0276,OBS000541,IMG04453_SP0276.jpg,Vikram Jadhav,2023-04-06,19.949841,74.551197,Citizen Submission
IMG04454,SP0366,OBS006199,IMG04454_SP0366.jpg,Neha Deshpande,2026-07-29,19.814807,74.566532,Citizen Submission
IMG04455,SP0319,,IMG04455_SP0319.jpg,Sandeep More,2021-07-30,19.829288,74.392208,Water Body
IMG04456,SP0168,OBS005849,IMG04456_SP0168.jpg,Amit Kale,2023-12-28,19.80792,74.595464,Field Survey
IMG04457,SP0390,OBS002195,IMG04457_SP0390.jpg,Pooja Shinde,2025-02-05,19.821042,74.562443,Wildlife
IMG04458,SP0282,OBS013916,IMG04458_SP0282.jpg,Aarti Jadhav,2024-01-06,19.824142,74.402281,Field Survey
IMG04459,SP0362,OBS019867,IMG04459_SP0362.jpg,Rahul Pawar,2020-07-01,19.936046,74.455352,Water Body
IMG04460,SP0239,OBS010927,IMG04460_SP0239.jpg,Swati Shinde,2019-01-22,19.916963,74.43162,Wildlife
IMG04461,SP0152,OBS003680,IMG04461_SP0152.jpg,Vikram Joshi,2026-04-14,19.83663,74.414012,Habitat
IMG04462,SP0299,,IMG04462_SP0299.jpg,Aarti Jadhav,2021-02-18,19.8597,74.532414,Habitat
IMG04463,SP0400,OBS004730,IMG04463_SP0400.jpg,Vikram Joshi,2022-04-07,19.915413,74.51588,Field Survey
IMG04464,SP0148,OBS016742,IMG04464_SP0148.jpg,Priyanka More,2022-04-30,19.878422,74.475299,Citizen Submission
IMG04465,SP0059,,IMG04465_SP0059.jpg,Sandeep More,2025-02-13,19.908441,74.44437,Flora
IMG04466,SP0127,,IMG04466_SP0127.jpg,Aarti Jadhav,2024-06-07,19.942639,74.541983,Field Survey
IMG04467,SP0262,OBS016003,IMG04467_SP0262.jpg,Om Shinde,2022-11-06,19.882935,74.423028,Wildlife
IMG04468,SP0379,,IMG04468_SP0379.jpg,Om Bhosale,2022-11-08,19.908712,74.524751,Flora
IMG04469,SP0215,OBS017245,IMG04469_SP0215.jpg,Neha Pawar,2017-01-17,19.831577,74.504726,Flora
IMG04470,SP0443,,IMG04470_SP0443.jpg,Priyanka Patil,2019-11-15,19.937622,74.417188,Water Body
IMG04471,SP0395,OBS018932,IMG04471_SP0395.jpg,Sneha Patil,2017-05-26,19.831662,74.376118,Flora
IMG04472,SP0245,,IMG04472_SP0245.jpg,Neha Pawar,2022-02-24,19.90242,74.53651,Flora
IMG04473,SP0008,OBS017121,IMG04473_SP0008.jpg,Nikhil Deshpande,2020-02-07,19.919215,74.470158,Wildlife
IMG04474,SP0394,OBS012305,IMG04474_SP0394.jpg,Swati Shinde,2016-09-09,19.849224,74.482347,Wildlife
IMG04475,SP0072,OBS013513,IMG04475_SP0072.jpg,Vikram Joshi,2022-09-18,19.833846,74.56614,Flora
IMG04476,SP0205,OBS015741,IMG04476_SP0205.jpg,Tejas Joshi,2025-12-09,19.844573,74.37016,Flora
IMG04477,SP0388,,IMG04477_SP0388.jpg,Amit Kulkarni,2026-02-21,19.832846,74.369313,Wildlife
IMG04478,SP0293,OBS017488,IMG04478_SP0293.jpg,Rajesh Kulkarni,2022-01-11,19.832262,74.5925,Citizen Submission
IMG04479,SP0037,OBS004322,IMG04479_SP0037.jpg,Amit Kulkarni,2026-05-11,19.929147,74.354388,Field Survey
IMG04480,SP0050,OBS005411,IMG04480_SP0050.jpg,Kirti Kale,2018-01-26,19.854978,74.441567,Wildlife
IMG04481,SP0433,OBS006208,IMG04481_SP0433.jpg,Pooja Shinde,2016-11-01,19.907261,74.566803,Habitat
IMG04482,SP0023,,IMG04482_SP0023.jpg,Vikram Joshi,2018-02-18,19.90925,74.437325,Water Body
IMG04483,SP0033,OBS004468,IMG04483_SP0033.jpg,Aarti Jadhav,2025-03-12,19.922576,74.398578,Flora
IMG04484,SP0416,OBS012407,IMG04484_SP0416.jpg,Neha Deshpande,2019-12-12,19.947396,74.433098,Wildlife
IMG04485,SP0427,OBS008467,IMG04485_SP0427.jpg,Rahul Pawar,2017-10-09,19.939807,74.398536,Wildlife
IMG04486,SP0432,OBS007595,IMG04486_SP0432.jpg,Aarti Jadhav,2020-11-24,19.843936,74.471633,Water Body
IMG04487,SP0386,OBS014215,IMG04487_SP0386.jpg,Rahul Deshpande,2022-06-22,19.925673,74.471512,Wildlife
IMG04488,SP0411,OBS017940,IMG04488_SP0411.jpg,Rahul Pawar,2019-05-04,19.843473,74.468035,Flora
IMG04489,SP0195,OBS007726,IMG04489_SP0195.jpg,Priyanka Patil,2020-08-21,19.922058,74.534975,Water Body
IMG04490,SP0324,OBS010604,IMG04490_SP0324.jpg,Pooja Bhosale,2021-09-18,19.886164,74.537481,Citizen Submission
IMG04491,SP0396,OBS015135,IMG04491_SP0396.jpg,Sneha Patil,2023-02-06,19.820985,74.402757,Water Body
IMG04492,SP0340,OBS005158,IMG04492_SP0340.jpg,Kirti Kulkarni,2017-01-28,19.810742,74.470174,Wildlife
IMG04493,SP0051,OBS009199,IMG04493_SP0051.jpg,Amit Kulkarni,2025-08-07,19.905067,74.486076,Flora
IMG04494,SP0255,OBS017362,IMG04494_SP0255.jpg,Rajesh Kulkarni,2021-08-08,19.833092,74.508361,Citizen Submission
IMG04495,SP0386,,IMG04495_SP0386.jpg,Pooja Shinde,2022-01-12,19.802641,74.555857,Field Survey
IMG04496,SP0438,OBS013162,IMG04496_SP0438.jpg,Neha Pawar,2024-09-21,19.860282,74.543905,Field Survey
IMG04497,SP0457,OBS019346,IMG04497_SP0457.jpg,Rajesh Kale,2022-12-25,19.910779,74.408521,Citizen Submission
IMG04498,SP0133,,IMG04498_SP0133.jpg,Rahul Pawar,2018-01-24,19.938528,74.44519,Field Survey
IMG04499,SP0208,,IMG04499_SP0208.jpg,Kirti Kulkarni,2018-05-15,19.914514,74.499278,Water Body
IMG04500,SP0089,OBS014652,IMG04500_SP0089.jpg,Sneha Patil,2025-12-02,19.838114,74.381345,Citizen Submission
IMG04501,SP0405,,IMG04501_SP0405.jpg,Rahul Deshpande,2018-12-03,19.832436,74.496388,Field Survey
IMG04502,SP0445,OBS005146,IMG04502_SP0445.jpg,Pooja Shinde,2019-12-11,19.812122,74.408456,Flora
IMG04503,SP0057,OBS017467,IMG04503_SP0057.jpg,Priyanka More,2019-04-28,19.917763,74.419987,Citizen Submission
IMG04504,SP0394,OBS001834,IMG04504_SP0394.jpg,Om Bhosale,2025-12-25,19.807051,74.409231,Wildlife
IMG04505,SP0310,,IMG04505_SP0310.jpg,Tejas Joshi,2023-12-30,19.837636,74.495858,Flora
IMG04506,SP0194,OBS012829,IMG04506_SP0194.jpg,Kirti Kale,2018-10-03,19.831885,74.516048,Wildlife
IMG04507,SP0213,OBS014246,IMG04507_SP0213.jpg,Sandeep More,2018-06-09,19.935488,74.479341,Wildlife
IMG04508,SP0097,OBS006614,IMG04508_SP0097.jpg,Aarti Jadhav,2021-03-27,19.883543,74.496889,Water Body
IMG04509,SP0268,OBS001610,IMG04509_SP0268.jpg,Tejas Jadhav,2020-07-10,19.884804,74.517413,Wildlife
IMG04510,SP0307,,IMG04510_SP0307.jpg,Pooja Shinde,2024-04-05,19.890664,74.399223,Habitat
IMG04511,SP0430,,IMG04511_SP0430.jpg,Om Bhosale,2021-11-26,19.876929,74.368539,Water Body
IMG04512,SP0041,OBS014378,IMG04512_SP0041.jpg,Rahul Deshpande,2024-07-10,19.905162,74.379069,Water Body
IMG04513,SP0343,,IMG04513_SP0343.jpg,Sneha More,2018-09-13,19.82603,74.550941,Habitat
IMG04514,SP0028,OBS015711,IMG04514_SP0028.jpg,Nikhil Pawar,2021-04-12,19.889769,74.449543,Flora
IMG04515,SP0152,OBS005564,IMG04515_SP0152.jpg,Sandeep More,2019-09-21,19.875273,74.389298,Habitat
IMG04516,SP0228,,IMG04516_SP0228.jpg,Om Shinde,2023-02-08,19.834552,74.41928,Water Body
IMG04517,SP0040,OBS005470,IMG04517_SP0040.jpg,Priyanka More,2023-03-26,19.882521,74.569459,Field Survey
IMG04518,SP0062,,IMG04518_SP0062.jpg,Swati Shinde,2021-10-19,19.819873,74.397478,Citizen Submission
IMG04519,SP0208,OBS008188,IMG04519_SP0208.jpg,Vikram Jadhav,2018-01-28,19.825083,74.43263,Habitat
IMG04520,SP0396,OBS004359,IMG04520_SP0396.jpg,Sneha Patil,2022-09-29,19.929157,74.536055,Water Body
IMG04521,SP0350,OBS004047,IMG04521_SP0350.jpg,Amit Kulkarni,2021-09-02,19.934259,74.530118,Citizen Submission
IMG04522,SP0073,,IMG04522_SP0073.jpg,Amit Kale,2017-11-01,19.885342,74.485804,Citizen Submission
IMG04523,SP0391,OBS000570,IMG04523_SP0391.jpg,Om Shinde,2026-07-21,19.922048,74.388158,Habitat
IMG04524,SP0010,OBS015366,IMG04524_SP0010.jpg,Om Shinde,2024-08-09,19.900997,74.427188,Flora
IMG04525,SP0020,OBS019645,IMG04525_SP0020.jpg,Nikhil Deshpande,2024-08-19,19.929715,74.445988,Flora
IMG04526,SP0238,,IMG04526_SP0238.jpg,Vikram Joshi,2026-05-24,19.874435,74.584661,Habitat
IMG04527,SP0036,OBS010048,IMG04527_SP0036.jpg,Sandeep Patil,2018-11-11,19.939,74.376247,Wildlife
IMG04528,SP0183,,IMG04528_SP0183.jpg,Rajesh Kale,2021-02-05,19.925427,74.557036,Water Body
IMG04529,SP0338,OBS014821,IMG04529_SP0338.jpg,Om Bhosale,2024-08-02,19.905389,74.486046,Wildlife
IMG04530,SP0175,OBS004969,IMG04530_SP0175.jpg,Kirti Kale,2020-01-23,19.842019,74.548591,Flora
IMG04531,SP0190,OBS017288,IMG04531_SP0190.jpg,Rajesh Kulkarni,2025-06-12,19.909528,74.402215,Water Body
IMG04532,SP0443,OBS018773,IMG04532_SP0443.jpg,Vikram Joshi,2026-03-19,19.821784,74.531428,Flora
IMG04533,SP0284,OBS010414,IMG04533_SP0284.jpg,Tejas Jadhav,2017-07-04,19.898953,74.401136,Flora
IMG04534,SP0123,OBS012960,IMG04534_SP0123.jpg,Neha Pawar,2021-05-19,19.820178,74.521535,Field Survey
IMG04535,SP0230,OBS012292,IMG04535_SP0230.jpg,Aarti Jadhav,2024-05-01,19.839539,74.398839,Field Survey
IMG04536,SP0230,OBS010434,IMG04536_SP0230.jpg,Amit Kulkarni,2023-09-24,19.81559,74.597899,Habitat
IMG04537,SP0088,,IMG04537_SP0088.jpg,Om Bhosale,2026-03-29,19.927592,74.400573,Habitat
IMG04538,SP0357,OBS016666,IMG04538_SP0357.jpg,Aarti Joshi,2019-11-21,19.897348,74.439993,Water Body
IMG04539,SP0246,OBS001536,IMG04539_SP0246.jpg,Kirti Kale,2020-01-10,19.917683,74.553915,Water Body
IMG04540,SP0315,OBS005318,IMG04540_SP0315.jpg,Priyanka More,2025-03-07,19.881159,74.375829,Water Body
IMG04541,SP0010,OBS004656,IMG04541_SP0010.jpg,Nikhil Pawar,2019-07-28,19.933406,74.509582,Field Survey
IMG04542,SP0107,,IMG04542_SP0107.jpg,Sandeep Patil,2025-07-16,19.873309,74.399065,Wildlife
IMG04543,SP0131,OBS010422,IMG04543_SP0131.jpg,Amit Kulkarni,2026-03-03,19.934404,74.555394,Wildlife
IMG04544,SP0002,,IMG04544_SP0002.jpg,Sneha Patil,2022-08-30,19.90262,74.571752,Habitat
IMG04545,SP0433,OBS010875,IMG04545_SP0433.jpg,Aarti Joshi,2025-02-17,19.862965,74.479364,Water Body
IMG04546,SP0114,OBS016659,IMG04546_SP0114.jpg,Priyanka Patil,2017-11-14,19.934723,74.387624,Flora
IMG04547,SP0142,,IMG04547_SP0142.jpg,Swati Bhosale,2024-04-08,19.816286,74.364203,Flora
IMG04548,SP0368,OBS019261,IMG04548_SP0368.jpg,Amit Kulkarni,2020-08-08,19.912452,74.478381,Citizen Submission
IMG04549,SP0153,OBS006204,IMG04549_SP0153.jpg,Pooja Shinde,2020-07-22,19.839459,74.363901,Flora
IMG04550,SP0039,OBS014091,IMG04550_SP0039.jpg,Rahul Deshpande,2018-11-12,19.858559,74.394904,Field Survey
IMG04551,SP0427,,IMG04551_SP0427.jpg,Swati Bhosale,2024-01-11,19.82803,74.387441,Water Body
IMG04552,SP0119,OBS002861,IMG04552_SP0119.jpg,Amit Kulkarni,2018-04-20,19.868249,74.367519,Wildlife
IMG04553,SP0016,,IMG04553_SP0016.jpg,Tejas Joshi,2018-12-31,19.821675,74.545009,Water Body
IMG04554,SP0125,OBS012152,IMG04554_SP0125.jpg,Swati Shinde,2025-04-06,19.870391,74.413327,Wildlife
IMG04555,SP0422,OBS013812,IMG04555_SP0422.jpg,Nikhil Deshpande,2021-05-09,19.895133,74.359952,Habitat
IMG04556,SP0222,OBS006795,IMG04556_SP0222.jpg,Sandeep More,2017-12-21,19.923974,74.583981,Flora
IMG04557,SP0148,OBS015868,IMG04557_SP0148.jpg,Pooja Shinde,2025-02-22,19.825477,74.368754,Water Body
IMG04558,SP0092,,IMG04558_SP0092.jpg,Aarti Joshi,2017-07-01,19.832557,74.406552,Habitat
IMG04559,SP0174,OBS007844,IMG04559_SP0174.jpg,Nikhil Pawar,2019-03-15,19.932334,74.373955,Wildlife
IMG04560,SP0170,OBS019773,IMG04560_SP0170.jpg,Vikram Joshi,2025-11-19,19.81788,74.378796,Water Body
IMG04561,SP0324,,IMG04561_SP0324.jpg,Rahul Deshpande,2023-01-11,19.921695,74.454549,Wildlife
IMG04562,SP0202,OBS004731,IMG04562_SP0202.jpg,Aarti Jadhav,2026-04-16,19.808338,74.456414,Field Survey
IMG04563,SP0440,OBS004921,IMG04563_SP0440.jpg,Pooja Bhosale,2026-04-21,19.883988,74.534115,Field Survey
IMG04564,SP0033,,IMG04564_SP0033.jpg,Sneha Patil,2018-02-20,19.857783,74.513259,Field Survey
IMG04565,SP0386,OBS016838,IMG04565_SP0386.jpg,Nikhil Deshpande,2017-02-23,19.941118,74.365294,Field Survey
IMG04566,SP0248,OBS017235,IMG04566_SP0248.jpg,Rajesh Kulkarni,2024-08-05,19.87827,74.536024,Flora
IMG04567,SP0447,OBS013101,IMG04567_SP0447.jpg,Rahul Pawar,2023-04-18,19.839088,74.507705,Field Survey
IMG04568,SP0251,OBS019899,IMG04568_SP0251.jpg,Sneha More,2019-04-02,19.87847,74.491115,Citizen Submission
IMG04569,SP0118,OBS009465,IMG04569_SP0118.jpg,Neha Deshpande,2026-01-10,19.90614,74.542857,Habitat
IMG04570,SP0293,OBS001353,IMG04570_SP0293.jpg,Priyanka Patil,2019-08-22,19.877305,74.54269,Field Survey
IMG04571,SP0138,OBS011328,IMG04571_SP0138.jpg,Tejas Joshi,2020-02-02,19.803935,74.550634,Water Body
IMG04572,SP0309,OBS005401,IMG04572_SP0309.jpg,Rajesh Kale,2017-09-25,19.873175,74.44272,Habitat
IMG04573,SP0122,OBS019898,IMG04573_SP0122.jpg,Vikram Joshi,2017-08-05,19.859103,74.538425,Water Body
IMG04574,SP0007,,IMG04574_SP0007.jpg,Amit Kulkarni,2024-01-03,19.817092,74.36356,Wildlife
IMG04575,SP0436,OBS008215,IMG04575_SP0436.jpg,Tejas Joshi,2019-12-21,19.885328,74.365639,Habitat
IMG04576,SP0090,,IMG04576_SP0090.jpg,Sandeep More,2020-06-11,19.91501,74.4984,Flora
IMG04577,SP0001,OBS000141,IMG04577_SP0001.jpg,Rahul Deshpande,2017-07-24,19.934446,74.538294,Flora
IMG04578,SP0282,OBS011231,IMG04578_SP0282.jpg,Pooja Bhosale,2018-08-15,19.846143,74.474093,Habitat
IMG04579,SP0270,OBS015266,IMG04579_SP0270.jpg,Pooja Shinde,2019-09-12,19.832686,74.36224,Field Survey
IMG04580,SP0249,OBS017854,IMG04580_SP0249.jpg,Vikram Jadhav,2022-09-11,19.88396,74.554441,Citizen Submission
IMG04581,SP0069,OBS000097,IMG04581_SP0069.jpg,Neha Deshpande,2021-12-14,19.81269,74.398894,Citizen Submission
IMG04582,SP0419,OBS013877,IMG04582_SP0419.jpg,Amit Kale,2024-12-08,19.857197,74.356313,Wildlife
IMG04583,SP0325,OBS012689,IMG04583_SP0325.jpg,Kirti Kulkarni,2023-05-24,19.913955,74.365376,Habitat
IMG04584,SP0200,OBS017698,IMG04584_SP0200.jpg,Rahul Pawar,2025-01-12,19.937624,74.350344,Flora
IMG04585,SP0135,OBS003672,IMG04585_SP0135.jpg,Rahul Deshpande,2020-01-09,19.880963,74.582959,Field Survey
IMG04586,SP0391,OBS004014,IMG04586_SP0391.jpg,Vikram Jadhav,2026-05-24,19.814092,74.421793,Habitat
IMG04587,SP0267,,IMG04587_SP0267.jpg,Sandeep More,2025-12-12,19.915132,74.477021,Wildlife
IMG04588,SP0295,,IMG04588_SP0295.jpg,Swati Shinde,2018-07-02,19.826121,74.538519,Citizen Submission
IMG04589,SP0054,,IMG04589_SP0054.jpg,Rajesh Kale,2023-06-21,19.81169,74.571106,Water Body
IMG04590,SP0285,,IMG04590_SP0285.jpg,Om Bhosale,2025-05-10,19.812728,74.415033,Water Body
IMG04591,SP0200,OBS001242,IMG04591_SP0200.jpg,Pooja Shinde,2021-06-12,19.826624,74.562459,Water Body
IMG04592,SP0132,OBS012708,IMG04592_SP0132.jpg,Tejas Joshi,2017-08-06,19.858536,74.446371,Field Survey
IMG04593,SP0307,,IMG04593_SP0307.jpg,Om Bhosale,2020-02-23,19.807498,74.57023,Habitat
IMG04594,SP0069,,IMG04594_SP0069.jpg,Tejas Joshi,2022-08-04,19.886253,74.525447,Water Body
IMG04595,SP0077,OBS014012,IMG04595_SP0077.jpg,Kirti Kulkarni,2022-07-31,19.917448,74.562206,Flora
IMG04596,SP0281,OBS009958,IMG04596_SP0281.jpg,Amit Kulkarni,2024-01-16,19.879925,74.588925,Citizen Submission
IMG04597,SP0339,,IMG04597_SP0339.jpg,Neha Pawar,2025-06-10,19.874277,74.408379,Wildlife
IMG04598,SP0256,OBS005626,IMG04598_SP0256.jpg,Vikram Joshi,2026-04-05,19.824254,74.514445,Citizen Submission
IMG04599,SP0373,OBS010334,IMG04599_SP0373.jpg,Neha Deshpande,2025-07-15,19.941726,74.534424,Field Survey
IMG04600,SP0164,OBS002600,IMG04600_SP0164.jpg,Vikram Joshi,2021-07-14,19.848351,74.422414,Habitat
IMG04601,SP0415,,IMG04601_SP0415.jpg,Vikram Joshi,2021-08-08,19.885105,74.431396,Citizen Submission
IMG04602,SP0433,,IMG04602_SP0433.jpg,Aarti Jadhav,2021-05-30,19.919028,74.515515,Water Body
IMG04603,SP0163,,IMG04603_SP0163.jpg,Om Bhosale,2019-12-05,19.928309,74.351359,Citizen Submission
IMG04604,SP0100,OBS015803,IMG04604_SP0100.jpg,Amit Kulkarni,2023-09-16,19.896126,74.556369,Wildlife
IMG04605,SP0180,OBS006022,IMG04605_SP0180.jpg,Priyanka More,2023-03-29,19.915476,74.598328,Water Body
IMG04606,SP0035,OBS003404,IMG04606_SP0035.jpg,Sandeep Patil,2024-03-18,19.878397,74.496975,Flora
IMG04607,SP0452,,IMG04607_SP0452.jpg,Rahul Deshpande,2023-02-14,19.821594,74.547331,Water Body
IMG04608,SP0400,OBS019412,IMG04608_SP0400.jpg,Neha Pawar,2024-04-22,19.858364,74.465709,Field Survey
IMG04609,SP0327,OBS003837,IMG04609_SP0327.jpg,Aarti Jadhav,2021-12-29,19.811046,74.412989,Water Body
IMG04610,SP0368,OBS008785,IMG04610_SP0368.jpg,Priyanka More,2019-04-16,19.822448,74.485213,Water Body
IMG04611,SP0096,OBS008792,IMG04611_SP0096.jpg,Sandeep Patil,2020-07-03,19.895262,74.449728,Citizen Submission
IMG04612,SP0164,OBS014183,IMG04612_SP0164.jpg,Swati Shinde,2017-01-19,19.906465,74.520254,Field Survey
IMG04613,SP0244,OBS011760,IMG04613_SP0244.jpg,Rahul Pawar,2022-01-20,19.815018,74.42371,Flora
IMG04614,SP0430,,IMG04614_SP0430.jpg,Sandeep Patil,2020-11-29,19.921672,74.580241,Citizen Submission
IMG04615,SP0091,OBS017497,IMG04615_SP0091.jpg,Swati Shinde,2021-01-18,19.868536,74.45078,Flora
IMG04616,SP0427,OBS002792,IMG04616_SP0427.jpg,Aarti Joshi,2022-03-11,19.941868,74.382255,Wildlife
IMG04617,SP0426,OBS019305,IMG04617_SP0426.jpg,Priyanka Patil,2023-04-11,19.833491,74.581907,Water Body
IMG04618,SP0139,,IMG04618_SP0139.jpg,Kirti Kale,2023-04-30,19.805145,74.573234,Field Survey
IMG04619,SP0283,,IMG04619_SP0283.jpg,Kirti Kulkarni,2018-01-20,19.901816,74.400278,Habitat
IMG04620,SP0054,OBS007844,IMG04620_SP0054.jpg,Kirti Kulkarni,2025-12-22,19.887008,74.36571,Water Body
IMG04621,SP0062,,IMG04621_SP0062.jpg,Nikhil Deshpande,2018-02-20,19.898518,74.546651,Habitat
IMG04622,SP0080,,IMG04622_SP0080.jpg,Vikram Joshi,2023-12-17,19.948195,74.446206,Flora
IMG04623,SP0105,OBS009235,IMG04623_SP0105.jpg,Priyanka Patil,2025-05-26,19.888599,74.46335,Habitat
IMG04624,SP0187,,IMG04624_SP0187.jpg,Swati Shinde,2019-11-24,19.939681,74.560223,Field Survey
IMG04625,SP0379,OBS009689,IMG04625_SP0379.jpg,Nikhil Deshpande,2024-10-27,19.882567,74.359816,Field Survey
IMG04626,SP0369,OBS010178,IMG04626_SP0369.jpg,Amit Kale,2017-04-06,19.813901,74.524409,Flora
IMG04627,SP0382,,IMG04627_SP0382.jpg,Tejas Jadhav,2022-06-02,19.878424,74.441167,Water Body
IMG04628,SP0261,,IMG04628_SP0261.jpg,Rajesh Kulkarni,2024-04-27,19.809298,74.559457,Water Body
IMG04629,SP0362,OBS013680,IMG04629_SP0362.jpg,Kirti Kale,2017-10-30,19.821915,74.580384,Flora
IMG04630,SP0413,OBS000233,IMG04630_SP0413.jpg,Swati Bhosale,2020-09-18,19.826437,74.40996,Flora
IMG04631,SP0121,,IMG04631_SP0121.jpg,Aarti Jadhav,2017-08-10,19.924933,74.414179,Field Survey
IMG04632,SP0397,OBS012910,IMG04632_SP0397.jpg,Sneha Patil,2017-03-27,19.836598,74.599287,Field Survey
IMG04633,SP0455,,IMG04633_SP0455.jpg,Tejas Jadhav,2024-12-10,19.887061,74.518086,Citizen Submission
IMG04634,SP0275,,IMG04634_SP0275.jpg,Sandeep More,2019-04-26,19.834245,74.388425,Wildlife
IMG04635,SP0327,,IMG04635_SP0327.jpg,Om Shinde,2024-07-08,19.91591,74.472395,Flora
IMG04636,SP0324,OBS019238,IMG04636_SP0324.jpg,Sandeep Patil,2021-12-06,19.861874,74.404289,Habitat
IMG04637,SP0425,OBS004514,IMG04637_SP0425.jpg,Swati Shinde,2021-12-20,19.842295,74.496246,Field Survey
IMG04638,SP0148,OBS014180,IMG04638_SP0148.jpg,Sneha Patil,2021-07-21,19.924296,74.550242,Wildlife
IMG04639,SP0169,OBS006515,IMG04639_SP0169.jpg,Kirti Kulkarni,2024-01-06,19.93985,74.57282,Citizen Submission
IMG04640,SP0184,OBS007791,IMG04640_SP0184.jpg,Rajesh Kulkarni,2026-01-16,19.813421,74.373207,Habitat
IMG04641,SP0211,,IMG04641_SP0211.jpg,Priyanka More,2023-09-28,19.910259,74.590772,Habitat
IMG04642,SP0001,OBS011447,IMG04642_SP0001.jpg,Sneha More,2023-08-13,19.839928,74.468736,Field Survey
IMG04643,SP0045,OBS009476,IMG04643_SP0045.jpg,Priyanka Patil,2025-09-14,19.914172,74.511887,Citizen Submission
IMG04644,SP0338,OBS017196,IMG04644_SP0338.jpg,Pooja Shinde,2022-06-25,19.914453,74.564092,Water Body
IMG04645,SP0009,OBS001286,IMG04645_SP0009.jpg,Aarti Jadhav,2023-03-26,19.854717,74.570193,Flora
IMG04646,SP0118,OBS004268,IMG04646_SP0118.jpg,Neha Pawar,2024-06-15,19.900405,74.534305,Field Survey
IMG04647,SP0444,OBS001274,IMG04647_SP0444.jpg,Amit Kulkarni,2019-04-02,19.853123,74.429325,Flora
IMG04648,SP0350,OBS007448,IMG04648_SP0350.jpg,Aarti Jadhav,2017-01-21,19.841417,74.572528,Water Body
IMG04649,SP0144,OBS017601,IMG04649_SP0144.jpg,Kirti Kale,2016-12-26,19.844384,74.539336,Citizen Submission
IMG04650,SP0385,OBS002753,IMG04650_SP0385.jpg,Priyanka Patil,2022-07-06,19.893549,74.454829,Water Body
IMG04651,SP0144,OBS014325,IMG04651_SP0144.jpg,Amit Kulkarni,2018-05-10,19.898593,74.489735,Wildlife
IMG04652,SP0052,OBS001875,IMG04652_SP0052.jpg,Tejas Jadhav,2022-09-09,19.819109,74.561305,Citizen Submission
IMG04653,SP0451,OBS005828,IMG04653_SP0451.jpg,Swati Bhosale,2019-07-31,19.901937,74.386076,Wildlife
IMG04654,SP0246,OBS007550,IMG04654_SP0246.jpg,Rahul Deshpande,2022-07-16,19.922609,74.591271,Field Survey
IMG04655,SP0459,,IMG04655_SP0459.jpg,Vikram Joshi,2026-04-24,19.872121,74.35681,Citizen Submission
IMG04656,SP0033,,IMG04656_SP0033.jpg,Swati Bhosale,2025-04-30,19.847807,74.391129,Citizen Submission
IMG04657,SP0172,,IMG04657_SP0172.jpg,Pooja Shinde,2023-11-09,19.855811,74.481024,Wildlife
IMG04658,SP0328,OBS009951,IMG04658_SP0328.jpg,Swati Shinde,2018-01-10,19.87018,74.364669,Water Body
IMG04659,SP0418,OBS012291,IMG04659_SP0418.jpg,Tejas Jadhav,2024-09-11,19.88973,74.505049,Flora
IMG04660,SP0026,,IMG04660_SP0026.jpg,Tejas Joshi,2018-01-27,19.93791,74.578437,Citizen Submission
IMG04661,SP0187,,IMG04661_SP0187.jpg,Pooja Shinde,2017-01-09,19.928819,74.574597,Wildlife
IMG04662,SP0385,OBS010277,IMG04662_SP0385.jpg,Tejas Joshi,2020-09-24,19.917321,74.46895,Habitat
IMG04663,SP0058,OBS006844,IMG04663_SP0058.jpg,Pooja Bhosale,2018-05-26,19.819565,74.56326,Field Survey
IMG04664,SP0160,OBS013734,IMG04664_SP0160.jpg,Aarti Jadhav,2022-05-24,19.931895,74.587749,Citizen Submission
IMG04665,SP0224,,IMG04665_SP0224.jpg,Amit Kale,2019-12-28,19.82034,74.558871,Flora
IMG04666,SP0074,OBS013611,IMG04666_SP0074.jpg,Vikram Joshi,2019-08-01,19.936958,74.383484,Habitat
IMG04667,SP0221,,IMG04667_SP0221.jpg,Neha Pawar,2019-12-29,19.894269,74.401686,Citizen Submission
IMG04668,SP0402,,IMG04668_SP0402.jpg,Aarti Jadhav,2022-08-03,19.843186,74.479751,Wildlife
IMG04669,SP0008,OBS014042,IMG04669_SP0008.jpg,Rahul Deshpande,2018-10-15,19.851827,74.378634,Citizen Submission
IMG04670,SP0373,OBS015984,IMG04670_SP0373.jpg,Neha Pawar,2020-06-09,19.877073,74.392341,Flora
IMG04671,SP0303,,IMG04671_SP0303.jpg,Vikram Joshi,2017-12-04,19.886104,74.584567,Flora
IMG04672,SP0268,OBS012457,IMG04672_SP0268.jpg,Aarti Joshi,2024-04-22,19.808384,74.41079,Field Survey
IMG04673,SP0233,OBS017248,IMG04673_SP0233.jpg,Rahul Deshpande,2023-01-21,19.887134,74.54662,Water Body
IMG04674,SP0280,,IMG04674_SP0280.jpg,Aarti Jadhav,2017-07-17,19.806895,74.561438,Water Body
IMG04675,SP0326,OBS019807,IMG04675_SP0326.jpg,Aarti Jadhav,2017-03-05,19.912104,74.48563,Water Body
IMG04676,SP0323,OBS013651,IMG04676_SP0323.jpg,Om Bhosale,2019-06-09,19.809589,74.571184,Field Survey
IMG04677,SP0246,OBS011201,IMG04677_SP0246.jpg,Swati Shinde,2023-04-24,19.809933,74.499228,Habitat
IMG04678,SP0434,OBS012720,IMG04678_SP0434.jpg,Tejas Jadhav,2024-05-25,19.8741,74.572586,Flora
IMG04679,SP0062,OBS007428,IMG04679_SP0062.jpg,Om Bhosale,2019-05-21,19.924812,74.583365,Citizen Submission
IMG04680,SP0138,OBS012323,IMG04680_SP0138.jpg,Rajesh Kulkarni,2020-11-14,19.815628,74.417318,Citizen Submission
IMG04681,SP0393,OBS000647,IMG04681_SP0393.jpg,Priyanka Patil,2017-11-09,19.934654,74.446415,Citizen Submission
IMG04682,SP0416,,IMG04682_SP0416.jpg,Tejas Jadhav,2017-03-18,19.816098,74.508073,Flora
IMG04683,SP0101,OBS016028,IMG04683_SP0101.jpg,Kirti Kulkarni,2022-07-17,19.839707,74.469504,Water Body
IMG04684,SP0157,OBS008756,IMG04684_SP0157.jpg,Pooja Bhosale,2025-03-27,19.889469,74.422702,Habitat
IMG04685,SP0105,OBS010726,IMG04685_SP0105.jpg,Om Bhosale,2024-11-07,19.912362,74.516283,Field Survey
IMG04686,SP0154,,IMG04686_SP0154.jpg,Kirti Kulkarni,2020-05-25,19.852652,74.403822,Flora
IMG04687,SP0448,,IMG04687_SP0448.jpg,Pooja Bhosale,2019-04-30,19.890704,74.436099,Water Body
IMG04688,SP0391,,IMG04688_SP0391.jpg,Amit Kulkarni,2018-11-18,19.893598,74.452979,Wildlife
IMG04689,SP0399,OBS011218,IMG04689_SP0399.jpg,Swati Shinde,2024-02-20,19.943971,74.546691,Field Survey
IMG04690,SP0040,OBS012986,IMG04690_SP0040.jpg,Pooja Shinde,2024-12-05,19.919559,74.389067,Field Survey
IMG04691,SP0433,,IMG04691_SP0433.jpg,Priyanka More,2024-08-11,19.879339,74.539272,Citizen Submission
IMG04692,SP0177,OBS004151,IMG04692_SP0177.jpg,Rahul Deshpande,2023-12-16,19.861056,74.395194,Wildlife
IMG04693,SP0010,,IMG04693_SP0010.jpg,Om Bhosale,2021-08-20,19.81016,74.478668,Habitat
IMG04694,SP0447,OBS005854,IMG04694_SP0447.jpg,Om Shinde,2021-06-09,19.819389,74.539387,Habitat
IMG04695,SP0451,OBS005833,IMG04695_SP0451.jpg,Nikhil Pawar,2016-11-21,19.857531,74.523188,Water Body
IMG04696,SP0053,OBS004607,IMG04696_SP0053.jpg,Amit Kulkarni,2021-08-19,19.811638,74.400858,Flora
IMG04697,SP0456,OBS012549,IMG04697_SP0456.jpg,Rahul Deshpande,2023-05-21,19.938106,74.462448,Field Survey
IMG04698,SP0417,OBS017965,IMG04698_SP0417.jpg,Om Bhosale,2019-10-05,19.933862,74.472661,Habitat
IMG04699,SP0095,,IMG04699_SP0095.jpg,Aarti Jadhav,2022-01-21,19.93533,74.493084,Habitat
IMG04700,SP0050,OBS005231,IMG04700_SP0050.jpg,Rahul Deshpande,2024-10-26,19.884003,74.497844,Wildlife
IMG04701,SP0076,OBS010075,IMG04701_SP0076.jpg,Sandeep More,2025-01-30,19.832695,74.446787,Wildlife
IMG04702,SP0272,OBS019317,IMG04702_SP0272.jpg,Rajesh Kulkarni,2023-08-10,19.827029,74.436259,Flora
IMG04703,SP0432,OBS007812,IMG04703_SP0432.jpg,Neha Pawar,2023-09-29,19.827141,74.478654,Field Survey
IMG04704,SP0317,OBS009746,IMG04704_SP0317.jpg,Priyanka Patil,2020-01-22,19.817729,74.512816,Wildlife
IMG04705,SP0438,,IMG04705_SP0438.jpg,Rahul Deshpande,2023-09-14,19.855912,74.447914,Citizen Submission
IMG04706,SP0242,OBS006871,IMG04706_SP0242.jpg,Kirti Kale,2026-05-07,19.947163,74.39287,Habitat
IMG04707,SP0345,,IMG04707_SP0345.jpg,Sandeep Patil,2020-11-23,19.827287,74.583763,Citizen Submission
IMG04708,SP0082,OBS014897,IMG04708_SP0082.jpg,Rajesh Kale,2018-12-29,19.885174,74.576588,Citizen Submission
IMG04709,SP0159,OBS000832,IMG04709_SP0159.jpg,Sneha Patil,2023-02-12,19.827159,74.473012,Wildlife
IMG04710,SP0201,,IMG04710_SP0201.jpg,Sneha Patil,2021-01-03,19.88997,74.494585,Flora
IMG04711,SP0206,OBS000568,IMG04711_SP0206.jpg,Amit Kulkarni,2022-02-03,19.944249,74.479342,Habitat
IMG04712,SP0242,OBS012518,IMG04712_SP0242.jpg,Neha Pawar,2022-10-04,19.872675,74.479856,Field Survey
IMG04713,SP0304,OBS010066,IMG04713_SP0304.jpg,Amit Kale,2022-11-12,19.886878,74.545601,Flora
IMG04714,SP0246,OBS007043,IMG04714_SP0246.jpg,Amit Kale,2019-11-06,19.853209,74.404842,Citizen Submission
IMG04715,SP0150,,IMG04715_SP0150.jpg,Vikram Jadhav,2017-07-29,19.94173,74.546355,Habitat
IMG04716,SP0337,OBS004570,IMG04716_SP0337.jpg,Priyanka More,2017-11-26,19.947575,74.564284,Habitat
IMG04717,SP0088,OBS014443,IMG04717_SP0088.jpg,Sneha More,2018-09-08,19.93808,74.435887,Field Survey
IMG04718,SP0267,OBS018361,IMG04718_SP0267.jpg,Priyanka More,2024-09-23,19.940833,74.433226,Field Survey
IMG04719,SP0428,OBS017214,IMG04719_SP0428.jpg,Sneha Patil,2025-05-30,19.83672,74.586045,Water Body
IMG04720,SP0434,OBS013231,IMG04720_SP0434.jpg,Aarti Jadhav,2017-08-13,19.932527,74.560584,Water Body
IMG04721,SP0329,OBS005304,IMG04721_SP0329.jpg,Aarti Jadhav,2017-07-25,19.892319,74.421518,Flora
IMG04722,SP0020,OBS016138,IMG04722_SP0020.jpg,Sandeep More,2017-01-15,19.877168,74.455787,Field Survey
IMG04723,SP0139,OBS018288,IMG04723_SP0139.jpg,Tejas Jadhav,2019-11-22,19.830782,74.596483,Flora
IMG04724,SP0038,OBS016820,IMG04724_SP0038.jpg,Neha Pawar,2019-06-01,19.933921,74.352687,Habitat
IMG04725,SP0139,,IMG04725_SP0139.jpg,Swati Shinde,2024-10-02,19.809236,74.371809,Citizen Submission
IMG04726,SP0268,,IMG04726_SP0268.jpg,Om Shinde,2020-06-28,19.916642,74.458426,Flora
IMG04727,SP0421,OBS018481,IMG04727_SP0421.jpg,Om Bhosale,2017-01-21,19.870239,74.535207,Flora
IMG04728,SP0035,,IMG04728_SP0035.jpg,Nikhil Deshpande,2024-12-09,19.899997,74.59342,Habitat
IMG04729,SP0089,,IMG04729_SP0089.jpg,Neha Pawar,2017-10-05,19.844512,74.599139,Flora
IMG04730,SP0098,,IMG04730_SP0098.jpg,Om Bhosale,2020-12-02,19.925979,74.464975,Field Survey
IMG04731,SP0456,OBS008903,IMG04731_SP0456.jpg,Priyanka More,2022-07-22,19.801393,74.524946,Flora
IMG04732,SP0054,OBS000164,IMG04732_SP0054.jpg,Sneha Patil,2023-10-29,19.803805,74.479499,Field Survey
IMG04733,SP0265,OBS016308,IMG04733_SP0265.jpg,Nikhil Deshpande,2021-01-06,19.827071,74.541756,Water Body
IMG04734,SP0004,OBS007123,IMG04734_SP0004.jpg,Rahul Deshpande,2024-07-23,19.948478,74.517409,Citizen Submission
IMG04735,SP0313,OBS001558,IMG04735_SP0313.jpg,Neha Deshpande,2022-01-03,19.908254,74.504973,Flora
IMG04736,SP0242,OBS017262,IMG04736_SP0242.jpg,Sneha More,2017-06-07,19.913419,74.413852,Citizen Submission
IMG04737,SP0449,,IMG04737_SP0449.jpg,Sneha More,2017-02-07,19.840359,74.496543,Habitat
IMG04738,SP0122,OBS003472,IMG04738_SP0122.jpg,Om Shinde,2019-12-14,19.840817,74.483859,Citizen Submission
IMG04739,SP0178,OBS013905,IMG04739_SP0178.jpg,Sandeep More,2021-06-14,19.82443,74.384328,Water Body
IMG04740,SP0265,,IMG04740_SP0265.jpg,Rajesh Kulkarni,2017-02-03,19.816952,74.456469,Field Survey
IMG04741,SP0330,OBS006181,IMG04741_SP0330.jpg,Vikram Joshi,2022-07-16,19.888921,74.541689,Wildlife
IMG04742,SP0452,OBS008824,IMG04742_SP0452.jpg,Kirti Kulkarni,2018-05-12,19.944562,74.586261,Flora
IMG04743,SP0021,OBS015203,IMG04743_SP0021.jpg,Priyanka More,2026-05-20,19.900024,74.358664,Flora
IMG04744,SP0401,OBS006001,IMG04744_SP0401.jpg,Vikram Joshi,2024-08-17,19.854337,74.363298,Wildlife
IMG04745,SP0073,OBS008947,IMG04745_SP0073.jpg,Pooja Bhosale,2017-08-03,19.844225,74.543917,Field Survey
IMG04746,SP0349,,IMG04746_SP0349.jpg,Vikram Jadhav,2026-01-16,19.839017,74.371191,Flora
IMG04747,SP0276,OBS014303,IMG04747_SP0276.jpg,Sneha More,2026-04-10,19.944276,74.483273,Citizen Submission
IMG04748,SP0204,OBS016346,IMG04748_SP0204.jpg,Swati Shinde,2019-02-10,19.91278,74.596312,Wildlife
IMG04749,SP0210,OBS000187,IMG04749_SP0210.jpg,Rahul Deshpande,2022-05-20,19.845762,74.390357,Flora
IMG04750,SP0156,OBS004319,IMG04750_SP0156.jpg,Sandeep Patil,2018-05-25,19.938923,74.571429,Field Survey
IMG04751,SP0085,OBS016424,IMG04751_SP0085.jpg,Rahul Deshpande,2023-09-20,19.812101,74.522743,Wildlife
IMG04752,SP0041,OBS003143,IMG04752_SP0041.jpg,Aarti Jadhav,2026-01-18,19.856233,74.58621,Wildlife
IMG04753,SP0010,OBS014004,IMG04753_SP0010.jpg,Om Bhosale,2022-10-17,19.934679,74.477954,Wildlife
IMG04754,SP0112,OBS017151,IMG04754_SP0112.jpg,Pooja Shinde,2019-11-02,19.836994,74.457244,Flora
IMG04755,SP0264,OBS003903,IMG04755_SP0264.jpg,Rahul Deshpande,2018-02-12,19.803981,74.439404,Field Survey
IMG04756,SP0175,OBS016123,IMG04756_SP0175.jpg,Amit Kulkarni,2023-12-29,19.905973,74.352965,Field Survey
IMG04757,SP0347,OBS004041,IMG04757_SP0347.jpg,Om Shinde,2017-09-18,19.924755,74.477324,Field Survey
IMG04758,SP0408,OBS007746,IMG04758_SP0408.jpg,Om Shinde,2023-11-09,19.872432,74.388478,Flora
IMG04759,SP0121,,IMG04759_SP0121.jpg,Swati Bhosale,2022-04-13,19.862155,74.454248,Wildlife
IMG04760,SP0248,,IMG04760_SP0248.jpg,Kirti Kulkarni,2026-06-15,19.813076,74.377214,Habitat
IMG04761,SP0369,OBS017914,IMG04761_SP0369.jpg,Om Shinde,2023-07-05,19.800791,74.568958,Flora
IMG04762,SP0413,OBS009898,IMG04762_SP0413.jpg,Priyanka More,2026-04-21,19.943726,74.57209,Field Survey
IMG04763,SP0008,OBS012370,IMG04763_SP0008.jpg,Tejas Joshi,2021-01-22,19.925084,74.367248,Habitat
IMG04764,SP0031,,IMG04764_SP0031.jpg,Amit Kulkarni,2017-02-12,19.948874,74.534449,Citizen Submission
IMG04765,SP0055,,IMG04765_SP0055.jpg,Sneha More,2023-07-02,19.833409,74.434708,Citizen Submission
IMG04766,SP0252,OBS004608,IMG04766_SP0252.jpg,Nikhil Deshpande,2016-11-28,19.873461,74.455082,Field Survey
IMG04767,SP0401,,IMG04767_SP0401.jpg,Rajesh Kulkarni,2021-01-02,19.883195,74.37947,Wildlife
IMG04768,SP0059,,IMG04768_SP0059.jpg,Kirti Kulkarni,2021-11-04,19.936033,74.528235,Habitat
IMG04769,SP0071,OBS018465,IMG04769_SP0071.jpg,Om Shinde,2023-02-24,19.895905,74.545599,Wildlife
IMG04770,SP0284,OBS001175,IMG04770_SP0284.jpg,Neha Pawar,2017-06-23,19.864367,74.455452,Wildlife
IMG04771,SP0401,OBS008153,IMG04771_SP0401.jpg,Om Shinde,2026-03-06,19.812217,74.547474,Water Body
IMG04772,SP0320,OBS013735,IMG04772_SP0320.jpg,Neha Deshpande,2024-05-04,19.910722,74.414033,Flora
IMG04773,SP0115,OBS017854,IMG04773_SP0115.jpg,Sneha More,2017-02-16,19.888644,74.411868,Field Survey
IMG04774,SP0245,OBS017731,IMG04774_SP0245.jpg,Amit Kulkarni,2017-07-19,19.859606,74.373543,Field Survey
IMG04775,SP0130,OBS012153,IMG04775_SP0130.jpg,Aarti Jadhav,2021-10-19,19.887857,74.518013,Flora
IMG04776,SP0062,OBS011994,IMG04776_SP0062.jpg,Amit Kulkarni,2021-05-26,19.877785,74.581215,Habitat
IMG04777,SP0114,OBS008326,IMG04777_SP0114.jpg,Amit Kulkarni,2017-03-09,19.889331,74.556596,Wildlife
IMG04778,SP0316,OBS018394,IMG04778_SP0316.jpg,Rahul Deshpande,2020-07-10,19.831307,74.379605,Flora
IMG04779,SP0143,OBS009194,IMG04779_SP0143.jpg,Swati Bhosale,2019-11-21,19.872668,74.584922,Wildlife
IMG04780,SP0075,OBS008411,IMG04780_SP0075.jpg,Rahul Deshpande,2024-03-28,19.873709,74.528221,Citizen Submission
IMG04781,SP0382,,IMG04781_SP0382.jpg,Sneha Patil,2017-01-29,19.890446,74.583371,Field Survey
IMG04782,SP0304,OBS008139,IMG04782_SP0304.jpg,Kirti Kulkarni,2023-11-22,19.838344,74.59508,Citizen Submission
IMG04783,SP0415,,IMG04783_SP0415.jpg,Rajesh Kulkarni,2017-12-13,19.806087,74.358817,Wildlife
IMG04784,SP0239,OBS011012,IMG04784_SP0239.jpg,Sneha More,2021-10-26,19.816688,74.364763,Habitat
IMG04785,SP0114,OBS019826,IMG04785_SP0114.jpg,Amit Kulkarni,2023-09-10,19.84049,74.587058,Field Survey
IMG04786,SP0012,OBS010490,IMG04786_SP0012.jpg,Rajesh Kale,2019-12-28,19.855962,74.517853,Habitat
IMG04787,SP0036,OBS019759,IMG04787_SP0036.jpg,Amit Kale,2024-05-25,19.903098,74.550203,Field Survey
IMG04788,SP0250,OBS012286,IMG04788_SP0250.jpg,Swati Bhosale,2022-07-07,19.855353,74.377869,Citizen Submission
IMG04789,SP0397,OBS016772,IMG04789_SP0397.jpg,Kirti Kulkarni,2022-10-26,19.895511,74.5129,Citizen Submission
IMG04790,SP0143,,IMG04790_SP0143.jpg,Nikhil Pawar,2018-06-10,19.814258,74.367062,Field Survey
IMG04791,SP0098,,IMG04791_SP0098.jpg,Sandeep More,2024-11-27,19.810556,74.384713,Habitat
IMG04792,SP0450,,IMG04792_SP0450.jpg,Om Bhosale,2022-04-03,19.865683,74.507757,Habitat
IMG04793,SP0342,,IMG04793_SP0342.jpg,Aarti Jadhav,2017-10-04,19.854663,74.464136,Habitat
IMG04794,SP0176,OBS014815,IMG04794_SP0176.jpg,Swati Shinde,2021-10-07,19.908067,74.58655,Habitat
IMG04795,SP0431,OBS001672,IMG04795_SP0431.jpg,Priyanka More,2024-03-13,19.812506,74.488683,Field Survey
IMG04796,SP0314,OBS009094,IMG04796_SP0314.jpg,Amit Kulkarni,2019-03-29,19.903101,74.465169,Citizen Submission
IMG04797,SP0355,OBS005685,IMG04797_SP0355.jpg,Rahul Pawar,2020-06-12,19.88454,74.476722,Citizen Submission
IMG04798,SP0067,,IMG04798_SP0067.jpg,Aarti Jadhav,2019-04-02,19.876176,74.552677,Citizen Submission
IMG04799,SP0267,OBS010251,IMG04799_SP0267.jpg,Kirti Kale,2024-04-28,19.877541,74.54299,Flora
IMG04800,SP0194,,IMG04800_SP0194.jpg,Neha Deshpande,2021-06-10,19.840386,74.4096,Flora
IMG04801,SP0397,,IMG04801_SP0397.jpg,Neha Pawar,2025-04-04,19.881548,74.382581,Wildlife
IMG04802,SP0402,OBS006723,IMG04802_SP0402.jpg,Nikhil Deshpande,2021-05-09,19.844349,74.50221,Habitat
IMG04803,SP0353,OBS002253,IMG04803_SP0353.jpg,Kirti Kale,2025-11-19,19.819351,74.527297,Habitat
IMG04804,SP0143,OBS003714,IMG04804_SP0143.jpg,Rajesh Kulkarni,2024-12-28,19.913411,74.495476,Flora
IMG04805,SP0351,OBS010706,IMG04805_SP0351.jpg,Neha Pawar,2019-09-11,19.863465,74.54481,Flora
IMG04806,SP0388,OBS007413,IMG04806_SP0388.jpg,Rajesh Kulkarni,2020-05-30,19.854328,74.542803,Citizen Submission
IMG04807,SP0430,OBS011895,IMG04807_SP0430.jpg,Swati Bhosale,2023-12-05,19.907572,74.416009,Wildlife
IMG04808,SP0097,OBS016102,IMG04808_SP0097.jpg,Sneha More,2024-12-31,19.908129,74.403377,Field Survey
IMG04809,SP0113,,IMG04809_SP0113.jpg,Pooja Shinde,2021-09-27,19.810196,74.41948,Wildlife
IMG04810,SP0280,OBS011739,IMG04810_SP0280.jpg,Pooja Shinde,2023-02-23,19.91161,74.506699,Citizen Submission
IMG04811,SP0019,OBS009476,IMG04811_SP0019.jpg,Tejas Joshi,2023-07-30,19.807348,74.47481,Wildlife
IMG04812,SP0296,OBS010207,IMG04812_SP0296.jpg,Sandeep Patil,2024-11-25,19.889162,74.583107,Wildlife
IMG04813,SP0299,,IMG04813_SP0299.jpg,Tejas Joshi,2023-11-28,19.948005,74.514059,Flora
IMG04814,SP0234,,IMG04814_SP0234.jpg,Pooja Bhosale,2021-09-25,19.876551,74.399582,Habitat
IMG04815,SP0124,OBS005987,IMG04815_SP0124.jpg,Nikhil Pawar,2025-01-10,19.849377,74.486852,Flora
IMG04816,SP0033,,IMG04816_SP0033.jpg,Sandeep More,2020-07-09,19.853958,74.421042,Field Survey
IMG04817,SP0072,,IMG04817_SP0072.jpg,Sneha More,2024-05-04,19.919612,74.547476,Field Survey
IMG04818,SP0313,OBS006976,IMG04818_SP0313.jpg,Priyanka More,2026-07-25,19.80383,74.469318,Flora
IMG04819,SP0405,OBS010025,IMG04819_SP0405.jpg,Vikram Jadhav,2022-04-23,19.914646,74.57559,Citizen Submission
IMG04820,SP0195,OBS009851,IMG04820_SP0195.jpg,Vikram Joshi,2019-08-15,19.863854,74.534942,Water Body
IMG04821,SP0229,OBS014440,IMG04821_SP0229.jpg,Sneha Patil,2019-03-04,19.827874,74.499646,Wildlife
IMG04822,SP0231,OBS005620,IMG04822_SP0231.jpg,Tejas Joshi,2017-07-03,19.908324,74.358311,Wildlife
IMG04823,SP0176,OBS015003,IMG04823_SP0176.jpg,Sneha More,2019-07-21,19.932253,74.394766,Citizen Submission
IMG04824,SP0226,OBS018053,IMG04824_SP0226.jpg,Rahul Deshpande,2022-02-01,19.913513,74.572258,Field Survey
IMG04825,SP0192,,IMG04825_SP0192.jpg,Rahul Deshpande,2016-12-31,19.898073,74.54725,Flora
IMG04826,SP0026,OBS009038,IMG04826_SP0026.jpg,Sandeep More,2019-02-04,19.919594,74.596804,Citizen Submission
IMG04827,SP0439,,IMG04827_SP0439.jpg,Vikram Joshi,2019-03-07,19.901152,74.519908,Flora
IMG04828,SP0448,OBS000363,IMG04828_SP0448.jpg,Kirti Kulkarni,2017-11-29,19.915708,74.537874,Flora
IMG04829,SP0124,OBS016880,IMG04829_SP0124.jpg,Vikram Joshi,2023-11-17,19.82341,74.532881,Field Survey
IMG04830,SP0005,OBS000935,IMG04830_SP0005.jpg,Tejas Jadhav,2026-08-01,19.904909,74.526203,Wildlife
IMG04831,SP0436,,IMG04831_SP0436.jpg,Rahul Pawar,2020-12-15,19.899951,74.444027,Field Survey
IMG04832,SP0434,OBS013246,IMG04832_SP0434.jpg,Tejas Jadhav,2017-08-07,19.885938,74.491006,Habitat
IMG04833,SP0269,OBS002583,IMG04833_SP0269.jpg,Om Bhosale,2016-08-31,19.864572,74.562476,Habitat
IMG04834,SP0015,OBS015697,IMG04834_SP0015.jpg,Amit Kulkarni,2025-06-02,19.892906,74.394729,Citizen Submission
IMG04835,SP0265,OBS009675,IMG04835_SP0265.jpg,Om Shinde,2023-10-08,19.935672,74.475753,Citizen Submission
IMG04836,SP0309,OBS001077,IMG04836_SP0309.jpg,Pooja Bhosale,2019-03-14,19.830517,74.406433,Habitat
IMG04837,SP0387,,IMG04837_SP0387.jpg,Sandeep Patil,2017-01-19,19.822253,74.46024,Water Body
IMG04838,SP0315,,IMG04838_SP0315.jpg,Om Bhosale,2017-03-28,19.896175,74.38691,Flora
IMG04839,SP0026,,IMG04839_SP0026.jpg,Amit Kale,2020-08-22,19.948646,74.502441,Field Survey
IMG04840,SP0444,,IMG04840_SP0444.jpg,Om Bhosale,2025-09-14,19.917381,74.434128,Field Survey
IMG04841,SP0435,OBS013006,IMG04841_SP0435.jpg,Rajesh Kulkarni,2022-02-01,19.837605,74.388845,Wildlife
IMG04842,SP0459,OBS012435,IMG04842_SP0459.jpg,Rajesh Kale,2016-12-17,19.88214,74.394881,Water Body
IMG04843,SP0238,,IMG04843_SP0238.jpg,Neha Deshpande,2019-02-03,19.864535,74.482374,Water Body
IMG04844,SP0026,,IMG04844_SP0026.jpg,Aarti Jadhav,2022-05-21,19.821901,74.487053,Habitat
IMG04845,SP0287,,IMG04845_SP0287.jpg,Rajesh Kale,2020-01-02,19.919932,74.392221,Citizen Submission
IMG04846,SP0300,OBS018415,IMG04846_SP0300.jpg,Priyanka Patil,2018-01-17,19.91624,74.362467,Field Survey
IMG04847,SP0412,,IMG04847_SP0412.jpg,Tejas Jadhav,2024-12-07,19.880912,74.414365,Citizen Submission
IMG04848,SP0413,OBS002439,IMG04848_SP0413.jpg,Nikhil Deshpande,2023-05-29,19.833611,74.365135,Wildlife
IMG04849,SP0262,,IMG04849_SP0262.jpg,Rajesh Kulkarni,2021-02-16,19.88536,74.477002,Water Body
IMG04850,SP0097,OBS006151,IMG04850_SP0097.jpg,Rahul Pawar,2018-08-28,19.92918,74.409336,Field Survey
IMG04851,SP0447,OBS001635,IMG04851_SP0447.jpg,Sandeep More,2024-05-05,19.840703,74.440077,Citizen Submission
IMG04852,SP0032,OBS011161,IMG04852_SP0032.jpg,Sandeep Patil,2016-08-13,19.935699,74.41354,Habitat
IMG04853,SP0369,OBS011763,IMG04853_SP0369.jpg,Rahul Deshpande,2018-01-23,19.944122,74.377012,Citizen Submission
IMG04854,SP0165,OBS011655,IMG04854_SP0165.jpg,Vikram Jadhav,2017-01-16,19.91114,74.361877,Flora
IMG04855,SP0441,OBS014828,IMG04855_SP0441.jpg,Pooja Shinde,2022-05-02,19.921533,74.584319,Field Survey
IMG04856,SP0087,OBS013726,IMG04856_SP0087.jpg,Amit Kulkarni,2020-09-05,19.949277,74.406322,Wildlife
IMG04857,SP0290,,IMG04857_SP0290.jpg,Rajesh Kale,2017-03-24,19.865304,74.500984,Flora
IMG04858,SP0091,,IMG04858_SP0091.jpg,Rahul Deshpande,2020-06-11,19.835661,74.456016,Water Body
IMG04859,SP0453,OBS013899,IMG04859_SP0453.jpg,Aarti Joshi,2020-04-19,19.838544,74.511164,Wildlife
IMG04860,SP0001,OBS013210,IMG04860_SP0001.jpg,Pooja Bhosale,2022-05-15,19.824848,74.450397,Wildlife
IMG04861,SP0326,OBS013937,IMG04861_SP0326.jpg,Kirti Kulkarni,2020-08-31,19.884965,74.37283,Habitat
IMG04862,SP0020,OBS012031,IMG04862_SP0020.jpg,Om Bhosale,2017-10-16,19.80499,74.501473,Habitat
IMG04863,SP0226,,IMG04863_SP0226.jpg,Vikram Joshi,2024-01-28,19.876073,74.382644,Field Survey
IMG04864,SP0363,OBS003179,IMG04864_SP0363.jpg,Sandeep More,2022-11-25,19.835728,74.499975,Field Survey
IMG04865,SP0328,,IMG04865_SP0328.jpg,Om Shinde,2022-02-14,19.870736,74.579782,Water Body
IMG04866,SP0017,,IMG04866_SP0017.jpg,Nikhil Deshpande,2017-06-26,19.8866,74.42945,Habitat
IMG04867,SP0340,OBS001132,IMG04867_SP0340.jpg,Om Bhosale,2022-06-03,19.901624,74.507237,Flora
IMG04868,SP0134,OBS001669,IMG04868_SP0134.jpg,Vikram Joshi,2018-03-12,19.835213,74.484277,Flora
IMG04869,SP0270,,IMG04869_SP0270.jpg,Priyanka Patil,2022-07-08,19.858628,74.385581,Citizen Submission
IMG04870,SP0212,,IMG04870_SP0212.jpg,Pooja Shinde,2023-12-08,19.821175,74.511892,Water Body
IMG04871,SP0252,OBS013286,IMG04871_SP0252.jpg,Pooja Shinde,2022-07-09,19.901302,74.599801,Water Body
IMG04872,SP0225,OBS002196,IMG04872_SP0225.jpg,Rahul Pawar,2019-01-08,19.823758,74.43877,Citizen Submission
IMG04873,SP0424,,IMG04873_SP0424.jpg,Sandeep More,2023-05-15,19.936752,74.434985,Wildlife
IMG04874,SP0064,OBS011728,IMG04874_SP0064.jpg,Rahul Deshpande,2021-12-15,19.942565,74.581661,Flora
IMG04875,SP0237,OBS016398,IMG04875_SP0237.jpg,Kirti Kulkarni,2025-01-04,19.908406,74.559835,Habitat
IMG04876,SP0418,OBS015771,IMG04876_SP0418.jpg,Kirti Kulkarni,2025-03-10,19.873559,74.549575,Habitat
IMG04877,SP0363,OBS015371,IMG04877_SP0363.jpg,Sandeep Patil,2023-10-23,19.923548,74.552585,Citizen Submission
IMG04878,SP0088,,IMG04878_SP0088.jpg,Neha Deshpande,2017-02-14,19.916092,74.381479,Water Body
IMG04879,SP0350,OBS009293,IMG04879_SP0350.jpg,Rahul Pawar,2026-02-17,19.930397,74.414557,Habitat
IMG04880,SP0243,OBS002029,IMG04880_SP0243.jpg,Pooja Shinde,2020-12-21,19.868059,74.492974,Field Survey
IMG04881,SP0369,OBS009424,IMG04881_SP0369.jpg,Tejas Jadhav,2020-10-17,19.840002,74.533313,Wildlife
IMG04882,SP0411,OBS018792,IMG04882_SP0411.jpg,Swati Bhosale,2021-02-19,19.86442,74.578213,Citizen Submission
IMG04883,SP0196,OBS000704,IMG04883_SP0196.jpg,Aarti Joshi,2020-11-02,19.851893,74.373526,Citizen Submission
IMG04884,SP0248,OBS011279,IMG04884_SP0248.jpg,Priyanka Patil,2026-07-16,19.829839,74.521053,Field Survey
IMG04885,SP0061,OBS002435,IMG04885_SP0061.jpg,Amit Kulkarni,2020-09-11,19.909465,74.436496,Wildlife
IMG04886,SP0055,,IMG04886_SP0055.jpg,Sneha More,2017-04-04,19.943992,74.462049,Wildlife
IMG04887,SP0126,OBS002073,IMG04887_SP0126.jpg,Swati Shinde,2023-12-21,19.876018,74.44289,Habitat
IMG04888,SP0232,OBS018177,IMG04888_SP0232.jpg,Sneha Patil,2021-07-25,19.910561,74.478432,Field Survey
IMG04889,SP0051,OBS013123,IMG04889_SP0051.jpg,Amit Kulkarni,2018-11-07,19.861522,74.408877,Field Survey
IMG04890,SP0085,OBS015245,IMG04890_SP0085.jpg,Amit Kulkarni,2018-01-23,19.84538,74.356999,Citizen Submission
IMG04891,SP0379,,IMG04891_SP0379.jpg,Neha Deshpande,2023-02-15,19.858685,74.589248,Habitat
IMG04892,SP0269,OBS001064,IMG04892_SP0269.jpg,Amit Kulkarni,2022-03-28,19.818727,74.434958,Water Body
IMG04893,SP0306,OBS010339,IMG04893_SP0306.jpg,Rahul Pawar,2022-09-24,19.875372,74.392341,Habitat
IMG04894,SP0372,,IMG04894_SP0372.jpg,Vikram Joshi,2023-10-08,19.862259,74.481179,Water Body
IMG04895,SP0075,OBS003323,IMG04895_SP0075.jpg,Aarti Joshi,2017-11-04,19.86286,74.367753,Habitat
IMG04896,SP0154,OBS011544,IMG04896_SP0154.jpg,Sneha Patil,2025-07-20,19.830346,74.518328,Citizen Submission
IMG04897,SP0010,OBS007838,IMG04897_SP0010.jpg,Nikhil Pawar,2022-05-17,19.945641,74.58556,Citizen Submission
IMG04898,SP0367,OBS014277,IMG04898_SP0367.jpg,Sneha Patil,2024-07-24,19.873858,74.534368,Field Survey
IMG04899,SP0242,,IMG04899_SP0242.jpg,Sneha Patil,2022-10-14,19.809386,74.440559,Field Survey
IMG04900,SP0407,OBS009099,IMG04900_SP0407.jpg,Om Shinde,2021-03-08,19.89987,74.56257,Wildlife
IMG04901,SP0088,,IMG04901_SP0088.jpg,Sneha Patil,2024-12-25,19.928591,74.553198,Citizen Submission
IMG04902,SP0219,OBS012388,IMG04902_SP0219.jpg,Kirti Kulkarni,2016-11-13,19.915591,74.520205,Field Survey
IMG04903,SP0001,OBS007783,IMG04903_SP0001.jpg,Pooja Shinde,2019-07-26,19.8886,74.432958,Flora
IMG04904,SP0278,,IMG04904_SP0278.jpg,Aarti Joshi,2020-05-10,19.933971,74.404377,Citizen Submission
IMG04905,SP0265,,IMG04905_SP0265.jpg,Nikhil Deshpande,2026-07-12,19.811345,74.587135,Flora
IMG04906,SP0106,,IMG04906_SP0106.jpg,Pooja Shinde,2020-05-23,19.86056,74.587881,Citizen Submission
IMG04907,SP0134,OBS002764,IMG04907_SP0134.jpg,Om Bhosale,2017-04-25,19.867698,74.351308,Water Body
IMG04908,SP0211,,IMG04908_SP0211.jpg,Swati Bhosale,2024-04-08,19.858642,74.37424,Citizen Submission
IMG04909,SP0394,,IMG04909_SP0394.jpg,Amit Kulkarni,2024-06-29,19.802528,74.505933,Habitat
IMG04910,SP0201,OBS008235,IMG04910_SP0201.jpg,Rajesh Kulkarni,2020-11-29,19.911938,74.538519,Field Survey
IMG04911,SP0273,OBS001081,IMG04911_SP0273.jpg,Sandeep More,2016-11-28,19.901413,74.572538,Field Survey
IMG04912,SP0116,OBS008184,IMG04912_SP0116.jpg,Nikhil Pawar,2023-08-16,19.945727,74.567178,Flora
IMG04913,SP0346,OBS013970,IMG04913_SP0346.jpg,Rahul Pawar,2018-01-02,19.805997,74.383326,Water Body
IMG04914,SP0445,,IMG04914_SP0445.jpg,Tejas Jadhav,2020-06-12,19.92701,74.590324,Habitat
IMG04915,SP0267,OBS012590,IMG04915_SP0267.jpg,Sandeep Patil,2020-01-06,19.891651,74.425477,Field Survey
IMG04916,SP0047,OBS011890,IMG04916_SP0047.jpg,Pooja Shinde,2025-10-08,19.833971,74.486511,Water Body
IMG04917,SP0124,OBS000522,IMG04917_SP0124.jpg,Vikram Jadhav,2025-03-17,19.914249,74.488672,Flora
IMG04918,SP0036,OBS009389,IMG04918_SP0036.jpg,Vikram Joshi,2019-08-17,19.939063,74.528875,Wildlife
IMG04919,SP0413,OBS012887,IMG04919_SP0413.jpg,Priyanka Patil,2018-05-19,19.940102,74.360068,Field Survey
IMG04920,SP0239,OBS010910,IMG04920_SP0239.jpg,Vikram Joshi,2018-02-27,19.859984,74.550119,Wildlife
IMG04921,SP0051,OBS009323,IMG04921_SP0051.jpg,Aarti Jadhav,2018-02-18,19.812996,74.477092,Field Survey
IMG04922,SP0460,,IMG04922_SP0460.jpg,Om Bhosale,2021-01-27,19.814179,74.442085,Water Body
IMG04923,SP0228,OBS010521,IMG04923_SP0228.jpg,Kirti Kale,2021-02-19,19.93917,74.445191,Water Body
IMG04924,SP0233,OBS003608,IMG04924_SP0233.jpg,Om Bhosale,2022-12-24,19.940499,74.563057,Field Survey
IMG04925,SP0212,OBS001963,IMG04925_SP0212.jpg,Pooja Shinde,2020-03-27,19.821228,74.482405,Flora
IMG04926,SP0312,OBS007827,IMG04926_SP0312.jpg,Neha Pawar,2026-05-16,19.840025,74.569747,Wildlife
IMG04927,SP0374,,IMG04927_SP0374.jpg,Vikram Joshi,2023-09-19,19.816642,74.396319,Citizen Submission
IMG04928,SP0077,OBS012214,IMG04928_SP0077.jpg,Amit Kale,2025-01-06,19.823506,74.434636,Field Survey
IMG04929,SP0207,,IMG04929_SP0207.jpg,Sneha More,2025-04-15,19.843422,74.506702,Wildlife
IMG04930,SP0431,OBS005984,IMG04930_SP0431.jpg,Om Bhosale,2017-05-13,19.85448,74.577199,Habitat
IMG04931,SP0283,OBS008255,IMG04931_SP0283.jpg,Aarti Joshi,2024-04-25,19.87508,74.42624,Field Survey
IMG04932,SP0244,OBS003918,IMG04932_SP0244.jpg,Om Shinde,2025-11-17,19.801531,74.569606,Water Body
IMG04933,SP0361,OBS003683,IMG04933_SP0361.jpg,Kirti Kulkarni,2019-01-19,19.811107,74.547574,Water Body
IMG04934,SP0324,OBS014343,IMG04934_SP0324.jpg,Sneha More,2022-08-12,19.837801,74.452079,Flora
IMG04935,SP0080,OBS009293,IMG04935_SP0080.jpg,Neha Deshpande,2020-07-31,19.897565,74.383287,Citizen Submission
IMG04936,SP0171,OBS002080,IMG04936_SP0171.jpg,Pooja Shinde,2022-11-01,19.904331,74.458275,Habitat
IMG04937,SP0212,,IMG04937_SP0212.jpg,Sneha Patil,2023-02-12,19.856237,74.479602,Water Body
IMG04938,SP0077,OBS014619,IMG04938_SP0077.jpg,Vikram Joshi,2023-12-07,19.819355,74.584355,Citizen Submission
IMG04939,SP0082,OBS016445,IMG04939_SP0082.jpg,Swati Bhosale,2020-09-27,19.913258,74.522819,Citizen Submission
IMG04940,SP0455,OBS017478,IMG04940_SP0455.jpg,Priyanka Patil,2024-03-26,19.831238,74.522035,Field Survey
IMG04941,SP0365,OBS018642,IMG04941_SP0365.jpg,Amit Kale,2024-03-21,19.814324,74.54049,Habitat
IMG04942,SP0209,OBS016207,IMG04942_SP0209.jpg,Sandeep Patil,2017-11-26,19.908864,74.350515,Field Survey
IMG04943,SP0041,,IMG04943_SP0041.jpg,Rahul Deshpande,2017-07-29,19.812998,74.50286,Citizen Submission
IMG04944,SP0362,OBS010133,IMG04944_SP0362.jpg,Rahul Deshpande,2023-12-30,19.906543,74.431181,Water Body
IMG04945,SP0092,OBS019676,IMG04945_SP0092.jpg,Vikram Jadhav,2024-01-16,19.940041,74.407614,Field Survey
IMG04946,SP0340,OBS010340,IMG04946_SP0340.jpg,Priyanka More,2020-12-16,19.923491,74.431169,Flora
IMG04947,SP0208,OBS015927,IMG04947_SP0208.jpg,Kirti Kale,2022-04-27,19.826129,74.474933,Wildlife
IMG04948,SP0079,OBS018841,IMG04948_SP0079.jpg,Om Bhosale,2021-06-28,19.885137,74.59645,Wildlife
IMG04949,SP0353,OBS004548,IMG04949_SP0353.jpg,Sandeep More,2019-01-14,19.889895,74.592236,Habitat
IMG04950,SP0351,OBS019416,IMG04950_SP0351.jpg,Amit Kulkarni,2018-12-29,19.925479,74.500156,Citizen Submission
IMG04951,SP0408,,IMG04951_SP0408.jpg,Aarti Jadhav,2026-07-17,19.886758,74.476561,Flora
IMG04952,SP0089,OBS013347,IMG04952_SP0089.jpg,Kirti Kale,2017-01-24,19.832008,74.558501,Wildlife
IMG04953,SP0330,OBS009210,IMG04953_SP0330.jpg,Rahul Deshpande,2026-02-12,19.847101,74.566687,Flora
IMG04954,SP0389,,IMG04954_SP0389.jpg,Sandeep More,2023-04-05,19.809573,74.502772,Field Survey
IMG04955,SP0152,OBS015679,IMG04955_SP0152.jpg,Tejas Jadhav,2026-06-26,19.872398,74.482161,Flora
IMG04956,SP0083,,IMG04956_SP0083.jpg,Aarti Jadhav,2024-05-18,19.808724,74.514046,Habitat
IMG04957,SP0384,,IMG04957_SP0384.jpg,Amit Kale,2024-07-12,19.8579,74.386858,Wildlife
IMG04958,SP0378,OBS017056,IMG04958_SP0378.jpg,Kirti Kale,2023-09-20,19.898346,74.362248,Water Body
IMG04959,SP0088,OBS014371,IMG04959_SP0088.jpg,Nikhil Deshpande,2018-07-11,19.910632,74.46044,Citizen Submission
IMG04960,SP0217,OBS007801,IMG04960_SP0217.jpg,Amit Kale,2022-05-02,19.827451,74.388703,Flora
IMG04961,SP0336,OBS016522,IMG04961_SP0336.jpg,Neha Pawar,2019-09-04,19.801459,74.572923,Field Survey
IMG04962,SP0339,OBS018753,IMG04962_SP0339.jpg,Pooja Bhosale,2017-05-19,19.933531,74.464176,Wildlife
IMG04963,SP0406,OBS015419,IMG04963_SP0406.jpg,Sneha Patil,2025-03-29,19.89079,74.415221,Habitat
IMG04964,SP0046,,IMG04964_SP0046.jpg,Vikram Joshi,2024-09-28,19.941074,74.521287,Habitat
IMG04965,SP0212,,IMG04965_SP0212.jpg,Kirti Kale,2019-11-18,19.822354,74.46678,Water Body
IMG04966,SP0154,,IMG04966_SP0154.jpg,Amit Kulkarni,2025-08-01,19.870559,74.391597,Citizen Submission
IMG04967,SP0030,OBS012823,IMG04967_SP0030.jpg,Neha Pawar,2020-07-29,19.902873,74.567413,Citizen Submission
IMG04968,SP0355,OBS013424,IMG04968_SP0355.jpg,Rajesh Kulkarni,2017-12-07,19.829449,74.450697,Field Survey
IMG04969,SP0177,OBS006090,IMG04969_SP0177.jpg,Pooja Shinde,2021-05-24,19.916391,74.537333,Habitat
IMG04970,SP0029,OBS005572,IMG04970_SP0029.jpg,Kirti Kale,2020-06-28,19.912861,74.544131,Flora
IMG04971,SP0312,OBS005562,IMG04971_SP0312.jpg,Vikram Joshi,2019-03-26,19.81901,74.44649,Flora
IMG04972,SP0216,,IMG04972_SP0216.jpg,Vikram Jadhav,2023-09-20,19.840439,74.468874,Flora
IMG04973,SP0067,OBS007619,IMG04973_SP0067.jpg,Aarti Joshi,2022-08-07,19.914194,74.373677,Wildlife
IMG04974,SP0202,OBS004198,IMG04974_SP0202.jpg,Pooja Shinde,2023-08-15,19.920958,74.5499,Habitat
IMG04975,SP0386,OBS016202,IMG04975_SP0386.jpg,Pooja Shinde,2018-06-18,19.829635,74.402609,Wildlife
IMG04976,SP0442,OBS000124,IMG04976_SP0442.jpg,Rahul Pawar,2026-01-18,19.902322,74.438491,Flora
IMG04977,SP0312,,IMG04977_SP0312.jpg,Sneha More,2017-01-01,19.817321,74.478649,Citizen Submission
IMG04978,SP0434,,IMG04978_SP0434.jpg,Vikram Joshi,2025-05-06,19.853436,74.434515,Field Survey
IMG04979,SP0374,OBS008782,IMG04979_SP0374.jpg,Nikhil Pawar,2025-10-29,19.887464,74.407862,Water Body
IMG04980,SP0426,OBS019383,IMG04980_SP0426.jpg,Sneha Patil,2023-12-22,19.80565,74.462849,Field Survey
IMG04981,SP0202,,IMG04981_SP0202.jpg,Sneha Patil,2022-08-22,19.821097,74.571384,Citizen Submission
IMG04982,SP0187,OBS017781,IMG04982_SP0187.jpg,Priyanka More,2023-07-25,19.855224,74.432096,Wildlife
IMG04983,SP0379,,IMG04983_SP0379.jpg,Rahul Deshpande,2022-12-08,19.887493,74.472056,Flora
IMG04984,SP0034,OBS018245,IMG04984_SP0034.jpg,Amit Kale,2018-03-13,19.869309,74.577586,Habitat
IMG04985,SP0214,,IMG04985_SP0214.jpg,Rahul Deshpande,2023-10-24,19.886254,74.423927,Flora
IMG04986,SP0225,OBS007202,IMG04986_SP0225.jpg,Om Bhosale,2019-04-16,19.905014,74.354671,Wildlife
IMG04987,SP0110,OBS002227,IMG04987_SP0110.jpg,Priyanka More,2019-11-22,19.878215,74.353943,Water Body
IMG04988,SP0298,OBS015818,IMG04988_SP0298.jpg,Rajesh Kulkarni,2020-12-03,19.890444,74.425847,Citizen Submission
IMG04989,SP0157,OBS001763,IMG04989_SP0157.jpg,Sneha More,2023-10-27,19.886075,74.475149,Water Body
IMG04990,SP0028,OBS001375,IMG04990_SP0028.jpg,Neha Pawar,2020-02-02,19.840683,74.439396,Citizen Submission
IMG04991,SP0306,,IMG04991_SP0306.jpg,Rajesh Kale,2020-10-21,19.875349,74.399148,Wildlife
IMG04992,SP0295,OBS017739,IMG04992_SP0295.jpg,Pooja Shinde,2022-06-19,19.816216,74.586827,Water Body
IMG04993,SP0120,OBS016276,IMG04993_SP0120.jpg,Vikram Joshi,2025-03-20,19.831154,74.52775,Field Survey
IMG04994,SP0120,,IMG04994_SP0120.jpg,Rajesh Kale,2024-05-14,19.869956,74.435826,Wildlife
IMG04995,SP0226,OBS005827,IMG04995_SP0226.jpg,Nikhil Pawar,2019-02-27,19.85236,74.556897,Flora
IMG04996,SP0116,OBS004877,IMG04996_SP0116.jpg,Tejas Joshi,2020-02-28,19.822149,74.373646,Flora
IMG04997,SP0359,,IMG04997_SP0359.jpg,Vikram Joshi,2018-03-09,19.91296,74.499017,Field Survey
IMG04998,SP0087,,IMG04998_SP0087.jpg,Nikhil Deshpande,2017-02-05,19.884728,74.557226,Wildlife
IMG04999,SP0414,OBS004206,IMG04999_SP0414.jpg,Aarti Jadhav,2020-02-22,19.895674,74.492506,Habitat
IMG05000,SP0067,OBS017958,IMG05000_SP0067.jpg,Sneha Patil,2019-08-14,19.846495,74.552297,Citizen Submission
