cell_id,latitude,longitude,land_cover_type,vegetation_density,forest_percentage,water_percentage,urban_percentage
LC00001,19.884317,74.464138,Grassland,0.84,16.6,3.9,14.9
LC00002,19.901217,74.373847,Agricultural Land,0.659,9.0,5.4,9.2
LC00003,19.85776,74.433869,Grassland,0.39,15.3,2.1,14.2
LC00004,19.93246,74.388604,Forest/Grove,0.344,80.9,3.0,1.6
LC00005,19.843174,74.364058,Urban/Built-up,0.408,17.4,0.1,55.1
LC00006,19.872563,74.448652,Forest/Grove,0.12,91.9,7.7,10.4
LC00007,19.863826,74.56094,Grassland,0.561,11.9,3.8,5.7
LC00008,19.800079,74.579252,Grassland,0.724,15.6,5.4,4.6
LC00009,19.905658,74.39285,Forest/Grove,0.096,52.4,3.7,9.0
LC00010,19.904034,74.46277,Agricultural Land,0.185,11.3,3.9,9.5
LC00011,19.840019,74.599611,Urban/Built-up,0.345,8.9,1.0,85.7
LC00012,19.856731,74.599498,Agricultural Land,0.354,19.0,3.5,1.8
LC00013,19.808283,74.372425,Agricultural Land,0.665,14.7,3.9,4.7
LC00014,19.947617,74.386815,Forest/Grove,0.674,62.4,3.1,6.2
LC00015,19.879884,74.569853,Barren/Fallow,0.771,1.2,2.1,10.2
LC00016,19.814379,74.365096,Agricultural Land,0.752,3.3,5.8,4.6
LC00017,19.802079,74.452515,Barren/Fallow,0.812,8.7,0.8,0.2
LC00018,19.903765,74.467419,Water Body,0.444,9.7,64.1,0.6
LC00019,19.890574,74.495919,Agricultural Land,0.588,19.3,0.1,9.6
LC00020,19.897421,74.367811,Grassland,0.611,11.0,0.1,13.7
LC00021,19.856096,74.426098,Barren/Fallow,0.399,17.0,5.7,9.1
LC00022,19.93925,74.588305,Barren/Fallow,0.487,17.2,1.9,12.3
LC00023,19.9179,74.45449,Urban/Built-up,0.507,9.8,4.4,73.2
LC00024,19.835838,74.517934,Agricultural Land,0.814,10.8,6.7,6.9
LC00025,19.879923,74.571877,Wetland,0.633,17.5,58.5,1.2
LC00026,19.847553,74.393813,Agricultural Land,0.234,11.1,5.2,12.2
LC00027,19.866352,74.437144,Barren/Fallow,0.796,14.8,6.7,8.7
LC00028,19.910272,74.523654,Agricultural Land,0.548,8.1,6.0,11.6
LC00029,19.928105,74.583075,Wetland,0.908,15.5,48.3,14.7
LC00030,19.802976,74.377508,Agricultural Land,0.821,2.2,5.2,13.3
LC00031,19.92298,74.444293,Agricultural Land,0.15,13.4,1.8,11.8
LC00032,19.88317,74.464967,Agricultural Land,0.653,0.2,6.6,0.9
LC00033,19.883851,74.495364,Forest/Grove,0.246,45.6,7.0,5.3
LC00034,19.836821,74.496764,Forest/Grove,0.545,73.9,7.2,9.3
LC00035,19.864714,74.486356,Grassland,0.561,5.2,0.4,2.4
LC00036,19.889754,74.401982,Agricultural Land,0.185,10.0,5.8,13.4
LC00037,19.915658,74.538055,Agricultural Land,0.843,4.3,4.0,8.4
LC00038,19.939441,74.522197,Agricultural Land,0.257,19.5,4.3,5.0
LC00039,19.858352,74.402311,Urban/Built-up,0.299,3.5,4.5,97.2
LC00040,19.81082,74.442189,Agricultural Land,0.384,1.2,1.2,1.0
LC00041,19.847138,74.362076,Water Body,0.318,8.0,93.6,9.8
LC00042,19.897513,74.423094,Grassland,0.181,5.7,0.9,12.7
LC00043,19.87282,74.446388,Agricultural Land,0.245,16.0,2.9,10.1
LC00044,19.926471,74.471725,Agricultural Land,0.747,17.4,7.9,0.3
LC00045,19.940257,74.581393,Grassland,0.237,12.5,2.6,7.4
LC00046,19.907808,74.360846,Agricultural Land,0.673,8.1,4.9,2.0
LC00047,19.868914,74.48401,Agricultural Land,0.364,17.7,0.5,2.3
LC00048,19.91921,74.416503,Water Body,0.51,8.4,74.7,6.6
LC00049,19.935709,74.563205,Grassland,0.754,5.5,7.8,3.7
LC00050,19.802634,74.549751,Agricultural Land,0.932,14.7,6.0,7.0
LC00051,19.800485,74.550343,Forest/Grove,0.591,51.0,4.3,11.8
LC00052,19.870821,74.566469,Forest/Grove,0.307,58.2,0.6,6.2
LC00053,19.846495,74.442041,Urban/Built-up,0.482,19.9,4.4,50.7
LC00054,19.936397,74.53553,Barren/Fallow,0.8,3.7,0.7,4.4
LC00055,19.899424,74.47692,Agricultural Land,0.332,7.4,3.2,4.1
LC00056,19.837806,74.397723,Agricultural Land,0.846,17.7,7.9,9.0
LC00057,19.905502,74.478566,Barren/Fallow,0.298,9.9,7.3,12.7
LC00058,19.861164,74.510598,Grassland,0.116,8.4,3.1,5.1
LC00059,19.804735,74.54098,Forest/Grove,0.478,76.2,3.6,3.9
LC00060,19.919868,74.489516,Urban/Built-up,0.502,2.4,7.8,81.2
LC00061,19.941439,74.517128,Water Body,0.445,10.7,96.9,13.1
LC00062,19.820844,74.406017,Barren/Fallow,0.874,8.0,5.9,8.0
LC00063,19.949213,74.468856,Wetland,0.553,13.5,47.1,3.0
LC00064,19.804589,74.541902,Agricultural Land,0.255,15.6,5.7,1.5
LC00065,19.816463,74.386042,Agricultural Land,0.314,15.6,1.2,3.1
LC00066,19.947315,74.381484,Agricultural Land,0.529,3.2,6.4,5.2
LC00067,19.903676,74.424275,Agricultural Land,0.488,12.7,6.9,8.3
LC00068,19.833624,74.590337,Barren/Fallow,0.552,19.0,7.0,1.3
LC00069,19.921795,74.416689,Agricultural Land,0.122,15.2,7.9,4.2
LC00070,19.820293,74.455871,Agricultural Land,0.414,4.3,7.9,6.3
LC00071,19.88975,74.374043,Agricultural Land,0.792,12.2,7.3,5.4
LC00072,19.806908,74.534759,Agricultural Land,0.371,8.0,7.1,9.0
LC00073,19.888366,74.381341,Forest/Grove,0.147,64.3,2.2,3.1
LC00074,19.918891,74.360089,Urban/Built-up,0.478,19.7,5.9,80.9
LC00075,19.911438,74.471894,Agricultural Land,0.479,15.4,7.9,11.2
LC00076,19.820648,74.522027,Agricultural Land,0.534,11.8,2.7,0.3
LC00077,19.801015,74.53495,Grassland,0.376,11.1,3.4,3.6
LC00078,19.835484,74.494753,Barren/Fallow,0.514,16.9,1.1,8.0
LC00079,19.892483,74.420303,Grassland,0.793,8.9,5.0,8.9
LC00080,19.913588,74.52883,Agricultural Land,0.561,17.7,4.4,4.9
LC00081,19.937043,74.593652,Barren/Fallow,0.423,14.2,0.9,11.4
LC00082,19.884361,74.352535,Grassland,0.179,4.6,5.3,11.9
LC00083,19.876456,74.485921,Water Body,0.498,0.3,75.1,10.6
LC00084,19.914724,74.527063,Grassland,0.313,9.9,1.7,5.9
LC00085,19.815245,74.550122,Wetland,0.473,2.4,36.2,6.7
LC00086,19.84855,74.599065,Water Body,0.404,8.8,71.7,6.0
LC00087,19.924508,74.591613,Agricultural Land,0.739,5.4,7.0,10.4
LC00088,19.816669,74.360489,Agricultural Land,0.838,19.4,4.6,3.4
LC00089,19.890607,74.41432,Wetland,0.603,3.0,44.1,11.6
LC00090,19.812554,74.499086,Agricultural Land,0.73,5.9,5.0,9.5
LC00091,19.886824,74.461843,Agricultural Land,0.601,0.2,4.1,13.5
LC00092,19.934173,74.431622,Forest/Grove,0.334,40.6,1.5,1.2
LC00093,19.939447,74.496155,Grassland,0.626,10.5,6.8,11.7
LC00094,19.820954,74.566682,Agricultural Land,0.724,12.1,3.2,0.6
LC00095,19.808263,74.376283,Agricultural Land,0.713,13.1,0.7,11.2
LC00096,19.834391,74.46268,Agricultural Land,0.216,5.0,6.0,12.5
LC00097,19.880059,74.388745,Agricultural Land,0.35,4.9,5.2,4.8
LC00098,19.862349,74.47632,Barren/Fallow,0.223,8.1,6.4,10.0
LC00099,19.89867,74.367921,Barren/Fallow,0.625,5.9,2.3,5.6
LC00100,19.863555,74.485145,Water Body,0.42,14.6,84.0,13.6
LC00101,19.80851,74.429083,Agricultural Land,0.356,10.3,7.1,13.7
LC00102,19.911897,74.592075,Grassland,0.709,7.8,5.9,2.2
LC00103,19.942274,74.375228,Agricultural Land,0.685,17.8,5.6,2.5
LC00104,19.844713,74.364255,Grassland,0.418,2.1,8.0,10.1
LC00105,19.834865,74.465134,Wetland,0.176,9.0,57.6,6.5
LC00106,19.823512,74.579177,Forest/Grove,0.464,57.3,3.7,10.4
LC00107,19.866363,74.455726,Agricultural Land,0.623,14.1,2.0,11.5
LC00108,19.801326,74.514962,Wetland,0.478,3.4,58.6,10.6
LC00109,19.864898,74.397377,Agricultural Land,0.374,5.0,7.2,10.8
LC00110,19.935452,74.363341,Agricultural Land,0.499,2.3,5.0,5.8
LC00111,19.922924,74.417591,Forest/Grove,0.69,78.2,7.8,11.0
LC00112,19.832589,74.494215,Wetland,0.357,17.1,30.5,4.9
LC00113,19.860563,74.577558,Grassland,0.272,1.4,0.8,11.1
LC00114,19.938483,74.564192,Grassland,0.277,13.8,7.3,11.2
LC00115,19.886894,74.583347,Forest/Grove,0.66,66.3,2.4,5.7
LC00116,19.828345,74.543837,Agricultural Land,0.564,17.2,1.4,1.8
LC00117,19.863159,74.353831,Urban/Built-up,0.611,20.0,3.8,67.9
LC00118,19.811674,74.598309,Barren/Fallow,0.445,16.2,8.0,4.5
LC00119,19.903138,74.486582,Water Body,0.405,3.6,60.6,0.4
LC00120,19.820043,74.469396,Grassland,0.61,19.9,1.6,2.6
LC00121,19.868415,74.409592,Agricultural Land,0.46,1.5,0.7,3.9
LC00122,19.877797,74.421774,Agricultural Land,0.165,16.9,3.1,13.3
LC00123,19.878679,74.384816,Urban/Built-up,0.301,14.5,6.9,81.5
LC00124,19.908811,74.554792,Agricultural Land,0.348,3.9,7.0,14.7
LC00125,19.861837,74.591933,Barren/Fallow,0.645,4.6,0.4,3.0
LC00126,19.807574,74.355017,Agricultural Land,0.69,15.2,3.3,9.8
LC00127,19.929107,74.385524,Agricultural Land,0.583,5.5,0.5,11.3
LC00128,19.938553,74.413893,Agricultural Land,0.401,6.0,7.9,10.3
LC00129,19.811796,74.597387,Agricultural Land,0.093,0.2,7.1,5.6
LC00130,19.852511,74.559034,Agricultural Land,0.05,4.5,1.7,13.1
LC00131,19.866318,74.507441,Urban/Built-up,0.265,10.9,7.1,96.7
LC00132,19.832261,74.398383,Urban/Built-up,0.591,17.9,7.2,87.3
LC00133,19.943379,74.540869,Forest/Grove,0.374,83.5,0.4,13.9
LC00134,19.945421,74.395822,Agricultural Land,0.092,2.4,7.3,3.4
LC00135,19.891604,74.399912,Agricultural Land,0.292,14.9,1.0,4.0
LC00136,19.944622,74.445375,Agricultural Land,0.899,5.5,4.8,2.8
LC00137,19.925243,74.57228,Grassland,0.419,18.9,7.2,9.0
LC00138,19.848613,74.495109,Agricultural Land,0.582,10.1,0.5,5.9
LC00139,19.945262,74.532115,Agricultural Land,0.514,15.2,1.3,14.5
LC00140,19.837153,74.545124,Barren/Fallow,0.699,19.8,4.4,1.9
LC00141,19.8813,74.35035,Wetland,0.446,11.5,41.4,1.5
LC00142,19.897438,74.445991,Forest/Grove,0.571,72.9,1.2,12.1
LC00143,19.804902,74.4886,Urban/Built-up,0.426,3.5,0.3,83.2
LC00144,19.873271,74.507991,Water Body,0.54,8.1,81.6,8.1
LC00145,19.93158,74.554233,Agricultural Land,0.856,13.2,5.1,2.8
LC00146,19.877306,74.572677,Grassland,0.571,6.0,5.2,7.8
LC00147,19.891622,74.578148,Barren/Fallow,0.814,8.0,0.5,1.0
LC00148,19.942963,74.507748,Forest/Grove,0.721,87.4,7.0,9.2
LC00149,19.869026,74.512964,Agricultural Land,0.528,7.8,4.1,12.8
LC00150,19.902093,74.465463,Grassland,0.322,19.4,6.0,6.7
LC00151,19.854959,74.505917,Urban/Built-up,0.534,5.4,4.2,68.7
LC00152,19.838506,74.372422,Urban/Built-up,0.746,15.1,1.3,54.7
LC00153,19.931991,74.391971,Forest/Grove,0.108,54.5,4.6,10.8
LC00154,19.880416,74.486418,Forest/Grove,0.784,51.1,1.7,6.2
LC00155,19.930189,74.447641,Grassland,0.928,16.4,5.1,10.6
LC00156,19.911988,74.522662,Barren/Fallow,0.728,2.5,7.8,14.1
LC00157,19.911625,74.506249,Agricultural Land,0.321,3.6,4.6,8.5
LC00158,19.804554,74.482576,Agricultural Land,0.212,8.2,5.8,7.0
LC00159,19.868329,74.590677,Forest/Grove,0.63,63.8,6.6,4.5
LC00160,19.832025,74.513365,Urban/Built-up,0.265,5.2,1.8,93.9
LC00161,19.89132,74.376929,Grassland,0.563,11.8,0.4,9.4
LC00162,19.8457,74.350105,Forest/Grove,0.256,85.1,5.5,13.9
LC00163,19.822232,74.442644,Agricultural Land,0.341,16.5,2.5,12.0
LC00164,19.920684,74.427998,Wetland,0.724,13.0,28.3,10.6
LC00165,19.927531,74.481622,Agricultural Land,0.942,10.8,3.5,8.3
LC00166,19.90214,74.422079,Urban/Built-up,0.826,18.3,0.2,50.5
LC00167,19.922861,74.470986,Grassland,0.225,5.3,3.0,7.3
LC00168,19.897006,74.509545,Grassland,0.547,0.7,4.2,11.0
LC00169,19.841469,74.586835,Agricultural Land,0.788,9.0,1.9,11.5
LC00170,19.880884,74.372854,Forest/Grove,0.591,67.4,7.4,0.7
LC00171,19.835346,74.373964,Agricultural Land,0.695,5.8,0.1,11.6
LC00172,19.894252,74.566982,Urban/Built-up,0.712,6.3,5.4,91.8
LC00173,19.810307,74.491223,Agricultural Land,0.108,3.5,1.4,7.4
LC00174,19.834412,74.589486,Grassland,0.688,7.3,3.4,1.7
LC00175,19.937807,74.50052,Barren/Fallow,0.549,17.4,5.2,7.2
LC00176,19.842184,74.456197,Agricultural Land,0.549,7.7,4.0,4.2
LC00177,19.945563,74.525663,Urban/Built-up,0.589,12.0,0.8,88.4
LC00178,19.871759,74.364859,Grassland,0.079,6.2,1.5,14.1
LC00179,19.822261,74.583396,Forest/Grove,0.548,76.5,8.0,1.1
LC00180,19.857614,74.554121,Agricultural Land,0.589,2.3,1.5,2.7
LC00181,19.835463,74.383999,Urban/Built-up,0.569,10.8,0.5,64.0
LC00182,19.891827,74.421765,Wetland,0.227,19.5,40.6,7.2
LC00183,19.888432,74.532932,Agricultural Land,0.414,8.1,1.1,5.4
LC00184,19.855967,74.468715,Water Body,0.14,13.8,78.0,1.9
LC00185,19.872526,74.439774,Agricultural Land,0.935,19.6,1.2,14.3
LC00186,19.918095,74.41545,Agricultural Land,0.345,2.6,6.1,10.6
LC00187,19.890386,74.382357,Agricultural Land,0.648,10.3,1.7,1.6
LC00188,19.935273,74.580928,Forest/Grove,0.708,76.9,5.8,11.6
LC00189,19.914306,74.453522,Forest/Grove,0.665,42.8,2.6,2.0
LC00190,19.885639,74.364544,Agricultural Land,0.741,0.9,5.4,10.7
LC00191,19.914014,74.517998,Agricultural Land,0.297,17.9,5.7,3.8
LC00192,19.817682,74.440747,Forest/Grove,0.216,56.6,1.9,13.4
LC00193,19.840841,74.418521,Grassland,0.199,8.3,4.2,9.2
LC00194,19.938682,74.530197,Grassland,0.858,5.3,5.8,13.6
LC00195,19.865784,74.388675,Agricultural Land,0.427,19.5,2.5,3.6
LC00196,19.86206,74.40514,Agricultural Land,0.225,1.8,2.9,12.9
LC00197,19.853982,74.387266,Wetland,0.679,14.9,40.7,1.2
LC00198,19.903199,74.545366,Agricultural Land,0.655,5.8,5.6,2.1
LC00199,19.915932,74.433631,Agricultural Land,0.494,5.1,2.8,11.0
LC00200,19.942859,74.550761,Agricultural Land,0.582,6.7,7.3,6.1
LC00201,19.94907,74.358476,Forest/Grove,0.664,52.2,6.0,11.0
LC00202,19.8159,74.545489,Urban/Built-up,0.532,17.1,6.9,55.7
LC00203,19.920083,74.354181,Agricultural Land,0.039,7.3,3.4,13.0
LC00204,19.890526,74.428969,Agricultural Land,0.714,2.3,7.5,2.3
LC00205,19.848343,74.447587,Agricultural Land,0.418,11.2,7.7,4.0
LC00206,19.812177,74.466807,Agricultural Land,0.421,13.7,3.8,14.0
LC00207,19.893281,74.567951,Forest/Grove,0.134,85.9,0.6,8.0
LC00208,19.849375,74.461927,Agricultural Land,0.417,13.3,7.1,10.7
LC00209,19.819385,74.470366,Agricultural Land,0.42,6.0,1.2,9.6
LC00210,19.80817,74.596065,Agricultural Land,0.098,16.7,5.6,3.1
LC00211,19.823937,74.468261,Grassland,0.792,18.1,7.7,3.5
LC00212,19.848109,74.413275,Urban/Built-up,0.685,9.1,2.4,62.7
LC00213,19.821182,74.456584,Urban/Built-up,0.433,13.5,5.1,71.5
LC00214,19.86465,74.415293,Grassland,0.691,1.1,4.4,3.2
LC00215,19.836922,74.425424,Agricultural Land,0.675,1.9,4.4,3.4
LC00216,19.828721,74.528018,Urban/Built-up,0.393,19.4,0.9,56.8
LC00217,19.859034,74.420866,Agricultural Land,0.455,16.0,0.1,2.4
LC00218,19.821119,74.449584,Agricultural Land,0.534,8.7,1.6,9.2
LC00219,19.934993,74.464117,Barren/Fallow,0.665,8.8,3.2,2.1
LC00220,19.916841,74.573983,Agricultural Land,0.048,1.2,7.8,7.4
LC00221,19.917634,74.35257,Agricultural Land,0.806,18.7,0.9,7.3
LC00222,19.937886,74.41655,Agricultural Land,0.875,11.9,3.0,2.5
LC00223,19.803834,74.493286,Grassland,0.641,1.0,2.1,5.5
LC00224,19.861066,74.425311,Agricultural Land,0.59,18.5,0.2,14.0
LC00225,19.846923,74.414431,Agricultural Land,0.198,1.7,2.8,14.1
LC00226,19.87828,74.599022,Grassland,0.638,3.6,5.9,5.6
LC00227,19.891772,74.440991,Agricultural Land,0.83,18.1,5.7,5.3
LC00228,19.80513,74.473978,Grassland,0.868,9.0,1.1,14.5
LC00229,19.894921,74.454856,Agricultural Land,0.079,13.6,0.9,1.0
LC00230,19.882558,74.352848,Barren/Fallow,0.66,2.9,0.3,0.8
LC00231,19.940062,74.394672,Grassland,0.474,5.2,7.1,5.9
LC00232,19.818713,74.430575,Barren/Fallow,0.212,5.9,2.6,0.2
LC00233,19.804685,74.569127,Wetland,0.276,6.8,41.8,13.4
LC00234,19.830553,74.542783,Agricultural Land,0.197,1.2,4.1,14.9
LC00235,19.826938,74.539103,Forest/Grove,0.649,62.8,1.8,14.5
LC00236,19.823449,74.400364,Grassland,0.393,5.3,0.1,10.9
LC00237,19.890274,74.402982,Agricultural Land,0.583,10.7,6.8,6.4
LC00238,19.807225,74.57065,Agricultural Land,0.63,3.6,6.9,1.9
LC00239,19.813192,74.496276,Agricultural Land,0.293,4.5,6.1,13.1
LC00240,19.827472,74.393806,Agricultural Land,0.664,0.2,3.5,0.6
LC00241,19.820452,74.531732,Urban/Built-up,0.208,0.7,5.9,89.1
LC00242,19.837541,74.410879,Barren/Fallow,0.5,17.1,7.8,9.9
LC00243,19.855808,74.425234,Barren/Fallow,0.114,4.2,5.4,6.8
LC00244,19.935306,74.431465,Agricultural Land,0.976,19.0,2.7,3.4
LC00245,19.874333,74.374927,Agricultural Land,0.144,0.4,2.1,14.6
LC00246,19.80625,74.457319,Urban/Built-up,0.609,17.7,7.8,74.1
LC00247,19.885721,74.481798,Agricultural Land,0.334,18.2,1.6,11.8
LC00248,19.82206,74.414922,Agricultural Land,0.822,5.7,6.8,14.9
LC00249,19.842767,74.355337,Grassland,0.485,19.4,0.4,12.5
LC00250,19.932243,74.470668,Urban/Built-up,0.265,2.7,2.6,94.8
LC00251,19.892369,74.58144,Water Body,0.517,19.1,90.9,5.3
LC00252,19.81795,74.581165,Wetland,0.496,12.8,55.5,4.7
LC00253,19.819505,74.480705,Agricultural Land,0.667,13.4,7.4,14.9
LC00254,19.943539,74.415655,Grassland,0.212,5.1,7.2,1.9
LC00255,19.826838,74.358938,Agricultural Land,0.653,6.7,2.1,1.3
LC00256,19.910934,74.387557,Agricultural Land,0.607,2.5,5.6,5.1
LC00257,19.869053,74.501767,Agricultural Land,0.801,9.8,5.6,14.4
LC00258,19.866839,74.375428,Forest/Grove,0.277,88.9,1.4,0.1
LC00259,19.863976,74.475251,Urban/Built-up,0.664,8.8,0.2,100.0
LC00260,19.827509,74.387437,Urban/Built-up,0.411,17.4,4.6,99.5
LC00261,19.857976,74.455764,Forest/Grove,0.766,51.9,0.2,5.3
LC00262,19.842618,74.38765,Wetland,0.397,1.7,29.6,5.1
LC00263,19.834884,74.425212,Agricultural Land,0.86,6.6,3.2,10.9
LC00264,19.914966,74.486149,Agricultural Land,0.627,5.9,0.4,10.1
LC00265,19.895166,74.378775,Barren/Fallow,0.813,6.6,1.9,14.7
LC00266,19.925654,74.430432,Agricultural Land,0.724,10.2,0.4,14.1
LC00267,19.824624,74.368809,Grassland,0.156,5.5,5.8,3.8
LC00268,19.865559,74.554497,Agricultural Land,0.793,18.3,7.6,4.9
LC00269,19.831325,74.499855,Grassland,0.566,9.2,2.9,1.3
LC00270,19.860163,74.416577,Urban/Built-up,0.661,9.6,4.2,97.9
LC00271,19.820594,74.595425,Wetland,0.352,16.7,49.0,10.6
LC00272,19.879578,74.427646,Agricultural Land,0.763,12.7,6.8,8.4
LC00273,19.824935,74.386681,Agricultural Land,0.642,18.4,6.1,12.6
LC00274,19.945246,74.377649,Urban/Built-up,0.651,6.3,5.9,99.2
LC00275,19.877061,74.438822,Forest/Grove,0.22,85.4,1.0,2.8
LC00276,19.848583,74.448308,Wetland,0.645,8.6,46.3,0.2
LC00277,19.917422,74.5064,Grassland,0.314,18.0,7.9,13.6
LC00278,19.807781,74.465158,Agricultural Land,0.548,0.9,5.1,12.0
LC00279,19.943891,74.58876,Urban/Built-up,0.534,16.9,1.7,93.6
LC00280,19.899171,74.391236,Agricultural Land,0.616,12.2,7.0,0.0
LC00281,19.93686,74.410163,Water Body,0.922,11.7,85.1,6.4
LC00282,19.81007,74.469361,Grassland,0.59,10.4,2.4,2.1
LC00283,19.93487,74.445045,Agricultural Land,0.909,10.8,4.2,11.6
LC00284,19.840108,74.419399,Agricultural Land,0.349,11.7,5.0,6.4
LC00285,19.935323,74.373263,Grassland,0.331,12.7,6.7,6.8
LC00286,19.858232,74.552739,Urban/Built-up,0.602,6.4,7.5,94.1
LC00287,19.827677,74.514494,Agricultural Land,0.652,17.3,4.7,8.0
LC00288,19.866618,74.472906,Agricultural Land,0.263,2.0,5.4,3.6
LC00289,19.845908,74.516032,Forest/Grove,0.278,82.3,1.0,4.4
LC00290,19.931435,74.398185,Forest/Grove,0.588,44.4,4.7,12.5
LC00291,19.842857,74.51101,Water Body,0.504,15.7,73.3,9.4
LC00292,19.816776,74.54274,Wetland,0.693,3.6,42.2,10.2
LC00293,19.937128,74.479942,Agricultural Land,0.701,10.1,7.3,5.7
LC00294,19.841555,74.445471,Agricultural Land,0.309,11.1,3.8,10.3
LC00295,19.939535,74.364825,Forest/Grove,0.702,66.5,2.5,6.8
LC00296,19.916075,74.441414,Forest/Grove,0.567,60.2,7.6,11.5
LC00297,19.883305,74.569994,Urban/Built-up,0.344,4.1,7.3,97.2
LC00298,19.882585,74.403735,Urban/Built-up,0.047,9.8,1.8,92.6
LC00299,19.857745,74.476311,Forest/Grove,0.318,67.8,2.8,9.0
LC00300,19.807029,74.390246,Agricultural Land,0.295,5.8,0.3,14.9
LC00301,19.827114,74.466843,Grassland,0.637,18.7,6.0,11.3
LC00302,19.809924,74.573224,Agricultural Land,0.251,9.9,5.0,9.2
LC00303,19.915501,74.42444,Agricultural Land,0.355,14.6,6.8,6.9
LC00304,19.908295,74.593426,Agricultural Land,0.884,1.9,0.9,13.8
LC00305,19.916581,74.400974,Agricultural Land,0.594,3.3,6.2,8.4
LC00306,19.804586,74.450457,Urban/Built-up,0.729,2.8,0.8,95.9
LC00307,19.8259,74.403716,Agricultural Land,0.459,10.7,5.8,12.9
LC00308,19.814515,74.495455,Agricultural Land,0.649,6.2,3.4,10.4
LC00309,19.872389,74.353452,Agricultural Land,0.25,4.5,2.0,8.5
LC00310,19.824928,74.473582,Agricultural Land,0.911,10.0,3.8,7.0
LC00311,19.889965,74.433466,Forest/Grove,0.396,70.5,6.6,8.9
LC00312,19.870198,74.544894,Agricultural Land,0.813,2.3,3.5,7.6
LC00313,19.801581,74.37817,Agricultural Land,0.685,0.4,7.8,7.5
LC00314,19.812851,74.438349,Agricultural Land,0.445,17.5,1.1,14.2
LC00315,19.819886,74.569253,Agricultural Land,0.782,4.3,2.1,4.2
LC00316,19.845875,74.463887,Forest/Grove,0.219,79.2,4.5,13.2
LC00317,19.811657,74.555646,Forest/Grove,0.16,84.0,4.1,1.8
LC00318,19.848944,74.535646,Agricultural Land,0.467,6.8,3.3,9.6
LC00319,19.885855,74.535906,Agricultural Land,0.399,0.8,7.6,6.2
LC00320,19.804061,74.597411,Agricultural Land,0.485,2.4,7.3,11.8
LC00321,19.880352,74.461067,Agricultural Land,0.464,3.3,3.1,1.1
LC00322,19.810102,74.49822,Grassland,0.216,8.2,2.1,0.7
LC00323,19.913739,74.500567,Urban/Built-up,0.85,2.0,6.4,61.0
LC00324,19.800362,74.578793,Agricultural Land,0.488,11.7,1.5,14.2
LC00325,19.881671,74.562424,Forest/Grove,0.465,85.2,7.4,7.2
LC00326,19.894447,74.402747,Barren/Fallow,0.194,14.0,6.4,0.2
LC00327,19.87803,74.363254,Agricultural Land,0.567,1.1,3.9,9.6
LC00328,19.844148,74.393269,Agricultural Land,0.411,1.3,0.7,9.5
LC00329,19.813614,74.593866,Grassland,0.489,15.3,6.9,2.5
LC00330,19.810247,74.388982,Agricultural Land,0.25,11.8,1.8,6.2
LC00331,19.920918,74.488413,Agricultural Land,0.394,9.7,6.8,6.1
LC00332,19.942614,74.404365,Agricultural Land,0.716,11.6,1.0,6.0
LC00333,19.82156,74.379969,Agricultural Land,0.617,17.7,1.6,7.9
LC00334,19.819169,74.488262,Agricultural Land,0.606,1.7,5.1,11.8
LC00335,19.820419,74.505262,Urban/Built-up,0.473,15.3,7.4,60.2
LC00336,19.880508,74.467187,Urban/Built-up,0.823,14.7,5.2,68.7
LC00337,19.894686,74.45064,Urban/Built-up,0.635,2.5,1.7,95.4
LC00338,19.8107,74.462946,Agricultural Land,0.38,8.6,0.4,8.3
LC00339,19.883054,74.459804,Agricultural Land,0.855,6.3,3.2,1.3
LC00340,19.913804,74.366507,Agricultural Land,0.824,8.2,6.6,12.4
LC00341,19.941141,74.520266,Grassland,0.353,10.6,6.5,3.7
LC00342,19.828205,74.356851,Wetland,0.564,9.3,47.9,5.1
LC00343,19.8575,74.536703,Agricultural Land,0.827,8.4,2.9,2.2
LC00344,19.913057,74.534435,Agricultural Land,0.579,12.3,1.4,11.6
LC00345,19.899304,74.52402,Wetland,0.615,13.8,43.3,1.5
LC00346,19.855991,74.452506,Agricultural Land,0.906,16.9,7.5,8.4
LC00347,19.943377,74.565223,Water Body,0.545,5.4,71.8,11.6
LC00348,19.94594,74.434156,Urban/Built-up,0.76,18.2,0.5,61.4
LC00349,19.84366,74.433127,Agricultural Land,0.446,11.4,4.8,11.5
LC00350,19.805437,74.582236,Forest/Grove,0.502,61.6,1.6,14.8
LC00351,19.927206,74.403675,Agricultural Land,0.582,8.9,7.8,2.0
LC00352,19.80388,74.533707,Agricultural Land,0.657,18.2,6.0,14.6
LC00353,19.865322,74.576892,Agricultural Land,0.407,4.2,1.1,7.4
LC00354,19.84785,74.501161,Wetland,0.46,12.2,49.9,13.6
LC00355,19.926241,74.358263,Water Body,0.4,7.3,82.8,7.6
LC00356,19.814968,74.550893,Agricultural Land,0.385,17.1,1.0,6.5
LC00357,19.905392,74.480762,Agricultural Land,0.556,12.0,7.7,14.8
LC00358,19.914364,74.492878,Urban/Built-up,0.432,11.1,4.6,77.3
LC00359,19.913358,74.485141,Grassland,0.183,13.2,1.8,5.6
LC00360,19.904135,74.357352,Wetland,0.385,3.0,37.8,7.3
LC00361,19.928247,74.589236,Agricultural Land,0.165,6.4,3.3,9.0
LC00362,19.921506,74.419887,Wetland,0.745,15.9,47.7,8.1
LC00363,19.892896,74.358094,Agricultural Land,0.2,9.2,2.0,14.2
LC00364,19.83859,74.453081,Agricultural Land,0.62,18.4,6.2,5.9
LC00365,19.806268,74.499621,Agricultural Land,0.552,18.0,2.6,11.1
LC00366,19.919638,74.514535,Forest/Grove,0.115,82.5,3.4,12.6
LC00367,19.914243,74.582345,Agricultural Land,0.67,4.0,2.3,6.5
LC00368,19.913206,74.465754,Urban/Built-up,0.869,12.3,2.6,57.8
LC00369,19.905274,74.479112,Agricultural Land,0.44,8.9,3.3,7.2
LC00370,19.900579,74.568325,Agricultural Land,0.311,2.8,0.1,1.3
LC00371,19.842083,74.507594,Urban/Built-up,0.287,0.9,7.9,87.6
LC00372,19.856846,74.598316,Agricultural Land,0.582,3.7,3.9,6.7
LC00373,19.893463,74.350668,Forest/Grove,0.465,53.3,7.3,2.1
LC00374,19.853341,74.404015,Barren/Fallow,0.447,7.7,7.8,1.0
LC00375,19.847155,74.358789,Agricultural Land,0.866,16.0,0.9,12.3
LC00376,19.869239,74.426022,Agricultural Land,0.385,1.2,5.9,10.2
LC00377,19.935924,74.523292,Urban/Built-up,0.74,0.5,3.2,89.2
LC00378,19.854224,74.50626,Wetland,0.651,16.5,24.9,12.7
LC00379,19.880763,74.39716,Forest/Grove,0.524,58.7,6.2,7.2
LC00380,19.936871,74.454251,Urban/Built-up,0.186,0.1,1.2,82.4
LC00381,19.844789,74.522377,Urban/Built-up,0.467,11.9,5.3,71.9
LC00382,19.926824,74.582162,Wetland,0.8,13.0,32.1,5.5
LC00383,19.870449,74.42838,Water Body,0.617,19.8,85.4,3.1
LC00384,19.892441,74.390234,Grassland,0.837,17.9,0.8,9.9
LC00385,19.814785,74.520249,Grassland,0.973,5.2,1.9,13.8
LC00386,19.911512,74.518684,Water Body,0.629,7.6,81.6,9.4
LC00387,19.885911,74.545677,Agricultural Land,0.546,8.5,0.2,1.5
LC00388,19.900186,74.402495,Wetland,0.967,14.1,48.2,1.3
LC00389,19.935574,74.580335,Wetland,0.751,18.8,48.4,14.2
LC00390,19.845769,74.381341,Urban/Built-up,0.592,6.7,3.6,56.8
LC00391,19.845599,74.366514,Water Body,0.438,4.5,95.9,11.5
LC00392,19.914379,74.515864,Forest/Grove,0.307,78.5,5.6,9.7
LC00393,19.912473,74.564087,Grassland,0.777,11.7,1.6,11.0
LC00394,19.839484,74.371687,Forest/Grove,0.356,58.2,5.0,11.2
LC00395,19.899816,74.390773,Agricultural Land,0.85,0.7,4.6,13.1
LC00396,19.856659,74.453906,Grassland,0.566,6.9,2.3,5.3
LC00397,19.933301,74.573017,Urban/Built-up,0.254,2.8,5.4,54.6
LC00398,19.815613,74.570326,Barren/Fallow,0.149,8.1,5.3,6.2
LC00399,19.824631,74.435832,Agricultural Land,0.211,19.6,0.2,10.5
LC00400,19.833498,74.373104,Agricultural Land,0.827,14.9,2.9,14.0
LC00401,19.836238,74.536099,Agricultural Land,0.95,1.6,6.1,2.0
LC00402,19.858981,74.426911,Agricultural Land,0.291,18.1,6.2,14.6
LC00403,19.849024,74.439569,Agricultural Land,0.312,3.8,4.5,13.0
LC00404,19.904797,74.524737,Grassland,0.393,8.1,0.7,0.4
LC00405,19.924168,74.593114,Forest/Grove,0.963,79.7,7.4,8.8
LC00406,19.929681,74.477127,Agricultural Land,0.458,11.4,1.0,10.5
LC00407,19.821418,74.529956,Agricultural Land,0.599,14.0,5.8,12.6
LC00408,19.92913,74.518793,Barren/Fallow,0.833,10.5,5.8,8.2
LC00409,19.889621,74.41417,Water Body,0.57,18.6,83.7,12.9
LC00410,19.90446,74.500944,Grassland,0.413,14.1,3.4,4.8
LC00411,19.825462,74.352273,Urban/Built-up,0.774,18.3,5.3,88.4
LC00412,19.928149,74.559827,Barren/Fallow,0.834,12.8,2.3,7.8
LC00413,19.938626,74.485346,Wetland,0.748,9.3,51.2,8.4
LC00414,19.920122,74.48601,Agricultural Land,0.854,8.8,2.7,0.3
LC00415,19.87205,74.369494,Agricultural Land,0.742,7.6,3.9,8.4
LC00416,19.88562,74.378521,Agricultural Land,0.496,9.0,6.3,3.0
LC00417,19.808614,74.551902,Agricultural Land,0.881,17.6,3.7,14.5
LC00418,19.857802,74.468799,Agricultural Land,0.885,17.2,5.6,3.4
LC00419,19.818989,74.416244,Agricultural Land,0.677,19.9,1.2,1.0
LC00420,19.93214,74.470159,Grassland,0.384,15.5,7.9,2.9
LC00421,19.920396,74.486682,Wetland,0.741,18.6,43.8,8.9
LC00422,19.906956,74.367681,Agricultural Land,0.669,2.3,6.0,7.8
LC00423,19.831454,74.522461,Agricultural Land,0.288,12.2,5.6,1.0
LC00424,19.811853,74.392352,Grassland,0.434,12.0,4.9,4.9
LC00425,19.864978,74.433854,Urban/Built-up,0.338,4.9,1.8,50.7
LC00426,19.921758,74.443776,Forest/Grove,0.56,45.0,6.9,13.9
LC00427,19.897648,74.592694,Barren/Fallow,0.412,9.3,4.1,1.4
LC00428,19.845356,74.487848,Barren/Fallow,0.079,7.9,7.9,4.2
LC00429,19.942408,74.36923,Grassland,0.211,7.1,7.4,11.9
LC00430,19.927338,74.488723,Urban/Built-up,0.476,11.5,6.8,64.7
LC00431,19.940185,74.457297,Urban/Built-up,0.431,7.5,0.7,51.5
LC00432,19.895762,74.369626,Urban/Built-up,0.692,0.0,7.6,76.4
LC00433,19.948468,74.520018,Agricultural Land,0.336,16.1,7.6,2.3
LC00434,19.825805,74.377892,Agricultural Land,0.371,1.8,2.4,6.5
LC00435,19.866725,74.391477,Agricultural Land,0.697,11.9,2.8,2.1
LC00436,19.880179,74.576316,Urban/Built-up,0.759,19.1,0.6,62.7
LC00437,19.902803,74.500683,Water Body,0.646,17.3,71.1,13.8
LC00438,19.834411,74.453316,Wetland,0.838,4.9,43.8,4.8
LC00439,19.855386,74.364167,Water Body,0.437,4.1,71.2,8.3
LC00440,19.909002,74.427399,Grassland,0.762,1.2,0.5,0.7
LC00441,19.803608,74.418144,Agricultural Land,0.56,10.8,6.2,0.2
LC00442,19.880768,74.57885,Agricultural Land,0.248,0.0,5.2,11.7
LC00443,19.918133,74.376456,Urban/Built-up,0.701,3.4,0.0,61.4
LC00444,19.909685,74.519264,Agricultural Land,0.415,14.8,1.6,13.3
LC00445,19.91436,74.517594,Urban/Built-up,0.166,2.8,4.6,96.9
LC00446,19.805113,74.4542,Grassland,0.779,18.7,3.8,2.3
LC00447,19.842052,74.565858,Water Body,0.836,17.5,94.1,8.7
LC00448,19.879552,74.569792,Barren/Fallow,0.28,13.2,4.0,10.5
LC00449,19.933639,74.427362,Urban/Built-up,0.6,1.4,4.8,94.9
LC00450,19.865782,74.552115,Agricultural Land,0.789,1.7,2.2,0.5
LC00451,19.831909,74.523793,Agricultural Land,0.167,7.7,0.2,6.5
LC00452,19.83949,74.573978,Agricultural Land,0.313,8.8,3.9,3.6
LC00453,19.948289,74.356178,Grassland,0.817,8.5,5.9,5.0
LC00454,19.883599,74.5948,Grassland,0.499,5.5,5.1,14.4
LC00455,19.939465,74.524085,Barren/Fallow,0.644,8.0,7.2,9.6
LC00456,19.886575,74.360189,Agricultural Land,0.174,2.3,1.5,2.8
LC00457,19.830918,74.57102,Forest/Grove,0.846,84.1,6.9,3.7
LC00458,19.93945,74.506597,Forest/Grove,0.391,49.8,5.0,3.1
LC00459,19.853578,74.46801,Grassland,0.793,7.5,7.3,10.0
LC00460,19.907667,74.481809,Agricultural Land,0.306,8.5,7.3,4.3
LC00461,19.841489,74.383628,Agricultural Land,0.777,18.3,2.6,2.0
LC00462,19.845492,74.408585,Agricultural Land,0.115,3.5,7.8,10.1
LC00463,19.811814,74.521472,Agricultural Land,0.225,12.3,1.8,14.4
LC00464,19.940338,74.44045,Agricultural Land,0.4,18.5,0.2,4.6
LC00465,19.837225,74.393489,Agricultural Land,0.812,11.5,6.1,8.5
LC00466,19.827782,74.452402,Agricultural Land,0.34,19.9,2.3,13.4
LC00467,19.844181,74.513485,Forest/Grove,0.2,66.9,6.8,12.3
LC00468,19.883576,74.511369,Grassland,0.506,18.1,7.7,0.7
LC00469,19.937046,74.49805,Agricultural Land,0.594,10.6,1.1,12.6
LC00470,19.898183,74.357055,Barren/Fallow,0.917,11.5,7.1,12.3
LC00471,19.821682,74.401898,Agricultural Land,0.354,10.4,3.2,4.0
LC00472,19.938113,74.363401,Grassland,0.653,1.2,5.7,14.0
LC00473,19.917715,74.551318,Agricultural Land,0.205,8.7,1.0,11.9
LC00474,19.902773,74.350604,Urban/Built-up,0.72,18.4,5.0,80.1
LC00475,19.873854,74.35656,Wetland,0.386,4.0,56.3,12.5
LC00476,19.881781,74.572022,Agricultural Land,0.159,6.5,2.8,6.2
LC00477,19.857218,74.571775,Barren/Fallow,0.133,15.9,7.3,10.6
LC00478,19.879202,74.478184,Grassland,0.695,5.9,6.4,9.4
LC00479,19.820096,74.41005,Agricultural Land,0.568,2.8,5.9,7.1
LC00480,19.824297,74.591128,Urban/Built-up,0.861,7.1,2.7,84.7
LC00481,19.843705,74.52521,Agricultural Land,0.86,5.7,4.3,1.4
LC00482,19.916271,74.422497,Grassland,0.524,9.7,7.9,1.4
LC00483,19.874898,74.397945,Wetland,0.514,5.5,44.4,3.0
LC00484,19.882877,74.512112,Wetland,0.192,18.7,47.1,1.5
LC00485,19.947443,74.528221,Grassland,0.312,17.0,0.9,5.9
LC00486,19.854946,74.36295,Grassland,0.604,13.1,4.1,12.9
LC00487,19.873358,74.3703,Forest/Grove,0.456,87.6,3.9,5.9
LC00488,19.872271,74.587293,Urban/Built-up,0.783,12.5,4.1,83.2
LC00489,19.843206,74.438104,Forest/Grove,0.261,40.8,7.1,6.0
LC00490,19.889543,74.422261,Agricultural Land,0.904,6.2,5.9,11.3
LC00491,19.843416,74.541719,Wetland,0.881,16.9,26.0,12.7
LC00492,19.884869,74.562774,Grassland,0.559,16.8,1.7,10.7
LC00493,19.913557,74.451317,Grassland,0.273,6.4,7.0,1.8
LC00494,19.917392,74.466783,Urban/Built-up,0.302,9.9,3.1,82.4
LC00495,19.877077,74.560849,Barren/Fallow,0.014,15.5,0.2,6.0
LC00496,19.947836,74.433306,Grassland,0.754,5.2,7.0,5.1
LC00497,19.903255,74.541066,Agricultural Land,0.526,5.5,1.0,1.6
LC00498,19.912618,74.359408,Water Body,0.264,3.2,62.0,11.6
LC00499,19.894006,74.48417,Grassland,0.358,14.9,3.9,6.5
LC00500,19.939532,74.576079,Agricultural Land,0.507,12.1,0.8,0.1
LC00501,19.933183,74.514929,Agricultural Land,0.52,10.6,4.5,3.9
LC00502,19.926031,74.539468,Agricultural Land,0.607,0.1,4.2,5.2
LC00503,19.82982,74.491306,Wetland,0.411,18.6,54.0,14.5
LC00504,19.915835,74.583587,Agricultural Land,0.799,14.8,5.2,6.9
LC00505,19.896505,74.593229,Forest/Grove,0.517,61.4,7.6,8.9
LC00506,19.808524,74.443648,Grassland,0.157,1.0,7.0,8.1
LC00507,19.847779,74.580716,Barren/Fallow,0.604,5.8,3.0,1.9
LC00508,19.850608,74.558616,Grassland,0.539,7.6,4.3,10.9
LC00509,19.906798,74.451673,Agricultural Land,0.768,13.7,4.2,14.8
LC00510,19.834868,74.358302,Forest/Grove,0.79,81.8,1.4,2.7
LC00511,19.838859,74.485335,Barren/Fallow,0.568,3.1,7.6,8.8
LC00512,19.920329,74.544797,Urban/Built-up,0.31,7.4,0.5,58.2
LC00513,19.911313,74.503772,Agricultural Land,0.138,10.0,1.7,12.0
LC00514,19.915192,74.509647,Grassland,0.869,13.8,5.1,8.9
LC00515,19.940236,74.405126,Agricultural Land,0.197,13.1,0.4,0.8
LC00516,19.879493,74.553675,Agricultural Land,0.553,14.9,4.3,6.7
LC00517,19.949629,74.584104,Agricultural Land,0.586,11.7,7.1,10.3
LC00518,19.921021,74.558518,Urban/Built-up,0.653,15.2,6.4,96.0
LC00519,19.916021,74.371213,Agricultural Land,0.498,18.7,5.0,2.1
LC00520,19.82347,74.56049,Agricultural Land,0.286,15.9,1.0,9.5
LC00521,19.845831,74.462542,Wetland,0.778,0.6,45.1,14.0
LC00522,19.917674,74.450506,Agricultural Land,0.397,10.5,5.7,3.4
LC00523,19.824725,74.494744,Agricultural Land,0.353,15.4,3.1,3.8
LC00524,19.827617,74.529325,Agricultural Land,0.793,13.0,2.3,4.2
LC00525,19.921976,74.437359,Wetland,0.597,0.8,58.4,8.8
LC00526,19.835749,74.512225,Wetland,0.671,5.9,47.6,3.0
LC00527,19.918766,74.360355,Agricultural Land,0.289,5.7,4.1,3.6
LC00528,19.872981,74.543245,Agricultural Land,0.273,17.8,0.8,8.9
LC00529,19.823746,74.3668,Urban/Built-up,0.765,16.9,0.9,82.2
LC00530,19.923107,74.368936,Barren/Fallow,0.412,2.2,7.1,3.9
LC00531,19.809027,74.511673,Agricultural Land,0.715,2.6,5.3,4.7
LC00532,19.910588,74.540475,Urban/Built-up,0.475,0.5,3.6,53.8
LC00533,19.931355,74.511857,Agricultural Land,0.706,4.6,0.9,4.4
LC00534,19.884885,74.427291,Urban/Built-up,0.396,5.0,3.6,99.8
LC00535,19.91776,74.435798,Wetland,0.266,5.7,59.6,1.5
LC00536,19.87316,74.431748,Agricultural Land,0.466,19.7,7.7,12.2
LC00537,19.833344,74.414778,Grassland,0.558,13.0,5.3,1.8
LC00538,19.807414,74.394564,Grassland,0.379,6.5,7.8,12.1
LC00539,19.879021,74.499038,Agricultural Land,0.464,4.7,0.6,11.9
LC00540,19.80503,74.366148,Barren/Fallow,0.279,0.1,5.0,9.5
LC00541,19.830663,74.528086,Forest/Grove,0.479,60.0,5.7,6.5
LC00542,19.91981,74.568922,Agricultural Land,0.746,19.5,2.2,9.6
LC00543,19.848484,74.505287,Grassland,0.876,14.9,5.8,5.2
LC00544,19.87364,74.436149,Wetland,0.143,1.3,32.7,2.5
LC00545,19.805035,74.359437,Grassland,0.819,6.5,7.1,0.9
LC00546,19.880876,74.492391,Agricultural Land,0.401,1.9,6.1,4.2
LC00547,19.80348,74.571627,Agricultural Land,0.324,7.4,1.7,0.1
LC00548,19.893745,74.497265,Wetland,0.677,9.9,33.6,9.9
LC00549,19.872157,74.500677,Grassland,0.773,12.5,3.3,8.9
LC00550,19.878237,74.393327,Grassland,0.816,0.6,2.7,7.3
LC00551,19.931721,74.390703,Urban/Built-up,0.437,19.3,6.1,68.0
LC00552,19.813917,74.45194,Urban/Built-up,0.132,18.7,5.3,93.5
LC00553,19.840742,74.584479,Barren/Fallow,0.315,3.6,1.9,6.7
LC00554,19.827514,74.403184,Forest/Grove,0.368,82.5,6.1,2.0
LC00555,19.818633,74.511003,Agricultural Land,0.555,8.0,2.4,13.0
LC00556,19.819782,74.422938,Agricultural Land,0.364,7.5,6.6,4.1
LC00557,19.876554,74.577134,Agricultural Land,0.51,8.8,3.8,7.6
LC00558,19.83665,74.474116,Agricultural Land,0.335,18.0,5.3,2.9
LC00559,19.920281,74.536546,Grassland,0.749,6.0,0.9,13.4
LC00560,19.889602,74.565323,Grassland,0.863,1.7,4.1,13.9
LC00561,19.834777,74.460447,Grassland,0.425,5.8,2.8,9.0
LC00562,19.89838,74.535424,Agricultural Land,0.32,15.6,2.8,12.7
LC00563,19.837624,74.486919,Grassland,0.695,16.5,5.0,11.4
LC00564,19.92283,74.52633,Barren/Fallow,0.81,0.1,3.3,10.6
LC00565,19.869165,74.3862,Agricultural Land,0.575,10.1,3.0,0.2
LC00566,19.836584,74.392431,Barren/Fallow,0.224,16.6,8.0,3.9
LC00567,19.860464,74.594023,Forest/Grove,0.33,51.5,3.2,8.3
LC00568,19.804926,74.388086,Grassland,0.433,7.8,1.9,10.8
LC00569,19.88815,74.54029,Barren/Fallow,0.535,4.1,2.0,5.3
LC00570,19.876944,74.358685,Agricultural Land,0.597,19.4,3.2,8.4
LC00571,19.938052,74.417381,Agricultural Land,0.207,14.9,6.0,2.0
LC00572,19.821745,74.438503,Grassland,0.5,3.4,5.7,6.5
LC00573,19.918525,74.577891,Urban/Built-up,0.122,18.2,4.2,99.4
LC00574,19.869201,74.400845,Agricultural Land,0.773,10.5,4.4,2.0
LC00575,19.849932,74.594497,Water Body,0.543,6.6,62.9,0.6
LC00576,19.902051,74.381311,Forest/Grove,0.069,71.4,6.5,7.7
LC00577,19.924842,74.398817,Agricultural Land,0.413,6.6,0.2,4.5
LC00578,19.869239,74.449418,Grassland,0.634,9.9,0.4,0.1
LC00579,19.874259,74.484146,Grassland,0.428,0.7,3.6,10.5
LC00580,19.940878,74.471449,Agricultural Land,0.461,3.1,4.6,11.9
LC00581,19.803853,74.451588,Grassland,0.961,18.1,1.1,14.2
LC00582,19.872378,74.560857,Agricultural Land,0.118,12.3,1.7,7.4
LC00583,19.931814,74.570153,Water Body,0.599,7.0,60.4,3.8
LC00584,19.912799,74.367037,Water Body,0.132,4.3,86.4,2.2
LC00585,19.910047,74.400039,Forest/Grove,0.45,78.7,2.9,10.7
LC00586,19.93781,74.367484,Agricultural Land,0.57,5.2,0.0,3.7
LC00587,19.820456,74.510477,Agricultural Land,0.342,19.5,4.4,6.0
LC00588,19.882504,74.453096,Urban/Built-up,0.373,3.3,3.0,59.5
LC00589,19.815274,74.503392,Agricultural Land,0.457,16.4,3.5,1.8
LC00590,19.858934,74.55904,Barren/Fallow,0.809,3.3,2.8,8.4
LC00591,19.912717,74.500738,Wetland,0.49,4.4,36.6,1.0
LC00592,19.927172,74.353401,Agricultural Land,0.383,13.1,6.8,1.9
LC00593,19.85383,74.435669,Agricultural Land,0.138,3.7,5.1,14.9
LC00594,19.808871,74.374869,Barren/Fallow,0.782,10.7,6.9,11.7
LC00595,19.947885,74.418773,Forest/Grove,0.961,50.1,7.5,0.0
LC00596,19.808142,74.596055,Urban/Built-up,0.798,13.6,0.8,70.1
LC00597,19.822905,74.39427,Forest/Grove,0.488,67.7,7.2,12.5
LC00598,19.887358,74.562815,Water Body,0.773,1.6,78.5,7.6
LC00599,19.807149,74.511313,Agricultural Land,0.404,17.7,2.4,11.3
LC00600,19.941348,74.555627,Agricultural Land,0.407,15.2,2.8,10.3
LC00601,19.936656,74.507206,Agricultural Land,0.097,5.4,1.0,10.8
LC00602,19.939374,74.486136,Agricultural Land,0.742,9.0,0.6,8.0
LC00603,19.865294,74.510997,Forest/Grove,0.196,54.2,0.1,12.1
LC00604,19.919644,74.389861,Grassland,0.118,9.8,5.3,2.5
LC00605,19.802139,74.425317,Agricultural Land,0.256,3.0,0.2,7.7
LC00606,19.878255,74.59437,Forest/Grove,0.342,41.8,1.3,9.8
LC00607,19.855634,74.477832,Urban/Built-up,0.755,3.6,3.6,61.3
LC00608,19.91117,74.52645,Agricultural Land,0.148,1.2,1.4,7.6
LC00609,19.82619,74.458115,Agricultural Land,0.137,18.6,6.2,10.3
LC00610,19.931927,74.393047,Wetland,0.197,11.3,24.5,9.8
LC00611,19.907854,74.590794,Water Body,0.893,11.6,74.1,3.4
LC00612,19.88286,74.371392,Agricultural Land,0.436,7.2,0.9,15.0
LC00613,19.894485,74.516897,Forest/Grove,0.642,40.5,8.0,3.7
LC00614,19.82068,74.398333,Grassland,0.226,7.0,3.8,6.9
LC00615,19.868392,74.389317,Agricultural Land,0.263,14.8,3.2,7.2
LC00616,19.927197,74.536601,Urban/Built-up,0.619,11.2,4.2,81.9
LC00617,19.860021,74.517935,Grassland,0.353,11.6,7.3,0.8
LC00618,19.827436,74.538624,Grassland,0.808,7.4,2.9,10.0
LC00619,19.81743,74.509886,Water Body,0.477,19.8,89.8,7.0
LC00620,19.809567,74.594043,Agricultural Land,0.211,16.0,4.7,4.3
LC00621,19.931129,74.511493,Grassland,0.376,15.6,6.1,3.6
LC00622,19.911856,74.396687,Agricultural Land,0.123,3.0,7.0,0.3
LC00623,19.827127,74.360152,Grassland,0.558,11.5,3.8,8.9
LC00624,19.863785,74.476873,Agricultural Land,0.504,3.0,5.6,12.5
LC00625,19.942858,74.455836,Water Body,0.263,4.7,69.5,6.4
LC00626,19.922051,74.499657,Forest/Grove,0.291,94.5,6.9,13.4
LC00627,19.811522,74.35121,Forest/Grove,0.498,41.2,5.6,2.1
LC00628,19.873067,74.37177,Urban/Built-up,0.403,15.3,0.1,87.3
LC00629,19.869493,74.364262,Agricultural Land,0.79,0.3,7.0,4.8
LC00630,19.850751,74.394773,Agricultural Land,0.271,11.5,5.3,8.0
LC00631,19.806669,74.466675,Urban/Built-up,0.484,16.8,3.5,98.5
LC00632,19.846024,74.355598,Agricultural Land,0.765,18.8,7.6,0.5
LC00633,19.843746,74.512192,Water Body,0.167,11.0,88.9,4.1
LC00634,19.934257,74.499626,Water Body,0.701,13.3,76.6,11.4
LC00635,19.845613,74.545949,Agricultural Land,0.274,16.8,1.4,11.2
LC00636,19.809606,74.455619,Urban/Built-up,0.879,18.3,7.0,97.8
LC00637,19.946929,74.350479,Agricultural Land,0.713,4.4,6.0,0.9
LC00638,19.92198,74.475904,Agricultural Land,0.5,14.2,5.0,0.4
LC00639,19.831369,74.507714,Barren/Fallow,0.578,16.6,2.6,2.2
LC00640,19.94233,74.548396,Urban/Built-up,0.184,15.6,4.9,80.9
LC00641,19.945717,74.419226,Agricultural Land,0.232,19.5,0.3,2.5
LC00642,19.802868,74.577907,Agricultural Land,0.227,18.8,0.8,8.4
LC00643,19.820319,74.598728,Agricultural Land,0.316,12.5,7.8,14.0
LC00644,19.846059,74.597787,Wetland,0.417,5.5,39.3,14.8
LC00645,19.916207,74.588428,Agricultural Land,0.36,7.3,7.6,9.4
LC00646,19.80847,74.579571,Agricultural Land,0.739,1.8,0.7,9.7
LC00647,19.802981,74.580548,Wetland,0.561,5.3,49.1,12.2
LC00648,19.931142,74.524873,Grassland,0.127,0.3,4.0,8.4
LC00649,19.91376,74.534151,Agricultural Land,0.254,12.0,4.4,3.7
LC00650,19.82419,74.470279,Forest/Grove,0.594,76.9,0.7,12.8
LC00651,19.859766,74.369018,Agricultural Land,0.378,19.7,2.6,13.4
LC00652,19.802403,74.385209,Wetland,0.497,11.5,21.8,11.9
LC00653,19.802184,74.500018,Wetland,0.373,11.4,41.1,3.1
LC00654,19.856625,74.518892,Urban/Built-up,0.595,12.8,6.7,87.0
LC00655,19.893807,74.500103,Grassland,0.625,11.7,2.6,12.5
LC00656,19.831603,74.540642,Grassland,0.862,5.1,0.0,8.0
LC00657,19.823454,74.563399,Forest/Grove,0.435,61.0,7.7,3.1
LC00658,19.948556,74.383017,Grassland,0.39,19.8,5.6,7.6
LC00659,19.827304,74.447086,Agricultural Land,0.383,12.0,5.5,4.2
LC00660,19.836214,74.375222,Barren/Fallow,0.638,5.0,7.3,9.4
LC00661,19.942109,74.540362,Forest/Grove,0.76,61.7,7.1,6.7
LC00662,19.853106,74.482665,Agricultural Land,0.414,1.9,5.0,8.0
LC00663,19.940388,74.467687,Grassland,0.552,4.8,7.0,11.5
LC00664,19.892569,74.513939,Agricultural Land,0.697,16.9,3.3,0.1
LC00665,19.914093,74.378713,Agricultural Land,0.616,11.7,1.7,1.1
LC00666,19.809983,74.385916,Urban/Built-up,0.711,11.7,1.2,83.3
LC00667,19.80604,74.594467,Agricultural Land,0.713,0.3,7.6,9.5
LC00668,19.948121,74.436845,Agricultural Land,0.469,4.6,2.1,7.7
LC00669,19.944356,74.444785,Agricultural Land,0.716,2.0,1.8,13.5
LC00670,19.912358,74.594113,Grassland,0.176,13.7,6.8,2.3
LC00671,19.811501,74.456292,Agricultural Land,0.378,17.5,4.3,5.8
LC00672,19.942163,74.508582,Grassland,0.564,0.2,4.0,13.0
LC00673,19.880984,74.506913,Agricultural Land,0.659,6.7,4.1,3.1
LC00674,19.809155,74.58174,Water Body,0.754,16.7,91.4,9.9
LC00675,19.800045,74.453085,Urban/Built-up,0.499,18.6,7.0,60.8
LC00676,19.844324,74.3893,Agricultural Land,0.275,19.2,4.1,13.5
LC00677,19.88818,74.367411,Agricultural Land,0.46,10.5,4.6,12.6
LC00678,19.825773,74.574452,Agricultural Land,0.145,5.0,2.5,0.5
LC00679,19.874396,74.359472,Grassland,0.199,8.1,3.6,11.6
LC00680,19.869864,74.359074,Water Body,0.259,16.3,64.8,6.1
LC00681,19.906366,74.394666,Agricultural Land,0.677,2.2,0.4,14.8
LC00682,19.87093,74.409164,Water Body,0.673,12.4,72.0,9.1
LC00683,19.913911,74.561551,Agricultural Land,0.618,6.2,5.0,12.4
LC00684,19.909943,74.363978,Forest/Grove,0.84,86.3,1.1,3.3
LC00685,19.863662,74.403857,Agricultural Land,0.37,3.2,0.2,7.6
LC00686,19.947839,74.506314,Barren/Fallow,0.295,1.4,2.2,11.7
LC00687,19.867401,74.364086,Agricultural Land,0.345,4.0,1.4,3.6
LC00688,19.837725,74.427651,Urban/Built-up,0.526,19.5,5.7,51.5
LC00689,19.831058,74.403582,Grassland,0.471,10.3,6.0,10.9
LC00690,19.815319,74.410547,Grassland,0.355,8.3,3.3,6.0
LC00691,19.811679,74.507669,Agricultural Land,0.837,6.4,0.8,12.4
LC00692,19.834728,74.522954,Urban/Built-up,0.284,11.9,3.5,51.5
LC00693,19.801696,74.366828,Agricultural Land,0.147,15.4,5.6,10.3
LC00694,19.895354,74.573639,Grassland,0.627,19.2,3.2,5.5
LC00695,19.948318,74.471436,Forest/Grove,0.632,44.5,0.2,6.7
LC00696,19.836656,74.450264,Forest/Grove,0.47,42.0,0.4,13.5
LC00697,19.940671,74.446187,Agricultural Land,0.72,13.8,6.8,11.7
LC00698,19.903458,74.523423,Wetland,0.65,4.4,36.2,9.8
LC00699,19.927448,74.550574,Wetland,0.83,9.5,59.9,10.1
LC00700,19.871719,74.457738,Grassland,0.416,0.9,0.9,12.7
LC00701,19.855267,74.584837,Agricultural Land,0.587,11.3,7.4,13.2
LC00702,19.885291,74.569823,Wetland,0.722,14.3,32.3,13.7
LC00703,19.912793,74.541333,Agricultural Land,0.634,4.0,6.7,4.6
LC00704,19.897089,74.39762,Forest/Grove,0.228,84.4,0.5,0.2
LC00705,19.850393,74.451331,Forest/Grove,0.103,57.4,5.0,7.5
LC00706,19.893897,74.478425,Forest/Grove,0.453,73.3,6.2,3.5
LC00707,19.803546,74.574213,Wetland,0.757,2.0,32.4,14.7
LC00708,19.835714,74.567232,Urban/Built-up,0.337,14.7,1.8,82.9
LC00709,19.803031,74.38283,Agricultural Land,0.774,13.5,2.0,1.4
LC00710,19.899155,74.354562,Agricultural Land,0.456,11.8,0.1,5.3
LC00711,19.93514,74.376099,Urban/Built-up,0.604,7.9,1.3,96.1
LC00712,19.92397,74.523783,Wetland,0.475,0.9,57.0,0.2
LC00713,19.899404,74.391313,Forest/Grove,0.24,64.8,4.0,10.7
LC00714,19.852114,74.391878,Agricultural Land,0.344,16.5,5.5,12.9
LC00715,19.845488,74.503343,Agricultural Land,0.395,8.9,7.9,0.8
LC00716,19.826378,74.549801,Agricultural Land,0.499,19.7,0.2,13.6
LC00717,19.801607,74.567865,Agricultural Land,0.873,4.9,7.3,2.7
LC00718,19.946472,74.370375,Agricultural Land,0.608,17.3,2.6,12.1
LC00719,19.810496,74.563592,Agricultural Land,0.259,1.8,6.3,9.2
LC00720,19.837129,74.499252,Agricultural Land,0.894,13.9,2.3,4.6
LC00721,19.923608,74.411907,Forest/Grove,0.426,46.8,5.0,14.4
LC00722,19.940766,74.383714,Agricultural Land,0.481,1.2,4.5,5.1
LC00723,19.907446,74.433311,Wetland,0.568,5.5,34.4,12.1
LC00724,19.908706,74.473612,Grassland,0.118,18.8,2.6,4.2
LC00725,19.809963,74.350514,Agricultural Land,0.275,6.2,3.7,13.8
LC00726,19.905213,74.3588,Agricultural Land,0.272,5.3,2.1,7.6
LC00727,19.883209,74.476263,Forest/Grove,0.335,40.8,3.0,11.1
LC00728,19.949589,74.572664,Agricultural Land,0.612,6.0,0.9,8.5
LC00729,19.943952,74.38791,Forest/Grove,0.105,76.9,2.2,13.9
LC00730,19.92819,74.483887,Urban/Built-up,0.653,3.3,0.2,66.6
LC00731,19.91875,74.411421,Agricultural Land,0.349,5.2,7.1,13.3
LC00732,19.916116,74.393,Water Body,0.497,17.4,92.3,1.5
LC00733,19.902143,74.484203,Agricultural Land,0.62,7.2,5.4,12.6
LC00734,19.81743,74.378488,Urban/Built-up,0.638,0.4,6.1,69.4
LC00735,19.890887,74.559327,Wetland,0.523,12.4,60.0,10.5
LC00736,19.878046,74.553442,Water Body,0.732,0.3,62.8,5.6
LC00737,19.851362,74.597084,Agricultural Land,0.522,1.8,6.0,3.9
LC00738,19.824248,74.450301,Urban/Built-up,0.441,11.2,7.7,62.1
LC00739,19.913513,74.591298,Forest/Grove,0.455,45.9,6.3,1.0
LC00740,19.91579,74.471291,Urban/Built-up,0.47,6.8,0.6,82.1
LC00741,19.817828,74.409161,Urban/Built-up,0.736,6.0,1.1,52.1
LC00742,19.852692,74.437133,Wetland,0.356,9.9,46.3,11.6
LC00743,19.871223,74.527532,Water Body,0.613,1.2,84.4,6.9
LC00744,19.941924,74.40049,Urban/Built-up,0.624,16.6,2.8,77.7
LC00745,19.874736,74.492482,Urban/Built-up,0.475,6.1,3.0,68.3
LC00746,19.941235,74.437261,Barren/Fallow,0.334,8.1,7.6,0.1
LC00747,19.906817,74.389908,Grassland,0.201,12.4,5.0,8.4
LC00748,19.8139,74.390403,Agricultural Land,0.205,9.5,7.1,8.1
LC00749,19.943713,74.374495,Barren/Fallow,0.383,9.1,2.3,3.3
LC00750,19.932006,74.40287,Barren/Fallow,0.465,2.5,7.6,3.5
LC00751,19.832739,74.544864,Forest/Grove,0.962,40.4,6.0,4.1
LC00752,19.927552,74.447491,Wetland,0.677,8.8,23.2,12.8
LC00753,19.859006,74.478253,Water Body,0.581,18.5,94.6,13.1
LC00754,19.894611,74.452081,Agricultural Land,0.742,16.7,2.6,10.7
LC00755,19.871475,74.484772,Agricultural Land,0.704,9.2,6.4,11.7
LC00756,19.867471,74.55868,Agricultural Land,0.497,11.3,3.7,14.9
LC00757,19.836746,74.398943,Urban/Built-up,0.765,16.2,3.7,81.5
LC00758,19.843904,74.517016,Barren/Fallow,0.254,17.5,1.8,0.4
LC00759,19.942955,74.355799,Agricultural Land,0.433,0.4,5.4,7.2
LC00760,19.852441,74.508715,Grassland,0.401,19.9,4.6,15.0
LC00761,19.835231,74.572012,Water Body,0.241,11.6,86.5,0.5
LC00762,19.933078,74.352105,Urban/Built-up,0.384,13.9,4.6,68.1
LC00763,19.931309,74.586924,Agricultural Land,0.323,1.2,1.2,10.2
LC00764,19.938015,74.5341,Forest/Grove,0.441,74.2,4.3,7.8
LC00765,19.949913,74.590734,Grassland,0.677,9.6,1.8,10.5
LC00766,19.805087,74.585898,Wetland,0.529,2.4,25.2,2.7
LC00767,19.815112,74.573858,Agricultural Land,0.592,16.3,3.5,0.1
LC00768,19.807437,74.465952,Agricultural Land,0.931,11.2,0.5,6.5
LC00769,19.865099,74.378258,Agricultural Land,0.698,10.9,4.7,4.9
LC00770,19.894181,74.440767,Forest/Grove,0.691,90.3,7.2,2.7
LC00771,19.943807,74.540278,Agricultural Land,0.174,5.3,1.7,10.4
LC00772,19.93176,74.501114,Agricultural Land,0.406,5.8,1.4,6.9
LC00773,19.9452,74.40498,Water Body,0.191,17.2,84.5,4.2
LC00774,19.888237,74.528678,Agricultural Land,0.402,15.9,6.8,14.8
LC00775,19.870508,74.439193,Urban/Built-up,0.437,13.8,2.4,96.4
LC00776,19.902539,74.504609,Forest/Grove,0.581,73.3,3.7,3.5
LC00777,19.838477,74.402765,Urban/Built-up,0.115,6.0,7.6,52.8
LC00778,19.810341,74.552502,Grassland,0.579,1.3,5.9,3.3
LC00779,19.880145,74.484369,Agricultural Land,0.553,14.0,1.0,12.2
LC00780,19.858939,74.523325,Agricultural Land,0.387,0.4,6.2,3.6
LC00781,19.802138,74.373825,Water Body,0.788,6.8,62.6,2.4
LC00782,19.903023,74.422458,Agricultural Land,0.802,18.8,2.5,3.5
LC00783,19.866568,74.553686,Wetland,0.572,6.0,29.2,7.9
LC00784,19.809961,74.481023,Barren/Fallow,0.574,3.1,5.9,7.7
LC00785,19.86965,74.481715,Urban/Built-up,0.542,13.8,4.3,55.4
LC00786,19.865923,74.375161,Grassland,0.679,3.8,7.3,4.7
LC00787,19.872322,74.465868,Agricultural Land,0.754,12.9,6.0,14.1
LC00788,19.935526,74.499552,Wetland,0.468,19.0,21.5,9.2
LC00789,19.860928,74.5888,Agricultural Land,0.733,12.8,1.2,11.3
LC00790,19.902918,74.374079,Grassland,0.419,16.3,4.9,12.4
LC00791,19.895708,74.568434,Grassland,0.763,3.1,2.2,8.9
LC00792,19.809371,74.495932,Agricultural Land,0.642,18.2,4.9,1.5
LC00793,19.941564,74.588083,Water Body,0.825,14.6,77.2,3.3
LC00794,19.921901,74.385134,Urban/Built-up,0.187,1.0,4.9,67.3
LC00795,19.925058,74.492755,Agricultural Land,0.313,12.6,7.6,2.6
LC00796,19.852823,74.380083,Grassland,0.173,12.0,7.5,12.6
LC00797,19.841705,74.423802,Grassland,0.664,5.4,2.2,4.6
LC00798,19.860419,74.394951,Water Body,0.46,19.0,83.0,13.8
LC00799,19.894847,74.354935,Agricultural Land,0.318,14.6,0.5,2.7
LC00800,19.84291,74.440962,Barren/Fallow,0.531,4.0,2.8,11.2
LC00801,19.851748,74.436111,Forest/Grove,0.303,61.0,5.1,9.9
LC00802,19.847567,74.497336,Agricultural Land,0.192,4.4,1.9,5.8
LC00803,19.903863,74.504173,Forest/Grove,0.341,84.5,3.9,11.1
LC00804,19.921277,74.469742,Agricultural Land,0.233,15.1,6.5,8.8
LC00805,19.800825,74.368201,Urban/Built-up,0.429,15.9,1.0,69.7
LC00806,19.805399,74.551101,Agricultural Land,0.308,5.5,6.2,7.8
LC00807,19.890732,74.467946,Forest/Grove,0.34,68.0,5.7,0.3
LC00808,19.890874,74.37108,Barren/Fallow,0.636,12.8,7.4,2.6
LC00809,19.852089,74.432525,Agricultural Land,0.349,8.9,1.8,5.6
LC00810,19.822542,74.578153,Agricultural Land,0.68,5.1,3.1,0.8
LC00811,19.898906,74.557198,Agricultural Land,0.707,0.3,3.1,8.5
LC00812,19.930702,74.534805,Agricultural Land,0.102,12.1,5.8,0.6
LC00813,19.911839,74.578238,Agricultural Land,0.447,1.2,7.2,7.5
LC00814,19.853437,74.552979,Barren/Fallow,0.773,0.6,6.7,14.8
LC00815,19.809106,74.497748,Forest/Grove,0.789,81.4,1.4,2.1
LC00816,19.844064,74.365885,Wetland,0.585,8.8,23.7,3.1
LC00817,19.839492,74.492431,Agricultural Land,0.399,13.4,7.3,2.9
LC00818,19.819486,74.522467,Grassland,0.464,14.9,0.6,4.2
LC00819,19.876849,74.358286,Water Body,0.67,9.5,85.6,0.3
LC00820,19.86727,74.39414,Forest/Grove,0.584,89.3,6.1,3.9
LC00821,19.836146,74.424526,Agricultural Land,0.209,8.3,0.9,10.7
LC00822,19.823899,74.537764,Agricultural Land,0.293,15.2,6.3,12.1
LC00823,19.860978,74.515727,Grassland,0.334,18.9,5.4,1.6
LC00824,19.83079,74.481839,Grassland,0.243,4.3,4.9,5.4
LC00825,19.906034,74.375393,Barren/Fallow,0.097,4.2,5.4,4.8
LC00826,19.923371,74.479282,Barren/Fallow,0.79,1.1,4.7,12.8
LC00827,19.92891,74.367739,Agricultural Land,0.686,17.7,7.0,12.4
LC00828,19.903794,74.448303,Agricultural Land,0.785,17.1,2.6,3.0
LC00829,19.848568,74.372244,Grassland,0.573,8.8,0.9,1.5
LC00830,19.800641,74.441828,Agricultural Land,0.364,15.6,7.7,11.4
LC00831,19.864717,74.53547,Forest/Grove,0.563,85.4,7.3,11.2
LC00832,19.931592,74.525043,Wetland,0.96,17.0,32.0,13.0
LC00833,19.927142,74.430687,Agricultural Land,0.578,2.5,7.4,10.8
LC00834,19.8208,74.522791,Agricultural Land,0.204,6.1,1.0,13.3
LC00835,19.825625,74.465169,Forest/Grove,0.403,74.2,6.6,1.3
LC00836,19.902715,74.53425,Barren/Fallow,0.33,12.9,8.0,2.1
LC00837,19.944122,74.565896,Wetland,0.748,2.7,32.7,1.7
LC00838,19.875342,74.37873,Water Body,0.578,18.5,81.2,13.8
LC00839,19.815944,74.462263,Barren/Fallow,0.818,13.3,7.7,9.8
LC00840,19.813682,74.490185,Barren/Fallow,0.659,15.4,4.8,4.0
LC00841,19.906403,74.48513,Forest/Grove,0.337,66.5,1.9,5.3
LC00842,19.898998,74.430986,Barren/Fallow,0.94,18.0,7.9,0.3
LC00843,19.911006,74.554185,Urban/Built-up,0.242,2.9,7.3,59.5
LC00844,19.938789,74.361429,Agricultural Land,0.631,0.5,0.1,14.9
LC00845,19.94126,74.551855,Urban/Built-up,0.143,0.7,2.5,65.4
LC00846,19.856028,74.475826,Agricultural Land,0.868,16.7,0.1,1.7
LC00847,19.855578,74.512954,Water Body,0.555,1.8,69.5,3.3
LC00848,19.902246,74.402571,Grassland,0.637,17.0,1.9,3.7
LC00849,19.829653,74.47279,Forest/Grove,0.545,72.8,5.2,2.0
LC00850,19.822671,74.420923,Agricultural Land,0.495,16.2,0.7,5.6
LC00851,19.844454,74.447721,Agricultural Land,0.314,7.5,5.0,11.0
LC00852,19.916446,74.445865,Wetland,0.09,6.9,35.8,9.4
LC00853,19.836178,74.533417,Agricultural Land,0.485,15.1,3.3,13.9
LC00854,19.82602,74.487032,Agricultural Land,0.47,19.1,5.7,0.8
LC00855,19.919363,74.435141,Forest/Grove,0.045,73.3,0.7,6.7
LC00856,19.910981,74.489667,Urban/Built-up,0.181,1.2,5.7,70.1
LC00857,19.81602,74.375725,Forest/Grove,0.824,78.6,3.8,10.7
LC00858,19.835959,74.367452,Wetland,0.46,12.2,51.3,7.0
LC00859,19.914952,74.506419,Urban/Built-up,0.79,16.4,2.0,56.6
LC00860,19.880436,74.385549,Agricultural Land,0.496,8.2,3.4,12.5
LC00861,19.818569,74.498819,Grassland,0.028,16.7,1.3,0.9
LC00862,19.812973,74.350365,Barren/Fallow,0.78,3.6,6.1,2.4
LC00863,19.928355,74.470557,Agricultural Land,0.565,14.8,4.0,6.1
LC00864,19.874326,74.364747,Urban/Built-up,0.399,8.2,2.0,87.8
LC00865,19.840603,74.444338,Barren/Fallow,0.616,12.7,6.0,13.8
LC00866,19.94363,74.585448,Agricultural Land,0.583,14.3,5.8,6.2
LC00867,19.804433,74.540743,Agricultural Land,0.06,4.3,6.3,13.2
LC00868,19.947902,74.492607,Forest/Grove,0.776,50.3,4.9,10.7
LC00869,19.921857,74.365124,Barren/Fallow,0.459,11.4,2.1,1.9
LC00870,19.890056,74.499608,Grassland,0.911,5.5,0.0,6.0
LC00871,19.917163,74.583259,Grassland,0.641,16.8,0.9,14.4
LC00872,19.904781,74.426113,Wetland,0.522,16.2,53.5,9.0
LC00873,19.903605,74.578053,Urban/Built-up,0.923,0.5,6.1,64.4
LC00874,19.927094,74.452933,Agricultural Land,0.495,13.2,5.5,12.9
LC00875,19.910874,74.490084,Urban/Built-up,0.408,12.4,2.3,85.1
LC00876,19.843462,74.553868,Wetland,0.762,13.6,36.6,11.2
LC00877,19.843252,74.44752,Grassland,0.27,2.4,7.8,9.2
LC00878,19.887128,74.543696,Agricultural Land,0.762,8.1,5.8,13.4
LC00879,19.949106,74.473292,Agricultural Land,0.636,11.0,4.2,9.8
LC00880,19.882736,74.500997,Barren/Fallow,0.627,14.1,0.4,8.0
LC00881,19.82654,74.541579,Agricultural Land,0.622,15.0,6.8,9.2
LC00882,19.927347,74.476606,Grassland,0.753,12.6,4.5,9.4
LC00883,19.882557,74.581045,Water Body,0.228,16.5,99.5,1.3
LC00884,19.856351,74.452254,Urban/Built-up,0.832,5.8,6.2,90.8
LC00885,19.819823,74.437463,Barren/Fallow,0.365,2.7,6.4,13.4
LC00886,19.899767,74.576481,Forest/Grove,0.874,87.2,1.4,4.2
LC00887,19.937127,74.40573,Grassland,0.649,4.8,2.1,6.3
LC00888,19.908697,74.370648,Agricultural Land,0.81,6.1,5.3,4.8
LC00889,19.81303,74.475356,Agricultural Land,0.244,9.2,1.4,1.5
LC00890,19.834804,74.549749,Agricultural Land,0.594,11.7,1.8,8.1
LC00891,19.811536,74.463977,Agricultural Land,0.734,7.0,3.1,3.7
LC00892,19.81379,74.395903,Water Body,0.644,13.0,73.7,5.1
LC00893,19.903543,74.361675,Urban/Built-up,0.169,3.7,2.7,77.0
LC00894,19.88063,74.447884,Barren/Fallow,0.309,17.8,3.1,11.8
LC00895,19.859599,74.389116,Grassland,0.335,18.0,2.9,5.8
LC00896,19.934564,74.546318,Grassland,0.737,2.7,6.6,3.4
LC00897,19.84428,74.419726,Wetland,0.646,17.9,25.8,4.0
LC00898,19.825267,74.433896,Wetland,0.532,1.2,51.2,8.7
LC00899,19.81229,74.583569,Grassland,0.432,18.1,4.9,14.6
LC00900,19.943572,74.362713,Agricultural Land,0.169,2.2,8.0,9.0
LC00901,19.867467,74.49479,Urban/Built-up,0.641,18.5,2.6,55.8
LC00902,19.830719,74.43763,Grassland,0.456,14.6,5.1,2.2
LC00903,19.86495,74.389478,Forest/Grove,0.861,87.2,1.1,0.3
LC00904,19.845815,74.528753,Grassland,0.297,9.5,7.5,6.6
LC00905,19.857015,74.467758,Agricultural Land,0.613,5.8,7.7,0.5
LC00906,19.88431,74.520184,Agricultural Land,0.318,15.2,2.1,13.6
LC00907,19.866256,74.435809,Agricultural Land,0.695,14.5,3.4,5.1
LC00908,19.947611,74.576247,Grassland,0.401,18.1,1.6,4.4
LC00909,19.844223,74.520386,Grassland,0.323,0.1,5.8,6.7
LC00910,19.869471,74.568933,Urban/Built-up,0.35,14.0,2.0,72.7
LC00911,19.925936,74.52297,Forest/Grove,0.656,45.1,6.6,13.8
LC00912,19.865967,74.376523,Agricultural Land,0.669,1.3,5.1,0.1
LC00913,19.81328,74.398269,Agricultural Land,0.319,8.0,7.6,11.2
LC00914,19.805338,74.543385,Agricultural Land,0.279,1.7,1.9,14.3
LC00915,19.832861,74.588615,Agricultural Land,0.904,4.6,6.0,6.4
LC00916,19.829205,74.494492,Grassland,0.845,11.0,4.1,12.8
LC00917,19.885464,74.380197,Agricultural Land,0.753,7.7,5.1,10.8
LC00918,19.932858,74.438806,Forest/Grove,0.51,56.6,7.5,0.9
LC00919,19.835043,74.509415,Grassland,0.113,12.1,6.2,0.7
LC00920,19.916486,74.373333,Agricultural Land,0.363,7.7,6.1,7.3
LC00921,19.861524,74.531078,Urban/Built-up,0.707,14.4,4.5,80.2
LC00922,19.854782,74.486417,Urban/Built-up,0.834,1.6,3.7,83.3
LC00923,19.940123,74.434425,Forest/Grove,0.672,91.8,5.4,10.6
LC00924,19.879548,74.415452,Agricultural Land,0.804,1.9,0.7,6.4
LC00925,19.881604,74.58746,Wetland,0.462,9.8,28.9,14.7
LC00926,19.826601,74.588633,Barren/Fallow,0.515,8.6,3.5,11.5
LC00927,19.825307,74.394819,Agricultural Land,0.295,19.1,4.3,6.5
LC00928,19.935208,74.515254,Barren/Fallow,0.038,5.3,3.2,1.4
LC00929,19.894462,74.505954,Agricultural Land,0.509,16.9,3.0,10.5
LC00930,19.831553,74.582226,Grassland,0.476,9.3,4.9,7.0
LC00931,19.835906,74.447217,Grassland,0.865,3.9,2.5,2.0
LC00932,19.874947,74.515606,Agricultural Land,0.335,4.1,3.2,11.2
LC00933,19.945414,74.377836,Agricultural Land,0.765,18.7,5.9,3.8
LC00934,19.918264,74.407639,Agricultural Land,0.294,10.8,7.3,10.1
LC00935,19.845781,74.355545,Barren/Fallow,0.18,19.9,3.3,5.9
LC00936,19.812116,74.449845,Urban/Built-up,0.576,7.1,0.6,57.5
LC00937,19.904025,74.597021,Water Body,0.627,16.9,61.3,11.9
LC00938,19.806907,74.45353,Agricultural Land,0.625,5.4,1.1,11.1
LC00939,19.845732,74.541219,Agricultural Land,0.511,16.3,1.8,5.2
LC00940,19.815334,74.467934,Agricultural Land,0.312,10.7,7.1,5.3
LC00941,19.884695,74.558393,Agricultural Land,0.374,13.5,3.6,12.3
LC00942,19.855534,74.518436,Agricultural Land,0.396,5.8,2.7,6.4
LC00943,19.849264,74.518364,Barren/Fallow,0.155,17.2,6.9,11.5
LC00944,19.823884,74.541763,Barren/Fallow,0.3,8.8,6.2,3.2
LC00945,19.889346,74.423904,Grassland,0.903,1.4,0.6,1.0
LC00946,19.870655,74.580704,Barren/Fallow,0.674,17.5,5.3,9.8
LC00947,19.832671,74.429436,Agricultural Land,0.793,12.7,6.4,6.7
LC00948,19.865001,74.594643,Forest/Grove,0.17,44.8,6.5,4.0
LC00949,19.863912,74.38339,Agricultural Land,0.343,15.5,6.5,2.0
LC00950,19.893915,74.437231,Water Body,0.924,1.6,61.2,2.2
LC00951,19.876577,74.565455,Urban/Built-up,0.625,8.2,4.2,54.6
LC00952,19.896196,74.406909,Grassland,0.565,13.8,4.5,14.7
LC00953,19.886492,74.466236,Barren/Fallow,0.393,3.2,2.6,8.8
LC00954,19.803197,74.369658,Agricultural Land,0.382,8.8,2.0,14.6
LC00955,19.847187,74.392414,Grassland,0.566,17.4,7.7,4.8
LC00956,19.802237,74.370255,Agricultural Land,0.832,14.6,2.4,9.3
LC00957,19.859792,74.376685,Urban/Built-up,0.503,2.7,3.5,71.4
LC00958,19.833905,74.457589,Urban/Built-up,0.503,9.3,6.8,89.5
LC00959,19.905638,74.491025,Wetland,0.527,18.7,40.8,2.9
LC00960,19.880738,74.47094,Agricultural Land,0.706,16.1,3.7,8.1
LC00961,19.850266,74.59027,Water Body,0.598,15.3,99.6,0.7
LC00962,19.907551,74.360212,Wetland,0.775,17.3,51.5,6.8
LC00963,19.913961,74.574945,Agricultural Land,0.651,1.1,6.8,1.9
LC00964,19.829352,74.358543,Agricultural Land,0.482,10.5,6.5,2.7
LC00965,19.861301,74.434594,Grassland,0.384,12.5,4.0,9.4
LC00966,19.946302,74.474352,Agricultural Land,0.349,0.3,3.0,2.0
LC00967,19.826381,74.47392,Urban/Built-up,0.379,16.9,4.7,52.7
LC00968,19.881076,74.580516,Grassland,0.499,0.8,0.8,9.4
LC00969,19.855608,74.398289,Agricultural Land,0.342,8.4,0.0,7.9
LC00970,19.886461,74.512021,Agricultural Land,0.297,17.6,6.9,11.4
LC00971,19.89391,74.564155,Agricultural Land,0.234,13.3,4.2,6.4
LC00972,19.85746,74.587964,Grassland,0.62,18.3,6.4,4.7
LC00973,19.93375,74.40151,Agricultural Land,0.733,15.4,1.0,1.8
LC00974,19.829078,74.536782,Barren/Fallow,0.511,0.1,4.3,0.5
LC00975,19.82478,74.511004,Barren/Fallow,0.97,8.5,2.7,7.2
LC00976,19.876445,74.490381,Agricultural Land,0.716,16.2,4.8,2.2
LC00977,19.827955,74.484269,Agricultural Land,0.516,16.2,5.4,14.5
LC00978,19.877962,74.542771,Barren/Fallow,0.642,19.1,2.2,6.3
LC00979,19.947205,74.504062,Wetland,0.685,6.5,51.2,5.0
LC00980,19.927197,74.491109,Agricultural Land,0.783,4.4,5.2,6.8
LC00981,19.802558,74.513436,Agricultural Land,0.005,12.7,0.1,11.5
LC00982,19.939505,74.530701,Agricultural Land,0.545,13.8,2.3,11.8
LC00983,19.842654,74.5306,Water Body,0.332,5.6,96.8,13.3
LC00984,19.925841,74.527987,Grassland,0.233,1.6,4.6,0.8
LC00985,19.89252,74.481047,Barren/Fallow,0.744,9.3,7.2,3.7
LC00986,19.9264,74.44407,Water Body,0.568,19.3,79.3,14.4
LC00987,19.89242,74.537864,Wetland,0.476,12.8,32.3,14.5
LC00988,19.923893,74.595644,Urban/Built-up,0.869,16.7,1.9,57.7
LC00989,19.828781,74.451593,Agricultural Land,0.568,3.7,1.6,11.8
LC00990,19.919113,74.397773,Agricultural Land,0.323,6.4,3.1,7.8
LC00991,19.806758,74.494671,Agricultural Land,0.468,4.3,5.3,1.4
LC00992,19.85387,74.489597,Urban/Built-up,0.359,19.7,4.3,85.9
LC00993,19.83331,74.428423,Grassland,0.441,10.3,4.9,4.7
LC00994,19.912939,74.55719,Water Body,0.643,4.3,89.8,8.8
LC00995,19.843812,74.505494,Forest/Grove,0.719,59.0,5.9,13.7
LC00996,19.830858,74.353124,Wetland,0.273,2.3,52.2,12.2
LC00997,19.923315,74.495348,Agricultural Land,0.375,0.9,1.1,3.4
LC00998,19.844311,74.527437,Water Body,0.209,12.1,69.2,8.0
LC00999,19.91103,74.35911,Agricultural Land,0.97,8.8,6.8,13.4
LC01000,19.942155,74.431792,Grassland,0.175,0.1,3.7,11.5
LC01001,19.924938,74.546015,Agricultural Land,0.7,4.2,2.9,12.2
LC01002,19.944654,74.513914,Agricultural Land,0.752,17.3,2.0,6.7
LC01003,19.867072,74.554562,Agricultural Land,0.022,17.3,1.2,2.6
LC01004,19.80332,74.548645,Wetland,0.167,18.1,42.4,13.5
LC01005,19.867124,74.574954,Agricultural Land,0.574,16.0,4.2,8.5
LC01006,19.860595,74.526397,Agricultural Land,0.645,0.7,7.7,4.8
LC01007,19.860951,74.441278,Barren/Fallow,0.12,12.9,5.4,0.7
LC01008,19.940175,74.428642,Grassland,0.625,1.6,4.8,13.0
LC01009,19.809949,74.459067,Barren/Fallow,0.85,4.4,5.6,10.6
LC01010,19.810233,74.545253,Urban/Built-up,0.855,14.5,1.0,79.1
LC01011,19.813526,74.58655,Agricultural Land,0.606,6.3,5.5,3.1
LC01012,19.811362,74.589348,Urban/Built-up,0.63,15.1,3.1,61.5
LC01013,19.858526,74.386058,Forest/Grove,0.943,54.2,1.8,9.2
LC01014,19.813109,74.522034,Agricultural Land,0.66,14.9,0.6,11.4
LC01015,19.811372,74.369454,Water Body,0.858,13.7,93.2,4.6
LC01016,19.867767,74.485854,Agricultural Land,0.66,7.7,2.4,11.0
LC01017,19.929382,74.596518,Urban/Built-up,0.906,10.5,1.1,57.1
LC01018,19.858549,74.544493,Agricultural Land,0.842,17.5,5.6,6.8
LC01019,19.836868,74.379676,Grassland,0.436,18.1,6.7,8.8
LC01020,19.816391,74.445936,Wetland,0.635,4.1,22.2,6.2
LC01021,19.809213,74.45603,Agricultural Land,0.147,13.4,5.7,4.2
LC01022,19.82361,74.511156,Forest/Grove,0.391,87.4,0.3,13.2
LC01023,19.834902,74.518004,Agricultural Land,0.944,2.2,3.5,11.6
LC01024,19.879766,74.509986,Grassland,0.151,9.4,6.0,5.9
LC01025,19.840002,74.519566,Agricultural Land,0.478,7.8,7.0,0.0
LC01026,19.825718,74.584197,Forest/Grove,0.484,94.7,7.4,0.7
LC01027,19.891191,74.396142,Urban/Built-up,0.956,0.7,7.8,66.7
LC01028,19.913679,74.458496,Barren/Fallow,0.35,14.1,7.8,4.2
LC01029,19.865106,74.419914,Wetland,0.394,2.7,30.8,14.9
LC01030,19.914402,74.590683,Forest/Grove,0.469,54.3,2.3,3.9
LC01031,19.929681,74.386736,Grassland,0.75,9.9,2.8,7.4
LC01032,19.882683,74.422726,Wetland,0.762,5.1,47.6,12.3
LC01033,19.900057,74.485889,Forest/Grove,0.757,58.3,7.3,6.7
LC01034,19.896752,74.450332,Agricultural Land,0.612,16.3,2.7,6.2
LC01035,19.822718,74.448139,Forest/Grove,0.768,59.8,0.9,8.1
LC01036,19.921968,74.414383,Agricultural Land,0.332,10.3,0.1,1.2
LC01037,19.944918,74.418474,Barren/Fallow,0.653,16.8,0.2,6.4
LC01038,19.851081,74.434232,Barren/Fallow,0.143,15.3,3.4,9.1
LC01039,19.907529,74.512721,Barren/Fallow,0.845,16.8,5.5,1.7
LC01040,19.802424,74.369536,Forest/Grove,0.651,77.3,5.5,9.4
LC01041,19.822765,74.366069,Agricultural Land,0.832,8.3,7.3,12.0
LC01042,19.821541,74.437268,Barren/Fallow,0.061,15.0,6.3,1.0
LC01043,19.862332,74.477019,Grassland,0.847,3.7,7.2,6.8
LC01044,19.876252,74.590598,Agricultural Land,0.68,14.9,4.6,9.6
LC01045,19.818414,74.351181,Wetland,0.627,14.3,48.0,8.9
LC01046,19.904063,74.594393,Barren/Fallow,0.366,13.2,4.2,2.1
LC01047,19.897144,74.433833,Agricultural Land,0.118,13.1,1.6,0.4
LC01048,19.941282,74.536747,Agricultural Land,0.262,10.7,1.6,12.0
LC01049,19.843377,74.353971,Grassland,0.563,18.5,7.6,14.7
LC01050,19.817674,74.457594,Grassland,0.673,9.1,6.7,4.3
LC01051,19.835136,74.439441,Agricultural Land,0.818,19.8,2.0,7.2
LC01052,19.900682,74.432843,Barren/Fallow,0.252,12.8,6.7,10.2
LC01053,19.800303,74.427699,Urban/Built-up,0.384,5.7,7.4,82.6
LC01054,19.883774,74.560957,Urban/Built-up,0.344,18.9,5.4,96.6
LC01055,19.80757,74.402631,Urban/Built-up,0.694,9.4,5.5,57.0
LC01056,19.90362,74.407651,Water Body,0.689,13.4,69.2,2.1
LC01057,19.825924,74.384508,Agricultural Land,0.851,5.6,7.7,1.5
LC01058,19.874445,74.490656,Forest/Grove,0.783,47.7,7.6,7.3
LC01059,19.813238,74.469575,Barren/Fallow,0.732,11.4,0.6,9.5
LC01060,19.802997,74.591281,Agricultural Land,0.864,13.4,2.9,7.5
LC01061,19.869516,74.568577,Barren/Fallow,0.901,5.3,0.5,13.9
LC01062,19.850421,74.447697,Grassland,0.643,7.2,5.9,3.6
LC01063,19.916617,74.371103,Grassland,0.145,17.8,6.0,13.9
LC01064,19.916892,74.379539,Agricultural Land,0.15,0.9,1.3,14.6
LC01065,19.878353,74.588804,Barren/Fallow,0.395,15.1,3.5,11.8
LC01066,19.817848,74.537062,Forest/Grove,0.571,89.5,1.4,11.5
LC01067,19.835346,74.429512,Urban/Built-up,0.489,10.6,2.9,52.6
LC01068,19.906414,74.572365,Grassland,0.902,12.2,4.0,2.7
LC01069,19.875827,74.59622,Urban/Built-up,0.329,3.4,5.1,58.7
LC01070,19.946246,74.524797,Agricultural Land,0.673,13.7,2.3,11.3
LC01071,19.827509,74.517778,Grassland,0.473,4.0,1.4,6.7
LC01072,19.871596,74.494832,Agricultural Land,0.387,8.7,3.7,0.6
LC01073,19.938582,74.472009,Forest/Grove,0.625,45.8,0.7,3.3
LC01074,19.869194,74.406343,Grassland,0.431,2.2,5.6,14.8
LC01075,19.863217,74.505265,Agricultural Land,0.546,5.8,0.8,14.0
LC01076,19.815574,74.404125,Agricultural Land,0.738,13.2,7.1,13.5
LC01077,19.882425,74.491165,Agricultural Land,0.414,17.4,7.9,2.5
LC01078,19.848905,74.419026,Agricultural Land,0.682,7.6,4.7,10.2
LC01079,19.854428,74.493208,Urban/Built-up,0.366,6.1,7.1,70.6
LC01080,19.841277,74.547647,Wetland,0.865,3.3,43.2,8.2
LC01081,19.832927,74.564143,Agricultural Land,0.311,9.3,0.0,5.9
LC01082,19.8609,74.558568,Barren/Fallow,0.49,6.9,1.6,9.2
LC01083,19.826259,74.395556,Barren/Fallow,0.226,16.5,3.6,9.5
LC01084,19.862904,74.395072,Agricultural Land,0.437,10.1,4.0,11.1
LC01085,19.849082,74.498623,Forest/Grove,0.511,78.6,6.5,12.1
LC01086,19.929539,74.556628,Forest/Grove,0.061,47.3,7.3,3.6
LC01087,19.916697,74.55658,Urban/Built-up,0.31,11.1,0.3,71.8
LC01088,19.831245,74.354524,Agricultural Land,0.455,12.6,2.4,8.9
LC01089,19.811927,74.368433,Agricultural Land,0.861,9.9,2.0,1.7
LC01090,19.860112,74.383024,Agricultural Land,0.573,15.7,5.9,13.1
LC01091,19.84291,74.469667,Urban/Built-up,0.393,9.5,0.4,59.0
LC01092,19.903242,74.392659,Urban/Built-up,0.546,18.0,1.5,69.0
LC01093,19.815171,74.458447,Wetland,0.454,17.4,34.3,0.5
LC01094,19.818063,74.559519,Agricultural Land,0.643,16.2,7.8,10.9
LC01095,19.853886,74.538609,Agricultural Land,0.438,8.4,0.4,0.4
LC01096,19.830621,74.427478,Barren/Fallow,0.512,0.2,6.7,13.6
LC01097,19.89925,74.555953,Grassland,0.778,1.0,5.0,13.1
LC01098,19.802354,74.571975,Agricultural Land,0.266,15.2,2.8,13.1
LC01099,19.881911,74.562161,Agricultural Land,0.415,19.5,6.2,2.6
LC01100,19.867986,74.501089,Urban/Built-up,0.436,2.7,3.3,67.9
LC01101,19.921912,74.50718,Barren/Fallow,0.572,2.3,1.6,0.3
LC01102,19.842956,74.588887,Barren/Fallow,0.842,15.2,6.8,12.4
LC01103,19.926141,74.436235,Forest/Grove,0.934,77.6,4.8,6.5
LC01104,19.808554,74.471415,Urban/Built-up,0.742,13.9,0.9,67.9
LC01105,19.886043,74.432093,Agricultural Land,0.647,14.2,4.0,10.5
LC01106,19.813593,74.560498,Barren/Fallow,0.529,3.3,5.6,11.1
LC01107,19.947282,74.514358,Agricultural Land,0.351,17.7,5.6,0.4
LC01108,19.877667,74.409706,Barren/Fallow,0.866,8.6,1.2,1.3
LC01109,19.83274,74.565565,Grassland,0.859,13.5,1.3,11.1
LC01110,19.814919,74.433779,Wetland,0.608,5.9,53.6,7.2
LC01111,19.817309,74.39856,Forest/Grove,0.257,78.0,1.6,1.2
LC01112,19.939238,74.366419,Grassland,0.292,7.0,2.1,8.8
LC01113,19.851263,74.396134,Water Body,0.725,6.9,81.5,14.7
LC01114,19.906332,74.536109,Barren/Fallow,0.446,11.5,1.2,0.5
LC01115,19.919778,74.450833,Forest/Grove,0.288,91.1,3.3,5.1
LC01116,19.8521,74.531592,Agricultural Land,0.821,11.1,4.2,14.7
LC01117,19.815918,74.428279,Agricultural Land,0.16,11.2,6.8,13.4
LC01118,19.876609,74.429443,Agricultural Land,0.178,4.4,6.3,12.1
LC01119,19.850142,74.567218,Water Body,0.422,6.4,77.9,1.2
LC01120,19.896175,74.508955,Urban/Built-up,0.127,9.6,0.1,81.8
LC01121,19.930721,74.400379,Forest/Grove,0.775,90.9,3.2,2.2
LC01122,19.807837,74.378122,Barren/Fallow,0.25,16.6,1.5,8.7
LC01123,19.822473,74.362891,Barren/Fallow,0.142,10.3,2.4,12.2
LC01124,19.844832,74.469321,Barren/Fallow,0.573,3.4,0.7,9.1
LC01125,19.813054,74.375222,Forest/Grove,0.301,83.9,3.2,7.8
LC01126,19.860792,74.400779,Forest/Grove,0.23,89.2,5.9,2.9
LC01127,19.911588,74.554986,Urban/Built-up,0.834,12.6,1.6,68.1
LC01128,19.947537,74.511212,Forest/Grove,0.927,86.7,5.0,3.1
LC01129,19.931557,74.46686,Forest/Grove,0.258,84.6,7.2,5.5
LC01130,19.932135,74.481641,Agricultural Land,0.205,7.5,6.8,13.9
LC01131,19.841707,74.37681,Grassland,0.179,13.0,7.0,5.9
LC01132,19.806918,74.51345,Wetland,0.593,10.3,59.9,0.7
LC01133,19.802587,74.430507,Water Body,0.528,13.2,63.5,11.2
LC01134,19.838715,74.403332,Urban/Built-up,0.12,11.7,7.2,89.1
LC01135,19.805305,74.565657,Agricultural Land,0.535,8.6,7.6,14.8
LC01136,19.815331,74.443568,Forest/Grove,0.43,87.6,7.0,3.2
LC01137,19.887208,74.431381,Agricultural Land,0.887,5.7,5.7,2.4
LC01138,19.848893,74.366896,Agricultural Land,0.533,10.9,0.2,8.5
LC01139,19.922499,74.486364,Forest/Grove,0.619,75.8,0.3,9.1
LC01140,19.807428,74.593049,Urban/Built-up,0.371,1.6,7.1,97.2
LC01141,19.869514,74.494575,Wetland,0.625,13.4,40.1,13.3
LC01142,19.90321,74.460551,Agricultural Land,0.162,0.8,5.1,7.8
LC01143,19.84313,74.577201,Wetland,0.231,8.9,33.5,8.6
LC01144,19.836064,74.532228,Agricultural Land,0.655,5.8,5.3,3.8
LC01145,19.915771,74.559728,Agricultural Land,0.235,13.2,5.0,1.2
LC01146,19.83123,74.357754,Agricultural Land,0.558,17.5,3.9,13.7
LC01147,19.943478,74.576728,Wetland,0.519,12.7,21.2,3.7
LC01148,19.918527,74.438017,Water Body,0.668,11.4,77.5,6.8
LC01149,19.931887,74.478875,Agricultural Land,0.259,6.9,7.9,11.4
LC01150,19.945391,74.522969,Wetland,0.388,0.9,25.6,0.3
LC01151,19.925375,74.366903,Agricultural Land,0.142,2.5,3.8,12.7
LC01152,19.844143,74.4621,Forest/Grove,0.656,63.7,2.9,10.3
LC01153,19.821504,74.408523,Forest/Grove,0.534,51.9,2.4,5.6
LC01154,19.876694,74.568475,Agricultural Land,0.714,18.4,3.5,2.2
LC01155,19.936454,74.404758,Agricultural Land,0.52,7.5,4.0,2.8
LC01156,19.845894,74.549394,Agricultural Land,0.342,17.1,4.7,1.6
LC01157,19.874272,74.402324,Barren/Fallow,0.464,1.8,5.1,12.2
LC01158,19.885544,74.471037,Agricultural Land,0.557,9.7,2.3,14.6
LC01159,19.931162,74.537514,Agricultural Land,0.649,16.8,5.3,14.8
LC01160,19.850329,74.495601,Water Body,0.112,16.7,93.7,8.1
LC01161,19.824807,74.469839,Agricultural Land,0.088,8.2,3.0,4.3
LC01162,19.870206,74.42307,Agricultural Land,0.594,7.9,6.3,11.6
LC01163,19.873746,74.449825,Agricultural Land,0.766,10.7,4.6,12.2
LC01164,19.877391,74.521788,Urban/Built-up,0.477,6.3,5.0,71.5
LC01165,19.930333,74.500352,Urban/Built-up,0.63,5.1,0.4,67.8
LC01166,19.865836,74.523001,Agricultural Land,0.363,2.4,6.2,9.9
LC01167,19.846879,74.441102,Agricultural Land,0.145,12.3,2.3,8.2
LC01168,19.801926,74.353945,Urban/Built-up,0.786,13.3,1.2,53.7
LC01169,19.800335,74.431217,Barren/Fallow,0.662,11.2,7.3,15.0
LC01170,19.839909,74.474135,Agricultural Land,0.846,3.3,1.9,7.0
LC01171,19.946811,74.413554,Agricultural Land,0.482,3.4,7.4,4.4
LC01172,19.868299,74.529636,Wetland,0.289,1.8,36.1,3.5
LC01173,19.843995,74.436805,Agricultural Land,0.198,8.7,6.0,13.4
LC01174,19.885011,74.583153,Agricultural Land,0.544,13.6,3.5,6.0
LC01175,19.895332,74.565661,Barren/Fallow,0.513,15.0,0.3,10.1
LC01176,19.93636,74.46923,Barren/Fallow,0.581,1.4,4.2,11.6
LC01177,19.859007,74.350672,Grassland,0.279,14.1,0.4,0.2
LC01178,19.900203,74.543874,Urban/Built-up,0.512,0.8,0.4,56.8
LC01179,19.874717,74.421704,Agricultural Land,0.72,10.3,1.2,6.9
LC01180,19.856955,74.518739,Agricultural Land,0.64,16.2,5.8,7.2
LC01181,19.914878,74.387296,Agricultural Land,0.4,15.3,0.7,10.0
LC01182,19.866077,74.592743,Water Body,0.383,10.8,92.2,7.4
LC01183,19.948643,74.460665,Agricultural Land,0.393,8.9,3.9,13.3
LC01184,19.859815,74.411195,Agricultural Land,0.742,1.6,7.5,1.8
LC01185,19.928491,74.576873,Agricultural Land,0.483,18.8,2.2,9.1
LC01186,19.828666,74.505466,Grassland,0.091,8.2,1.6,2.5
LC01187,19.855252,74.488818,Forest/Grove,0.816,92.1,6.9,9.7
LC01188,19.84434,74.449824,Forest/Grove,0.757,54.2,5.1,12.4
LC01189,19.805451,74.410353,Agricultural Land,0.696,19.7,1.5,12.6
LC01190,19.857003,74.502163,Water Body,0.554,4.4,98.1,5.7
LC01191,19.921659,74.374537,Agricultural Land,0.797,7.7,1.7,7.3
LC01192,19.870667,74.357288,Forest/Grove,0.652,70.1,2.0,7.6
LC01193,19.884896,74.507768,Water Body,0.171,14.3,87.7,14.7
LC01194,19.916927,74.596244,Grassland,0.198,11.3,0.8,12.6
LC01195,19.940485,74.531156,Barren/Fallow,0.699,12.2,2.4,1.4
LC01196,19.879458,74.556848,Agricultural Land,0.396,1.7,0.1,13.2
LC01197,19.928649,74.506584,Agricultural Land,0.762,0.9,7.0,12.0
LC01198,19.915741,74.460513,Urban/Built-up,0.574,8.8,2.5,72.5
LC01199,19.814986,74.420723,Forest/Grove,0.28,49.8,6.4,3.6
LC01200,19.832552,74.412884,Agricultural Land,0.261,13.0,7.8,3.2
LC01201,19.915554,74.448067,Urban/Built-up,0.34,4.0,5.4,60.2
LC01202,19.866733,74.392132,Agricultural Land,0.672,3.8,0.4,12.9
LC01203,19.947039,74.499886,Water Body,0.37,13.0,70.9,4.4
LC01204,19.924622,74.515287,Forest/Grove,0.077,64.4,3.5,1.5
LC01205,19.882777,74.492848,Agricultural Land,0.728,19.1,0.8,0.5
LC01206,19.885388,74.462363,Urban/Built-up,0.289,11.3,3.5,72.0
LC01207,19.93574,74.41229,Urban/Built-up,0.634,9.7,4.7,95.4
LC01208,19.902522,74.566736,Forest/Grove,0.041,48.5,2.7,8.5
LC01209,19.865287,74.574852,Agricultural Land,0.127,3.6,4.0,11.7
LC01210,19.8374,74.598852,Wetland,0.363,15.0,24.9,8.7
LC01211,19.828296,74.453777,Agricultural Land,0.456,7.4,7.3,4.3
LC01212,19.908711,74.444952,Water Body,0.23,4.5,64.9,14.8
LC01213,19.879256,74.474652,Agricultural Land,0.557,15.5,2.2,6.0
LC01214,19.920385,74.425214,Grassland,0.939,3.2,3.4,6.5
LC01215,19.894011,74.542611,Barren/Fallow,0.478,6.4,6.5,6.8
LC01216,19.931205,74.552401,Agricultural Land,0.689,10.7,3.5,5.2
LC01217,19.939046,74.501602,Forest/Grove,0.07,44.8,2.9,14.4
LC01218,19.887186,74.540481,Urban/Built-up,0.115,11.8,4.0,50.9
LC01219,19.819104,74.493656,Grassland,0.836,11.8,2.8,1.4
LC01220,19.804466,74.420018,Water Body,0.128,1.8,74.3,6.0
LC01221,19.835746,74.476847,Urban/Built-up,0.454,12.6,0.2,90.1
LC01222,19.886837,74.546049,Forest/Grove,0.094,73.9,6.3,9.0
LC01223,19.908356,74.588855,Grassland,0.745,18.4,1.2,4.4
LC01224,19.894736,74.426144,Water Body,0.739,11.6,71.3,8.1
LC01225,19.805584,74.597078,Barren/Fallow,0.7,17.6,1.2,5.2
LC01226,19.907843,74.425458,Grassland,0.353,16.0,7.9,0.2
LC01227,19.90627,74.589469,Forest/Grove,0.287,83.7,6.4,2.7
LC01228,19.910831,74.401172,Barren/Fallow,0.722,1.9,7.2,10.7
LC01229,19.842754,74.47921,Grassland,0.276,8.6,7.7,12.5
LC01230,19.839094,74.391765,Water Body,0.524,1.2,70.1,4.7
LC01231,19.842658,74.590883,Grassland,0.434,17.9,7.2,7.3
LC01232,19.83715,74.552107,Agricultural Land,0.375,12.9,7.3,6.8
LC01233,19.943039,74.549378,Wetland,0.727,9.3,26.7,4.1
LC01234,19.936144,74.506165,Agricultural Land,0.819,2.0,2.8,12.9
LC01235,19.886653,74.554386,Agricultural Land,0.193,0.4,6.1,14.0
LC01236,19.874102,74.512257,Water Body,0.315,0.7,70.5,8.4
LC01237,19.817031,74.382719,Water Body,0.324,8.0,66.0,0.9
LC01238,19.882395,74.522367,Water Body,0.364,0.2,65.1,13.6
LC01239,19.884765,74.528971,Grassland,0.661,11.6,4.9,4.6
LC01240,19.877234,74.466682,Grassland,0.317,2.1,1.2,9.3
LC01241,19.888431,74.509209,Agricultural Land,0.613,13.1,4.6,12.0
LC01242,19.882888,74.509499,Barren/Fallow,0.757,18.9,7.6,3.0
LC01243,19.815203,74.434414,Water Body,0.8,16.2,89.4,14.9
LC01244,19.93439,74.587358,Forest/Grove,0.533,46.8,0.4,0.4
LC01245,19.81708,74.4676,Barren/Fallow,0.048,5.0,4.3,6.3
LC01246,19.826946,74.492426,Forest/Grove,0.747,46.4,4.0,9.2
LC01247,19.855307,74.47359,Grassland,0.139,8.1,6.4,3.2
LC01248,19.901602,74.529671,Agricultural Land,0.821,4.0,1.6,14.5
LC01249,19.846756,74.371523,Agricultural Land,0.234,1.4,5.7,10.6
LC01250,19.891966,74.462772,Agricultural Land,0.51,1.6,7.8,7.1
LC01251,19.942698,74.596471,Agricultural Land,0.231,0.1,5.3,8.0
LC01252,19.846988,74.535338,Wetland,0.38,6.6,28.7,3.8
LC01253,19.880083,74.511712,Water Body,0.251,19.6,97.4,14.3
LC01254,19.824634,74.363693,Urban/Built-up,0.547,6.3,4.5,88.3
LC01255,19.917893,74.503197,Barren/Fallow,0.516,16.4,1.0,11.1
LC01256,19.842309,74.588558,Forest/Grove,0.525,59.2,4.8,11.1
LC01257,19.870055,74.513646,Agricultural Land,0.403,3.8,1.1,9.7
LC01258,19.836967,74.593463,Water Body,0.77,12.0,88.1,5.4
LC01259,19.837274,74.49692,Grassland,0.74,19.1,7.9,0.1
LC01260,19.835352,74.54055,Urban/Built-up,0.433,0.8,5.4,63.8
LC01261,19.813091,74.353529,Forest/Grove,0.874,66.9,6.4,13.6
LC01262,19.910191,74.569418,Barren/Fallow,0.437,16.7,2.0,4.5
LC01263,19.944063,74.571105,Wetland,0.104,13.6,37.0,1.8
LC01264,19.893597,74.552942,Barren/Fallow,0.457,18.8,2.9,0.6
LC01265,19.823365,74.402724,Agricultural Land,0.354,4.2,2.3,7.1
LC01266,19.808729,74.456985,Agricultural Land,0.209,7.6,2.1,9.8
LC01267,19.866599,74.574687,Wetland,0.371,0.9,51.9,2.8
LC01268,19.847527,74.522511,Urban/Built-up,0.592,10.5,4.0,84.4
LC01269,19.928726,74.455277,Wetland,0.418,3.8,48.8,3.7
LC01270,19.816515,74.561786,Grassland,0.507,4.2,4.1,9.4
LC01271,19.919443,74.371142,Agricultural Land,0.806,13.6,5.2,5.7
LC01272,19.87907,74.543989,Water Body,0.393,16.8,68.9,4.6
LC01273,19.90344,74.592636,Agricultural Land,0.73,12.1,2.3,3.1
LC01274,19.921673,74.418554,Agricultural Land,0.665,5.7,6.4,6.1
LC01275,19.923905,74.401473,Water Body,0.745,8.5,97.5,10.9
LC01276,19.825436,74.584714,Wetland,0.104,15.5,38.8,5.1
LC01277,19.80062,74.411261,Forest/Grove,0.233,50.6,1.4,8.0
LC01278,19.875659,74.490252,Urban/Built-up,0.788,8.9,1.9,54.8
LC01279,19.924947,74.439397,Grassland,0.893,18.5,6.0,6.6
LC01280,19.915637,74.35088,Agricultural Land,0.436,13.5,0.6,14.0
LC01281,19.887372,74.554768,Forest/Grove,0.299,48.6,4.2,12.7
LC01282,19.81727,74.401856,Grassland,0.36,5.9,6.8,13.2
LC01283,19.825465,74.355696,Agricultural Land,0.693,12.9,5.4,3.3
LC01284,19.812783,74.585071,Grassland,0.659,9.9,4.8,1.0
LC01285,19.916674,74.382879,Agricultural Land,0.722,7.0,8.0,7.1
LC01286,19.819704,74.35693,Agricultural Land,0.601,13.0,5.6,7.0
LC01287,19.852392,74.50921,Agricultural Land,0.61,18.0,3.3,2.5
LC01288,19.883472,74.387979,Forest/Grove,0.563,89.9,6.8,6.9
LC01289,19.859776,74.582714,Forest/Grove,0.529,88.3,3.4,1.5
LC01290,19.91064,74.46027,Agricultural Land,0.464,13.1,1.9,10.7
LC01291,19.855144,74.522487,Agricultural Land,0.744,10.4,1.4,12.0
LC01292,19.898945,74.365266,Agricultural Land,0.452,10.6,0.6,11.5
LC01293,19.94448,74.526085,Wetland,0.376,9.6,36.7,3.6
LC01294,19.840611,74.526102,Water Body,0.404,14.6,99.3,4.2
LC01295,19.910207,74.518407,Urban/Built-up,0.29,7.1,1.5,90.0
LC01296,19.889135,74.469817,Urban/Built-up,0.351,10.6,1.2,69.5
LC01297,19.860804,74.363749,Barren/Fallow,0.387,9.7,4.0,5.5
LC01298,19.803687,74.449858,Wetland,0.298,12.0,53.4,3.6
LC01299,19.848499,74.564749,Wetland,0.627,2.5,25.5,11.8
LC01300,19.868846,74.37254,Agricultural Land,0.694,5.6,2.9,3.9
LC01301,19.842907,74.419314,Agricultural Land,0.893,3.8,2.2,6.0
LC01302,19.824361,74.497374,Water Body,0.323,13.0,90.5,3.9
LC01303,19.810241,74.599756,Barren/Fallow,0.381,10.3,2.9,11.6
LC01304,19.836075,74.366343,Agricultural Land,0.71,8.4,2.1,6.1
LC01305,19.949899,74.502724,Urban/Built-up,0.21,7.7,0.7,84.9
LC01306,19.828484,74.597136,Agricultural Land,0.7,1.5,1.0,2.5
LC01307,19.874325,74.577839,Agricultural Land,0.714,6.5,7.1,3.7
LC01308,19.810472,74.560739,Agricultural Land,0.506,11.4,4.1,13.7
LC01309,19.874436,74.482366,Barren/Fallow,0.257,19.9,6.1,8.9
LC01310,19.838794,74.371324,Barren/Fallow,0.486,8.9,4.7,3.6
LC01311,19.916631,74.542084,Water Body,0.594,6.4,96.1,10.6
LC01312,19.816703,74.493645,Agricultural Land,0.603,9.4,2.1,9.0
LC01313,19.850043,74.497835,Agricultural Land,0.398,12.6,7.1,7.9
LC01314,19.809008,74.538218,Wetland,0.533,4.1,49.3,2.1
LC01315,19.839643,74.455728,Urban/Built-up,0.757,8.7,3.9,64.0
LC01316,19.92463,74.359396,Grassland,0.098,19.6,2.7,2.3
LC01317,19.831526,74.552977,Grassland,0.139,0.8,6.1,0.9
LC01318,19.84035,74.563973,Agricultural Land,0.426,14.4,7.4,3.3
LC01319,19.823394,74.489513,Barren/Fallow,0.737,15.5,1.4,0.1
LC01320,19.86036,74.553628,Barren/Fallow,0.57,9.7,2.8,8.1
LC01321,19.863579,74.358065,Agricultural Land,0.593,9.3,4.9,11.8
LC01322,19.843274,74.505981,Agricultural Land,0.74,9.7,5.8,4.2
LC01323,19.904924,74.491924,Agricultural Land,0.371,13.2,7.6,11.2
LC01324,19.908996,74.425605,Agricultural Land,0.223,3.8,2.5,4.6
LC01325,19.861417,74.457567,Agricultural Land,0.537,3.0,7.2,4.6
LC01326,19.860488,74.48058,Grassland,0.057,17.9,3.5,8.7
LC01327,19.834592,74.524016,Wetland,0.135,17.2,34.3,4.9
LC01328,19.804142,74.441751,Barren/Fallow,0.588,8.1,4.6,14.1
LC01329,19.882305,74.39323,Agricultural Land,0.736,13.7,1.5,7.4
LC01330,19.91014,74.373541,Water Body,0.78,10.7,75.6,3.6
LC01331,19.945558,74.422141,Forest/Grove,0.461,93.1,2.5,1.2
LC01332,19.947386,74.464668,Agricultural Land,0.627,0.1,2.6,12.3
LC01333,19.906505,74.366891,Agricultural Land,0.318,19.8,3.9,9.0
LC01334,19.928052,74.522475,Wetland,0.181,14.8,45.0,13.7
LC01335,19.866219,74.595702,Agricultural Land,0.282,11.3,4.1,11.3
LC01336,19.948611,74.546102,Agricultural Land,0.454,4.9,3.5,6.3
LC01337,19.841605,74.569322,Barren/Fallow,0.608,17.5,3.2,1.6
LC01338,19.862118,74.592201,Agricultural Land,0.593,11.9,7.8,4.9
LC01339,19.809763,74.467149,Agricultural Land,0.547,1.6,5.3,8.3
LC01340,19.93816,74.416685,Agricultural Land,0.494,9.8,1.9,6.6
LC01341,19.882447,74.39479,Agricultural Land,0.859,3.3,2.7,11.3
LC01342,19.911709,74.494196,Forest/Grove,0.293,91.6,7.3,14.4
LC01343,19.82061,74.356152,Agricultural Land,0.508,4.3,3.7,13.5
LC01344,19.940987,74.391037,Grassland,0.099,5.4,7.1,4.5
LC01345,19.818988,74.551969,Wetland,0.38,6.3,49.3,0.1
LC01346,19.926905,74.441706,Urban/Built-up,0.764,17.6,0.6,67.4
LC01347,19.919975,74.415016,Agricultural Land,0.627,18.1,5.5,8.1
LC01348,19.847484,74.531416,Urban/Built-up,0.322,18.8,5.0,82.9
LC01349,19.838287,74.556887,Wetland,0.463,6.7,20.8,10.9
LC01350,19.86948,74.595914,Agricultural Land,0.805,0.9,1.7,4.4
LC01351,19.920687,74.461253,Grassland,0.692,18.9,4.8,14.8
LC01352,19.93692,74.557834,Water Body,0.463,19.7,60.6,1.6
LC01353,19.84592,74.542206,Agricultural Land,0.378,9.9,6.1,4.4
LC01354,19.883335,74.3654,Forest/Grove,0.661,58.2,5.8,10.6
LC01355,19.898674,74.440807,Barren/Fallow,0.401,12.3,4.2,2.2
LC01356,19.876753,74.57245,Agricultural Land,0.15,9.2,7.9,6.3
LC01357,19.875741,74.480169,Forest/Grove,0.7,52.2,4.4,13.8
LC01358,19.854683,74.427859,Forest/Grove,0.257,44.9,6.5,0.8
LC01359,19.853853,74.567101,Agricultural Land,0.603,4.5,0.8,2.0
LC01360,19.876392,74.375466,Forest/Grove,0.536,45.6,3.5,6.2
LC01361,19.908886,74.501476,Wetland,0.83,9.0,40.8,3.5
LC01362,19.94907,74.475954,Wetland,0.249,12.6,27.7,10.3
LC01363,19.928328,74.360151,Grassland,0.158,1.5,0.9,10.5
LC01364,19.894822,74.506111,Wetland,0.242,10.8,52.5,8.0
LC01365,19.917214,74.461948,Water Body,0.416,1.8,92.3,4.9
LC01366,19.908162,74.5258,Urban/Built-up,0.825,4.2,4.7,79.5
LC01367,19.944826,74.434378,Barren/Fallow,0.686,3.5,2.3,13.6
LC01368,19.842114,74.520748,Agricultural Land,0.707,16.4,0.6,2.4
LC01369,19.813393,74.55592,Agricultural Land,0.912,13.4,1.5,0.1
LC01370,19.80408,74.43343,Barren/Fallow,0.336,7.4,2.4,11.9
LC01371,19.825058,74.516779,Agricultural Land,0.62,8.7,7.3,5.8
LC01372,19.840288,74.417052,Grassland,0.23,14.0,1.5,13.0
LC01373,19.913202,74.381127,Agricultural Land,0.393,6.1,6.6,6.6
LC01374,19.94373,74.398653,Forest/Grove,0.709,72.8,5.0,10.8
LC01375,19.890691,74.535543,Water Body,0.334,4.4,75.3,13.5
LC01376,19.820395,74.432459,Wetland,0.686,9.4,27.7,4.6
LC01377,19.864564,74.48556,Grassland,0.597,1.9,5.3,4.0
LC01378,19.810277,74.351031,Grassland,0.338,1.3,2.0,4.7
LC01379,19.837624,74.433789,Agricultural Land,0.142,16.0,7.8,10.2
LC01380,19.891029,74.51362,Agricultural Land,0.537,9.5,5.4,12.8
LC01381,19.855202,74.567315,Forest/Grove,0.051,82.9,2.7,0.7
LC01382,19.803771,74.469593,Forest/Grove,0.75,63.6,0.5,10.1
LC01383,19.907942,74.553989,Agricultural Land,0.843,12.9,3.3,12.1
LC01384,19.899456,74.564219,Agricultural Land,0.306,12.7,0.3,5.6
LC01385,19.860311,74.43155,Barren/Fallow,0.223,8.9,3.4,13.3
LC01386,19.815536,74.37655,Forest/Grove,0.806,63.4,1.5,11.9
LC01387,19.899325,74.517324,Forest/Grove,0.783,72.7,7.2,8.6
LC01388,19.856058,74.518754,Forest/Grove,0.414,58.9,7.3,0.3
LC01389,19.91756,74.435024,Agricultural Land,0.616,11.1,1.1,2.6
LC01390,19.905988,74.403471,Urban/Built-up,0.615,2.7,3.3,61.7
LC01391,19.927228,74.388216,Agricultural Land,0.718,11.7,1.5,2.8
LC01392,19.908454,74.384965,Agricultural Land,0.912,5.3,6.5,1.9
LC01393,19.883052,74.579818,Urban/Built-up,0.586,17.5,4.2,56.0
LC01394,19.938025,74.441475,Water Body,0.134,18.5,83.4,6.8
LC01395,19.835703,74.486333,Agricultural Land,0.073,7.8,7.3,9.0
LC01396,19.860805,74.506017,Urban/Built-up,0.174,10.7,1.2,73.9
LC01397,19.917029,74.370465,Forest/Grove,0.165,79.6,0.2,9.4
LC01398,19.849235,74.575573,Agricultural Land,0.494,11.2,0.8,13.1
LC01399,19.908516,74.519972,Barren/Fallow,0.403,0.2,2.7,1.5
LC01400,19.808266,74.472999,Agricultural Land,0.569,4.2,3.1,0.9
LC01401,19.946291,74.450119,Agricultural Land,0.328,12.5,5.2,0.1
LC01402,19.812138,74.411865,Forest/Grove,0.329,53.0,1.7,6.7
LC01403,19.895923,74.516654,Barren/Fallow,0.456,10.9,7.9,12.6
LC01404,19.885448,74.401349,Grassland,0.302,5.9,1.9,8.7
LC01405,19.910784,74.356493,Grassland,0.184,3.4,0.2,11.4
LC01406,19.93028,74.505544,Barren/Fallow,0.556,11.7,6.4,13.1
LC01407,19.905974,74.362962,Urban/Built-up,0.636,16.4,1.6,77.6
LC01408,19.857039,74.551688,Grassland,0.535,3.1,2.3,0.8
LC01409,19.946213,74.544217,Water Body,0.811,12.2,78.7,14.0
LC01410,19.948523,74.4125,Agricultural Land,0.826,8.0,7.6,10.3
LC01411,19.876176,74.59213,Forest/Grove,0.309,57.3,3.1,9.1
LC01412,19.852996,74.433724,Grassland,0.726,9.2,5.1,1.1
LC01413,19.813691,74.59426,Agricultural Land,0.446,1.3,1.2,0.1
LC01414,19.924375,74.361993,Agricultural Land,0.41,19.9,1.0,5.1
LC01415,19.807129,74.418962,Forest/Grove,0.484,77.8,3.2,12.8
LC01416,19.860889,74.411994,Wetland,0.777,4.7,25.8,5.0
LC01417,19.847537,74.533987,Wetland,0.207,14.9,56.1,4.5
LC01418,19.829652,74.46702,Agricultural Land,0.178,11.4,3.8,3.6
LC01419,19.816534,74.542571,Wetland,0.561,1.3,53.2,8.5
LC01420,19.836448,74.371648,Agricultural Land,0.398,18.6,3.5,1.4
LC01421,19.83185,74.500491,Grassland,0.931,14.7,1.4,0.3
LC01422,19.918495,74.549098,Barren/Fallow,0.561,10.0,2.5,5.1
LC01423,19.813448,74.378925,Agricultural Land,0.352,1.7,7.8,12.2
LC01424,19.85996,74.574191,Agricultural Land,0.166,2.2,5.8,0.7
LC01425,19.836397,74.431805,Agricultural Land,0.487,10.8,3.7,12.7
LC01426,19.850152,74.44121,Water Body,0.406,12.8,79.7,0.2
LC01427,19.823924,74.413702,Agricultural Land,0.3,12.5,0.8,9.5
LC01428,19.944704,74.37476,Barren/Fallow,0.558,8.8,0.5,12.9
LC01429,19.918038,74.557738,Barren/Fallow,0.133,4.9,7.7,5.2
LC01430,19.828278,74.472214,Urban/Built-up,0.281,7.0,1.4,52.8
LC01431,19.807164,74.406786,Agricultural Land,0.483,0.2,2.5,1.2
LC01432,19.852229,74.581184,Barren/Fallow,0.865,0.7,1.8,6.5
LC01433,19.906728,74.538797,Agricultural Land,0.831,18.4,0.4,1.5
LC01434,19.892726,74.504672,Agricultural Land,0.347,15.7,0.1,7.9
LC01435,19.837107,74.581708,Forest/Grove,0.557,45.4,6.0,14.4
LC01436,19.823011,74.35515,Grassland,0.248,19.3,5.4,7.9
LC01437,19.817208,74.565786,Urban/Built-up,0.315,10.6,0.7,70.2
LC01438,19.841847,74.482271,Agricultural Land,0.598,2.6,1.3,11.6
LC01439,19.948712,74.370018,Wetland,0.249,0.8,37.8,9.8
LC01440,19.893641,74.561672,Barren/Fallow,0.575,13.5,0.4,9.4
LC01441,19.808864,74.367489,Agricultural Land,0.833,2.4,7.8,8.0
LC01442,19.8013,74.572385,Forest/Grove,0.659,56.0,0.2,5.9
LC01443,19.865653,74.450636,Grassland,0.754,8.4,1.6,1.5
LC01444,19.891831,74.429966,Urban/Built-up,0.78,14.2,1.5,62.7
LC01445,19.85996,74.576633,Grassland,0.805,4.6,5.9,1.7
LC01446,19.848727,74.595817,Forest/Grove,0.771,54.7,5.7,14.3
LC01447,19.94916,74.547431,Grassland,0.709,19.7,3.1,8.6
LC01448,19.866239,74.412122,Forest/Grove,0.662,74.7,2.2,5.9
LC01449,19.854932,74.403284,Urban/Built-up,0.526,0.0,7.2,81.2
LC01450,19.838599,74.457913,Barren/Fallow,0.351,8.4,0.8,6.6
LC01451,19.923987,74.512325,Water Body,0.103,16.6,76.0,2.5
LC01452,19.941334,74.496556,Water Body,0.06,10.3,86.0,2.9
LC01453,19.94833,74.393136,Agricultural Land,0.693,16.9,4.8,3.2
LC01454,19.853376,74.472788,Agricultural Land,0.496,11.0,5.3,6.5
LC01455,19.835709,74.372285,Agricultural Land,0.396,13.6,6.4,3.2
LC01456,19.803989,74.583614,Agricultural Land,0.244,5.1,3.5,5.1
LC01457,19.885653,74.531867,Agricultural Land,0.433,8.7,6.6,6.2
LC01458,19.812754,74.573137,Barren/Fallow,0.042,16.3,4.0,3.7
LC01459,19.884147,74.454873,Grassland,0.475,16.0,7.6,4.2
LC01460,19.821407,74.461046,Grassland,0.852,5.0,2.3,2.6
LC01461,19.846107,74.409088,Barren/Fallow,0.657,17.6,7.3,9.4
LC01462,19.922622,74.570699,Grassland,0.559,1.8,6.8,13.6
LC01463,19.813726,74.428088,Agricultural Land,0.926,6.7,5.1,12.9
LC01464,19.837684,74.512653,Urban/Built-up,0.949,17.1,0.6,70.7
LC01465,19.81534,74.485951,Barren/Fallow,0.577,17.2,7.4,2.7
LC01466,19.89912,74.550649,Grassland,0.493,8.5,6.6,11.4
LC01467,19.931778,74.434827,Grassland,0.19,9.9,1.2,14.2
LC01468,19.881458,74.412769,Agricultural Land,0.224,3.1,2.2,8.0
LC01469,19.929684,74.41527,Forest/Grove,0.69,75.3,4.5,0.5
LC01470,19.868514,74.588083,Agricultural Land,0.453,12.9,1.0,9.1
LC01471,19.833153,74.471592,Wetland,0.443,3.7,33.0,5.1
LC01472,19.860153,74.488613,Agricultural Land,0.249,17.6,0.7,10.5
LC01473,19.938796,74.483578,Grassland,0.443,10.1,6.0,7.1
LC01474,19.840279,74.589411,Grassland,0.708,6.6,6.7,3.4
LC01475,19.858493,74.362075,Urban/Built-up,0.639,16.3,5.3,69.2
LC01476,19.912957,74.430899,Grassland,0.531,4.9,1.1,10.0
LC01477,19.874577,74.519852,Wetland,0.412,15.9,43.3,1.2
LC01478,19.878259,74.450178,Urban/Built-up,0.532,14.7,7.6,57.9
LC01479,19.845907,74.379943,Agricultural Land,0.629,1.3,1.9,13.2
LC01480,19.914093,74.431908,Forest/Grove,0.309,61.3,7.2,1.2
LC01481,19.834688,74.391925,Barren/Fallow,0.443,17.8,3.7,6.9
LC01482,19.813802,74.585201,Urban/Built-up,0.218,1.5,7.6,61.6
LC01483,19.820167,74.43899,Agricultural Land,0.497,15.7,1.1,5.7
LC01484,19.894938,74.449832,Forest/Grove,0.29,77.0,0.7,10.9
LC01485,19.841689,74.528438,Agricultural Land,0.697,2.3,6.8,14.6
LC01486,19.947124,74.417072,Agricultural Land,0.203,17.3,7.9,0.2
LC01487,19.883744,74.484418,Agricultural Land,0.922,8.1,1.7,2.7
LC01488,19.812276,74.484613,Agricultural Land,0.821,6.1,7.4,13.9
LC01489,19.84754,74.578407,Urban/Built-up,0.255,5.7,1.4,52.2
LC01490,19.881408,74.505009,Agricultural Land,0.632,11.5,7.4,12.0
LC01491,19.860467,74.479096,Agricultural Land,0.647,8.0,3.0,3.4
LC01492,19.887682,74.351326,Grassland,0.164,13.7,1.8,6.4
LC01493,19.882991,74.593926,Agricultural Land,0.834,17.8,5.8,12.9
LC01494,19.875021,74.456559,Urban/Built-up,0.299,12.7,5.7,83.4
LC01495,19.936939,74.380375,Grassland,0.503,17.4,8.0,9.7
LC01496,19.809806,74.517211,Agricultural Land,0.315,3.6,0.5,14.3
LC01497,19.825742,74.497407,Water Body,0.292,18.9,77.5,11.7
LC01498,19.828237,74.437244,Forest/Grove,0.217,90.3,2.1,6.4
LC01499,19.809954,74.449178,Agricultural Land,0.707,5.0,6.2,13.2
LC01500,19.845831,74.399141,Barren/Fallow,0.198,14.1,2.6,5.9
LC01501,19.825597,74.58619,Agricultural Land,0.844,1.1,1.4,0.1
LC01502,19.836078,74.564313,Urban/Built-up,0.727,0.6,2.6,71.3
LC01503,19.88145,74.497647,Urban/Built-up,0.591,5.2,0.7,62.8
LC01504,19.837906,74.373084,Wetland,0.677,1.5,22.8,1.6
LC01505,19.817461,74.527259,Agricultural Land,0.159,1.9,2.8,4.5
LC01506,19.898416,74.573449,Barren/Fallow,0.65,15.0,0.6,14.3
LC01507,19.80968,74.44553,Agricultural Land,0.163,9.8,0.9,2.7
LC01508,19.848362,74.59279,Agricultural Land,0.883,7.8,2.4,14.5
LC01509,19.868599,74.589877,Grassland,0.224,5.0,6.4,15.0
LC01510,19.834579,74.441136,Agricultural Land,0.805,13.0,6.8,14.6
LC01511,19.817699,74.42643,Agricultural Land,0.48,6.0,6.4,8.6
LC01512,19.893123,74.593616,Grassland,0.477,0.6,4.3,12.4
LC01513,19.812868,74.386092,Forest/Grove,0.514,47.3,0.5,0.1
LC01514,19.912852,74.599302,Grassland,0.576,1.1,0.6,10.9
LC01515,19.804345,74.510732,Water Body,0.778,5.6,65.4,5.1
LC01516,19.827701,74.586159,Grassland,0.078,3.0,6.4,11.7
LC01517,19.919223,74.443635,Water Body,0.579,4.3,64.2,2.7
LC01518,19.820696,74.571009,Barren/Fallow,0.717,11.0,0.3,0.9
LC01519,19.876649,74.395062,Water Body,0.213,0.9,81.8,5.2
LC01520,19.819185,74.356736,Forest/Grove,0.312,69.4,3.1,6.8
LC01521,19.86598,74.436845,Grassland,0.292,3.5,0.4,9.6
LC01522,19.921866,74.532984,Agricultural Land,0.452,9.5,4.9,1.8
LC01523,19.84942,74.376309,Wetland,0.871,5.4,44.8,6.2
LC01524,19.919995,74.401172,Agricultural Land,0.287,2.9,6.5,3.9
LC01525,19.925506,74.455832,Agricultural Land,0.214,13.3,1.3,3.4
LC01526,19.858718,74.507484,Grassland,0.704,2.0,1.3,1.9
LC01527,19.924995,74.548804,Urban/Built-up,0.26,12.9,2.6,61.0
LC01528,19.932167,74.432293,Grassland,0.784,14.3,0.1,14.7
LC01529,19.80953,74.439382,Barren/Fallow,0.737,11.5,7.1,0.4
LC01530,19.863715,74.373529,Forest/Grove,0.639,64.2,4.4,14.2
LC01531,19.88067,74.506921,Wetland,0.832,1.2,34.4,4.5
LC01532,19.91908,74.372852,Agricultural Land,0.274,10.7,1.6,5.7
LC01533,19.946449,74.546178,Grassland,0.483,11.0,7.1,10.8
LC01534,19.889252,74.444519,Agricultural Land,0.239,12.7,0.6,10.2
LC01535,19.833373,74.449132,Forest/Grove,0.237,89.9,5.9,4.5
LC01536,19.898808,74.528183,Barren/Fallow,0.318,3.0,4.7,2.2
LC01537,19.844607,74.567833,Agricultural Land,0.625,17.4,5.9,8.7
LC01538,19.808964,74.491622,Barren/Fallow,0.802,13.2,7.1,15.0
LC01539,19.809972,74.383509,Agricultural Land,0.804,16.8,1.3,7.5
LC01540,19.910139,74.418849,Grassland,0.822,1.4,1.6,13.4
LC01541,19.836056,74.56571,Barren/Fallow,0.085,10.2,4.2,7.7
LC01542,19.884322,74.410287,Urban/Built-up,0.298,12.1,7.8,62.9
LC01543,19.861026,74.543273,Grassland,0.514,10.7,6.9,4.0
LC01544,19.874432,74.530711,Barren/Fallow,0.445,17.9,0.6,14.6
LC01545,19.887067,74.44597,Forest/Grove,0.31,77.4,4.0,5.9
LC01546,19.808947,74.502221,Agricultural Land,0.691,0.3,0.6,0.4
LC01547,19.880766,74.383241,Urban/Built-up,0.4,0.8,3.0,89.8
LC01548,19.847085,74.373749,Agricultural Land,0.604,4.1,0.7,4.7
LC01549,19.82675,74.380776,Agricultural Land,0.742,9.2,5.1,12.3
LC01550,19.802949,74.497638,Forest/Grove,0.392,85.6,3.1,1.4
LC01551,19.919139,74.48422,Barren/Fallow,0.457,1.5,4.4,10.3
LC01552,19.834448,74.516886,Agricultural Land,0.799,18.5,7.4,0.5
LC01553,19.894923,74.356134,Forest/Grove,0.695,40.6,4.9,13.6
LC01554,19.937077,74.480798,Barren/Fallow,0.506,10.8,0.6,14.3
LC01555,19.814766,74.412414,Urban/Built-up,0.757,14.0,3.5,98.4
LC01556,19.886632,74.446042,Grassland,0.661,15.9,1.5,12.2
LC01557,19.938339,74.412037,Grassland,0.627,17.0,7.6,9.1
LC01558,19.830598,74.44806,Agricultural Land,0.256,9.9,7.7,12.9
LC01559,19.857697,74.474558,Barren/Fallow,0.276,8.0,7.9,0.0
LC01560,19.93138,74.596378,Wetland,0.158,6.2,21.9,13.6
LC01561,19.823532,74.442747,Grassland,0.698,2.4,3.7,8.3
LC01562,19.939951,74.595326,Forest/Grove,0.521,43.2,5.4,6.6
LC01563,19.811538,74.432189,Agricultural Land,0.903,9.3,0.9,4.8
LC01564,19.815585,74.597469,Agricultural Land,0.35,10.8,7.9,0.3
LC01565,19.878735,74.546598,Agricultural Land,0.838,9.4,3.2,1.9
LC01566,19.805923,74.583831,Barren/Fallow,0.254,10.4,7.9,8.0
LC01567,19.853756,74.565643,Agricultural Land,0.77,16.2,2.6,3.6
LC01568,19.873294,74.493346,Agricultural Land,0.241,0.3,2.7,8.1
LC01569,19.944538,74.559222,Urban/Built-up,0.875,13.5,5.4,90.8
LC01570,19.89635,74.520976,Wetland,0.195,18.9,40.4,9.1
LC01571,19.829919,74.542285,Barren/Fallow,0.337,6.7,5.3,5.0
LC01572,19.928252,74.597097,Grassland,0.277,13.7,4.5,4.3
LC01573,19.831489,74.563882,Agricultural Land,0.151,11.6,6.4,9.1
LC01574,19.877839,74.427286,Forest/Grove,0.882,83.6,5.2,12.6
LC01575,19.805427,74.53207,Barren/Fallow,0.668,8.0,0.2,4.9
LC01576,19.848395,74.50918,Urban/Built-up,0.571,18.0,5.1,77.7
LC01577,19.911338,74.553165,Agricultural Land,0.203,7.8,7.2,1.2
LC01578,19.820098,74.530187,Agricultural Land,0.259,2.3,5.7,7.1
LC01579,19.937863,74.512548,Water Body,0.619,4.9,94.2,13.5
LC01580,19.820579,74.560687,Barren/Fallow,0.427,12.8,3.4,8.3
LC01581,19.837997,74.442134,Agricultural Land,0.627,10.6,1.2,11.1
LC01582,19.907023,74.587429,Water Body,0.455,14.8,69.7,12.7
LC01583,19.825726,74.354983,Agricultural Land,0.113,15.8,1.4,8.0
LC01584,19.834124,74.49818,Agricultural Land,0.379,7.1,5.8,0.2
LC01585,19.816368,74.378802,Agricultural Land,0.31,12.8,4.0,1.8
LC01586,19.807034,74.428076,Urban/Built-up,0.601,3.6,3.1,53.1
LC01587,19.90159,74.406876,Agricultural Land,0.26,13.8,2.8,14.4
LC01588,19.812934,74.476739,Agricultural Land,0.401,5.6,1.5,5.9
LC01589,19.804501,74.468738,Agricultural Land,0.52,14.4,6.9,2.7
LC01590,19.802809,74.37488,Urban/Built-up,0.367,4.1,4.0,61.2
LC01591,19.90595,74.546823,Agricultural Land,0.19,15.5,3.8,13.6
LC01592,19.896595,74.390775,Barren/Fallow,0.671,14.3,1.1,0.5
LC01593,19.845983,74.568188,Agricultural Land,0.228,16.6,5.8,0.3
LC01594,19.833125,74.54412,Grassland,0.783,19.0,5.9,14.0
LC01595,19.883185,74.444322,Urban/Built-up,0.816,4.6,5.4,71.8
LC01596,19.93419,74.455695,Urban/Built-up,0.581,19.3,5.1,97.6
LC01597,19.9097,74.553972,Water Body,0.471,9.3,93.6,4.6
LC01598,19.915597,74.552722,Urban/Built-up,0.521,13.1,4.8,97.8
LC01599,19.889275,74.417536,Agricultural Land,0.302,9.6,7.2,6.8
LC01600,19.922932,74.564102,Agricultural Land,0.249,17.8,4.1,14.5
LC01601,19.85365,74.471096,Wetland,0.528,14.2,35.6,6.9
LC01602,19.867389,74.55876,Grassland,0.487,8.5,3.6,0.4
LC01603,19.902383,74.398421,Urban/Built-up,0.831,15.0,5.0,64.4
LC01604,19.839118,74.515548,Grassland,0.486,18.7,0.2,14.9
LC01605,19.831691,74.398179,Agricultural Land,0.114,8.0,3.5,13.2
LC01606,19.808151,74.400639,Agricultural Land,0.593,1.0,3.5,2.8
LC01607,19.848436,74.587366,Agricultural Land,0.764,4.4,7.3,11.3
LC01608,19.849822,74.427925,Agricultural Land,0.561,8.6,2.2,11.0
LC01609,19.843763,74.572638,Grassland,0.44,8.8,0.9,5.9
LC01610,19.862549,74.510703,Wetland,0.633,19.6,56.8,1.2
LC01611,19.815367,74.574233,Agricultural Land,0.363,1.8,0.8,11.5
LC01612,19.831401,74.446776,Agricultural Land,0.26,5.2,1.7,12.2
LC01613,19.856294,74.550871,Agricultural Land,0.316,15.9,2.7,1.9
LC01614,19.85915,74.524133,Agricultural Land,0.234,18.5,4.3,13.4
LC01615,19.853395,74.428695,Urban/Built-up,0.522,2.5,1.5,78.2
LC01616,19.878529,74.407674,Wetland,0.472,6.2,54.4,13.3
LC01617,19.830423,74.551282,Urban/Built-up,0.716,4.9,4.4,98.7
LC01618,19.873917,74.357127,Barren/Fallow,0.787,3.8,1.7,2.6
LC01619,19.842336,74.415072,Agricultural Land,0.723,11.9,3.0,6.3
LC01620,19.850622,74.399696,Water Body,0.393,16.2,89.2,11.2
LC01621,19.809718,74.54748,Agricultural Land,0.71,4.9,5.0,13.0
LC01622,19.941445,74.484827,Agricultural Land,0.68,8.6,3.6,13.2
LC01623,19.931897,74.594792,Agricultural Land,0.479,19.0,4.0,13.6
LC01624,19.806772,74.550254,Wetland,0.359,0.9,55.5,7.3
LC01625,19.897525,74.48891,Agricultural Land,0.641,8.4,4.4,2.6
LC01626,19.873042,74.46083,Agricultural Land,0.114,11.9,0.1,11.5
LC01627,19.83825,74.457296,Wetland,0.223,0.8,52.6,7.1
LC01628,19.816014,74.515074,Water Body,0.315,9.4,98.7,1.6
LC01629,19.948719,74.511002,Wetland,0.24,19.7,50.1,3.2
LC01630,19.847855,74.459449,Agricultural Land,0.863,14.0,5.7,4.6
LC01631,19.804484,74.466687,Agricultural Land,0.434,18.1,7.0,13.6
LC01632,19.817561,74.409385,Agricultural Land,0.523,19.7,3.6,14.8
LC01633,19.829894,74.509037,Agricultural Land,0.311,0.7,0.1,2.5
LC01634,19.806831,74.455077,Urban/Built-up,0.524,16.9,3.8,84.6
LC01635,19.913502,74.442961,Agricultural Land,0.916,8.5,3.9,0.3
LC01636,19.846863,74.428557,Agricultural Land,0.325,19.0,2.0,14.1
LC01637,19.831515,74.560448,Agricultural Land,0.553,7.8,7.8,11.6
LC01638,19.904159,74.351778,Agricultural Land,0.049,1.0,2.7,10.7
LC01639,19.852155,74.505553,Forest/Grove,0.482,42.2,6.3,12.5
LC01640,19.834009,74.53242,Agricultural Land,0.463,15.4,8.0,8.5
LC01641,19.881677,74.583902,Urban/Built-up,0.605,8.2,7.0,65.1
LC01642,19.816237,74.583302,Grassland,0.393,8.9,3.0,1.4
LC01643,19.851996,74.51679,Urban/Built-up,0.744,12.7,1.9,92.1
LC01644,19.91862,74.398019,Barren/Fallow,0.34,7.8,4.3,2.5
LC01645,19.871014,74.547095,Barren/Fallow,0.642,10.5,3.6,8.5
LC01646,19.817156,74.395033,Agricultural Land,0.399,2.6,5.7,6.5
LC01647,19.93813,74.417699,Barren/Fallow,0.479,7.9,2.0,12.4
LC01648,19.806699,74.513912,Grassland,0.127,12.9,4.9,4.8
LC01649,19.832591,74.597654,Wetland,0.355,19.5,55.2,0.1
LC01650,19.940739,74.508039,Urban/Built-up,0.511,3.6,5.5,73.2
LC01651,19.834646,74.449626,Barren/Fallow,0.26,0.7,2.2,13.1
LC01652,19.866943,74.449789,Urban/Built-up,0.444,5.4,1.3,62.5
LC01653,19.920706,74.414141,Wetland,0.739,8.9,22.0,13.1
LC01654,19.843635,74.384921,Agricultural Land,0.395,19.4,3.8,10.6
LC01655,19.917711,74.490346,Agricultural Land,0.231,2.1,2.1,10.5
LC01656,19.947904,74.540051,Barren/Fallow,0.234,8.2,6.5,2.1
LC01657,19.926163,74.371495,Grassland,0.292,4.9,7.0,6.7
LC01658,19.942649,74.48534,Agricultural Land,0.932,8.6,2.6,3.6
LC01659,19.814303,74.392794,Urban/Built-up,0.607,4.0,7.1,66.4
LC01660,19.929375,74.368141,Grassland,0.627,3.3,5.3,12.7
LC01661,19.809412,74.57336,Grassland,0.719,5.6,7.4,2.9
LC01662,19.827551,74.559633,Grassland,0.205,9.7,5.2,9.3
LC01663,19.809831,74.355635,Agricultural Land,0.799,4.2,6.9,5.6
LC01664,19.829142,74.425015,Agricultural Land,0.99,8.6,1.1,1.0
LC01665,19.867674,74.561724,Grassland,0.247,13.5,7.3,4.9
LC01666,19.851365,74.557986,Agricultural Land,0.721,4.4,7.0,3.3
LC01667,19.816236,74.375338,Barren/Fallow,0.54,13.0,0.4,14.4
LC01668,19.802029,74.469242,Agricultural Land,0.235,1.3,6.8,12.9
LC01669,19.943563,74.352121,Agricultural Land,0.355,0.1,7.3,14.9
LC01670,19.819696,74.403645,Wetland,0.385,8.2,30.9,6.6
LC01671,19.883512,74.587378,Agricultural Land,0.689,13.3,4.3,10.0
LC01672,19.874,74.490573,Wetland,0.292,18.0,25.1,10.3
LC01673,19.849602,74.53018,Agricultural Land,0.554,6.7,6.8,6.9
LC01674,19.918,74.353846,Agricultural Land,0.199,17.3,6.8,3.1
LC01675,19.936021,74.525594,Agricultural Land,0.218,2.0,1.8,7.6
LC01676,19.939103,74.404415,Agricultural Land,0.674,14.6,7.7,5.2
LC01677,19.804167,74.561717,Urban/Built-up,0.646,4.6,7.0,76.7
LC01678,19.875272,74.587098,Forest/Grove,0.688,44.0,7.1,5.7
LC01679,19.922569,74.508986,Urban/Built-up,0.531,5.2,4.7,73.5
LC01680,19.803831,74.40892,Wetland,0.152,2.3,41.2,2.4
LC01681,19.909877,74.515026,Urban/Built-up,0.734,15.0,0.3,96.1
LC01682,19.885209,74.449641,Agricultural Land,0.288,0.0,0.7,5.1
LC01683,19.853512,74.399996,Barren/Fallow,0.718,17.0,7.8,3.4
LC01684,19.923472,74.467391,Agricultural Land,0.37,13.0,7.2,12.5
LC01685,19.814322,74.465036,Water Body,0.585,18.7,73.0,10.2
LC01686,19.865933,74.460537,Barren/Fallow,0.679,8.6,7.2,3.6
LC01687,19.935523,74.496476,Agricultural Land,0.472,4.9,5.6,1.6
LC01688,19.864819,74.418054,Agricultural Land,0.347,18.7,6.8,13.2
LC01689,19.908249,74.480889,Agricultural Land,0.282,6.9,6.8,11.8
LC01690,19.880073,74.545795,Barren/Fallow,0.787,1.0,4.2,12.1
LC01691,19.822214,74.479824,Urban/Built-up,0.252,14.1,4.5,96.8
LC01692,19.920057,74.572287,Water Body,0.362,0.8,70.5,10.5
LC01693,19.91312,74.598175,Grassland,0.755,12.3,1.9,7.8
LC01694,19.908136,74.387155,Water Body,0.579,15.7,95.1,11.1
LC01695,19.873304,74.563728,Urban/Built-up,0.463,19.1,4.4,71.6
LC01696,19.91526,74.577037,Agricultural Land,0.902,16.3,1.3,6.8
LC01697,19.894908,74.358941,Agricultural Land,0.189,6.1,5.8,14.6
LC01698,19.930608,74.415988,Agricultural Land,0.077,6.4,5.1,4.7
LC01699,19.899516,74.397192,Agricultural Land,0.359,19.2,0.3,9.9
LC01700,19.868815,74.36003,Agricultural Land,0.703,19.7,2.3,7.6
LC01701,19.914963,74.382762,Agricultural Land,0.055,16.3,2.0,2.0
LC01702,19.910185,74.444151,Forest/Grove,0.512,55.8,2.0,14.1
LC01703,19.949628,74.370243,Agricultural Land,0.111,8.7,5.9,3.8
LC01704,19.928597,74.501615,Grassland,0.628,9.2,6.1,1.9
LC01705,19.930771,74.416508,Grassland,0.192,0.0,2.5,8.6
LC01706,19.891409,74.568455,Urban/Built-up,0.784,17.9,1.8,98.7
LC01707,19.922423,74.551845,Agricultural Land,0.305,17.2,0.9,14.9
LC01708,19.926154,74.361616,Grassland,0.802,13.5,4.7,2.7
LC01709,19.829106,74.42351,Water Body,0.104,16.0,95.7,10.4
LC01710,19.939654,74.372551,Grassland,0.278,16.2,5.8,1.9
LC01711,19.943537,74.597815,Grassland,0.636,4.5,7.8,14.2
LC01712,19.863858,74.409262,Agricultural Land,0.504,3.0,4.7,4.5
LC01713,19.928649,74.483326,Grassland,0.465,13.7,2.1,10.6
LC01714,19.804155,74.564796,Agricultural Land,0.313,11.4,0.7,10.9
LC01715,19.85329,74.481568,Wetland,0.354,5.9,40.2,4.1
LC01716,19.89525,74.59398,Water Body,0.625,11.7,87.0,1.6
LC01717,19.906192,74.378042,Forest/Grove,0.433,61.9,2.4,5.5
LC01718,19.926023,74.432615,Grassland,0.826,4.5,1.0,10.5
LC01719,19.864993,74.468084,Agricultural Land,0.847,12.1,3.0,5.9
LC01720,19.892912,74.405449,Urban/Built-up,0.228,12.4,0.0,86.9
LC01721,19.820217,74.503101,Grassland,0.631,17.1,1.9,13.5
LC01722,19.874182,74.595481,Water Body,0.2,7.4,60.3,4.2
LC01723,19.862596,74.450352,Agricultural Land,0.418,16.0,2.4,1.9
LC01724,19.87224,74.522025,Barren/Fallow,0.861,16.3,3.6,11.2
LC01725,19.905155,74.491333,Water Body,0.426,14.2,98.6,13.1
LC01726,19.866621,74.362175,Urban/Built-up,0.607,18.1,5.7,65.2
LC01727,19.863841,74.58058,Agricultural Land,0.261,19.4,4.5,8.5
LC01728,19.861537,74.367284,Urban/Built-up,0.631,1.6,4.0,98.0
LC01729,19.816831,74.453466,Grassland,0.795,13.6,0.2,10.8
LC01730,19.947066,74.42736,Agricultural Land,0.7,0.2,1.3,8.1
LC01731,19.943891,74.48712,Agricultural Land,0.564,9.7,4.7,7.3
LC01732,19.850402,74.560135,Forest/Grove,0.685,54.2,5.3,2.3
LC01733,19.867292,74.390599,Wetland,0.313,3.1,55.1,12.7
LC01734,19.824141,74.45979,Grassland,0.423,6.1,6.3,11.9
LC01735,19.913516,74.544582,Urban/Built-up,0.406,8.5,5.4,78.1
LC01736,19.922895,74.594513,Barren/Fallow,0.612,6.7,0.1,14.3
LC01737,19.937914,74.377026,Grassland,0.058,18.7,2.7,12.8
LC01738,19.939947,74.456664,Agricultural Land,0.537,3.4,3.5,9.0
LC01739,19.892309,74.419211,Agricultural Land,0.308,10.3,3.4,6.2
LC01740,19.88914,74.350839,Agricultural Land,0.214,2.8,7.8,0.7
LC01741,19.873466,74.534863,Urban/Built-up,0.623,1.9,4.8,84.0
LC01742,19.810476,74.416403,Agricultural Land,0.461,10.6,2.8,1.6
LC01743,19.941681,74.503035,Agricultural Land,0.18,17.3,0.2,2.9
LC01744,19.943263,74.387893,Agricultural Land,0.39,12.0,5.6,5.1
LC01745,19.865961,74.522066,Agricultural Land,0.285,8.7,0.7,14.9
LC01746,19.942031,74.354996,Agricultural Land,0.798,19.9,4.3,4.9
LC01747,19.816588,74.496935,Water Body,0.41,17.3,65.8,0.5
LC01748,19.810973,74.512694,Forest/Grove,0.384,72.9,0.1,12.0
LC01749,19.813109,74.418734,Grassland,0.197,13.4,0.7,8.8
LC01750,19.929402,74.496278,Agricultural Land,0.251,7.2,4.8,1.1
LC01751,19.863904,74.467129,Grassland,0.479,9.6,5.6,7.9
LC01752,19.807069,74.441232,Agricultural Land,0.485,17.5,7.4,12.1
LC01753,19.836587,74.382598,Agricultural Land,0.281,12.0,4.7,14.7
LC01754,19.848158,74.466498,Grassland,0.436,14.4,6.4,11.7
LC01755,19.844178,74.597727,Agricultural Land,0.348,19.6,6.4,5.6
LC01756,19.878296,74.411087,Urban/Built-up,0.539,7.5,5.2,90.2
LC01757,19.862097,74.350947,Agricultural Land,0.098,4.9,3.6,4.0
LC01758,19.88008,74.472551,Barren/Fallow,0.505,2.0,7.9,10.9
LC01759,19.851498,74.367472,Agricultural Land,0.522,18.7,3.0,4.8
LC01760,19.90609,74.555047,Grassland,0.3,16.0,1.3,10.4
LC01761,19.945446,74.471191,Barren/Fallow,0.604,12.6,7.6,8.9
LC01762,19.918428,74.508864,Agricultural Land,0.121,0.7,2.1,6.3
LC01763,19.895346,74.405641,Urban/Built-up,0.855,13.8,7.5,51.7
LC01764,19.830938,74.560186,Barren/Fallow,0.421,10.3,4.9,0.1
LC01765,19.896643,74.368268,Wetland,0.515,6.2,42.2,7.5
LC01766,19.848205,74.496125,Agricultural Land,0.422,10.7,4.7,3.2
LC01767,19.813399,74.394716,Urban/Built-up,0.561,8.7,0.8,87.8
LC01768,19.802541,74.448749,Agricultural Land,0.608,4.5,4.6,11.9
LC01769,19.916558,74.36613,Agricultural Land,0.464,17.3,0.4,1.3
LC01770,19.906795,74.465336,Agricultural Land,0.332,8.5,7.0,1.9
LC01771,19.948782,74.57719,Forest/Grove,0.759,94.9,4.2,13.3
LC01772,19.82795,74.362766,Forest/Grove,0.093,75.0,7.1,10.0
LC01773,19.903672,74.500167,Agricultural Land,0.251,12.1,7.7,11.6
LC01774,19.804044,74.439671,Agricultural Land,0.693,3.2,2.4,3.1
LC01775,19.873763,74.42909,Agricultural Land,0.37,7.2,0.1,14.9
LC01776,19.803622,74.376595,Barren/Fallow,0.667,4.0,4.2,9.9
LC01777,19.941364,74.391469,Forest/Grove,0.403,46.5,5.8,12.1
LC01778,19.908125,74.593937,Urban/Built-up,0.594,2.6,7.0,61.5
LC01779,19.921918,74.455847,Agricultural Land,0.459,8.5,5.6,11.2
LC01780,19.804067,74.479387,Barren/Fallow,0.151,5.3,7.3,5.9
LC01781,19.889124,74.599423,Agricultural Land,0.409,2.3,6.8,6.2
LC01782,19.828567,74.377268,Wetland,0.626,1.1,36.4,9.2
LC01783,19.911136,74.562581,Grassland,0.654,3.4,2.7,14.5
LC01784,19.904649,74.383114,Water Body,0.809,9.0,85.1,11.3
LC01785,19.838091,74.407119,Agricultural Land,0.283,13.4,7.2,0.2
LC01786,19.853156,74.359968,Barren/Fallow,0.423,5.7,2.2,6.8
LC01787,19.851326,74.437966,Wetland,0.407,11.9,21.3,2.8
LC01788,19.82343,74.389151,Forest/Grove,0.794,51.2,6.6,13.4
LC01789,19.931587,74.526617,Agricultural Land,0.729,7.5,3.3,1.7
LC01790,19.908041,74.530874,Agricultural Land,0.433,2.5,2.9,2.7
LC01791,19.905428,74.563138,Agricultural Land,0.428,9.2,0.9,11.5
LC01792,19.918534,74.496647,Agricultural Land,0.718,8.9,5.5,10.4
LC01793,19.917894,74.454639,Wetland,0.023,15.8,26.1,7.6
LC01794,19.905239,74.365377,Barren/Fallow,0.522,1.1,7.2,2.7
LC01795,19.867962,74.411897,Agricultural Land,0.696,5.0,1.0,13.2
LC01796,19.877355,74.38758,Urban/Built-up,0.747,1.4,1.5,66.3
LC01797,19.848767,74.503815,Agricultural Land,0.798,15.4,3.0,10.8
LC01798,19.872158,74.443347,Urban/Built-up,0.806,6.2,3.0,78.2
LC01799,19.915449,74.569539,Forest/Grove,0.295,53.8,6.3,0.1
LC01800,19.838996,74.490814,Agricultural Land,0.312,5.1,3.9,7.4
LC01801,19.88462,74.499827,Agricultural Land,0.371,4.4,6.0,4.3
LC01802,19.82047,74.428142,Agricultural Land,0.797,15.1,2.0,10.4
LC01803,19.820391,74.499344,Agricultural Land,0.432,16.1,2.3,2.4
LC01804,19.948611,74.396428,Agricultural Land,0.421,2.8,7.6,2.0
LC01805,19.852392,74.369428,Forest/Grove,0.624,81.2,0.4,5.9
LC01806,19.856225,74.373131,Agricultural Land,0.398,14.6,4.5,14.4
LC01807,19.940302,74.471301,Urban/Built-up,0.051,19.5,7.7,68.4
LC01808,19.919473,74.551071,Wetland,0.134,8.2,46.6,7.7
LC01809,19.903636,74.371758,Agricultural Land,0.492,11.6,0.4,11.0
LC01810,19.847236,74.383048,Forest/Grove,0.424,94.6,1.9,10.3
LC01811,19.852276,74.473137,Agricultural Land,0.367,19.9,1.6,10.3
LC01812,19.940966,74.597603,Agricultural Land,0.3,11.2,2.6,3.6
LC01813,19.935746,74.547335,Urban/Built-up,0.184,13.9,0.2,66.9
LC01814,19.928614,74.445027,Urban/Built-up,0.669,13.4,0.5,94.4
LC01815,19.889713,74.537872,Grassland,0.524,17.1,5.3,14.6
LC01816,19.891828,74.549597,Wetland,0.346,14.5,36.3,11.0
LC01817,19.932085,74.521419,Agricultural Land,0.791,1.1,4.7,5.7
LC01818,19.834853,74.44094,Grassland,0.349,1.6,1.3,0.3
LC01819,19.870627,74.542342,Water Body,0.732,17.2,90.5,11.0
LC01820,19.882741,74.510207,Wetland,0.298,4.1,48.9,6.7
LC01821,19.864015,74.440619,Agricultural Land,0.439,15.2,5.5,1.0
LC01822,19.824669,74.460921,Urban/Built-up,0.698,3.1,0.9,58.1
LC01823,19.859537,74.590032,Agricultural Land,0.81,0.4,6.0,11.9
LC01824,19.82178,74.440062,Agricultural Land,0.515,18.3,1.5,2.2
LC01825,19.927165,74.585542,Agricultural Land,0.888,7.1,5.0,6.0
LC01826,19.847873,74.423435,Agricultural Land,0.71,3.4,3.4,13.2
LC01827,19.843133,74.599295,Urban/Built-up,0.274,1.1,5.0,84.8
LC01828,19.866021,74.351573,Agricultural Land,0.304,10.3,3.6,6.8
LC01829,19.945115,74.413661,Agricultural Land,0.31,11.8,1.5,0.0
LC01830,19.916308,74.516232,Forest/Grove,0.156,42.0,4.3,12.8
LC01831,19.926714,74.599647,Wetland,0.271,8.9,51.9,2.1
LC01832,19.930488,74.589398,Agricultural Land,0.709,10.5,2.4,9.0
LC01833,19.849292,74.360812,Grassland,0.565,19.6,0.7,5.9
LC01834,19.854861,74.599342,Grassland,0.472,14.1,1.2,4.4
LC01835,19.85768,74.427268,Urban/Built-up,0.652,15.4,7.0,69.0
LC01836,19.896314,74.388604,Water Body,0.206,14.3,99.8,6.0
LC01837,19.929606,74.598964,Forest/Grove,0.605,85.9,6.7,4.3
LC01838,19.816222,74.487962,Urban/Built-up,0.535,14.2,1.5,90.4
LC01839,19.92116,74.369763,Urban/Built-up,0.469,2.5,1.5,94.3
LC01840,19.912498,74.573447,Urban/Built-up,0.469,2.7,0.5,70.2
LC01841,19.827851,74.568744,Forest/Grove,0.559,75.6,3.7,1.6
LC01842,19.913619,74.557867,Forest/Grove,0.451,66.0,6.6,2.0
LC01843,19.846774,74.579371,Barren/Fallow,0.713,13.9,5.0,5.5
LC01844,19.886187,74.469013,Wetland,0.616,19.2,45.7,10.6
LC01845,19.810974,74.362778,Barren/Fallow,0.365,15.0,2.5,8.5
LC01846,19.847783,74.512472,Wetland,0.139,6.4,45.8,7.4
LC01847,19.803632,74.456388,Grassland,0.742,17.7,6.0,1.5
LC01848,19.939092,74.534949,Agricultural Land,0.462,5.5,7.1,1.0
LC01849,19.884869,74.564683,Agricultural Land,0.763,19.9,3.9,10.0
LC01850,19.853538,74.387484,Agricultural Land,0.521,3.3,6.6,3.1
LC01851,19.805824,74.492596,Agricultural Land,0.834,12.8,2.7,3.9
LC01852,19.852756,74.410999,Agricultural Land,0.646,18.0,1.8,0.1
LC01853,19.872753,74.456272,Grassland,0.651,8.3,2.1,9.9
LC01854,19.942703,74.356085,Agricultural Land,0.308,6.8,0.2,6.5
LC01855,19.830532,74.556729,Barren/Fallow,0.366,7.9,0.2,14.8
LC01856,19.917031,74.588591,Agricultural Land,0.484,4.0,5.7,3.6
LC01857,19.883943,74.574968,Agricultural Land,0.643,1.6,0.1,14.2
LC01858,19.898578,74.503372,Urban/Built-up,0.42,14.7,4.9,64.1
LC01859,19.94681,74.413882,Agricultural Land,0.297,2.2,6.5,11.1
LC01860,19.923429,74.544473,Wetland,0.53,11.1,45.5,8.9
LC01861,19.939627,74.39078,Wetland,0.765,9.2,55.4,5.1
LC01862,19.844683,74.513568,Urban/Built-up,0.228,17.0,5.6,90.4
LC01863,19.807012,74.465162,Forest/Grove,0.365,53.9,7.2,11.9
LC01864,19.925539,74.435705,Forest/Grove,0.723,55.2,2.7,4.2
LC01865,19.870364,74.576114,Grassland,0.742,0.5,6.8,8.2
LC01866,19.84906,74.539783,Grassland,0.352,11.1,1.3,3.6
LC01867,19.872068,74.506889,Urban/Built-up,0.777,4.9,2.5,55.3
LC01868,19.885954,74.587309,Agricultural Land,0.611,6.7,2.9,2.1
LC01869,19.847801,74.393632,Agricultural Land,0.436,13.7,5.2,11.4
LC01870,19.895527,74.36145,Grassland,0.52,10.3,4.6,12.2
LC01871,19.917712,74.53831,Wetland,0.446,15.6,34.8,7.9
LC01872,19.871547,74.406874,Agricultural Land,0.655,1.6,2.6,11.3
LC01873,19.836288,74.354823,Agricultural Land,0.331,14.6,0.2,9.5
LC01874,19.898612,74.559615,Agricultural Land,0.639,1.5,3.7,11.1
LC01875,19.863451,74.369047,Urban/Built-up,0.637,14.3,3.5,84.2
LC01876,19.910523,74.585576,Urban/Built-up,0.449,13.4,1.0,78.5
LC01877,19.868422,74.452579,Water Body,0.26,15.8,80.5,5.4
LC01878,19.927683,74.390232,Agricultural Land,0.621,17.5,1.2,4.2
LC01879,19.895113,74.575921,Grassland,0.905,14.8,2.9,12.4
LC01880,19.909321,74.545173,Agricultural Land,0.569,7.5,0.0,8.2
LC01881,19.886785,74.389961,Barren/Fallow,0.535,12.5,6.9,6.8
LC01882,19.866832,74.54942,Agricultural Land,0.572,8.2,4.4,13.5
LC01883,19.870731,74.590544,Barren/Fallow,0.339,10.0,2.3,5.1
LC01884,19.918003,74.518788,Agricultural Land,0.407,3.2,4.7,8.7
LC01885,19.817279,74.466678,Wetland,0.409,2.6,38.6,10.1
LC01886,19.900553,74.591155,Agricultural Land,0.067,15.9,6.8,4.9
LC01887,19.893884,74.462911,Agricultural Land,0.563,0.3,6.7,10.9
LC01888,19.884684,74.536111,Grassland,0.667,5.7,3.3,13.4
LC01889,19.934473,74.483197,Barren/Fallow,0.706,19.4,0.9,7.7
LC01890,19.89785,74.397914,Agricultural Land,0.582,0.6,7.5,13.7
LC01891,19.859956,74.563542,Grassland,0.401,16.2,3.5,8.8
LC01892,19.905875,74.521382,Forest/Grove,0.46,57.0,2.8,9.9
LC01893,19.912584,74.567816,Agricultural Land,0.697,0.4,2.9,8.1
LC01894,19.892845,74.452398,Agricultural Land,0.558,15.5,4.9,14.7
LC01895,19.811102,74.518814,Urban/Built-up,0.071,11.7,5.9,67.6
LC01896,19.85112,74.355809,Urban/Built-up,0.285,3.1,5.7,59.9
LC01897,19.907072,74.379633,Agricultural Land,0.256,0.0,5.4,6.0
LC01898,19.852903,74.469607,Forest/Grove,0.121,88.1,6.9,0.8
LC01899,19.804829,74.501997,Forest/Grove,0.518,85.9,7.3,1.9
LC01900,19.854848,74.422698,Barren/Fallow,0.328,4.7,3.0,9.9
LC01901,19.838153,74.575332,Agricultural Land,0.5,4.3,0.6,10.1
LC01902,19.866836,74.497096,Wetland,0.092,2.5,58.5,7.6
LC01903,19.808075,74.530711,Barren/Fallow,0.253,11.1,7.5,12.3
LC01904,19.907703,74.3513,Agricultural Land,0.694,18.6,6.2,3.6
LC01905,19.905092,74.45968,Urban/Built-up,0.323,2.0,7.7,95.3
LC01906,19.916807,74.551164,Agricultural Land,0.061,9.9,4.5,6.2
LC01907,19.8894,74.537018,Wetland,0.514,4.6,50.1,3.4
LC01908,19.838075,74.424888,Urban/Built-up,0.464,4.4,0.2,96.5
LC01909,19.83242,74.378065,Grassland,0.696,18.1,6.6,10.4
LC01910,19.875532,74.57984,Agricultural Land,0.573,15.8,6.2,11.8
LC01911,19.905813,74.35822,Barren/Fallow,0.702,18.3,5.6,6.2
LC01912,19.823458,74.379457,Agricultural Land,0.625,13.4,0.3,9.5
LC01913,19.848986,74.430712,Urban/Built-up,0.658,0.4,5.4,84.1
LC01914,19.891686,74.448164,Agricultural Land,0.509,18.0,4.8,6.8
LC01915,19.816295,74.509958,Agricultural Land,0.552,8.2,1.6,4.0
LC01916,19.901252,74.59095,Agricultural Land,0.851,19.0,5.7,10.5
LC01917,19.809947,74.565597,Barren/Fallow,0.573,1.1,3.9,3.5
LC01918,19.828252,74.416457,Wetland,0.115,1.8,35.4,0.2
LC01919,19.873466,74.38763,Urban/Built-up,0.513,12.3,8.0,82.4
LC01920,19.820331,74.539404,Agricultural Land,0.28,7.5,7.8,4.2
LC01921,19.811854,74.506444,Agricultural Land,0.392,6.0,5.9,11.1
LC01922,19.887021,74.413619,Agricultural Land,0.304,15.7,3.2,14.9
LC01923,19.925864,74.354066,Agricultural Land,0.172,3.9,3.4,7.4
LC01924,19.936331,74.592173,Agricultural Land,0.525,11.6,3.9,13.5
LC01925,19.937518,74.384526,Agricultural Land,0.523,5.9,7.1,4.4
LC01926,19.917373,74.395107,Water Body,0.283,9.1,69.2,11.1
LC01927,19.940168,74.41713,Urban/Built-up,0.384,1.9,4.5,55.2
LC01928,19.857436,74.598969,Agricultural Land,0.532,8.5,4.7,9.3
LC01929,19.888634,74.56828,Urban/Built-up,0.327,5.6,2.9,62.9
LC01930,19.812511,74.563985,Barren/Fallow,0.065,12.0,4.4,3.8
LC01931,19.849606,74.476213,Agricultural Land,0.301,7.1,2.2,9.5
LC01932,19.815199,74.45985,Grassland,0.624,6.9,7.8,0.7
LC01933,19.831905,74.537751,Agricultural Land,0.76,13.2,2.3,11.0
LC01934,19.822595,74.486199,Agricultural Land,0.197,9.9,7.0,8.5
LC01935,19.810061,74.543094,Wetland,0.619,17.4,35.4,12.8
LC01936,19.904608,74.475314,Agricultural Land,0.119,0.4,7.8,9.2
LC01937,19.923798,74.583649,Urban/Built-up,0.91,9.7,3.1,58.1
LC01938,19.823834,74.355993,Water Body,0.241,11.1,90.4,4.4
LC01939,19.920836,74.364707,Agricultural Land,0.269,17.9,6.9,13.3
LC01940,19.935148,74.566118,Grassland,0.205,13.6,5.1,11.1
LC01941,19.807109,74.388844,Grassland,0.766,15.0,6.7,9.8
LC01942,19.873622,74.479606,Agricultural Land,0.605,14.7,2.8,1.2
LC01943,19.857786,74.497132,Agricultural Land,0.694,6.3,3.9,12.2
LC01944,19.878538,74.542315,Agricultural Land,0.272,0.1,4.5,6.7
LC01945,19.822238,74.479388,Agricultural Land,0.58,9.6,6.2,10.5
LC01946,19.890884,74.460545,Wetland,0.723,7.8,34.8,10.4
LC01947,19.882499,74.378125,Barren/Fallow,0.418,17.8,6.5,11.5
LC01948,19.911793,74.362313,Agricultural Land,0.192,13.3,5.7,10.4
LC01949,19.850605,74.571847,Agricultural Land,0.941,1.3,5.8,5.9
LC01950,19.881454,74.438758,Grassland,0.757,1.4,6.5,10.4
LC01951,19.871571,74.515606,Agricultural Land,0.362,8.9,4.0,14.6
LC01952,19.942146,74.3975,Agricultural Land,0.364,3.5,2.4,8.2
LC01953,19.931332,74.594474,Agricultural Land,0.295,7.5,4.5,7.5
LC01954,19.925439,74.59028,Barren/Fallow,0.218,8.5,6.7,11.0
LC01955,19.868516,74.450401,Grassland,0.288,19.4,1.6,14.9
LC01956,19.922436,74.506633,Agricultural Land,0.789,18.4,4.7,8.0
LC01957,19.835074,74.359654,Barren/Fallow,0.898,12.6,3.2,4.0
LC01958,19.910486,74.547861,Forest/Grove,0.843,56.8,1.2,12.0
LC01959,19.880369,74.543786,Agricultural Land,0.361,14.8,3.2,4.8
LC01960,19.876586,74.396035,Agricultural Land,0.319,17.7,1.3,3.8
LC01961,19.869283,74.583052,Agricultural Land,0.315,13.9,7.0,6.0
LC01962,19.941792,74.379959,Agricultural Land,0.093,13.4,0.3,9.0
LC01963,19.900097,74.497807,Grassland,0.519,14.7,7.3,12.0
LC01964,19.919076,74.513579,Agricultural Land,0.031,9.3,0.5,6.9
LC01965,19.876388,74.520637,Agricultural Land,0.455,18.8,5.9,0.3
LC01966,19.854999,74.451279,Urban/Built-up,0.222,17.6,6.9,75.0
LC01967,19.832532,74.548348,Forest/Grove,0.884,59.0,4.0,9.0
LC01968,19.815644,74.3729,Grassland,0.801,0.9,4.6,5.5
LC01969,19.900181,74.393981,Urban/Built-up,0.395,5.7,3.7,53.5
LC01970,19.907161,74.548192,Barren/Fallow,0.566,12.1,7.5,10.7
LC01971,19.88636,74.422179,Wetland,0.101,6.8,56.9,12.2
LC01972,19.927522,74.511974,Wetland,0.43,15.2,29.9,2.5
LC01973,19.858056,74.446959,Water Body,0.838,14.3,91.8,13.8
LC01974,19.841436,74.376206,Barren/Fallow,0.393,12.4,2.5,0.5
LC01975,19.846137,74.545056,Agricultural Land,0.32,5.2,3.2,11.8
LC01976,19.882482,74.451998,Agricultural Land,0.525,6.6,4.0,4.7
LC01977,19.899595,74.496408,Water Body,0.109,10.8,100.0,3.2
LC01978,19.849625,74.556049,Forest/Grove,0.185,73.2,7.2,8.1
LC01979,19.844891,74.465017,Agricultural Land,0.632,16.3,7.3,14.4
LC01980,19.815084,74.551723,Barren/Fallow,0.694,5.7,1.1,6.8
LC01981,19.8098,74.412115,Agricultural Land,0.497,0.1,3.6,7.9
LC01982,19.86133,74.582358,Grassland,0.334,12.5,4.6,6.5
LC01983,19.922251,74.449815,Wetland,0.358,11.1,52.5,8.7
LC01984,19.914185,74.434429,Agricultural Land,0.531,2.0,3.8,6.9
LC01985,19.866084,74.459107,Water Body,0.692,7.1,73.2,9.3
LC01986,19.933319,74.380826,Urban/Built-up,0.111,2.3,1.0,74.7
LC01987,19.886171,74.401974,Agricultural Land,0.676,13.2,0.1,13.9
LC01988,19.925835,74.592018,Wetland,0.641,13.3,34.3,10.9
LC01989,19.859396,74.474645,Agricultural Land,0.75,1.1,5.4,6.7
LC01990,19.91669,74.560722,Grassland,0.285,17.5,2.6,12.5
LC01991,19.83697,74.559147,Forest/Grove,0.393,78.9,7.8,9.3
LC01992,19.922757,74.48493,Barren/Fallow,0.804,9.2,6.0,4.9
LC01993,19.826844,74.492738,Urban/Built-up,0.542,5.9,2.5,60.4
LC01994,19.819719,74.440315,Urban/Built-up,0.584,19.6,4.3,92.7
LC01995,19.833431,74.50568,Forest/Grove,0.545,83.1,4.2,5.6
LC01996,19.917813,74.367252,Wetland,0.557,3.6,29.2,14.4
LC01997,19.812276,74.409034,Agricultural Land,0.583,10.2,6.4,12.0
LC01998,19.834434,74.566914,Grassland,0.954,11.7,4.2,9.8
LC01999,19.899414,74.420913,Urban/Built-up,0.633,0.6,3.1,60.1
LC02000,19.856361,74.42521,Agricultural Land,0.761,19.0,7.9,10.9
LC02001,19.831808,74.42222,Grassland,0.367,17.3,5.4,7.2
LC02002,19.865826,74.353519,Forest/Grove,0.627,73.5,3.9,3.3
LC02003,19.907701,74.537959,Barren/Fallow,0.759,19.5,3.3,12.4
LC02004,19.803248,74.519386,Agricultural Land,0.848,0.4,7.0,9.6
LC02005,19.933411,74.355391,Grassland,0.735,9.5,4.9,12.4
LC02006,19.854766,74.538349,Water Body,0.707,5.6,90.3,6.5
LC02007,19.918414,74.359312,Agricultural Land,0.595,9.5,0.3,0.5
LC02008,19.846538,74.392889,Agricultural Land,0.641,9.0,6.2,3.6
LC02009,19.840531,74.378133,Wetland,0.423,13.4,43.0,8.7
LC02010,19.867488,74.430457,Agricultural Land,0.786,19.2,1.6,9.0
LC02011,19.886919,74.596518,Barren/Fallow,0.246,17.9,7.8,4.7
LC02012,19.80751,74.352244,Grassland,0.816,0.8,1.3,3.8
LC02013,19.816051,74.497181,Urban/Built-up,0.599,15.1,4.8,83.2
LC02014,19.81242,74.367453,Water Body,0.349,19.8,82.4,4.0
LC02015,19.926618,74.56096,Agricultural Land,0.93,3.4,6.1,13.1
LC02016,19.851564,74.539616,Urban/Built-up,0.271,12.3,6.8,66.1
LC02017,19.879275,74.573284,Agricultural Land,0.209,11.8,6.0,1.1
LC02018,19.903385,74.50125,Agricultural Land,0.287,11.4,7.1,5.6
LC02019,19.909319,74.464627,Urban/Built-up,0.652,16.2,2.1,65.3
LC02020,19.885995,74.563316,Wetland,0.58,4.5,42.9,11.1
LC02021,19.924411,74.502746,Agricultural Land,0.938,12.3,1.1,5.3
LC02022,19.877156,74.505624,Grassland,0.061,7.9,4.7,3.2
LC02023,19.895015,74.560215,Forest/Grove,0.178,52.1,4.8,13.4
LC02024,19.830273,74.485003,Grassland,0.416,11.4,0.5,2.4
LC02025,19.9003,74.413177,Agricultural Land,0.904,9.2,0.7,2.6
LC02026,19.878484,74.375695,Grassland,0.514,18.9,4.4,6.9
LC02027,19.873823,74.511299,Urban/Built-up,0.443,7.6,0.4,56.3
LC02028,19.846987,74.571031,Barren/Fallow,0.679,2.4,3.6,6.6
LC02029,19.81677,74.461695,Grassland,0.492,17.5,0.9,1.6
LC02030,19.903705,74.410356,Grassland,0.532,19.9,3.8,8.3
LC02031,19.841244,74.374171,Agricultural Land,0.52,12.7,3.1,0.6
LC02032,19.886869,74.553424,Water Body,0.433,1.0,68.1,12.9
LC02033,19.948496,74.358327,Agricultural Land,0.612,11.8,2.2,11.8
LC02034,19.913266,74.479606,Forest/Grove,0.6,73.1,0.7,12.1
LC02035,19.90871,74.391437,Agricultural Land,0.604,10.1,1.1,9.6
LC02036,19.841936,74.475572,Agricultural Land,0.979,2.6,6.0,13.8
LC02037,19.848836,74.453078,Water Body,0.234,11.3,86.4,7.0
LC02038,19.911669,74.432814,Wetland,0.678,5.4,20.9,9.9
LC02039,19.908378,74.41765,Agricultural Land,0.368,16.8,3.2,6.4
LC02040,19.875911,74.426194,Barren/Fallow,0.49,14.9,3.2,0.4
LC02041,19.84618,74.437195,Wetland,0.213,2.5,40.3,8.5
LC02042,19.885862,74.480256,Water Body,0.832,5.8,95.7,4.3
LC02043,19.841225,74.587128,Grassland,0.709,5.5,4.4,3.4
LC02044,19.901315,74.416392,Grassland,0.269,17.0,4.1,9.5
LC02045,19.935598,74.546005,Forest/Grove,0.657,64.0,1.3,3.0
LC02046,19.853398,74.554312,Barren/Fallow,0.897,14.4,4.7,8.1
LC02047,19.899052,74.461182,Urban/Built-up,0.471,8.1,3.7,81.1
LC02048,19.889406,74.55747,Agricultural Land,0.859,14.3,4.9,4.7
LC02049,19.948605,74.357284,Grassland,0.19,6.1,6.0,10.5
LC02050,19.887917,74.513472,Barren/Fallow,0.733,11.9,3.7,14.3
LC02051,19.847956,74.367264,Agricultural Land,0.527,2.6,5.8,8.7
LC02052,19.837208,74.541354,Agricultural Land,0.889,6.6,4.5,4.9
LC02053,19.828282,74.401021,Agricultural Land,0.239,15.6,5.2,6.3
LC02054,19.866216,74.527494,Agricultural Land,0.215,0.8,1.1,4.5
LC02055,19.817553,74.497506,Grassland,0.576,8.1,6.3,6.2
LC02056,19.899263,74.585437,Agricultural Land,0.641,4.1,6.0,9.3
LC02057,19.818883,74.455342,Forest/Grove,0.428,81.7,2.9,4.7
LC02058,19.934913,74.568128,Water Body,0.433,12.6,76.2,7.8
LC02059,19.815089,74.506255,Wetland,0.217,17.2,34.0,13.5
LC02060,19.840577,74.591715,Forest/Grove,0.499,83.8,0.0,13.3
LC02061,19.8295,74.379162,Grassland,0.78,4.2,1.2,6.6
LC02062,19.865111,74.403722,Forest/Grove,0.75,79.1,1.8,11.8
LC02063,19.934271,74.542636,Agricultural Land,0.729,3.5,3.4,2.5
LC02064,19.880321,74.546774,Agricultural Land,0.796,2.7,5.0,3.8
LC02065,19.828696,74.403605,Wetland,0.17,18.0,24.4,2.1
LC02066,19.917058,74.55463,Forest/Grove,0.469,53.0,5.9,2.4
LC02067,19.866729,74.416711,Barren/Fallow,0.577,0.4,7.8,6.3
LC02068,19.878033,74.465813,Agricultural Land,0.863,16.8,4.0,3.4
LC02069,19.931793,74.532487,Agricultural Land,0.606,4.8,3.5,2.3
LC02070,19.870319,74.382447,Forest/Grove,0.773,44.9,7.9,1.7
LC02071,19.877511,74.423544,Water Body,0.517,7.6,99.2,5.6
LC02072,19.817742,74.523447,Agricultural Land,0.454,5.5,5.4,6.8
LC02073,19.905475,74.353575,Agricultural Land,0.808,18.2,4.1,1.5
LC02074,19.905217,74.481455,Agricultural Land,0.591,11.7,7.9,4.8
LC02075,19.944535,74.387541,Agricultural Land,0.396,2.5,4.4,14.3
LC02076,19.917457,74.368411,Agricultural Land,0.714,9.1,4.9,14.5
LC02077,19.805836,74.523408,Agricultural Land,0.079,19.4,4.4,0.9
LC02078,19.828337,74.546733,Agricultural Land,0.319,8.1,3.3,0.3
LC02079,19.852326,74.508191,Grassland,0.74,17.3,0.3,1.8
LC02080,19.943006,74.57412,Agricultural Land,0.411,11.9,2.4,1.3
LC02081,19.851634,74.521126,Agricultural Land,0.545,3.0,7.8,11.1
LC02082,19.803266,74.368478,Grassland,0.756,9.8,3.8,8.1
LC02083,19.849148,74.59983,Agricultural Land,0.831,14.8,3.4,5.3
LC02084,19.848994,74.382287,Barren/Fallow,0.547,5.7,5.7,11.7
LC02085,19.864866,74.452488,Forest/Grove,0.537,74.2,7.6,13.7
LC02086,19.888981,74.409519,Agricultural Land,0.85,6.6,1.5,12.2
LC02087,19.929028,74.394966,Wetland,0.221,10.8,37.5,4.1
LC02088,19.800577,74.462759,Agricultural Land,0.202,2.5,5.6,3.9
LC02089,19.83965,74.382335,Agricultural Land,0.114,12.6,5.9,0.8
LC02090,19.879316,74.583116,Agricultural Land,0.732,17.6,1.8,14.9
LC02091,19.825776,74.434159,Urban/Built-up,0.624,17.8,6.6,51.1
LC02092,19.829177,74.536152,Agricultural Land,0.57,1.5,0.4,1.6
LC02093,19.837114,74.554278,Agricultural Land,0.642,3.2,2.1,0.9
LC02094,19.879373,74.57629,Urban/Built-up,0.331,1.1,7.0,63.1
LC02095,19.946986,74.367838,Urban/Built-up,0.554,10.8,7.9,52.4
LC02096,19.942604,74.499207,Urban/Built-up,0.623,10.4,3.3,93.4
LC02097,19.809275,74.572641,Barren/Fallow,0.529,2.4,7.8,0.6
LC02098,19.807899,74.403934,Barren/Fallow,0.475,18.4,0.2,3.0
LC02099,19.833837,74.40648,Grassland,0.364,13.6,3.1,14.0
LC02100,19.915578,74.351475,Barren/Fallow,0.24,3.7,3.7,14.7
LC02101,19.830609,74.498305,Agricultural Land,0.268,0.4,3.9,0.9
LC02102,19.81066,74.381427,Agricultural Land,0.299,11.8,3.6,6.1
LC02103,19.925889,74.590811,Agricultural Land,0.734,6.4,7.9,0.5
LC02104,19.907779,74.36908,Water Body,0.715,19.8,80.3,6.2
LC02105,19.881669,74.447851,Wetland,0.407,10.4,26.5,2.1
LC02106,19.922713,74.56477,Agricultural Land,0.33,10.6,1.8,9.6
LC02107,19.834288,74.400079,Barren/Fallow,0.206,1.1,1.1,14.1
LC02108,19.90037,74.42234,Agricultural Land,0.463,9.9,3.4,13.3
LC02109,19.880953,74.38423,Wetland,0.464,16.8,31.9,10.7
LC02110,19.809071,74.368301,Agricultural Land,0.031,1.8,2.6,8.9
LC02111,19.916725,74.505499,Agricultural Land,0.395,10.1,0.9,10.7
LC02112,19.840522,74.442595,Agricultural Land,0.73,2.8,1.8,1.1
LC02113,19.910432,74.585175,Forest/Grove,0.909,41.3,4.8,10.8
LC02114,19.913838,74.475605,Grassland,0.613,3.7,1.3,6.3
LC02115,19.894117,74.366282,Wetland,0.516,5.6,23.3,15.0
LC02116,19.945827,74.505264,Agricultural Land,0.168,4.2,1.1,11.1
LC02117,19.839104,74.539485,Agricultural Land,0.22,10.2,2.2,12.1
LC02118,19.877056,74.390457,Grassland,0.794,13.2,6.8,0.8
LC02119,19.912354,74.527354,Agricultural Land,0.136,4.5,2.5,10.5
LC02120,19.839973,74.454667,Agricultural Land,0.766,12.1,3.1,2.6
LC02121,19.888163,74.553657,Wetland,0.458,14.0,34.7,1.1
LC02122,19.890192,74.442059,Grassland,0.556,0.8,3.9,4.3
LC02123,19.930251,74.546607,Agricultural Land,0.123,2.5,7.8,13.4
LC02124,19.917887,74.480825,Urban/Built-up,0.339,13.3,1.2,92.5
LC02125,19.943435,74.591345,Urban/Built-up,0.481,6.1,6.1,59.1
LC02126,19.928299,74.484288,Agricultural Land,0.773,12.0,0.7,0.2
LC02127,19.870877,74.529219,Agricultural Land,0.139,8.2,5.9,3.4
LC02128,19.891871,74.598599,Urban/Built-up,0.127,13.8,2.2,80.0
LC02129,19.817911,74.496964,Agricultural Land,0.523,7.8,5.1,0.5
LC02130,19.892743,74.582539,Agricultural Land,0.728,5.3,2.0,2.0
LC02131,19.852736,74.390623,Agricultural Land,0.586,15.0,7.2,7.7
LC02132,19.92422,74.598879,Agricultural Land,0.559,17.2,3.0,4.4
LC02133,19.879965,74.463808,Wetland,0.399,19.5,41.5,2.0
LC02134,19.944653,74.530195,Agricultural Land,0.71,3.2,1.7,14.8
LC02135,19.816291,74.500974,Agricultural Land,0.548,13.7,3.7,8.2
LC02136,19.809507,74.401988,Agricultural Land,0.255,8.3,1.3,8.5
LC02137,19.90903,74.412734,Agricultural Land,0.214,5.9,1.2,14.3
LC02138,19.815621,74.448928,Urban/Built-up,0.528,19.1,1.3,71.0
LC02139,19.91226,74.371858,Agricultural Land,0.748,14.0,2.4,13.0
LC02140,19.832442,74.525207,Barren/Fallow,0.744,0.1,5.3,10.9
LC02141,19.866569,74.50434,Grassland,0.169,9.2,0.2,11.2
LC02142,19.86155,74.553956,Agricultural Land,0.834,4.0,7.7,11.6
LC02143,19.805269,74.542124,Water Body,0.66,3.2,67.8,13.2
LC02144,19.857367,74.391274,Forest/Grove,0.854,57.9,7.1,4.3
LC02145,19.850282,74.486029,Agricultural Land,0.208,11.5,4.3,2.4
LC02146,19.921608,74.365613,Grassland,0.434,11.9,2.2,13.2
LC02147,19.949883,74.396919,Wetland,0.561,14.2,45.2,2.4
LC02148,19.943553,74.370314,Wetland,0.046,4.0,56.3,9.5
LC02149,19.892301,74.555424,Grassland,0.187,19.5,4.3,4.5
LC02150,19.80732,74.48899,Water Body,0.279,2.0,67.3,6.6
LC02151,19.846568,74.4636,Barren/Fallow,0.328,18.0,8.0,6.6
LC02152,19.902436,74.436455,Agricultural Land,0.345,12.1,3.5,8.1
LC02153,19.885397,74.418017,Agricultural Land,0.222,15.4,6.0,1.1
LC02154,19.875004,74.538771,Urban/Built-up,0.916,12.6,1.6,94.5
LC02155,19.926227,74.554872,Agricultural Land,0.755,19.4,2.6,11.6
LC02156,19.806177,74.466693,Agricultural Land,0.119,19.0,7.3,2.7
LC02157,19.876168,74.409127,Agricultural Land,0.433,6.6,0.4,9.8
LC02158,19.880795,74.49139,Barren/Fallow,0.409,20.0,6.9,1.8
LC02159,19.853844,74.577395,Forest/Grove,0.374,81.1,2.6,11.8
LC02160,19.945641,74.430584,Agricultural Land,0.882,0.0,2.0,12.0
LC02161,19.819632,74.426482,Urban/Built-up,0.68,6.9,0.8,92.7
LC02162,19.868777,74.553424,Forest/Grove,0.648,71.8,3.8,6.9
LC02163,19.858874,74.5988,Agricultural Land,0.464,3.4,1.7,3.8
LC02164,19.903998,74.353999,Agricultural Land,0.811,0.3,5.0,3.1
LC02165,19.864916,74.366722,Grassland,0.328,10.8,2.4,10.8
LC02166,19.926945,74.582917,Forest/Grove,0.593,80.1,2.6,12.7
LC02167,19.848169,74.587557,Forest/Grove,0.301,78.7,6.5,4.0
LC02168,19.891507,74.577222,Forest/Grove,0.203,62.9,5.6,5.3
LC02169,19.940199,74.521687,Agricultural Land,0.802,9.7,6.6,2.3
LC02170,19.860762,74.468433,Agricultural Land,0.726,6.5,3.3,9.5
LC02171,19.818743,74.422485,Agricultural Land,0.513,15.7,1.7,9.2
LC02172,19.806804,74.547681,Grassland,0.274,16.5,5.8,3.7
LC02173,19.920034,74.486375,Agricultural Land,0.549,18.0,6.8,11.8
LC02174,19.948715,74.575097,Urban/Built-up,0.393,18.6,6.4,65.0
LC02175,19.836149,74.467594,Wetland,0.681,3.0,45.5,11.8
LC02176,19.856705,74.574783,Forest/Grove,0.394,55.4,2.4,13.3
LC02177,19.926073,74.489571,Agricultural Land,0.376,13.9,6.5,3.9
LC02178,19.897528,74.492927,Water Body,0.635,17.6,67.5,14.8
LC02179,19.832975,74.441106,Agricultural Land,0.444,15.8,6.0,12.0
LC02180,19.841567,74.391042,Agricultural Land,0.579,1.1,2.6,9.7
LC02181,19.911389,74.460807,Grassland,0.086,9.2,0.1,5.4
LC02182,19.922164,74.568056,Agricultural Land,0.547,9.8,0.1,8.3
LC02183,19.813217,74.44907,Water Body,0.616,15.4,79.0,8.9
LC02184,19.882853,74.392737,Barren/Fallow,0.587,1.9,3.6,5.1
LC02185,19.831995,74.382951,Grassland,0.366,11.8,0.9,1.5
LC02186,19.930743,74.386397,Forest/Grove,0.253,73.6,1.1,3.2
LC02187,19.908252,74.377527,Water Body,0.347,0.7,91.0,6.7
LC02188,19.894167,74.389053,Agricultural Land,0.242,2.0,1.9,6.9
LC02189,19.922217,74.514895,Agricultural Land,0.406,2.8,7.0,11.5
LC02190,19.873865,74.505695,Grassland,0.367,16.6,0.6,2.4
LC02191,19.916598,74.429246,Barren/Fallow,0.524,11.8,1.3,4.9
LC02192,19.847907,74.497726,Barren/Fallow,0.728,1.1,7.6,3.9
LC02193,19.91645,74.368366,Barren/Fallow,0.398,12.5,3.4,2.2
LC02194,19.922598,74.357104,Barren/Fallow,0.656,13.7,3.7,5.5
LC02195,19.945944,74.36739,Water Body,0.674,11.8,83.4,10.0
LC02196,19.934809,74.521685,Water Body,0.271,1.6,66.7,0.2
LC02197,19.904664,74.366726,Agricultural Land,0.925,14.3,6.1,1.8
LC02198,19.91516,74.574493,Urban/Built-up,0.675,5.4,7.7,69.9
LC02199,19.85834,74.539392,Grassland,0.551,0.2,3.9,9.1
LC02200,19.835298,74.563864,Barren/Fallow,0.451,14.3,2.0,9.4
LC02201,19.885494,74.355316,Urban/Built-up,0.211,13.3,3.5,64.4
LC02202,19.858372,74.486107,Agricultural Land,0.723,15.2,1.1,6.5
LC02203,19.864152,74.43438,Wetland,0.222,15.9,48.4,3.2
LC02204,19.869098,74.511145,Agricultural Land,0.731,15.6,7.4,10.2
LC02205,19.804254,74.369429,Barren/Fallow,0.134,9.2,2.9,10.5
LC02206,19.942822,74.534419,Agricultural Land,0.827,4.8,3.1,7.1
LC02207,19.944931,74.392694,Wetland,0.26,10.5,36.3,13.7
LC02208,19.87231,74.51893,Agricultural Land,0.408,8.3,5.4,9.6
LC02209,19.826008,74.451708,Barren/Fallow,0.397,1.3,0.9,10.0
LC02210,19.881475,74.479168,Urban/Built-up,0.633,4.5,5.6,81.6
LC02211,19.936473,74.486496,Agricultural Land,0.642,5.5,1.0,8.1
LC02212,19.808109,74.35497,Grassland,0.449,14.1,3.8,11.8
LC02213,19.881726,74.478441,Wetland,0.79,16.5,32.4,8.5
LC02214,19.811449,74.575528,Agricultural Land,0.634,18.6,3.6,1.0
LC02215,19.899939,74.524231,Barren/Fallow,0.55,15.7,4.2,13.1
LC02216,19.901082,74.409464,Forest/Grove,0.361,58.9,4.0,10.0
LC02217,19.861691,74.563223,Wetland,0.59,16.2,36.2,7.1
LC02218,19.898487,74.480092,Agricultural Land,0.602,11.5,0.9,2.0
LC02219,19.88907,74.479436,Grassland,0.578,0.8,3.4,14.3
LC02220,19.841674,74.557334,Barren/Fallow,0.701,13.1,6.7,3.6
LC02221,19.877862,74.525799,Barren/Fallow,0.531,9.2,2.4,2.9
LC02222,19.856589,74.411527,Agricultural Land,0.219,6.9,6.7,7.6
LC02223,19.884616,74.592751,Forest/Grove,0.238,58.2,3.6,12.9
LC02224,19.854227,74.495971,Grassland,0.357,17.5,4.1,4.7
LC02225,19.836182,74.408949,Grassland,0.313,13.0,6.5,8.6
LC02226,19.929473,74.502467,Urban/Built-up,0.86,19.6,2.7,91.0
LC02227,19.815902,74.594355,Agricultural Land,0.582,2.1,1.0,1.6
LC02228,19.896661,74.502023,Wetland,0.763,16.4,20.7,11.3
LC02229,19.871277,74.432206,Agricultural Land,0.099,12.0,6.1,0.9
LC02230,19.945746,74.354431,Wetland,0.587,18.9,27.2,4.5
LC02231,19.862,74.486831,Agricultural Land,0.418,1.6,2.5,3.0
LC02232,19.894597,74.519595,Agricultural Land,0.293,14.6,0.8,9.2
LC02233,19.834953,74.402511,Agricultural Land,0.515,2.8,6.9,5.3
LC02234,19.863569,74.591112,Agricultural Land,0.433,13.9,0.6,2.2
LC02235,19.80955,74.446437,Agricultural Land,0.577,18.4,3.8,11.1
LC02236,19.920128,74.357148,Grassland,0.775,7.2,1.4,2.0
LC02237,19.856584,74.550196,Agricultural Land,0.532,12.0,5.7,6.3
LC02238,19.943749,74.411209,Wetland,0.333,10.1,26.9,12.2
LC02239,19.892054,74.518508,Agricultural Land,0.321,18.2,4.7,8.3
LC02240,19.949337,74.592973,Agricultural Land,0.821,17.2,3.9,2.6
LC02241,19.841387,74.381835,Agricultural Land,0.301,10.2,2.1,9.9
LC02242,19.840602,74.490834,Urban/Built-up,0.71,2.4,7.8,55.8
LC02243,19.874002,74.418553,Grassland,0.62,3.9,2.4,0.6
LC02244,19.838538,74.521842,Wetland,0.322,15.0,47.1,1.8
LC02245,19.945439,74.569944,Barren/Fallow,0.587,16.2,2.7,13.4
LC02246,19.813167,74.374554,Urban/Built-up,0.803,2.4,7.0,96.0
LC02247,19.89729,74.521565,Agricultural Land,0.467,8.1,5.8,10.1
LC02248,19.827097,74.535677,Forest/Grove,0.459,90.3,7.5,0.4
LC02249,19.801436,74.410723,Grassland,0.524,13.8,6.7,6.1
LC02250,19.865313,74.389689,Grassland,0.42,11.6,3.5,4.7
LC02251,19.899659,74.588509,Agricultural Land,0.742,16.6,1.4,12.4
LC02252,19.923564,74.460884,Barren/Fallow,0.315,4.0,0.3,5.5
LC02253,19.889678,74.361328,Urban/Built-up,0.188,8.7,5.6,88.3
LC02254,19.816106,74.55934,Agricultural Land,0.725,13.3,0.3,10.8
LC02255,19.878728,74.430965,Grassland,0.352,14.0,5.1,4.9
LC02256,19.940694,74.445337,Barren/Fallow,0.088,18.3,6.9,0.5
LC02257,19.842353,74.547491,Agricultural Land,0.221,1.3,4.5,10.4
LC02258,19.880694,74.487096,Agricultural Land,0.377,15.2,1.7,3.7
LC02259,19.927863,74.427868,Agricultural Land,0.622,11.9,1.1,6.1
LC02260,19.869074,74.581109,Agricultural Land,0.519,9.2,7.4,12.4
LC02261,19.922811,74.517534,Water Body,0.586,3.8,86.9,8.3
LC02262,19.919924,74.512176,Agricultural Land,0.607,13.1,3.3,6.4
LC02263,19.844311,74.493577,Forest/Grove,0.892,83.5,4.8,6.0
LC02264,19.913872,74.593983,Forest/Grove,0.761,88.1,0.7,13.1
LC02265,19.836605,74.427682,Agricultural Land,0.049,4.6,1.9,8.5
LC02266,19.850695,74.389437,Agricultural Land,0.306,9.7,5.8,4.1
LC02267,19.913314,74.448685,Agricultural Land,0.653,0.3,0.7,11.3
LC02268,19.827791,74.477875,Agricultural Land,0.47,18.6,3.6,2.0
LC02269,19.892851,74.398789,Grassland,0.175,14.6,5.4,10.1
LC02270,19.835206,74.518025,Barren/Fallow,0.309,7.4,4.3,12.2
LC02271,19.898354,74.489604,Wetland,0.712,0.6,24.6,13.0
LC02272,19.866341,74.527459,Agricultural Land,0.671,8.7,2.9,2.8
LC02273,19.835442,74.542184,Urban/Built-up,0.263,12.7,3.0,74.3
LC02274,19.836679,74.394993,Urban/Built-up,0.652,13.7,3.8,76.7
LC02275,19.814528,74.546277,Barren/Fallow,0.198,0.3,6.0,4.2
LC02276,19.807216,74.377121,Agricultural Land,0.624,8.3,3.3,0.4
LC02277,19.9278,74.49919,Forest/Grove,0.069,52.6,0.6,12.7
LC02278,19.935331,74.563334,Urban/Built-up,0.154,6.2,4.9,86.2
LC02279,19.925777,74.55872,Grassland,0.405,10.0,3.1,3.2
LC02280,19.84618,74.424859,Wetland,0.72,7.8,54.4,7.3
LC02281,19.890842,74.444745,Forest/Grove,0.482,80.0,1.8,9.6
LC02282,19.840379,74.597084,Agricultural Land,0.457,2.2,7.9,4.1
LC02283,19.824865,74.369009,Agricultural Land,0.372,5.7,4.1,11.2
LC02284,19.819462,74.376545,Agricultural Land,0.554,7.4,0.7,13.7
LC02285,19.849058,74.4094,Grassland,0.444,7.0,4.7,0.3
LC02286,19.819102,74.351978,Agricultural Land,0.64,9.3,5.2,5.5
LC02287,19.887567,74.446314,Wetland,0.787,14.2,51.8,13.4
LC02288,19.902681,74.544513,Wetland,0.392,16.1,37.9,12.7
LC02289,19.825242,74.552867,Grassland,0.34,13.8,1.7,9.6
LC02290,19.883391,74.503682,Agricultural Land,0.929,10.3,3.0,9.4
LC02291,19.921354,74.358195,Wetland,0.579,0.5,22.7,4.8
LC02292,19.856226,74.5075,Barren/Fallow,0.232,12.1,2.4,0.5
LC02293,19.832836,74.442535,Urban/Built-up,0.839,7.6,2.1,70.9
LC02294,19.882026,74.554082,Agricultural Land,0.527,10.3,6.0,10.6
LC02295,19.924704,74.558933,Urban/Built-up,0.664,7.8,0.8,90.2
LC02296,19.922847,74.353658,Water Body,0.131,0.1,88.2,14.3
LC02297,19.889235,74.423039,Grassland,0.731,5.2,1.0,9.0
LC02298,19.810815,74.392835,Barren/Fallow,0.272,3.2,5.1,12.5
LC02299,19.841042,74.491748,Grassland,0.545,11.1,4.2,13.3
LC02300,19.910206,74.496622,Urban/Built-up,0.353,4.1,3.7,54.0
LC02301,19.944705,74.476885,Barren/Fallow,0.905,11.4,3.5,13.1
LC02302,19.882746,74.574274,Agricultural Land,0.38,17.7,1.2,4.0
LC02303,19.935521,74.366372,Agricultural Land,0.296,3.9,7.3,6.7
LC02304,19.823134,74.368698,Water Body,0.98,13.0,98.5,0.1
LC02305,19.885738,74.438802,Forest/Grove,0.43,88.7,1.8,10.2
LC02306,19.851488,74.571347,Urban/Built-up,0.628,11.9,7.6,89.0
LC02307,19.927691,74.433174,Agricultural Land,0.132,5.9,6.8,8.2
LC02308,19.80685,74.478485,Barren/Fallow,0.523,8.5,7.6,9.2
LC02309,19.906233,74.41479,Agricultural Land,0.482,10.8,2.9,2.4
LC02310,19.804763,74.447823,Agricultural Land,0.367,4.8,5.6,13.1
LC02311,19.933761,74.599614,Grassland,0.29,12.5,4.8,8.0
LC02312,19.844548,74.521814,Forest/Grove,0.282,43.9,7.4,13.2
LC02313,19.921688,74.457778,Forest/Grove,0.029,40.6,4.3,4.1
LC02314,19.93224,74.383196,Urban/Built-up,0.363,6.3,2.5,55.4
LC02315,19.844854,74.573161,Agricultural Land,0.797,4.4,5.3,3.6
LC02316,19.935526,74.594384,Agricultural Land,0.459,2.5,2.2,14.3
LC02317,19.901281,74.458535,Forest/Grove,0.569,90.7,1.1,7.1
LC02318,19.855846,74.365348,Grassland,0.17,1.1,2.6,4.1
LC02319,19.886366,74.552904,Agricultural Land,0.675,9.2,1.1,9.6
LC02320,19.855241,74.503437,Barren/Fallow,0.041,11.6,2.7,0.5
LC02321,19.826903,74.432495,Water Body,0.249,1.8,75.7,9.7
LC02322,19.836412,74.397304,Barren/Fallow,0.219,14.7,3.0,0.7
LC02323,19.811998,74.597081,Agricultural Land,0.97,3.0,0.5,6.9
LC02324,19.936596,74.485956,Agricultural Land,0.348,13.5,2.6,11.4
LC02325,19.88664,74.471307,Wetland,0.426,17.1,38.1,13.6
LC02326,19.832575,74.528641,Barren/Fallow,0.823,6.1,2.2,3.6
LC02327,19.884979,74.4665,Grassland,0.231,0.1,5.9,3.3
LC02328,19.888609,74.479608,Forest/Grove,0.139,65.7,6.7,5.8
LC02329,19.860557,74.382116,Agricultural Land,0.164,5.3,4.4,14.3
LC02330,19.875352,74.422931,Agricultural Land,0.902,8.7,2.6,9.0
LC02331,19.935839,74.467078,Urban/Built-up,0.625,3.1,5.9,95.0
LC02332,19.820834,74.395342,Grassland,0.73,7.8,3.2,4.8
LC02333,19.919467,74.540783,Forest/Grove,0.718,82.0,0.4,12.2
LC02334,19.857453,74.484922,Forest/Grove,0.067,55.3,7.5,3.7
LC02335,19.85819,74.381589,Urban/Built-up,0.92,0.3,5.3,71.6
LC02336,19.946573,74.550893,Agricultural Land,0.245,15.6,6.6,11.5
LC02337,19.924401,74.576439,Grassland,0.601,6.5,5.7,9.0
LC02338,19.831329,74.442974,Agricultural Land,0.101,17.6,7.1,7.4
LC02339,19.948339,74.550452,Forest/Grove,0.66,47.7,1.2,4.1
LC02340,19.920657,74.491074,Water Body,0.677,6.6,76.7,2.8
LC02341,19.938772,74.541863,Grassland,0.936,4.3,7.9,10.3
LC02342,19.944419,74.576503,Grassland,0.467,7.2,7.2,6.9
LC02343,19.807502,74.452316,Barren/Fallow,0.475,3.0,7.9,11.7
LC02344,19.840681,74.46649,Agricultural Land,0.193,2.8,3.1,6.8
LC02345,19.829264,74.395274,Agricultural Land,0.702,4.3,6.9,13.1
LC02346,19.913983,74.374367,Forest/Grove,0.634,52.0,3.6,10.7
LC02347,19.837111,74.39194,Agricultural Land,0.529,0.9,1.6,10.5
LC02348,19.884367,74.355293,Agricultural Land,0.469,15.4,2.9,7.8
LC02349,19.902879,74.529512,Forest/Grove,0.193,55.9,6.3,2.5
LC02350,19.928591,74.368393,Forest/Grove,0.731,48.8,4.9,4.6
LC02351,19.862627,74.421659,Forest/Grove,0.191,69.9,3.5,4.2
LC02352,19.89459,74.357158,Urban/Built-up,0.176,6.7,0.9,88.2
LC02353,19.852917,74.362634,Water Body,0.836,2.2,71.2,14.3
LC02354,19.817807,74.585966,Barren/Fallow,0.949,2.2,4.5,7.3
LC02355,19.886997,74.525337,Forest/Grove,0.451,74.3,4.3,5.1
LC02356,19.944352,74.376477,Agricultural Land,0.671,0.0,5.6,3.6
LC02357,19.870587,74.382089,Urban/Built-up,0.387,8.0,1.4,92.2
LC02358,19.896234,74.434262,Water Body,0.121,13.7,91.7,9.5
LC02359,19.839503,74.54041,Grassland,0.697,9.9,6.2,14.0
LC02360,19.816352,74.353719,Water Body,0.172,3.9,98.3,14.7
LC02361,19.841662,74.546892,Forest/Grove,0.338,45.6,0.7,4.9
LC02362,19.830535,74.59618,Agricultural Land,0.388,7.4,5.1,6.0
LC02363,19.948619,74.389843,Grassland,0.644,18.0,1.6,10.3
LC02364,19.877636,74.515723,Urban/Built-up,0.176,16.6,6.8,97.9
LC02365,19.873265,74.382256,Grassland,0.403,12.4,1.4,10.6
LC02366,19.86277,74.509188,Barren/Fallow,0.256,3.0,5.2,3.9
LC02367,19.813935,74.420444,Grassland,0.96,0.2,2.2,2.1
LC02368,19.912509,74.462219,Urban/Built-up,0.453,7.3,2.6,74.6
LC02369,19.813137,74.573222,Urban/Built-up,0.369,4.3,3.5,55.1
LC02370,19.834193,74.401349,Agricultural Land,0.709,14.2,4.5,10.3
LC02371,19.927732,74.353221,Grassland,0.926,14.9,7.1,0.1
LC02372,19.941125,74.354579,Water Body,0.313,3.0,67.1,3.6
LC02373,19.881744,74.48249,Agricultural Land,0.894,4.4,0.6,10.5
LC02374,19.91153,74.483926,Urban/Built-up,0.193,13.5,7.7,91.1
LC02375,19.94759,74.41103,Agricultural Land,0.408,0.5,0.5,0.3
LC02376,19.909773,74.473236,Barren/Fallow,0.172,20.0,3.7,11.7
LC02377,19.897058,74.358468,Grassland,0.702,14.6,5.2,11.5
LC02378,19.889202,74.597641,Agricultural Land,0.358,20.0,5.5,2.9
LC02379,19.823715,74.555856,Agricultural Land,0.342,11.8,5.2,1.5
LC02380,19.848209,74.504374,Agricultural Land,0.442,9.5,6.8,1.1
LC02381,19.882537,74.360264,Agricultural Land,0.815,17.2,7.8,10.3
LC02382,19.878475,74.550185,Agricultural Land,0.81,19.7,2.8,3.3
LC02383,19.860584,74.455028,Agricultural Land,0.855,15.7,2.0,10.2
LC02384,19.865521,74.551897,Barren/Fallow,0.705,4.4,6.9,7.1
LC02385,19.90272,74.547299,Agricultural Land,0.844,4.1,7.4,6.8
LC02386,19.842041,74.591199,Water Body,0.499,15.6,85.6,6.5
LC02387,19.863041,74.384578,Urban/Built-up,0.798,0.7,3.5,53.0
LC02388,19.807768,74.590766,Barren/Fallow,0.221,18.9,7.4,11.3
LC02389,19.886533,74.416406,Agricultural Land,0.848,0.2,1.4,8.9
LC02390,19.800794,74.356163,Agricultural Land,0.073,3.6,1.4,7.7
LC02391,19.903081,74.537351,Grassland,0.315,16.0,4.9,4.2
LC02392,19.905951,74.508671,Forest/Grove,0.42,52.9,0.2,10.2
LC02393,19.824511,74.520472,Grassland,0.39,3.7,2.1,13.0
LC02394,19.867987,74.443142,Barren/Fallow,0.632,3.5,3.6,8.0
LC02395,19.91109,74.570085,Water Body,0.308,7.2,60.9,2.5
LC02396,19.912478,74.44601,Barren/Fallow,0.508,17.9,5.2,13.9
LC02397,19.899984,74.568813,Water Body,0.781,2.9,97.1,2.7
LC02398,19.941641,74.496632,Forest/Grove,0.768,83.0,6.1,12.9
LC02399,19.917298,74.515669,Agricultural Land,0.299,6.7,1.2,10.9
LC02400,19.81826,74.515222,Agricultural Land,0.579,12.5,2.5,11.9
LC02401,19.933093,74.529449,Barren/Fallow,0.438,10.5,0.9,4.6
LC02402,19.864519,74.505746,Agricultural Land,0.917,1.8,2.9,1.7
LC02403,19.915239,74.380847,Agricultural Land,0.147,13.6,6.2,8.6
LC02404,19.942482,74.571322,Agricultural Land,0.665,3.2,2.3,0.3
LC02405,19.88629,74.406569,Agricultural Land,0.729,6.0,6.6,8.5
LC02406,19.947478,74.36041,Grassland,0.387,0.3,3.9,1.2
LC02407,19.854344,74.539248,Agricultural Land,0.273,14.1,5.1,4.1
LC02408,19.818445,74.590781,Barren/Fallow,0.219,17.8,2.9,1.2
LC02409,19.827765,74.409337,Forest/Grove,0.166,91.2,1.1,5.9
LC02410,19.808631,74.561973,Urban/Built-up,0.527,7.0,2.0,76.6
LC02411,19.945737,74.396142,Agricultural Land,0.592,18.7,6.1,8.8
LC02412,19.871023,74.36036,Agricultural Land,0.424,8.6,3.2,4.8
LC02413,19.909348,74.501788,Barren/Fallow,0.541,15.8,2.8,13.0
LC02414,19.918552,74.450758,Urban/Built-up,0.576,17.2,2.1,62.4
LC02415,19.812076,74.406445,Agricultural Land,0.413,19.9,3.8,13.5
LC02416,19.868602,74.577667,Agricultural Land,0.332,18.4,5.5,13.2
LC02417,19.854892,74.437698,Agricultural Land,0.717,9.2,4.1,1.8
LC02418,19.915018,74.48146,Agricultural Land,0.66,8.5,6.7,12.4
LC02419,19.809627,74.478145,Urban/Built-up,0.193,2.3,2.2,53.9
LC02420,19.841819,74.372372,Barren/Fallow,0.717,3.2,2.5,7.3
LC02421,19.807679,74.459993,Barren/Fallow,0.887,13.8,6.8,11.6
LC02422,19.897491,74.593045,Grassland,0.676,6.7,1.5,2.2
LC02423,19.934243,74.469532,Agricultural Land,0.734,17.2,2.8,14.7
LC02424,19.856162,74.394988,Agricultural Land,0.53,11.1,2.6,5.0
LC02425,19.83111,74.441271,Urban/Built-up,0.432,5.2,0.7,98.6
LC02426,19.818996,74.400582,Agricultural Land,0.291,18.6,0.5,9.7
LC02427,19.942725,74.566368,Urban/Built-up,0.312,15.0,1.6,66.3
LC02428,19.858327,74.370129,Urban/Built-up,0.276,8.3,5.3,98.6
LC02429,19.901094,74.583152,Agricultural Land,0.54,9.6,4.1,0.8
LC02430,19.891074,74.522076,Barren/Fallow,0.155,13.7,5.0,3.8
LC02431,19.812253,74.371251,Agricultural Land,0.501,10.6,7.6,14.5
LC02432,19.936694,74.586086,Agricultural Land,0.75,14.8,5.3,13.1
LC02433,19.862183,74.375182,Forest/Grove,0.17,83.2,5.6,4.1
LC02434,19.909676,74.438058,Urban/Built-up,0.21,8.6,4.3,87.3
LC02435,19.855921,74.525119,Water Body,0.778,16.1,97.5,14.3
LC02436,19.914359,74.428701,Water Body,0.752,15.9,77.2,3.6
LC02437,19.856967,74.387563,Grassland,0.693,19.2,0.9,8.9
LC02438,19.830524,74.409143,Agricultural Land,0.868,9.2,5.9,7.5
LC02439,19.849381,74.503452,Forest/Grove,0.38,67.3,1.7,7.3
LC02440,19.871716,74.526584,Agricultural Land,0.347,6.8,3.6,1.6
LC02441,19.893694,74.557968,Grassland,0.626,17.0,3.0,0.2
LC02442,19.815133,74.366383,Grassland,0.093,6.9,2.3,13.7
LC02443,19.891867,74.589261,Agricultural Land,0.675,13.6,4.9,9.6
LC02444,19.819361,74.589925,Agricultural Land,0.633,12.7,0.9,11.0
LC02445,19.892811,74.38166,Barren/Fallow,0.556,1.1,4.6,8.2
LC02446,19.944679,74.472832,Urban/Built-up,0.382,1.9,5.4,88.3
LC02447,19.943224,74.363251,Agricultural Land,0.645,14.6,7.2,0.3
LC02448,19.947933,74.480598,Agricultural Land,0.441,16.2,2.8,12.5
LC02449,19.941842,74.459466,Agricultural Land,0.658,9.0,3.4,6.0
LC02450,19.80266,74.554087,Barren/Fallow,0.528,14.0,4.5,10.1
LC02451,19.818085,74.540133,Agricultural Land,0.44,16.1,3.5,0.8
LC02452,19.868599,74.37474,Agricultural Land,0.101,15.8,0.7,8.0
LC02453,19.848343,74.40646,Urban/Built-up,0.039,5.3,7.8,79.7
LC02454,19.942725,74.487825,Water Body,0.746,11.9,99.9,3.4
LC02455,19.88981,74.420114,Agricultural Land,0.651,11.5,1.5,10.6
LC02456,19.841132,74.41862,Forest/Grove,0.665,68.2,5.2,9.6
LC02457,19.89493,74.497198,Forest/Grove,0.952,73.0,1.7,10.8
LC02458,19.907079,74.390598,Water Body,0.875,3.1,85.1,7.4
LC02459,19.895529,74.416939,Agricultural Land,0.354,1.5,4.6,3.3
LC02460,19.861604,74.396961,Barren/Fallow,0.42,4.4,7.2,4.5
LC02461,19.822424,74.489739,Agricultural Land,0.563,11.0,3.1,1.0
LC02462,19.879115,74.590981,Agricultural Land,0.776,11.5,3.0,4.5
LC02463,19.845115,74.56472,Agricultural Land,0.782,2.0,6.1,1.6
LC02464,19.813936,74.448505,Grassland,0.196,13.7,2.0,0.5
LC02465,19.81473,74.355827,Grassland,0.358,18.6,0.8,8.8
LC02466,19.908675,74.370287,Agricultural Land,0.333,14.1,1.9,7.1
LC02467,19.94757,74.584355,Barren/Fallow,0.74,16.6,2.3,8.1
LC02468,19.887846,74.573107,Agricultural Land,0.572,6.9,4.0,10.8
LC02469,19.904531,74.452742,Water Body,0.752,6.4,72.7,2.3
LC02470,19.891336,74.401919,Urban/Built-up,0.764,3.9,5.6,87.0
LC02471,19.916206,74.372924,Barren/Fallow,0.329,3.7,3.9,13.2
LC02472,19.824679,74.534346,Grassland,0.363,7.3,1.7,6.2
LC02473,19.822703,74.442023,Wetland,0.389,2.7,40.3,13.6
LC02474,19.911601,74.38113,Agricultural Land,0.528,4.7,7.7,5.0
LC02475,19.908836,74.549439,Urban/Built-up,0.34,10.4,2.7,66.1
LC02476,19.810136,74.352008,Agricultural Land,0.12,17.2,4.9,12.2
LC02477,19.87357,74.471009,Grassland,0.553,15.4,2.4,7.2
LC02478,19.869934,74.413567,Grassland,0.735,3.1,6.6,5.4
LC02479,19.839793,74.52831,Agricultural Land,0.111,5.0,6.9,6.0
LC02480,19.874933,74.424494,Grassland,0.472,15.7,0.6,9.3
LC02481,19.862044,74.486013,Urban/Built-up,0.524,0.7,6.0,87.5
LC02482,19.846786,74.504886,Urban/Built-up,0.309,3.0,3.3,95.5
LC02483,19.905893,74.394963,Agricultural Land,0.324,4.4,0.5,12.5
LC02484,19.830838,74.579747,Agricultural Land,0.293,17.3,2.4,2.7
LC02485,19.878251,74.498201,Agricultural Land,0.293,15.2,2.8,9.3
LC02486,19.890282,74.505763,Agricultural Land,0.668,16.1,6.9,3.0
LC02487,19.818359,74.482074,Forest/Grove,0.644,65.0,5.3,8.6
LC02488,19.934941,74.595444,Agricultural Land,0.377,0.3,1.9,1.1
LC02489,19.849273,74.498579,Barren/Fallow,0.604,16.3,6.4,0.3
LC02490,19.862189,74.545851,Agricultural Land,0.682,2.0,1.4,2.9
LC02491,19.90182,74.47522,Urban/Built-up,0.855,9.9,3.7,84.2
LC02492,19.815569,74.399595,Urban/Built-up,0.502,6.1,6.2,53.0
LC02493,19.837783,74.408978,Barren/Fallow,0.072,6.1,0.9,1.1
LC02494,19.858024,74.395005,Barren/Fallow,0.378,7.9,7.6,1.3
LC02495,19.8685,74.492728,Urban/Built-up,0.669,9.2,7.2,83.1
LC02496,19.858936,74.439729,Water Body,0.533,5.0,85.5,5.5
LC02497,19.927756,74.481589,Agricultural Land,0.263,6.9,4.2,7.2
LC02498,19.816443,74.371048,Agricultural Land,0.075,8.0,3.3,6.7
LC02499,19.881119,74.38553,Agricultural Land,0.11,11.4,2.3,5.4
LC02500,19.826607,74.518719,Agricultural Land,0.827,14.7,3.7,6.7
LC02501,19.855733,74.442825,Agricultural Land,0.7,18.9,6.0,13.1
LC02502,19.937756,74.416476,Wetland,0.905,2.7,32.6,13.9
LC02503,19.833124,74.511704,Grassland,0.387,5.4,0.9,2.4
LC02504,19.874161,74.512257,Wetland,0.4,19.7,42.7,7.5
LC02505,19.867487,74.378878,Urban/Built-up,0.632,2.5,2.9,71.3
LC02506,19.928854,74.5835,Wetland,0.52,10.1,22.8,12.2
LC02507,19.850248,74.58465,Agricultural Land,0.227,16.3,2.7,13.8
LC02508,19.832367,74.571171,Agricultural Land,0.335,0.7,6.4,4.1
LC02509,19.895355,74.449543,Agricultural Land,0.282,19.6,7.6,13.6
LC02510,19.852427,74.573051,Agricultural Land,0.318,0.9,7.2,6.2
LC02511,19.929526,74.472885,Agricultural Land,0.895,19.5,7.3,0.4
LC02512,19.847028,74.518676,Agricultural Land,0.584,17.5,7.8,5.8
LC02513,19.857307,74.36163,Agricultural Land,0.595,7.9,2.2,12.8
LC02514,19.912478,74.536471,Grassland,0.493,2.0,7.1,7.4
LC02515,19.80835,74.510877,Wetland,0.302,10.6,30.1,6.9
LC02516,19.88834,74.388486,Agricultural Land,0.931,1.4,0.4,9.7
LC02517,19.840389,74.525984,Urban/Built-up,0.578,13.8,4.4,97.0
LC02518,19.810065,74.576627,Barren/Fallow,0.46,18.1,3.8,3.4
LC02519,19.91989,74.531739,Agricultural Land,0.494,6.1,3.0,13.2
LC02520,19.879831,74.408037,Agricultural Land,0.602,8.3,4.2,12.9
LC02521,19.853016,74.412885,Barren/Fallow,0.549,2.7,5.8,12.6
LC02522,19.824126,74.36721,Agricultural Land,0.49,18.7,1.8,13.3
LC02523,19.913896,74.542938,Grassland,0.826,14.7,7.3,0.9
LC02524,19.907778,74.463543,Barren/Fallow,0.531,0.6,0.5,4.2
LC02525,19.862547,74.411954,Grassland,0.611,14.0,7.2,13.4
LC02526,19.859345,74.361731,Agricultural Land,0.599,13.9,6.1,11.0
LC02527,19.890619,74.509471,Wetland,0.908,0.8,40.1,12.3
LC02528,19.83128,74.462149,Grassland,0.601,13.8,2.3,10.3
LC02529,19.827752,74.565653,Agricultural Land,0.247,14.4,7.7,3.2
LC02530,19.84633,74.59045,Urban/Built-up,0.044,9.9,6.5,63.3
LC02531,19.842353,74.437878,Grassland,0.739,4.2,6.4,12.2
LC02532,19.81411,74.441327,Agricultural Land,0.264,0.6,6.0,6.3
LC02533,19.942064,74.385992,Agricultural Land,0.137,11.4,3.5,8.9
LC02534,19.803666,74.464522,Grassland,0.745,15.0,2.8,1.2
LC02535,19.920564,74.40016,Agricultural Land,0.349,16.6,5.4,11.2
LC02536,19.899668,74.451502,Urban/Built-up,0.341,8.4,4.3,50.2
LC02537,19.939674,74.549759,Wetland,0.19,9.1,43.7,8.5
LC02538,19.865874,74.478746,Wetland,0.527,19.4,52.3,5.9
LC02539,19.919799,74.487486,Agricultural Land,0.396,13.0,2.3,9.1
LC02540,19.9482,74.455199,Wetland,0.409,5.8,26.9,10.6
LC02541,19.836613,74.392145,Barren/Fallow,0.831,3.8,0.7,2.1
LC02542,19.894364,74.491921,Forest/Grove,0.414,77.8,1.5,9.7
LC02543,19.931686,74.514152,Barren/Fallow,0.811,11.2,6.9,11.9
LC02544,19.903592,74.584631,Forest/Grove,0.551,75.6,1.8,7.9
LC02545,19.822249,74.573644,Barren/Fallow,0.294,15.8,4.6,2.3
LC02546,19.875002,74.377633,Agricultural Land,0.391,2.7,0.9,13.1
LC02547,19.857208,74.54138,Agricultural Land,0.348,17.9,2.7,9.2
LC02548,19.830789,74.383709,Barren/Fallow,0.914,8.2,4.7,7.8
LC02549,19.868833,74.474988,Forest/Grove,0.538,48.1,2.0,4.6
LC02550,19.908017,74.546312,Agricultural Land,0.45,11.8,2.3,13.2
LC02551,19.888914,74.4916,Water Body,0.917,11.7,91.9,3.1
LC02552,19.946298,74.482341,Agricultural Land,0.644,17.9,5.5,13.7
LC02553,19.84301,74.454686,Grassland,0.347,17.9,0.1,13.6
LC02554,19.804055,74.588188,Agricultural Land,0.644,7.7,4.2,6.8
LC02555,19.832205,74.479188,Barren/Fallow,0.472,16.4,2.3,10.2
LC02556,19.86341,74.499724,Urban/Built-up,0.809,11.3,1.5,91.3
LC02557,19.893984,74.356711,Barren/Fallow,0.442,4.0,4.1,4.4
LC02558,19.941864,74.45001,Agricultural Land,0.596,3.3,1.6,1.7
LC02559,19.886205,74.45784,Urban/Built-up,0.15,15.1,4.0,65.6
LC02560,19.920566,74.584233,Agricultural Land,0.633,13.8,3.0,8.3
LC02561,19.869407,74.412576,Grassland,0.81,17.7,5.6,8.7
LC02562,19.831,74.587987,Agricultural Land,0.298,18.7,3.3,9.4
LC02563,19.942193,74.355622,Agricultural Land,0.407,7.9,5.8,2.3
LC02564,19.892993,74.416415,Grassland,0.232,4.2,4.2,11.8
LC02565,19.823372,74.467419,Agricultural Land,0.915,19.7,2.0,9.7
LC02566,19.85992,74.43337,Barren/Fallow,0.683,19.6,3.9,3.1
LC02567,19.919392,74.454132,Agricultural Land,0.372,0.2,2.6,11.6
LC02568,19.919828,74.496189,Agricultural Land,0.203,3.6,4.8,10.1
LC02569,19.840763,74.49075,Agricultural Land,0.205,1.2,5.7,1.9
LC02570,19.816847,74.395831,Grassland,0.521,11.3,6.1,4.3
LC02571,19.930092,74.490458,Agricultural Land,0.597,11.6,5.0,14.6
LC02572,19.807336,74.500806,Agricultural Land,0.415,2.6,7.0,4.8
LC02573,19.911162,74.494044,Grassland,0.695,10.5,6.2,9.4
LC02574,19.801535,74.473908,Agricultural Land,0.406,17.8,5.4,6.7
LC02575,19.846079,74.576188,Agricultural Land,0.186,8.6,3.0,0.8
LC02576,19.858292,74.515241,Forest/Grove,0.426,71.0,3.6,8.9
LC02577,19.91331,74.46101,Forest/Grove,0.56,53.8,4.4,8.3
LC02578,19.927944,74.407462,Agricultural Land,0.571,16.5,6.7,4.9
LC02579,19.913845,74.505736,Agricultural Land,0.48,16.2,6.8,9.4
LC02580,19.934799,74.453776,Urban/Built-up,0.691,2.4,3.0,54.4
LC02581,19.910063,74.507126,Forest/Grove,0.295,54.9,3.6,7.1
LC02582,19.905224,74.553538,Agricultural Land,0.427,6.0,6.4,2.5
LC02583,19.929817,74.509853,Urban/Built-up,0.685,13.6,1.6,65.7
LC02584,19.816492,74.403118,Forest/Grove,0.678,81.5,6.6,13.6
LC02585,19.880842,74.527254,Barren/Fallow,0.405,5.0,4.1,12.0
LC02586,19.86832,74.376035,Grassland,0.506,12.9,7.4,14.8
LC02587,19.905225,74.351657,Wetland,0.333,1.7,25.6,14.4
LC02588,19.913228,74.436446,Barren/Fallow,0.701,18.8,1.0,12.1
LC02589,19.910702,74.469434,Forest/Grove,0.156,41.2,6.6,7.3
LC02590,19.849835,74.482392,Urban/Built-up,0.479,11.7,6.2,74.8
LC02591,19.852764,74.56287,Agricultural Land,0.117,16.8,2.6,1.8
LC02592,19.803898,74.593342,Agricultural Land,0.583,17.7,2.3,6.6
LC02593,19.814325,74.555485,Agricultural Land,0.595,15.8,7.0,2.5
LC02594,19.87425,74.469444,Agricultural Land,0.447,16.7,1.6,7.4
LC02595,19.923714,74.368514,Agricultural Land,0.36,3.4,5.0,8.5
LC02596,19.893167,74.54603,Agricultural Land,0.845,11.9,1.9,6.8
LC02597,19.828931,74.519229,Agricultural Land,0.479,16.8,4.0,11.7
LC02598,19.914045,74.3686,Grassland,0.559,17.1,3.2,14.6
LC02599,19.809883,74.40301,Agricultural Land,0.326,14.2,2.9,3.5
LC02600,19.87185,74.423793,Agricultural Land,0.217,18.4,1.2,11.6
LC02601,19.845899,74.44039,Water Body,0.507,1.5,89.8,10.2
LC02602,19.872387,74.56209,Barren/Fallow,0.326,12.2,0.9,12.1
LC02603,19.886744,74.425511,Agricultural Land,0.447,11.7,1.0,4.9
LC02604,19.810931,74.452004,Urban/Built-up,0.735,13.2,0.7,63.6
LC02605,19.859964,74.352397,Barren/Fallow,0.79,1.6,2.2,1.7
LC02606,19.872999,74.504344,Agricultural Land,0.151,19.9,2.8,14.3
LC02607,19.842458,74.456924,Barren/Fallow,0.69,12.8,3.9,3.5
LC02608,19.865892,74.485123,Agricultural Land,0.656,8.9,2.8,6.1
LC02609,19.903772,74.532364,Forest/Grove,0.757,85.0,0.3,11.0
LC02610,19.809997,74.590235,Agricultural Land,0.407,17.6,0.2,14.4
LC02611,19.824463,74.568943,Agricultural Land,0.102,18.9,6.4,13.3
LC02612,19.84125,74.49139,Agricultural Land,0.902,13.5,4.5,2.9
LC02613,19.882397,74.418787,Agricultural Land,0.573,2.7,3.8,5.6
LC02614,19.911128,74.358871,Agricultural Land,0.684,17.6,7.5,9.2
LC02615,19.850594,74.49459,Forest/Grove,0.497,86.1,3.8,14.2
LC02616,19.884813,74.501587,Forest/Grove,0.515,71.6,6.9,3.9
LC02617,19.945666,74.572188,Agricultural Land,0.625,3.3,6.2,11.3
LC02618,19.81433,74.356592,Agricultural Land,0.143,4.0,2.3,8.5
LC02619,19.826372,74.589453,Urban/Built-up,0.608,7.2,0.1,89.1
LC02620,19.817483,74.44751,Forest/Grove,0.34,85.0,7.9,9.1
LC02621,19.8345,74.592149,Agricultural Land,0.851,7.4,1.6,1.6
LC02622,19.801245,74.390566,Barren/Fallow,0.451,2.5,2.8,9.6
LC02623,19.813605,74.36418,Urban/Built-up,0.331,19.5,4.6,60.0
LC02624,19.942487,74.471997,Agricultural Land,0.325,1.8,5.1,8.0
LC02625,19.854491,74.5389,Wetland,0.664,6.5,49.8,11.9
LC02626,19.902109,74.532294,Water Body,0.409,12.8,79.9,0.4
LC02627,19.808075,74.587285,Barren/Fallow,0.783,16.8,3.5,0.3
LC02628,19.918976,74.562124,Urban/Built-up,0.616,15.3,2.6,95.4
LC02629,19.931911,74.463946,Agricultural Land,0.21,10.5,7.8,12.7
LC02630,19.926355,74.579222,Forest/Grove,0.803,63.1,0.7,8.7
LC02631,19.924106,74.509264,Wetland,0.298,16.7,44.7,0.6
LC02632,19.921899,74.399656,Forest/Grove,0.419,70.7,3.3,12.1
LC02633,19.859542,74.372654,Agricultural Land,0.334,10.4,6.6,4.6
LC02634,19.855559,74.471513,Grassland,0.326,9.3,7.5,0.7
LC02635,19.898152,74.455669,Urban/Built-up,0.322,12.4,5.2,78.1
LC02636,19.843976,74.488085,Forest/Grove,0.521,58.9,3.6,2.2
LC02637,19.827243,74.561185,Agricultural Land,0.599,18.9,1.5,4.8
LC02638,19.881797,74.562589,Barren/Fallow,0.21,2.4,2.4,9.2
LC02639,19.879736,74.366494,Urban/Built-up,0.427,13.3,3.6,74.5
LC02640,19.868224,74.544734,Agricultural Land,0.306,12.2,3.8,7.1
LC02641,19.807944,74.472155,Agricultural Land,0.416,8.7,1.9,3.8
LC02642,19.887036,74.410415,Water Body,0.668,1.2,86.0,1.1
LC02643,19.89251,74.528079,Water Body,0.9,18.5,93.8,1.5
LC02644,19.917193,74.472968,Barren/Fallow,0.429,6.0,7.5,10.4
LC02645,19.806205,74.425602,Urban/Built-up,0.354,13.6,4.0,91.0
LC02646,19.9271,74.404684,Urban/Built-up,0.492,1.3,7.6,88.9
LC02647,19.812916,74.361787,Urban/Built-up,0.277,7.8,7.5,55.3
LC02648,19.815917,74.409906,Water Body,0.465,15.8,90.7,6.1
LC02649,19.885715,74.580613,Forest/Grove,0.188,76.2,3.4,8.8
LC02650,19.889632,74.570227,Agricultural Land,0.473,6.5,4.5,10.1
LC02651,19.919513,74.482839,Agricultural Land,0.364,1.1,7.4,14.5
LC02652,19.894311,74.439873,Grassland,0.558,0.9,4.7,0.4
LC02653,19.948766,74.565823,Forest/Grove,0.316,86.2,7.2,0.8
LC02654,19.817522,74.543077,Urban/Built-up,0.365,6.3,0.5,72.7
LC02655,19.886948,74.441448,Agricultural Land,0.901,9.3,3.7,10.0
LC02656,19.859215,74.371412,Urban/Built-up,0.487,4.4,0.8,71.2
LC02657,19.871783,74.459031,Agricultural Land,0.462,3.9,5.9,3.1
LC02658,19.846013,74.387182,Agricultural Land,0.259,12.6,1.0,4.9
LC02659,19.897308,74.376452,Grassland,0.475,9.2,1.7,2.5
LC02660,19.936675,74.475617,Urban/Built-up,0.556,13.0,2.6,68.6
LC02661,19.845315,74.426542,Agricultural Land,0.63,1.6,7.3,11.0
LC02662,19.92568,74.358064,Agricultural Land,0.604,11.0,4.1,8.8
LC02663,19.813699,74.569355,Water Body,0.774,3.7,84.3,8.5
LC02664,19.919564,74.356936,Agricultural Land,0.329,6.3,3.1,6.9
LC02665,19.846298,74.505194,Barren/Fallow,0.299,16.8,4.3,6.4
LC02666,19.938557,74.420511,Urban/Built-up,0.219,16.3,5.8,79.8
LC02667,19.822002,74.545569,Urban/Built-up,0.462,0.8,3.9,57.7
LC02668,19.814347,74.570931,Agricultural Land,0.149,7.6,2.6,0.1
LC02669,19.87264,74.500095,Water Body,0.422,4.4,92.0,4.2
LC02670,19.84791,74.361232,Agricultural Land,0.572,6.4,4.3,4.5
LC02671,19.900021,74.564068,Water Body,0.602,16.1,63.3,4.1
LC02672,19.838171,74.437862,Grassland,0.295,14.2,5.7,9.7
LC02673,19.864874,74.411473,Agricultural Land,0.845,4.6,1.7,8.1
LC02674,19.86863,74.474986,Grassland,0.268,5.8,5.9,1.2
LC02675,19.813883,74.442427,Grassland,0.324,15.6,3.0,13.8
LC02676,19.836075,74.458639,Water Body,0.165,9.7,61.9,6.6
LC02677,19.88423,74.568789,Water Body,0.937,18.3,92.1,2.6
LC02678,19.838041,74.401117,Agricultural Land,0.676,3.2,2.2,5.0
LC02679,19.917845,74.382553,Agricultural Land,0.411,13.0,6.7,2.5
LC02680,19.809302,74.380036,Water Body,0.126,12.2,96.3,1.8
LC02681,19.917837,74.470012,Grassland,0.869,6.9,0.2,5.3
LC02682,19.848041,74.567904,Agricultural Land,0.234,7.8,3.9,4.9
LC02683,19.93195,74.590178,Agricultural Land,0.263,11.0,2.9,11.0
LC02684,19.896381,74.491552,Agricultural Land,0.214,13.7,2.4,0.6
LC02685,19.836379,74.486757,Forest/Grove,0.566,64.3,7.2,12.5
LC02686,19.93454,74.45913,Forest/Grove,0.859,44.2,7.1,0.3
LC02687,19.909589,74.527457,Grassland,0.631,3.2,1.3,8.7
LC02688,19.832001,74.490186,Agricultural Land,0.652,0.7,4.1,9.2
LC02689,19.810648,74.44361,Grassland,0.83,17.1,6.8,5.7
LC02690,19.944698,74.59377,Urban/Built-up,0.465,13.7,4.8,75.9
LC02691,19.885194,74.372713,Water Body,0.434,1.7,75.3,8.7
LC02692,19.845167,74.386307,Urban/Built-up,0.827,5.5,5.0,92.7
LC02693,19.881621,74.521286,Agricultural Land,0.392,8.3,3.1,6.4
LC02694,19.86024,74.563729,Agricultural Land,0.61,12.6,2.5,11.4
LC02695,19.862965,74.390989,Water Body,0.5,11.2,96.8,12.4
LC02696,19.850074,74.476135,Grassland,0.241,6.5,6.7,3.3
LC02697,19.81835,74.476881,Barren/Fallow,0.074,19.2,3.0,14.5
LC02698,19.873217,74.501713,Urban/Built-up,0.233,19.2,4.7,82.3
LC02699,19.864882,74.413214,Barren/Fallow,0.728,14.9,2.7,2.5
LC02700,19.92869,74.428596,Grassland,0.276,12.6,2.5,4.2
LC02701,19.887575,74.364068,Wetland,0.884,6.8,34.3,7.2
LC02702,19.816331,74.393509,Barren/Fallow,0.659,11.4,6.5,7.3
LC02703,19.937856,74.520822,Barren/Fallow,0.292,16.9,0.0,3.6
LC02704,19.858222,74.455325,Agricultural Land,0.867,3.9,4.5,8.4
LC02705,19.912011,74.588388,Grassland,0.435,6.2,6.5,9.9
LC02706,19.942044,74.516237,Wetland,0.756,11.4,55.8,9.7
LC02707,19.833717,74.353112,Agricultural Land,0.375,11.0,5.6,10.9
LC02708,19.820976,74.52385,Water Body,0.656,17.7,70.9,14.4
LC02709,19.890955,74.449724,Water Body,0.333,16.3,71.6,3.3
LC02710,19.801948,74.417685,Grassland,0.555,6.4,6.6,14.4
LC02711,19.869734,74.426515,Grassland,0.302,9.7,3.1,4.9
LC02712,19.935294,74.373185,Barren/Fallow,0.437,14.8,1.4,8.1
LC02713,19.909991,74.424652,Water Body,0.345,3.4,94.2,2.5
LC02714,19.814664,74.419433,Water Body,0.292,7.1,68.5,6.0
LC02715,19.802696,74.352035,Grassland,0.71,2.1,2.5,12.6
LC02716,19.825046,74.420291,Grassland,0.76,2.3,2.4,6.4
LC02717,19.853996,74.387529,Wetland,0.623,12.1,31.2,13.8
LC02718,19.932303,74.353014,Agricultural Land,0.143,13.0,5.4,6.4
LC02719,19.850146,74.435589,Agricultural Land,0.352,2.3,5.7,1.5
LC02720,19.940337,74.400667,Agricultural Land,0.525,7.7,4.3,13.9
LC02721,19.886228,74.556392,Wetland,0.509,11.9,37.1,4.7
LC02722,19.859296,74.446048,Forest/Grove,0.386,73.7,7.5,5.5
LC02723,19.825058,74.363709,Agricultural Land,0.775,19.2,4.8,3.4
LC02724,19.906375,74.520314,Wetland,0.282,16.8,28.5,9.5
LC02725,19.878611,74.500028,Urban/Built-up,0.286,12.9,6.3,79.1
LC02726,19.847116,74.427935,Forest/Grove,0.892,60.5,4.2,10.2
LC02727,19.906729,74.57732,Agricultural Land,0.646,12.5,4.1,10.0
LC02728,19.845383,74.464173,Grassland,0.262,16.0,6.1,9.2
LC02729,19.877966,74.40382,Agricultural Land,0.52,2.2,5.4,7.5
LC02730,19.81411,74.426782,Wetland,0.44,19.1,54.0,8.9
LC02731,19.806019,74.355275,Barren/Fallow,0.072,12.6,0.2,11.0
LC02732,19.834908,74.510589,Barren/Fallow,0.426,11.4,6.1,1.6
LC02733,19.848015,74.581439,Agricultural Land,0.46,11.9,3.7,14.9
LC02734,19.889711,74.535736,Wetland,0.873,3.4,48.6,7.5
LC02735,19.925735,74.54319,Barren/Fallow,0.518,0.2,4.8,12.0
LC02736,19.824162,74.418846,Water Body,0.184,18.4,96.3,7.6
LC02737,19.837425,74.547576,Urban/Built-up,0.954,8.3,2.4,54.0
LC02738,19.852069,74.544599,Urban/Built-up,0.42,11.7,4.2,64.2
LC02739,19.847314,74.394776,Barren/Fallow,0.282,3.0,1.5,6.1
LC02740,19.875902,74.354,Grassland,0.463,19.3,5.4,13.7
LC02741,19.933405,74.474194,Agricultural Land,0.555,6.4,2.5,2.6
LC02742,19.899365,74.384596,Grassland,0.65,9.5,2.0,6.7
LC02743,19.820086,74.367162,Agricultural Land,0.74,6.0,2.9,2.2
LC02744,19.881956,74.356451,Agricultural Land,0.726,11.4,5.4,14.6
LC02745,19.889639,74.478934,Wetland,0.29,19.0,56.7,6.9
LC02746,19.838987,74.462958,Agricultural Land,0.686,11.9,3.8,10.2
LC02747,19.945605,74.52395,Agricultural Land,0.769,5.4,2.9,10.7
LC02748,19.853277,74.575788,Grassland,0.687,7.6,7.8,11.2
LC02749,19.858298,74.425478,Urban/Built-up,0.445,15.2,3.1,72.5
LC02750,19.849488,74.469617,Barren/Fallow,0.777,15.2,4.0,4.0
LC02751,19.870557,74.381721,Agricultural Land,0.684,11.2,3.1,14.0
LC02752,19.84162,74.48718,Grassland,0.574,13.8,0.5,7.0
LC02753,19.819352,74.392802,Agricultural Land,0.399,3.3,5.9,0.3
LC02754,19.806398,74.518878,Agricultural Land,0.66,14.3,4.9,12.7
LC02755,19.818854,74.480532,Agricultural Land,0.626,1.7,6.7,1.4
LC02756,19.841194,74.565577,Agricultural Land,0.609,11.7,3.7,7.0
LC02757,19.823461,74.437976,Forest/Grove,0.292,92.4,0.1,11.4
LC02758,19.864117,74.428152,Agricultural Land,0.306,4.6,5.9,0.1
LC02759,19.853818,74.457893,Agricultural Land,0.641,15.6,0.5,3.1
LC02760,19.908598,74.599175,Urban/Built-up,0.638,4.2,7.8,80.3
LC02761,19.863108,74.448214,Forest/Grove,0.128,42.7,4.2,3.1
LC02762,19.93056,74.390828,Agricultural Land,0.401,6.3,2.4,6.6
LC02763,19.943615,74.404007,Forest/Grove,0.515,66.7,8.0,14.2
LC02764,19.919294,74.450907,Agricultural Land,0.542,14.0,0.8,1.5
LC02765,19.884942,74.418355,Agricultural Land,0.181,15.7,0.6,2.4
LC02766,19.880628,74.450653,Forest/Grove,0.296,43.7,7.2,12.8
LC02767,19.8739,74.499699,Grassland,0.66,11.2,5.5,9.9
LC02768,19.919007,74.500559,Grassland,0.34,2.4,3.4,1.5
LC02769,19.915812,74.518714,Urban/Built-up,0.814,0.1,5.2,70.8
LC02770,19.823379,74.353358,Barren/Fallow,0.147,4.9,2.2,2.1
LC02771,19.888667,74.56455,Agricultural Land,0.261,1.7,7.0,6.4
LC02772,19.856037,74.505883,Agricultural Land,0.291,12.6,4.0,8.5
LC02773,19.942243,74.594644,Agricultural Land,0.625,10.4,2.2,5.4
LC02774,19.926616,74.516487,Agricultural Land,0.36,11.3,0.5,6.0
LC02775,19.938456,74.475768,Agricultural Land,0.349,15.4,0.8,13.8
LC02776,19.84928,74.488175,Water Body,0.429,12.4,66.2,10.9
LC02777,19.831141,74.392028,Forest/Grove,0.832,49.0,6.6,14.6
LC02778,19.837763,74.525163,Wetland,0.594,15.7,46.0,0.0
LC02779,19.805428,74.415984,Urban/Built-up,0.774,2.2,2.3,93.2
LC02780,19.837212,74.364079,Agricultural Land,0.456,11.6,3.7,9.5
LC02781,19.900164,74.597763,Grassland,0.417,2.6,4.2,5.1
LC02782,19.889878,74.361597,Agricultural Land,0.452,9.1,5.6,12.5
LC02783,19.932784,74.369465,Urban/Built-up,0.187,11.7,4.6,57.9
LC02784,19.807115,74.403078,Urban/Built-up,0.582,15.2,6.6,61.2
LC02785,19.947559,74.43021,Urban/Built-up,0.69,16.8,4.5,96.7
LC02786,19.921636,74.561149,Agricultural Land,0.185,2.9,4.0,8.4
LC02787,19.834903,74.416085,Agricultural Land,0.98,10.4,5.6,0.0
LC02788,19.922107,74.494629,Wetland,0.617,12.1,22.6,0.2
LC02789,19.948651,74.564672,Water Body,0.526,4.5,68.5,4.7
LC02790,19.947863,74.576826,Barren/Fallow,0.479,11.3,3.7,8.9
LC02791,19.891237,74.545456,Barren/Fallow,0.635,3.4,0.7,1.8
LC02792,19.852595,74.426173,Forest/Grove,0.747,73.9,7.7,5.2
LC02793,19.906698,74.400814,Grassland,0.477,1.3,6.1,12.5
LC02794,19.836496,74.440334,Barren/Fallow,0.361,14.8,2.3,13.1
LC02795,19.836426,74.460175,Agricultural Land,0.817,19.7,2.9,0.9
LC02796,19.932776,74.432448,Agricultural Land,0.301,9.2,1.9,1.7
LC02797,19.944174,74.502676,Forest/Grove,0.839,61.3,4.1,5.7
LC02798,19.875757,74.595028,Agricultural Land,0.245,9.7,0.5,10.7
LC02799,19.820435,74.514634,Agricultural Land,0.656,8.6,6.1,0.9
LC02800,19.89914,74.499723,Grassland,0.463,9.2,2.6,13.3
LC02801,19.908902,74.489705,Urban/Built-up,0.404,6.3,7.0,71.5
LC02802,19.944659,74.487466,Agricultural Land,0.663,1.8,6.1,10.4
LC02803,19.873174,74.403197,Agricultural Land,0.142,12.9,0.3,7.2
LC02804,19.867959,74.430785,Agricultural Land,0.217,7.8,6.9,3.6
LC02805,19.912109,74.412337,Wetland,0.546,14.1,58.1,10.7
LC02806,19.948674,74.496809,Agricultural Land,0.545,17.8,2.2,6.8
LC02807,19.926449,74.396455,Forest/Grove,0.925,69.4,0.3,9.5
LC02808,19.903321,74.409583,Forest/Grove,0.717,45.4,2.4,14.4
LC02809,19.891272,74.365967,Wetland,0.122,8.0,23.8,4.0
LC02810,19.922056,74.494259,Agricultural Land,0.518,10.4,3.5,3.7
LC02811,19.86756,74.558213,Agricultural Land,0.318,7.4,6.0,10.2
LC02812,19.939436,74.561192,Wetland,0.299,6.0,47.1,8.1
LC02813,19.928448,74.401009,Agricultural Land,0.358,18.5,4.3,4.2
LC02814,19.855235,74.590297,Agricultural Land,0.377,4.3,1.5,12.8
LC02815,19.815314,74.48552,Barren/Fallow,0.651,14.2,4.4,1.0
LC02816,19.889532,74.538913,Agricultural Land,0.54,16.2,1.9,14.3
LC02817,19.865003,74.565233,Agricultural Land,0.16,15.3,3.3,5.8
LC02818,19.822949,74.587099,Forest/Grove,0.406,73.7,2.2,2.9
LC02819,19.90798,74.556067,Grassland,0.367,3.6,1.0,3.8
LC02820,19.873766,74.410425,Forest/Grove,0.947,83.0,6.9,8.7
LC02821,19.854538,74.387757,Grassland,0.245,15.2,3.5,5.9
LC02822,19.898897,74.380059,Barren/Fallow,0.462,16.8,1.0,5.1
LC02823,19.875672,74.424567,Agricultural Land,0.232,9.0,1.8,13.8
LC02824,19.841838,74.49696,Agricultural Land,0.812,11.5,1.9,12.9
LC02825,19.932835,74.415953,Water Body,0.214,3.1,98.9,1.2
LC02826,19.929394,74.404895,Agricultural Land,0.468,6.8,5.7,3.0
LC02827,19.808015,74.528681,Agricultural Land,0.561,7.4,2.2,11.4
LC02828,19.815586,74.564774,Wetland,0.753,13.7,36.1,5.2
LC02829,19.809052,74.585028,Agricultural Land,0.661,16.5,7.2,12.0
LC02830,19.897106,74.541736,Agricultural Land,0.585,3.8,0.3,7.5
LC02831,19.855765,74.424353,Agricultural Land,0.628,16.5,5.9,6.4
LC02832,19.830696,74.412667,Agricultural Land,0.519,4.3,3.7,0.4
LC02833,19.900415,74.476461,Agricultural Land,0.381,17.2,4.5,4.7
LC02834,19.852181,74.395869,Agricultural Land,0.41,1.9,0.3,9.3
LC02835,19.856655,74.493197,Agricultural Land,0.564,19.5,6.8,13.6
LC02836,19.840485,74.35103,Agricultural Land,0.378,16.3,2.7,11.6
LC02837,19.818596,74.533011,Forest/Grove,0.363,81.3,0.1,11.7
LC02838,19.890755,74.574621,Agricultural Land,0.573,4.6,5.3,5.0
LC02839,19.802398,74.400613,Grassland,0.801,17.0,7.5,13.9
LC02840,19.880003,74.459859,Agricultural Land,0.622,6.1,6.9,9.4
LC02841,19.85824,74.381891,Grassland,0.242,10.0,4.9,0.1
LC02842,19.813764,74.41789,Forest/Grove,0.451,77.8,7.6,14.5
LC02843,19.858148,74.440274,Barren/Fallow,0.906,10.8,1.0,5.2
LC02844,19.806488,74.520656,Urban/Built-up,0.145,2.7,2.5,51.0
LC02845,19.947438,74.42156,Agricultural Land,0.637,14.3,5.0,8.8
LC02846,19.930231,74.497468,Forest/Grove,0.165,88.5,3.7,12.1
LC02847,19.858388,74.392509,Agricultural Land,0.637,19.9,0.8,0.1
LC02848,19.899969,74.517953,Agricultural Land,0.552,3.3,0.3,7.4
LC02849,19.903014,74.574918,Agricultural Land,0.591,7.0,7.8,6.9
LC02850,19.878293,74.426871,Urban/Built-up,0.502,9.6,7.1,52.7
LC02851,19.893044,74.487703,Water Body,0.621,13.9,91.1,4.0
LC02852,19.823818,74.512028,Agricultural Land,0.502,17.2,6.8,7.9
LC02853,19.939069,74.481804,Agricultural Land,0.075,4.9,1.7,7.0
LC02854,19.824434,74.403679,Water Body,0.364,5.3,99.5,9.4
LC02855,19.805995,74.54804,Wetland,0.254,14.8,48.4,13.9
LC02856,19.844983,74.521988,Grassland,0.7,2.9,1.4,9.9
LC02857,19.828315,74.439002,Urban/Built-up,0.531,18.8,5.2,99.2
LC02858,19.915588,74.554404,Wetland,0.562,5.3,56.8,7.5
LC02859,19.899876,74.437541,Agricultural Land,0.096,2.9,7.8,2.7
LC02860,19.848441,74.424497,Urban/Built-up,0.422,15.8,0.1,83.9
LC02861,19.895201,74.504116,Agricultural Land,0.46,6.0,3.8,3.5
LC02862,19.834632,74.494476,Grassland,0.466,0.5,2.3,13.8
LC02863,19.901499,74.454197,Grassland,0.571,14.3,0.2,1.2
LC02864,19.802071,74.445355,Barren/Fallow,0.519,18.3,5.8,4.7
LC02865,19.839706,74.586991,Barren/Fallow,0.478,13.2,2.2,0.2
LC02866,19.912999,74.456428,Agricultural Land,0.833,9.5,1.0,3.0
LC02867,19.812683,74.38805,Agricultural Land,0.477,0.2,1.6,6.1
LC02868,19.897496,74.521953,Urban/Built-up,0.492,19.9,3.0,50.2
LC02869,19.826342,74.512012,Barren/Fallow,0.471,18.4,2.6,14.6
LC02870,19.845768,74.518164,Agricultural Land,0.457,2.9,0.1,11.7
LC02871,19.832556,74.524934,Agricultural Land,0.613,3.7,2.4,0.8
LC02872,19.817431,74.435016,Agricultural Land,0.311,7.2,4.2,1.5
LC02873,19.906648,74.585769,Grassland,0.166,10.3,0.2,6.6
LC02874,19.90317,74.359704,Agricultural Land,0.54,18.0,6.3,1.3
LC02875,19.929161,74.544054,Forest/Grove,0.126,52.4,7.8,14.8
LC02876,19.913096,74.425372,Agricultural Land,0.672,11.6,6.7,1.2
LC02877,19.817283,74.362774,Agricultural Land,0.262,6.1,4.8,8.0
LC02878,19.940394,74.535428,Grassland,0.45,6.3,2.6,13.3
LC02879,19.810573,74.483544,Water Body,0.478,3.5,94.0,12.6
LC02880,19.879922,74.466069,Water Body,0.513,3.8,65.1,1.0
LC02881,19.866942,74.533026,Urban/Built-up,0.801,15.4,1.8,64.8
LC02882,19.835734,74.522316,Agricultural Land,0.281,12.7,0.3,4.6
LC02883,19.862191,74.587517,Barren/Fallow,0.148,7.7,3.9,12.7
LC02884,19.927538,74.399218,Agricultural Land,0.333,16.6,4.3,14.9
LC02885,19.878645,74.375974,Grassland,0.322,1.0,6.3,1.4
LC02886,19.851949,74.369218,Water Body,0.731,15.8,66.2,4.4
LC02887,19.843459,74.573014,Agricultural Land,0.575,16.0,5.6,4.5
LC02888,19.921817,74.388079,Urban/Built-up,0.523,18.5,0.7,86.4
LC02889,19.842499,74.589535,Agricultural Land,0.329,12.5,4.2,10.8
LC02890,19.949827,74.519538,Grassland,0.704,19.5,4.2,7.2
LC02891,19.935373,74.493179,Agricultural Land,0.413,10.7,7.2,14.8
LC02892,19.852609,74.548239,Urban/Built-up,0.481,9.8,4.2,56.9
LC02893,19.887153,74.57545,Water Body,0.927,15.4,74.2,12.4
LC02894,19.827413,74.389061,Urban/Built-up,0.676,17.6,0.7,59.7
LC02895,19.839688,74.487184,Urban/Built-up,0.553,7.8,6.6,74.5
LC02896,19.92966,74.448183,Wetland,0.666,12.9,25.2,9.1
LC02897,19.847139,74.571937,Wetland,0.322,15.6,53.2,13.5
LC02898,19.820953,74.570752,Grassland,0.882,11.1,6.8,2.9
LC02899,19.857652,74.47793,Agricultural Land,0.069,2.9,3.8,12.0
LC02900,19.832042,74.366485,Grassland,0.816,11.4,1.5,8.3
LC02901,19.890319,74.420867,Agricultural Land,0.57,7.1,2.8,8.2
LC02902,19.870832,74.473416,Agricultural Land,0.267,15.3,6.2,1.8
LC02903,19.888632,74.459194,Agricultural Land,0.08,17.9,5.1,1.8
LC02904,19.942507,74.458563,Urban/Built-up,0.092,9.3,5.9,50.6
LC02905,19.813339,74.405999,Grassland,0.728,4.1,3.6,2.4
LC02906,19.86229,74.458053,Forest/Grove,0.709,91.7,3.3,11.9
LC02907,19.841924,74.560687,Grassland,0.39,3.9,0.2,2.9
LC02908,19.948155,74.557336,Grassland,0.388,5.3,2.3,0.0
LC02909,19.94055,74.399624,Agricultural Land,0.064,1.8,7.9,3.9
LC02910,19.831402,74.513492,Grassland,0.801,0.2,6.9,0.4
LC02911,19.853021,74.434079,Barren/Fallow,0.557,18.4,6.5,9.7
LC02912,19.93954,74.469195,Agricultural Land,0.176,20.0,1.6,11.8
LC02913,19.86611,74.516351,Agricultural Land,0.219,17.9,0.8,5.2
LC02914,19.946594,74.430036,Wetland,0.817,19.2,59.8,14.2
LC02915,19.889898,74.437751,Wetland,0.987,9.0,56.4,9.0
LC02916,19.863142,74.573424,Barren/Fallow,0.042,10.6,3.9,7.0
LC02917,19.946704,74.494296,Agricultural Land,0.569,5.1,2.6,10.7
LC02918,19.921911,74.581019,Urban/Built-up,0.201,11.4,1.4,90.1
LC02919,19.892796,74.397377,Agricultural Land,0.835,14.4,2.9,13.8
LC02920,19.917423,74.396409,Agricultural Land,0.541,13.0,2.8,8.4
LC02921,19.802891,74.549247,Agricultural Land,0.366,5.8,5.5,4.0
LC02922,19.88734,74.374495,Barren/Fallow,0.115,18.8,2.1,1.6
LC02923,19.812549,74.486673,Grassland,0.472,11.5,6.0,8.8
LC02924,19.924287,74.576666,Agricultural Land,0.682,2.4,3.9,9.2
LC02925,19.907628,74.375674,Urban/Built-up,0.123,13.3,0.4,76.0
LC02926,19.946661,74.507303,Barren/Fallow,0.766,16.8,7.1,11.4
LC02927,19.881436,74.487857,Forest/Grove,0.726,62.6,2.0,11.2
LC02928,19.823734,74.380651,Agricultural Land,0.586,8.9,0.5,4.8
LC02929,19.855068,74.476762,Forest/Grove,0.35,42.2,7.6,13.9
LC02930,19.932462,74.527365,Water Body,0.513,6.7,95.0,0.6
LC02931,19.803441,74.429282,Barren/Fallow,0.905,3.9,5.0,9.7
LC02932,19.934424,74.419642,Agricultural Land,0.536,0.4,6.8,1.8
LC02933,19.840649,74.39631,Grassland,0.338,3.5,6.4,12.0
LC02934,19.818671,74.546291,Agricultural Land,0.066,13.1,3.1,7.5
LC02935,19.931567,74.577554,Barren/Fallow,0.578,8.7,0.2,12.1
LC02936,19.912252,74.468992,Grassland,0.253,17.7,0.3,10.0
LC02937,19.948153,74.413595,Agricultural Land,0.51,2.7,3.8,8.7
LC02938,19.840803,74.5816,Agricultural Land,0.148,11.3,4.6,0.3
LC02939,19.864824,74.44102,Forest/Grove,0.612,92.1,1.6,7.6
LC02940,19.928714,74.389217,Agricultural Land,0.407,2.0,7.4,2.3
LC02941,19.849991,74.557395,Forest/Grove,0.716,55.7,6.5,7.1
LC02942,19.833787,74.588494,Barren/Fallow,0.83,10.8,6.6,3.0
LC02943,19.899946,74.545441,Urban/Built-up,0.147,19.4,5.7,57.3
LC02944,19.891246,74.599351,Barren/Fallow,0.684,14.2,4.6,11.0
LC02945,19.863649,74.452039,Urban/Built-up,0.807,13.4,1.9,85.1
LC02946,19.868023,74.37503,Barren/Fallow,0.343,7.6,7.4,8.6
LC02947,19.826847,74.44548,Agricultural Land,0.713,5.7,2.7,2.5
LC02948,19.894643,74.515257,Forest/Grove,0.629,57.1,3.3,4.3
LC02949,19.81472,74.505271,Agricultural Land,0.624,2.8,0.2,7.0
LC02950,19.947912,74.507124,Agricultural Land,0.78,7.6,1.9,0.9
LC02951,19.912537,74.599662,Agricultural Land,0.688,15.1,5.3,14.4
LC02952,19.945337,74.418906,Wetland,0.788,16.0,49.5,1.1
LC02953,19.94307,74.598551,Forest/Grove,0.636,53.0,2.1,12.7
LC02954,19.910189,74.564333,Agricultural Land,0.56,13.5,0.1,2.2
LC02955,19.889293,74.365845,Wetland,0.534,4.9,40.7,9.7
LC02956,19.885704,74.350689,Agricultural Land,0.615,4.6,7.4,6.2
LC02957,19.912238,74.42185,Agricultural Land,0.718,2.3,7.8,6.9
LC02958,19.832024,74.531428,Agricultural Land,0.651,14.8,0.4,9.7
LC02959,19.875776,74.593094,Grassland,0.699,17.5,4.7,11.9
LC02960,19.943909,74.426692,Agricultural Land,0.432,17.4,3.7,14.6
LC02961,19.941839,74.473382,Grassland,0.476,17.0,7.8,8.1
LC02962,19.80848,74.545312,Water Body,0.36,17.2,82.0,2.0
LC02963,19.923418,74.423368,Urban/Built-up,0.185,9.3,4.0,59.3
LC02964,19.889756,74.566775,Agricultural Land,0.228,0.0,6.2,2.7
LC02965,19.804608,74.54947,Agricultural Land,0.372,9.4,6.6,7.5
LC02966,19.824625,74.503354,Urban/Built-up,0.383,2.5,6.0,88.7
LC02967,19.932949,74.396831,Barren/Fallow,0.508,14.2,3.0,2.3
LC02968,19.942375,74.569239,Forest/Grove,0.287,65.9,0.7,10.9
LC02969,19.875073,74.550641,Agricultural Land,0.671,13.4,4.6,3.3
LC02970,19.809264,74.430612,Barren/Fallow,0.677,13.1,2.5,9.1
LC02971,19.804065,74.370099,Agricultural Land,0.122,16.8,0.1,0.5
LC02972,19.910249,74.408595,Agricultural Land,0.685,1.6,6.9,12.7
LC02973,19.871469,74.489107,Barren/Fallow,0.505,5.4,6.1,7.5
LC02974,19.830908,74.399381,Agricultural Land,0.719,9.0,4.0,11.9
LC02975,19.876044,74.556054,Agricultural Land,0.429,6.9,5.4,10.3
LC02976,19.861696,74.573021,Grassland,0.652,13.6,7.8,6.6
LC02977,19.856609,74.499076,Forest/Grove,0.347,87.5,0.8,5.0
LC02978,19.899119,74.570347,Forest/Grove,0.585,57.7,3.1,14.3
LC02979,19.907656,74.421767,Agricultural Land,0.461,15.6,1.6,6.6
LC02980,19.949858,74.396985,Agricultural Land,0.403,12.1,8.0,7.6
LC02981,19.835588,74.436092,Agricultural Land,0.714,16.0,4.1,9.2
LC02982,19.946477,74.58575,Agricultural Land,0.8,1.3,2.4,7.1
LC02983,19.809469,74.424356,Urban/Built-up,0.457,18.2,4.4,83.0
LC02984,19.8814,74.542872,Grassland,0.848,9.4,4.6,9.4
LC02985,19.866801,74.437203,Agricultural Land,0.135,15.3,0.5,10.9
LC02986,19.914158,74.424108,Urban/Built-up,0.246,19.4,5.7,61.0
LC02987,19.830919,74.589807,Agricultural Land,0.728,19.8,3.7,3.7
LC02988,19.820473,74.412245,Water Body,0.788,18.9,67.3,12.5
LC02989,19.940816,74.414989,Urban/Built-up,0.563,15.9,4.8,56.8
LC02990,19.803928,74.513862,Agricultural Land,0.569,3.4,7.4,3.7
LC02991,19.884398,74.390377,Grassland,0.602,3.9,4.4,6.2
LC02992,19.84027,74.536268,Agricultural Land,0.627,2.9,6.5,14.4
LC02993,19.800951,74.367989,Water Body,0.653,15.5,84.0,1.8
LC02994,19.841836,74.49644,Agricultural Land,0.839,2.9,2.4,10.7
LC02995,19.833355,74.468196,Agricultural Land,0.599,4.2,1.6,3.7
LC02996,19.86305,74.518243,Agricultural Land,0.393,14.0,6.5,7.6
LC02997,19.805359,74.44382,Urban/Built-up,0.602,8.1,3.8,86.2
LC02998,19.939379,74.59214,Urban/Built-up,0.564,13.1,3.9,72.5
LC02999,19.836438,74.573328,Grassland,0.591,18.7,0.8,8.3
LC03000,19.933643,74.529519,Agricultural Land,0.42,15.0,0.3,5.6
LC03001,19.913918,74.431256,Forest/Grove,0.567,80.1,1.3,11.3
LC03002,19.887018,74.391347,Agricultural Land,0.321,18.9,3.2,4.8
LC03003,19.874006,74.371529,Agricultural Land,0.739,0.7,6.4,10.3
LC03004,19.804121,74.500393,Wetland,0.298,5.5,52.4,6.6
LC03005,19.903988,74.535195,Agricultural Land,0.616,0.4,6.7,11.0
LC03006,19.93796,74.538651,Agricultural Land,0.684,10.8,5.9,11.2
LC03007,19.920252,74.435314,Agricultural Land,0.304,19.7,4.0,5.0
LC03008,19.804525,74.415577,Barren/Fallow,0.677,14.6,8.0,14.5
LC03009,19.868161,74.45199,Barren/Fallow,0.269,1.2,6.4,6.1
LC03010,19.822302,74.574321,Agricultural Land,0.401,15.5,5.2,14.0
LC03011,19.94035,74.468644,Agricultural Land,0.204,9.8,1.4,13.4
LC03012,19.80052,74.526287,Barren/Fallow,0.297,1.3,3.3,12.5
LC03013,19.870109,74.571581,Agricultural Land,0.574,4.2,0.3,7.0
LC03014,19.803055,74.38476,Forest/Grove,0.32,77.6,3.2,12.9
LC03015,19.947952,74.460262,Forest/Grove,0.542,64.7,7.7,13.5
LC03016,19.84235,74.466304,Barren/Fallow,0.418,14.4,6.5,14.7
LC03017,19.855229,74.499179,Urban/Built-up,0.478,9.5,5.2,72.2
LC03018,19.876161,74.517675,Agricultural Land,0.374,1.9,1.6,13.7
LC03019,19.849246,74.427391,Agricultural Land,0.623,4.1,5.5,2.6
LC03020,19.890151,74.359798,Urban/Built-up,0.653,12.0,1.2,53.6
LC03021,19.945103,74.391776,Wetland,0.662,3.0,39.8,9.8
LC03022,19.927456,74.443583,Agricultural Land,0.452,15.7,2.5,7.9
LC03023,19.94374,74.59104,Urban/Built-up,0.311,8.4,5.7,67.8
LC03024,19.857914,74.377227,Urban/Built-up,0.823,0.1,3.4,79.6
LC03025,19.882631,74.587877,Water Body,0.516,2.7,79.2,2.6
LC03026,19.927645,74.573425,Agricultural Land,0.5,3.3,3.3,14.2
LC03027,19.821309,74.389366,Barren/Fallow,0.382,17.7,7.3,12.4
LC03028,19.891239,74.417411,Agricultural Land,0.715,1.7,4.1,3.2
LC03029,19.809167,74.441732,Wetland,0.62,17.6,21.1,14.9
LC03030,19.937346,74.440504,Forest/Grove,0.293,91.9,3.4,13.2
LC03031,19.842211,74.379255,Urban/Built-up,0.715,1.5,2.0,52.9
LC03032,19.831854,74.500282,Agricultural Land,0.563,10.5,7.6,0.7
LC03033,19.803157,74.354382,Water Body,0.914,1.6,94.9,14.6
LC03034,19.860904,74.481225,Barren/Fallow,0.411,11.0,0.3,3.5
LC03035,19.886947,74.58161,Grassland,0.309,11.4,6.5,6.6
LC03036,19.819215,74.563915,Agricultural Land,0.637,14.4,0.9,3.2
LC03037,19.924019,74.444768,Urban/Built-up,0.601,18.7,3.4,85.8
LC03038,19.800313,74.560127,Agricultural Land,0.322,7.5,6.5,9.4
LC03039,19.902329,74.596789,Agricultural Land,0.508,6.0,3.1,8.6
LC03040,19.919145,74.451028,Agricultural Land,0.525,12.8,2.9,6.0
LC03041,19.924551,74.378205,Barren/Fallow,0.779,4.9,4.8,6.2
LC03042,19.947982,74.415272,Barren/Fallow,0.857,0.3,0.0,9.8
LC03043,19.871856,74.531046,Urban/Built-up,0.052,16.6,5.9,60.6
LC03044,19.811806,74.551484,Urban/Built-up,0.669,10.9,7.2,58.7
LC03045,19.904585,74.596754,Grassland,0.565,1.8,1.1,1.1
LC03046,19.821759,74.569695,Wetland,0.742,13.0,21.2,6.3
LC03047,19.863869,74.455268,Agricultural Land,0.325,12.9,1.6,0.6
LC03048,19.800264,74.510301,Urban/Built-up,0.564,19.4,1.4,94.6
LC03049,19.919935,74.459326,Forest/Grove,0.608,53.4,0.4,5.5
LC03050,19.81819,74.578233,Forest/Grove,0.516,45.6,0.7,10.8
LC03051,19.873692,74.37747,Agricultural Land,0.886,16.0,3.4,7.0
LC03052,19.851078,74.514069,Water Body,0.446,6.2,73.8,5.9
LC03053,19.93921,74.411919,Agricultural Land,0.348,5.9,2.4,5.4
LC03054,19.827267,74.46785,Wetland,0.792,1.4,34.5,4.3
LC03055,19.865508,74.417684,Agricultural Land,0.192,10.4,3.7,7.8
LC03056,19.947975,74.394898,Grassland,0.358,6.4,6.3,5.9
LC03057,19.887773,74.431026,Urban/Built-up,0.895,14.5,4.4,78.6
LC03058,19.825944,74.420396,Grassland,0.526,0.8,4.5,11.6
LC03059,19.935372,74.593991,Forest/Grove,0.238,83.0,7.4,7.5
LC03060,19.932927,74.548117,Barren/Fallow,0.576,15.2,2.1,13.4
LC03061,19.883314,74.41591,Grassland,0.106,15.3,0.4,14.7
LC03062,19.8162,74.404583,Wetland,0.522,8.5,58.4,8.6
LC03063,19.934917,74.443985,Agricultural Land,0.588,0.5,0.4,9.9
LC03064,19.820463,74.550578,Forest/Grove,0.448,55.4,3.0,5.9
LC03065,19.894173,74.468868,Forest/Grove,0.67,57.1,2.4,12.5
LC03066,19.892226,74.529131,Wetland,0.168,8.3,26.6,6.3
LC03067,19.894637,74.471776,Forest/Grove,0.88,79.1,7.4,3.8
LC03068,19.882227,74.489193,Barren/Fallow,0.28,6.0,3.5,8.5
LC03069,19.945453,74.44932,Agricultural Land,0.625,18.2,0.8,7.9
LC03070,19.836017,74.407317,Agricultural Land,0.63,6.9,1.6,4.8
LC03071,19.824034,74.533122,Agricultural Land,0.293,17.0,1.7,11.8
LC03072,19.846125,74.350259,Grassland,0.387,5.7,5.7,2.7
LC03073,19.843507,74.371371,Wetland,0.152,1.0,42.8,0.5
LC03074,19.931342,74.509266,Agricultural Land,0.582,2.5,4.3,6.4
LC03075,19.939197,74.434979,Urban/Built-up,0.763,5.1,6.6,66.5
LC03076,19.865198,74.540239,Water Body,0.26,0.7,77.8,8.4
LC03077,19.887904,74.584198,Agricultural Land,0.283,18.0,6.2,9.8
LC03078,19.928472,74.519479,Agricultural Land,0.376,0.6,2.8,1.6
LC03079,19.821217,74.492393,Agricultural Land,0.885,14.1,2.2,8.1
LC03080,19.945397,74.354606,Water Body,0.245,5.5,81.7,7.1
LC03081,19.908281,74.443209,Agricultural Land,0.238,4.6,7.2,9.6
LC03082,19.818541,74.55471,Agricultural Land,0.586,3.7,1.7,6.4
LC03083,19.864364,74.58337,Grassland,0.765,19.1,3.5,9.1
LC03084,19.932657,74.44233,Forest/Grove,0.595,84.6,0.3,12.6
LC03085,19.906205,74.417103,Urban/Built-up,0.313,9.2,0.7,55.1
LC03086,19.877863,74.407786,Agricultural Land,0.365,16.8,0.1,6.0
LC03087,19.906523,74.431337,Agricultural Land,0.267,4.2,5.5,2.7
LC03088,19.863315,74.547631,Grassland,0.493,7.0,0.9,3.3
LC03089,19.823403,74.577578,Urban/Built-up,0.081,6.6,3.4,52.0
LC03090,19.896204,74.391536,Urban/Built-up,0.138,19.2,1.7,54.7
LC03091,19.944451,74.563424,Urban/Built-up,0.352,15.2,0.2,68.7
LC03092,19.93999,74.531405,Urban/Built-up,0.308,9.9,2.9,53.9
LC03093,19.891148,74.58885,Urban/Built-up,0.75,18.3,0.1,87.1
LC03094,19.894738,74.434077,Agricultural Land,0.341,3.7,7.1,7.8
LC03095,19.886105,74.451321,Grassland,0.364,12.1,8.0,12.5
LC03096,19.916791,74.436643,Urban/Built-up,0.833,18.7,7.9,86.9
LC03097,19.800922,74.596182,Agricultural Land,0.641,15.2,6.2,3.9
LC03098,19.92207,74.478297,Agricultural Land,0.197,8.8,1.0,2.5
LC03099,19.902507,74.371489,Wetland,0.722,6.4,28.7,13.6
LC03100,19.897605,74.52982,Grassland,0.215,17.3,2.1,13.7
LC03101,19.856697,74.479367,Urban/Built-up,0.029,0.4,4.2,93.1
LC03102,19.831988,74.486094,Agricultural Land,0.551,17.2,3.5,13.5
LC03103,19.919322,74.368554,Urban/Built-up,0.236,11.8,1.1,52.8
LC03104,19.934901,74.563586,Agricultural Land,0.204,3.1,4.6,2.6
LC03105,19.880777,74.352166,Grassland,0.476,3.4,5.5,2.7
LC03106,19.899194,74.357164,Agricultural Land,0.833,14.1,5.3,13.9
LC03107,19.849249,74.503998,Grassland,0.512,3.5,6.0,12.7
LC03108,19.944838,74.386607,Agricultural Land,0.583,11.6,2.4,1.0
LC03109,19.881409,74.487745,Barren/Fallow,0.141,12.2,1.1,11.1
LC03110,19.836409,74.491936,Urban/Built-up,0.278,4.0,2.9,64.9
LC03111,19.915522,74.379923,Agricultural Land,0.446,9.6,3.2,7.4
LC03112,19.830002,74.380881,Grassland,0.907,2.6,2.0,4.7
LC03113,19.878103,74.5311,Barren/Fallow,0.576,1.2,2.5,0.7
LC03114,19.898861,74.591437,Wetland,0.129,17.9,52.0,13.3
LC03115,19.928482,74.588413,Urban/Built-up,0.382,2.4,3.4,55.1
LC03116,19.891217,74.576508,Agricultural Land,0.346,16.7,0.1,5.0
LC03117,19.938648,74.459852,Agricultural Land,0.297,16.6,3.1,11.4
LC03118,19.847592,74.51712,Agricultural Land,0.807,11.4,5.5,13.0
LC03119,19.822141,74.57802,Urban/Built-up,0.316,17.5,2.5,70.3
LC03120,19.873686,74.382204,Grassland,0.693,14.2,7.6,14.2
LC03121,19.94614,74.442925,Urban/Built-up,0.249,9.0,7.7,96.3
LC03122,19.851953,74.4441,Wetland,0.597,14.8,54.3,9.1
LC03123,19.829825,74.501794,Agricultural Land,0.791,6.8,0.7,4.7
LC03124,19.888394,74.355997,Agricultural Land,0.623,17.3,0.1,3.8
LC03125,19.88256,74.433537,Forest/Grove,0.321,42.9,1.7,3.4
LC03126,19.917294,74.574941,Barren/Fallow,0.24,11.5,5.0,11.0
LC03127,19.891423,74.350069,Forest/Grove,0.295,41.4,4.3,2.5
LC03128,19.907883,74.380496,Forest/Grove,0.726,91.5,1.2,4.8
LC03129,19.83198,74.370032,Agricultural Land,0.836,13.2,2.0,2.0
LC03130,19.901802,74.458437,Agricultural Land,0.287,17.1,3.3,1.3
LC03131,19.883699,74.439677,Agricultural Land,0.58,11.7,4.9,10.6
LC03132,19.808088,74.393612,Urban/Built-up,0.656,13.6,7.4,99.3
LC03133,19.891659,74.58576,Grassland,0.852,15.2,3.2,7.2
LC03134,19.825323,74.45641,Agricultural Land,0.393,3.6,1.4,11.9
LC03135,19.932818,74.54988,Forest/Grove,0.446,71.0,5.5,7.6
LC03136,19.801668,74.443814,Urban/Built-up,0.879,15.2,2.0,58.9
LC03137,19.898652,74.433936,Agricultural Land,0.367,17.0,1.6,12.9
LC03138,19.937663,74.479942,Agricultural Land,0.151,8.5,2.7,1.1
LC03139,19.840852,74.516983,Agricultural Land,0.63,6.9,4.6,8.7
LC03140,19.864676,74.599527,Barren/Fallow,0.552,13.6,0.3,2.7
LC03141,19.840188,74.42638,Barren/Fallow,0.164,5.5,6.4,10.7
LC03142,19.900008,74.424839,Agricultural Land,0.343,16.1,3.6,7.7
LC03143,19.871489,74.395803,Agricultural Land,0.767,15.2,2.4,3.8
LC03144,19.93271,74.374995,Agricultural Land,0.804,18.7,3.3,3.1
LC03145,19.943012,74.588175,Wetland,0.255,8.5,36.6,2.4
LC03146,19.916263,74.578588,Agricultural Land,0.274,9.2,4.4,13.6
LC03147,19.813951,74.455949,Agricultural Land,0.805,13.6,0.4,2.2
LC03148,19.89091,74.444749,Urban/Built-up,0.121,8.0,7.8,77.9
LC03149,19.842099,74.566668,Agricultural Land,0.507,7.6,4.9,12.3
LC03150,19.814635,74.368532,Water Body,0.665,11.8,75.2,14.9
LC03151,19.828594,74.36753,Barren/Fallow,0.489,14.0,4.1,6.4
LC03152,19.921321,74.483843,Agricultural Land,0.528,16.7,4.9,0.1
LC03153,19.933564,74.493613,Urban/Built-up,0.833,11.2,3.8,82.2
LC03154,19.844452,74.483562,Barren/Fallow,0.378,0.7,7.1,3.2
LC03155,19.880654,74.362505,Barren/Fallow,0.973,0.6,6.1,14.6
LC03156,19.907725,74.458301,Urban/Built-up,0.327,5.7,4.1,55.2
LC03157,19.853932,74.578137,Agricultural Land,0.493,14.0,7.5,9.9
LC03158,19.838232,74.354099,Agricultural Land,0.119,12.7,6.6,5.7
LC03159,19.87457,74.520513,Agricultural Land,0.536,0.5,2.5,1.8
LC03160,19.829363,74.408265,Agricultural Land,0.555,0.6,6.5,13.7
LC03161,19.878877,74.364938,Barren/Fallow,0.354,12.0,7.9,12.3
LC03162,19.832765,74.367167,Forest/Grove,0.55,66.0,3.9,1.7
LC03163,19.882942,74.520209,Agricultural Land,0.447,19.1,4.8,13.6
LC03164,19.934804,74.538128,Urban/Built-up,0.311,14.4,4.7,95.8
LC03165,19.900581,74.448592,Agricultural Land,0.746,15.6,4.6,14.6
LC03166,19.854972,74.384263,Grassland,0.563,4.1,5.7,14.6
LC03167,19.929405,74.423569,Agricultural Land,0.146,2.9,7.1,11.4
LC03168,19.915671,74.573791,Agricultural Land,0.868,4.4,2.1,13.4
LC03169,19.925216,74.584484,Urban/Built-up,0.747,14.2,2.0,93.3
LC03170,19.928708,74.533161,Agricultural Land,0.115,0.5,5.4,12.5
LC03171,19.900711,74.499088,Barren/Fallow,0.529,15.4,3.2,7.5
LC03172,19.903371,74.44761,Forest/Grove,0.305,69.2,0.7,8.9
LC03173,19.8711,74.544906,Water Body,0.088,19.9,92.9,11.5
LC03174,19.821399,74.409935,Barren/Fallow,0.404,4.0,3.7,13.5
LC03175,19.855895,74.378045,Water Body,0.717,11.2,63.6,13.4
LC03176,19.934337,74.579373,Agricultural Land,0.403,4.2,0.4,0.2
LC03177,19.944117,74.476191,Grassland,0.98,0.8,4.2,11.8
LC03178,19.901161,74.522354,Barren/Fallow,0.618,13.2,7.9,12.3
LC03179,19.834268,74.350784,Urban/Built-up,0.231,0.4,0.9,50.5
LC03180,19.919343,74.518345,Grassland,0.498,8.8,3.2,13.6
LC03181,19.909702,74.528083,Grassland,0.591,3.3,1.8,7.4
LC03182,19.850653,74.590164,Agricultural Land,0.211,12.2,0.9,14.1
LC03183,19.941798,74.484516,Agricultural Land,0.762,20.0,4.3,3.3
LC03184,19.821182,74.562011,Agricultural Land,0.41,10.2,8.0,10.1
LC03185,19.838219,74.367721,Barren/Fallow,0.579,0.6,0.4,14.2
LC03186,19.892282,74.548392,Grassland,0.902,5.5,8.0,6.4
LC03187,19.938945,74.598419,Forest/Grove,0.485,61.8,6.7,0.9
LC03188,19.8045,74.572751,Urban/Built-up,0.818,17.9,5.1,82.1
LC03189,19.891727,74.551462,Grassland,0.327,17.2,5.2,3.1
LC03190,19.80489,74.569019,Barren/Fallow,0.247,2.7,3.1,1.4
LC03191,19.909206,74.3525,Water Body,0.464,10.4,85.5,14.7
LC03192,19.866504,74.404662,Barren/Fallow,0.222,11.5,4.0,2.1
LC03193,19.800405,74.362911,Agricultural Land,0.567,19.0,0.7,1.3
LC03194,19.889982,74.509583,Urban/Built-up,0.279,12.2,0.9,77.7
LC03195,19.811351,74.502046,Grassland,0.304,5.7,7.7,3.9
LC03196,19.813532,74.401037,Forest/Grove,0.658,57.6,2.7,3.3
LC03197,19.825221,74.55699,Agricultural Land,0.612,17.2,2.9,9.8
LC03198,19.814794,74.414754,Agricultural Land,0.737,7.2,5.4,0.6
LC03199,19.891178,74.379731,Agricultural Land,0.747,12.5,2.5,5.3
LC03200,19.871746,74.521771,Agricultural Land,0.243,11.3,6.1,10.5
LC03201,19.897764,74.443365,Urban/Built-up,0.842,2.1,4.6,85.9
LC03202,19.917737,74.455124,Forest/Grove,0.474,83.8,4.1,11.1
LC03203,19.820512,74.351999,Agricultural Land,0.571,1.7,3.7,13.1
LC03204,19.869825,74.51734,Water Body,0.406,12.9,99.6,14.9
LC03205,19.852359,74.501328,Agricultural Land,0.291,4.6,5.6,10.0
LC03206,19.820781,74.438786,Grassland,0.749,18.8,1.5,11.9
LC03207,19.859905,74.390125,Agricultural Land,0.618,13.4,6.9,11.1
LC03208,19.873162,74.411494,Agricultural Land,0.588,17.0,6.3,10.8
LC03209,19.833695,74.396584,Grassland,0.276,7.9,1.2,4.7
LC03210,19.821873,74.518607,Urban/Built-up,0.402,9.9,3.5,76.9
LC03211,19.839764,74.411624,Agricultural Land,0.141,2.9,7.0,1.3
LC03212,19.930261,74.542924,Grassland,0.153,1.1,5.3,0.5
LC03213,19.943823,74.432507,Agricultural Land,0.397,4.1,3.8,4.9
LC03214,19.827903,74.521001,Agricultural Land,0.274,19.4,7.5,0.2
LC03215,19.933273,74.369519,Agricultural Land,0.659,19.2,1.8,8.0
LC03216,19.806112,74.489114,Urban/Built-up,0.622,16.5,5.5,67.5
LC03217,19.837534,74.573589,Grassland,0.523,19.2,1.5,8.7
LC03218,19.818442,74.387633,Agricultural Land,0.721,10.5,1.3,12.9
LC03219,19.8346,74.362317,Wetland,0.604,8.2,56.3,5.6
LC03220,19.875695,74.507067,Forest/Grove,0.327,61.3,1.7,6.1
LC03221,19.830767,74.467345,Wetland,0.182,19.0,25.8,1.6
LC03222,19.812199,74.399219,Wetland,0.414,7.2,36.4,6.7
LC03223,19.826755,74.525731,Agricultural Land,0.504,18.3,1.3,13.3
LC03224,19.932313,74.597116,Agricultural Land,0.65,8.8,2.7,3.3
LC03225,19.803122,74.351182,Agricultural Land,0.215,18.7,1.4,7.8
LC03226,19.896412,74.542603,Barren/Fallow,0.136,14.3,2.2,3.9
LC03227,19.813542,74.483615,Forest/Grove,0.733,81.2,7.6,1.2
LC03228,19.810513,74.480975,Urban/Built-up,0.602,2.5,0.6,63.1
LC03229,19.869847,74.453019,Agricultural Land,0.661,8.9,7.1,8.8
LC03230,19.919098,74.542499,Urban/Built-up,0.66,6.1,4.8,61.5
LC03231,19.938593,74.376154,Agricultural Land,0.862,4.4,2.0,6.2
LC03232,19.911463,74.36847,Forest/Grove,0.171,46.8,1.0,5.6
LC03233,19.88113,74.41541,Agricultural Land,0.041,17.0,3.8,3.4
LC03234,19.824394,74.362758,Urban/Built-up,0.912,2.1,3.5,59.5
LC03235,19.849797,74.563569,Grassland,0.432,5.3,6.4,11.2
LC03236,19.876171,74.358507,Water Body,0.893,3.8,69.8,2.1
LC03237,19.802049,74.402582,Agricultural Land,0.384,5.2,6.5,7.6
LC03238,19.939478,74.520258,Agricultural Land,0.385,9.9,7.6,7.6
LC03239,19.941296,74.596821,Forest/Grove,0.536,90.1,0.0,4.1
LC03240,19.816656,74.472323,Agricultural Land,0.881,13.7,6.4,4.7
LC03241,19.923038,74.482171,Grassland,0.206,6.5,7.7,8.6
LC03242,19.850114,74.556131,Grassland,0.261,0.9,7.6,12.9
LC03243,19.85147,74.531377,Grassland,0.494,17.4,4.4,12.0
LC03244,19.949978,74.548807,Grassland,0.375,7.2,7.9,0.8
LC03245,19.870159,74.445804,Barren/Fallow,0.392,13.1,3.7,4.2
LC03246,19.865175,74.478788,Agricultural Land,0.889,8.1,1.9,2.6
LC03247,19.86351,74.504522,Water Body,0.584,11.5,94.8,6.2
LC03248,19.887459,74.532675,Forest/Grove,0.281,52.6,4.9,10.3
LC03249,19.846281,74.523453,Agricultural Land,0.949,16.1,2.2,2.8
LC03250,19.8681,74.424047,Forest/Grove,0.654,63.2,5.6,4.6
LC03251,19.8788,74.437666,Barren/Fallow,0.585,2.4,6.6,6.5
LC03252,19.839726,74.569389,Agricultural Land,0.522,5.6,6.1,7.6
LC03253,19.924813,74.388052,Agricultural Land,0.296,7.5,4.1,3.7
LC03254,19.887151,74.475024,Urban/Built-up,0.61,12.9,0.3,70.8
LC03255,19.94947,74.421334,Urban/Built-up,0.783,16.2,2.7,60.7
LC03256,19.814915,74.361384,Agricultural Land,0.522,0.9,0.8,6.9
LC03257,19.804614,74.516614,Agricultural Land,0.48,10.2,6.2,8.5
LC03258,19.844001,74.591287,Barren/Fallow,0.692,11.2,0.6,4.0
LC03259,19.832647,74.469287,Grassland,0.48,16.5,1.8,1.6
LC03260,19.879074,74.580885,Forest/Grove,0.798,55.2,6.2,14.3
LC03261,19.887343,74.351917,Agricultural Land,0.661,1.9,5.9,4.8
LC03262,19.940468,74.599784,Agricultural Land,0.784,6.6,0.4,0.2
LC03263,19.915252,74.356206,Urban/Built-up,0.898,1.6,1.5,72.3
LC03264,19.892925,74.51739,Barren/Fallow,0.476,19.6,0.1,6.7
LC03265,19.853801,74.568842,Agricultural Land,0.579,9.5,0.4,13.0
LC03266,19.823522,74.36443,Urban/Built-up,0.784,2.2,4.4,64.6
LC03267,19.929263,74.490245,Barren/Fallow,0.55,3.7,5.0,14.3
LC03268,19.937502,74.504543,Forest/Grove,0.796,55.2,3.1,9.1
LC03269,19.84595,74.351745,Agricultural Land,0.391,18.7,2.7,2.9
LC03270,19.902353,74.518612,Wetland,0.463,13.5,36.8,0.4
LC03271,19.871232,74.446161,Urban/Built-up,0.348,15.0,1.3,54.6
LC03272,19.844999,74.393428,Agricultural Land,0.305,1.4,2.6,7.6
LC03273,19.946681,74.426975,Agricultural Land,0.9,17.9,0.8,8.5
LC03274,19.91961,74.405432,Agricultural Land,0.767,13.4,2.5,9.3
LC03275,19.804117,74.575635,Agricultural Land,0.67,17.4,1.9,8.7
LC03276,19.847821,74.438484,Urban/Built-up,0.532,4.6,6.7,74.5
LC03277,19.903309,74.438248,Grassland,0.78,15.2,4.6,7.4
LC03278,19.926808,74.356431,Agricultural Land,0.626,5.6,7.6,13.5
LC03279,19.840867,74.47225,Barren/Fallow,0.557,2.6,2.7,12.1
LC03280,19.907063,74.550878,Urban/Built-up,0.378,6.5,2.9,75.6
LC03281,19.811413,74.494179,Agricultural Land,0.516,16.6,1.2,13.5
LC03282,19.85339,74.550517,Agricultural Land,0.089,20.0,5.5,6.5
LC03283,19.805022,74.455219,Urban/Built-up,0.576,1.4,0.3,62.1
LC03284,19.909861,74.496344,Wetland,0.664,2.0,32.8,11.9
LC03285,19.873783,74.580184,Agricultural Land,0.783,2.3,6.6,3.5
LC03286,19.864085,74.496599,Grassland,0.451,1.7,6.0,14.0
LC03287,19.91301,74.484627,Forest/Grove,0.601,77.3,7.6,13.6
LC03288,19.825972,74.515828,Agricultural Land,0.495,12.6,4.4,12.8
LC03289,19.913013,74.496045,Agricultural Land,0.552,4.9,7.8,8.7
LC03290,19.868325,74.396034,Agricultural Land,0.605,7.0,1.4,3.2
LC03291,19.940653,74.569977,Urban/Built-up,0.501,12.3,4.2,93.1
LC03292,19.814843,74.500264,Forest/Grove,0.126,79.2,6.0,0.8
LC03293,19.880732,74.362814,Agricultural Land,0.363,5.2,2.1,9.6
LC03294,19.881904,74.406989,Agricultural Land,0.362,13.4,2.1,14.1
LC03295,19.813552,74.510494,Agricultural Land,0.832,18.0,4.3,10.9
LC03296,19.853556,74.4697,Urban/Built-up,0.749,10.0,7.3,93.4
LC03297,19.861093,74.45416,Agricultural Land,0.729,0.9,5.9,8.4
LC03298,19.841003,74.382444,Barren/Fallow,0.228,17.8,6.2,5.5
LC03299,19.896506,74.431664,Forest/Grove,0.265,63.5,3.3,3.7
LC03300,19.889062,74.404556,Agricultural Land,0.968,10.0,0.6,8.0
LC03301,19.823397,74.520852,Agricultural Land,0.473,6.6,1.7,8.1
LC03302,19.828258,74.488591,Agricultural Land,0.134,8.1,1.7,13.5
LC03303,19.949212,74.593866,Forest/Grove,0.673,51.4,4.0,7.9
LC03304,19.809277,74.35377,Grassland,0.496,8.2,5.2,8.7
LC03305,19.85652,74.473178,Agricultural Land,0.259,12.1,5.3,7.3
LC03306,19.927804,74.586661,Barren/Fallow,0.813,9.4,4.2,9.0
LC03307,19.892183,74.455104,Agricultural Land,0.182,4.1,0.8,8.1
LC03308,19.842372,74.576891,Barren/Fallow,0.421,9.5,5.8,4.6
LC03309,19.853218,74.492515,Agricultural Land,0.095,5.8,5.8,9.8
LC03310,19.850299,74.389816,Grassland,0.82,18.4,7.5,10.7
LC03311,19.802027,74.454526,Urban/Built-up,0.11,7.5,5.8,93.3
LC03312,19.895948,74.374814,Water Body,0.399,10.0,91.1,12.8
LC03313,19.847799,74.477105,Forest/Grove,0.699,71.3,7.0,7.9
LC03314,19.810709,74.516708,Agricultural Land,0.09,7.6,4.4,7.0
LC03315,19.807561,74.478861,Agricultural Land,0.162,17.8,6.1,1.7
LC03316,19.867883,74.529924,Agricultural Land,0.606,10.9,4.6,3.3
LC03317,19.874632,74.514854,Agricultural Land,0.602,2.7,2.5,9.7
LC03318,19.850435,74.468157,Agricultural Land,0.778,11.8,2.6,10.9
LC03319,19.808374,74.474769,Agricultural Land,0.873,18.9,3.4,0.1
LC03320,19.849731,74.466438,Agricultural Land,0.251,7.6,7.1,14.6
LC03321,19.910692,74.477188,Barren/Fallow,0.374,6.7,6.8,11.1
LC03322,19.862168,74.418167,Grassland,0.525,8.4,5.9,12.8
LC03323,19.892897,74.466002,Agricultural Land,0.258,15.4,5.9,11.5
LC03324,19.947669,74.510193,Agricultural Land,0.732,1.7,6.9,13.1
LC03325,19.877902,74.356432,Agricultural Land,0.341,2.5,6.6,8.8
LC03326,19.938893,74.378985,Agricultural Land,0.862,12.9,2.4,5.8
LC03327,19.807226,74.457007,Forest/Grove,0.823,55.8,6.2,1.4
LC03328,19.914898,74.391378,Barren/Fallow,0.8,12.9,3.5,13.9
LC03329,19.921906,74.474649,Forest/Grove,0.155,77.9,4.0,4.0
LC03330,19.844664,74.389602,Wetland,0.405,3.8,36.2,2.0
LC03331,19.814992,74.47975,Agricultural Land,0.449,10.9,6.4,11.1
LC03332,19.902096,74.36367,Wetland,0.682,0.7,34.2,14.3
LC03333,19.948048,74.458551,Urban/Built-up,0.285,16.9,5.9,94.3
LC03334,19.879012,74.359357,Urban/Built-up,0.742,16.2,7.2,54.7
LC03335,19.826922,74.459047,Wetland,0.261,2.9,58.6,5.6
LC03336,19.867082,74.367818,Water Body,0.103,14.1,90.9,8.8
LC03337,19.937071,74.479714,Barren/Fallow,0.77,18.8,7.7,11.5
LC03338,19.900315,74.43718,Water Body,0.221,6.1,93.8,7.0
LC03339,19.845476,74.461602,Forest/Grove,0.218,81.4,2.8,0.4
LC03340,19.829989,74.383186,Water Body,0.246,18.3,79.1,13.8
LC03341,19.838232,74.467956,Urban/Built-up,0.108,0.2,0.6,54.1
LC03342,19.836511,74.412914,Urban/Built-up,0.374,16.5,3.1,83.2
LC03343,19.947289,74.55745,Urban/Built-up,0.21,4.1,6.4,76.6
LC03344,19.875785,74.593165,Barren/Fallow,0.693,0.4,6.1,2.6
LC03345,19.820583,74.514744,Water Body,0.726,15.2,79.1,6.0
LC03346,19.836138,74.472403,Barren/Fallow,0.438,15.3,0.9,6.8
LC03347,19.919146,74.582261,Agricultural Land,0.836,10.9,7.5,1.5
LC03348,19.934326,74.59585,Barren/Fallow,0.572,3.3,6.2,2.1
LC03349,19.941332,74.538177,Urban/Built-up,0.383,1.7,6.4,70.1
LC03350,19.903783,74.536766,Urban/Built-up,0.088,18.5,4.1,91.4
LC03351,19.888467,74.412165,Agricultural Land,0.701,11.8,7.4,6.1
LC03352,19.83685,74.49317,Agricultural Land,0.249,2.8,5.7,11.0
LC03353,19.896066,74.397579,Grassland,0.368,15.9,4.7,12.2
LC03354,19.824981,74.415909,Urban/Built-up,0.621,3.9,4.3,91.8
LC03355,19.894914,74.526332,Water Body,0.306,12.1,79.8,11.5
LC03356,19.858215,74.511851,Agricultural Land,0.558,18.6,2.8,8.1
LC03357,19.920983,74.485574,Urban/Built-up,0.822,12.8,6.0,94.2
LC03358,19.896919,74.382012,Wetland,0.41,19.7,53.9,0.6
LC03359,19.866973,74.448132,Wetland,0.381,0.6,31.5,2.1
LC03360,19.823921,74.395487,Wetland,0.427,2.8,35.7,1.4
LC03361,19.935284,74.353226,Grassland,0.71,7.2,6.5,1.5
LC03362,19.935754,74.489998,Agricultural Land,0.394,17.6,0.7,1.2
LC03363,19.907134,74.501049,Barren/Fallow,0.344,17.5,6.4,5.0
LC03364,19.835919,74.419705,Agricultural Land,0.654,16.5,4.4,12.8
LC03365,19.814305,74.372551,Agricultural Land,0.275,8.7,0.3,0.4
LC03366,19.872054,74.569255,Agricultural Land,0.858,17.9,2.0,2.8
LC03367,19.921932,74.44075,Urban/Built-up,0.787,10.4,1.2,87.1
LC03368,19.864997,74.470684,Agricultural Land,0.235,7.8,6.1,1.9
LC03369,19.803044,74.586511,Forest/Grove,0.967,82.4,1.2,6.1
LC03370,19.854618,74.595716,Grassland,0.084,17.5,0.4,6.0
LC03371,19.8992,74.412834,Urban/Built-up,0.638,16.1,5.8,88.8
LC03372,19.841026,74.422712,Water Body,0.866,2.6,87.7,10.1
LC03373,19.935368,74.541375,Agricultural Land,0.332,18.9,2.2,11.5
LC03374,19.875427,74.450418,Grassland,0.955,17.5,4.9,14.0
LC03375,19.898606,74.597022,Grassland,0.313,2.4,6.8,4.1
LC03376,19.880414,74.521945,Agricultural Land,0.502,4.0,2.3,11.2
LC03377,19.884681,74.585756,Urban/Built-up,0.672,6.3,7.8,74.7
LC03378,19.915838,74.512307,Agricultural Land,0.743,19.6,7.3,6.9
LC03379,19.915771,74.392534,Agricultural Land,0.404,11.9,2.4,6.2
LC03380,19.815425,74.385296,Agricultural Land,0.368,12.2,0.8,4.1
LC03381,19.838669,74.488237,Urban/Built-up,0.445,8.2,1.7,57.6
LC03382,19.868257,74.463919,Grassland,0.356,10.3,1.3,3.2
LC03383,19.864127,74.389419,Water Body,0.659,9.1,95.3,11.6
LC03384,19.891979,74.503368,Agricultural Land,0.235,16.9,7.9,11.7
LC03385,19.836216,74.450396,Water Body,0.263,11.7,74.8,1.9
LC03386,19.830126,74.449114,Forest/Grove,0.341,78.1,6.6,11.3
LC03387,19.876974,74.459232,Grassland,0.263,2.1,2.2,14.4
LC03388,19.806974,74.57004,Grassland,0.776,16.4,4.0,9.5
LC03389,19.900619,74.555849,Agricultural Land,0.727,16.6,6.6,8.7
LC03390,19.807457,74.50827,Grassland,0.615,5.7,0.1,13.2
LC03391,19.85742,74.458225,Urban/Built-up,0.805,12.5,6.5,80.1
LC03392,19.829438,74.41124,Forest/Grove,0.66,53.7,3.1,7.9
LC03393,19.844183,74.444073,Wetland,0.247,3.7,53.4,6.7
LC03394,19.814427,74.598498,Urban/Built-up,0.635,19.8,2.6,79.0
LC03395,19.806704,74.507594,Agricultural Land,0.185,8.2,6.7,14.1
LC03396,19.89815,74.474619,Water Body,0.302,16.7,99.3,9.7
LC03397,19.940738,74.486584,Agricultural Land,0.754,9.5,1.0,5.8
LC03398,19.875154,74.582961,Forest/Grove,0.624,80.2,3.7,5.7
LC03399,19.891593,74.44351,Agricultural Land,0.577,1.8,6.0,14.5
LC03400,19.852961,74.535857,Agricultural Land,0.942,18.0,0.4,0.1
LC03401,19.841604,74.450296,Agricultural Land,0.334,14.8,5.8,8.9
LC03402,19.915771,74.353794,Agricultural Land,0.446,13.8,3.0,10.6
LC03403,19.846243,74.399525,Agricultural Land,0.741,13.2,0.5,2.2
LC03404,19.883184,74.435122,Agricultural Land,0.24,11.0,7.7,12.7
LC03405,19.869705,74.56295,Grassland,0.589,7.4,2.4,7.5
LC03406,19.948757,74.399693,Agricultural Land,0.068,3.2,5.4,1.5
LC03407,19.8848,74.477204,Forest/Grove,0.21,61.3,5.2,10.3
LC03408,19.827843,74.547272,Forest/Grove,0.56,67.6,2.1,8.3
LC03409,19.917637,74.392212,Grassland,0.537,16.5,4.6,5.8
LC03410,19.933437,74.518296,Urban/Built-up,0.753,19.2,6.8,78.1
LC03411,19.926615,74.51735,Urban/Built-up,0.185,0.6,2.2,83.7
LC03412,19.847697,74.534421,Wetland,0.563,13.4,35.8,12.9
LC03413,19.8537,74.400935,Grassland,0.394,6.8,6.6,11.9
LC03414,19.928771,74.49465,Barren/Fallow,0.53,11.6,4.2,1.6
LC03415,19.94801,74.565636,Barren/Fallow,0.61,2.9,5.7,0.5
LC03416,19.926697,74.543241,Water Body,0.274,16.5,64.7,9.5
LC03417,19.823836,74.520285,Urban/Built-up,0.46,1.9,1.0,77.6
LC03418,19.801487,74.393515,Agricultural Land,0.168,15.3,5.5,5.5
LC03419,19.825624,74.370874,Agricultural Land,0.847,19.3,5.2,12.9
LC03420,19.84598,74.507611,Agricultural Land,0.827,8.2,7.8,12.1
LC03421,19.90808,74.489773,Grassland,0.176,16.7,0.6,9.9
LC03422,19.949991,74.412143,Agricultural Land,0.867,16.0,0.1,11.5
LC03423,19.928664,74.436737,Urban/Built-up,0.408,7.6,6.7,57.1
LC03424,19.859917,74.52972,Barren/Fallow,0.72,3.6,5.0,7.0
LC03425,19.925897,74.531477,Agricultural Land,0.333,10.7,6.8,13.0
LC03426,19.846078,74.568292,Forest/Grove,0.4,86.9,4.4,12.4
LC03427,19.834085,74.443686,Agricultural Land,0.262,4.9,7.3,11.9
LC03428,19.824442,74.420862,Agricultural Land,0.252,5.6,3.2,1.2
LC03429,19.937477,74.507836,Grassland,0.028,19.5,5.2,14.2
LC03430,19.808845,74.573833,Water Body,0.407,1.6,84.1,3.5
LC03431,19.846543,74.48519,Agricultural Land,0.314,7.2,3.5,12.1
LC03432,19.80032,74.39186,Barren/Fallow,0.599,1.4,6.5,8.1
LC03433,19.852301,74.464721,Agricultural Land,0.75,4.5,3.2,1.1
LC03434,19.903199,74.451452,Agricultural Land,0.734,2.4,5.3,12.4
LC03435,19.920658,74.396889,Agricultural Land,0.675,9.7,3.6,5.5
LC03436,19.890391,74.402816,Agricultural Land,0.25,16.5,6.7,4.7
LC03437,19.942297,74.445739,Urban/Built-up,0.267,5.8,3.6,66.7
LC03438,19.894389,74.365209,Agricultural Land,0.585,2.7,6.4,11.7
LC03439,19.903774,74.56821,Agricultural Land,0.652,13.3,0.1,5.0
LC03440,19.846258,74.588242,Grassland,0.71,9.0,0.2,7.2
LC03441,19.801957,74.597594,Grassland,0.521,8.7,5.9,7.9
LC03442,19.822424,74.37946,Agricultural Land,0.251,3.1,0.8,10.8
LC03443,19.818928,74.494398,Agricultural Land,0.239,19.1,3.8,7.5
LC03444,19.900309,74.45213,Water Body,0.899,0.3,64.0,13.7
LC03445,19.821068,74.429502,Forest/Grove,0.103,43.6,4.3,11.2
LC03446,19.845646,74.590025,Agricultural Land,0.123,8.9,4.4,0.5
LC03447,19.813067,74.352524,Agricultural Land,0.319,12.7,6.5,0.8
LC03448,19.80182,74.463959,Agricultural Land,0.767,9.4,2.2,15.0
LC03449,19.882767,74.471587,Agricultural Land,0.315,13.3,5.5,7.9
LC03450,19.872889,74.421719,Agricultural Land,0.607,6.2,1.0,5.6
LC03451,19.885985,74.567343,Agricultural Land,0.481,0.0,2.5,8.6
LC03452,19.945389,74.360342,Grassland,0.625,14.7,5.9,12.0
LC03453,19.800582,74.36197,Grassland,0.347,12.0,3.7,0.2
LC03454,19.823463,74.523115,Agricultural Land,0.548,0.7,6.9,7.2
LC03455,19.888631,74.362747,Urban/Built-up,0.362,11.0,1.9,53.0
LC03456,19.931421,74.514743,Water Body,0.296,2.1,65.7,7.9
LC03457,19.863292,74.465971,Agricultural Land,0.221,4.4,5.3,3.6
LC03458,19.949121,74.51888,Urban/Built-up,0.176,15.8,1.9,73.6
LC03459,19.92334,74.412557,Grassland,0.434,9.5,1.6,11.7
LC03460,19.816242,74.39924,Forest/Grove,0.339,83.9,1.2,12.2
LC03461,19.863441,74.59856,Wetland,0.451,3.8,22.7,3.2
LC03462,19.858794,74.5014,Urban/Built-up,0.548,4.1,3.1,85.3
LC03463,19.824788,74.585083,Agricultural Land,0.529,19.9,7.8,2.5
LC03464,19.868429,74.593154,Agricultural Land,0.272,1.5,5.4,1.4
LC03465,19.920046,74.374281,Forest/Grove,0.444,88.9,2.8,3.0
LC03466,19.939534,74.522034,Forest/Grove,0.894,79.9,0.5,0.1
LC03467,19.813466,74.477082,Water Body,0.279,19.0,78.8,8.4
LC03468,19.865852,74.453816,Agricultural Land,0.811,19.5,7.0,7.5
LC03469,19.875881,74.451043,Agricultural Land,0.209,1.0,2.1,0.5
LC03470,19.946541,74.512475,Agricultural Land,0.509,15.6,3.2,0.5
LC03471,19.911063,74.453405,Agricultural Land,0.273,2.7,4.3,2.2
LC03472,19.805836,74.513746,Agricultural Land,0.552,5.6,6.6,9.2
LC03473,19.948574,74.592673,Water Body,0.507,14.2,98.4,10.5
LC03474,19.906249,74.396628,Forest/Grove,0.515,54.0,6.0,5.7
LC03475,19.934387,74.518441,Wetland,0.073,3.7,43.7,10.0
LC03476,19.882841,74.480116,Agricultural Land,0.871,19.1,4.6,13.8
LC03477,19.937738,74.37799,Forest/Grove,0.056,49.9,3.6,11.0
LC03478,19.822915,74.574916,Barren/Fallow,0.432,5.9,0.9,4.0
LC03479,19.824152,74.409696,Grassland,0.566,1.6,5.8,9.6
LC03480,19.821972,74.41022,Agricultural Land,0.435,19.7,1.7,3.9
LC03481,19.940204,74.453016,Wetland,0.371,2.4,30.0,12.8
LC03482,19.894378,74.381063,Agricultural Land,0.476,5.8,4.8,11.2
LC03483,19.836242,74.498014,Agricultural Land,0.212,11.1,5.0,2.2
LC03484,19.881571,74.390256,Agricultural Land,0.545,5.8,1.1,0.1
LC03485,19.900858,74.418577,Grassland,0.63,11.4,6.3,3.9
LC03486,19.87511,74.449034,Grassland,0.661,12.1,7.2,13.9
LC03487,19.886848,74.457538,Agricultural Land,0.306,14.9,5.4,0.7
LC03488,19.9056,74.46074,Agricultural Land,0.254,14.6,4.2,3.1
LC03489,19.827974,74.429352,Grassland,0.772,1.8,7.2,4.2
LC03490,19.830528,74.507389,Grassland,0.965,11.6,4.7,12.2
LC03491,19.90604,74.389757,Wetland,0.616,10.4,40.8,14.7
LC03492,19.934885,74.496735,Agricultural Land,0.21,5.0,5.4,5.3
LC03493,19.821732,74.587078,Barren/Fallow,0.415,14.9,2.5,11.5
LC03494,19.825493,74.592341,Urban/Built-up,0.451,12.2,4.6,57.7
LC03495,19.942947,74.504297,Agricultural Land,0.525,8.5,7.2,0.1
LC03496,19.821989,74.387553,Agricultural Land,0.896,10.4,2.1,11.7
LC03497,19.900242,74.392244,Agricultural Land,0.382,0.9,5.8,3.0
LC03498,19.831153,74.483807,Agricultural Land,0.579,19.9,0.5,4.9
LC03499,19.88874,74.383707,Agricultural Land,0.317,2.4,1.1,7.2
LC03500,19.813485,74.415831,Agricultural Land,0.266,10.5,1.7,10.3
LC03501,19.935593,74.584746,Agricultural Land,0.216,11.0,0.5,14.7
LC03502,19.858463,74.533663,Urban/Built-up,0.804,9.6,4.7,53.2
LC03503,19.888085,74.359304,Agricultural Land,0.73,19.4,5.6,6.7
LC03504,19.917822,74.557508,Urban/Built-up,0.379,6.6,2.0,89.2
LC03505,19.923933,74.597899,Forest/Grove,0.154,93.3,1.4,7.2
LC03506,19.919519,74.499383,Forest/Grove,0.91,89.3,7.9,6.6
LC03507,19.916381,74.434826,Agricultural Land,0.611,6.2,7.1,9.6
LC03508,19.809258,74.476244,Agricultural Land,0.542,11.3,1.9,4.0
LC03509,19.835584,74.460132,Agricultural Land,0.551,11.5,3.0,5.6
LC03510,19.856406,74.477264,Agricultural Land,0.185,9.1,0.8,13.3
LC03511,19.949036,74.563447,Barren/Fallow,0.144,18.9,5.2,10.8
LC03512,19.85747,74.559927,Water Body,0.598,15.5,79.6,13.8
LC03513,19.887667,74.388008,Grassland,0.688,1.9,6.1,2.3
LC03514,19.911017,74.536707,Forest/Grove,0.588,56.1,4.4,11.7
LC03515,19.913334,74.565352,Agricultural Land,0.708,3.4,3.4,6.8
LC03516,19.922918,74.411699,Urban/Built-up,0.228,15.4,3.0,84.5
LC03517,19.867112,74.510565,Forest/Grove,0.331,61.0,5.0,5.8
LC03518,19.815006,74.416906,Forest/Grove,0.181,43.4,4.4,10.9
LC03519,19.902593,74.45293,Urban/Built-up,0.645,18.0,7.1,54.7
LC03520,19.865978,74.425074,Agricultural Land,0.64,13.0,3.0,14.1
LC03521,19.847781,74.591665,Agricultural Land,0.454,16.0,7.4,6.6
LC03522,19.80565,74.383547,Barren/Fallow,0.288,0.3,2.7,7.4
LC03523,19.927209,74.562402,Agricultural Land,0.676,19.6,7.6,6.7
LC03524,19.944726,74.463976,Grassland,0.238,7.4,2.7,4.8
LC03525,19.855512,74.502953,Urban/Built-up,0.415,12.7,2.1,88.4
LC03526,19.922081,74.538748,Water Body,0.521,8.3,75.4,14.3
LC03527,19.860354,74.512486,Agricultural Land,0.623,18.4,7.5,8.9
LC03528,19.941821,74.354702,Agricultural Land,0.314,7.0,5.0,9.9
LC03529,19.906798,74.565923,Wetland,0.364,3.1,58.3,10.4
LC03530,19.947962,74.429858,Grassland,0.883,12.5,4.3,11.0
LC03531,19.833779,74.555294,Urban/Built-up,0.478,16.1,5.2,87.5
LC03532,19.877063,74.481757,Wetland,0.521,16.4,53.3,2.5
LC03533,19.902136,74.544378,Urban/Built-up,0.484,12.9,6.0,61.0
LC03534,19.921636,74.412019,Agricultural Land,0.497,13.8,5.3,0.6
LC03535,19.934077,74.377614,Urban/Built-up,0.54,0.7,4.9,71.7
LC03536,19.920444,74.487348,Forest/Grove,0.366,51.2,0.9,14.6
LC03537,19.937891,74.371081,Grassland,0.759,12.5,2.8,3.1
LC03538,19.844541,74.446172,Urban/Built-up,0.165,13.2,2.8,67.8
LC03539,19.878709,74.447818,Agricultural Land,0.043,0.7,1.8,2.9
LC03540,19.815439,74.426005,Barren/Fallow,0.628,17.6,1.6,9.1
LC03541,19.922488,74.464458,Forest/Grove,0.325,47.6,4.9,2.6
LC03542,19.92377,74.414964,Wetland,0.133,6.0,37.7,11.1
LC03543,19.898618,74.570214,Grassland,0.489,9.7,3.3,2.4
LC03544,19.835591,74.370956,Urban/Built-up,0.435,19.1,3.4,93.2
LC03545,19.812068,74.354798,Agricultural Land,0.795,4.2,2.4,12.3
LC03546,19.86456,74.596237,Agricultural Land,0.357,2.0,3.6,5.6
LC03547,19.872312,74.575974,Forest/Grove,0.362,57.4,2.8,11.6
LC03548,19.896974,74.351791,Agricultural Land,0.126,5.5,2.7,8.3
LC03549,19.929218,74.546908,Wetland,0.479,9.3,45.5,6.9
LC03550,19.871876,74.576346,Urban/Built-up,0.723,7.6,2.6,71.8
LC03551,19.8993,74.469699,Wetland,0.654,11.4,54.6,8.7
LC03552,19.820496,74.530594,Barren/Fallow,0.225,9.6,5.7,12.6
LC03553,19.808323,74.367345,Urban/Built-up,0.769,11.7,1.7,51.6
LC03554,19.924513,74.536228,Urban/Built-up,0.267,2.5,3.2,82.9
LC03555,19.82495,74.454937,Forest/Grove,0.748,50.3,7.4,4.1
LC03556,19.817847,74.542787,Barren/Fallow,0.383,5.0,1.0,0.8
LC03557,19.891157,74.510967,Barren/Fallow,0.448,14.3,3.4,14.1
LC03558,19.803505,74.427143,Agricultural Land,0.937,11.9,6.8,4.4
LC03559,19.898192,74.485379,Agricultural Land,0.716,13.9,2.1,8.8
LC03560,19.904905,74.501997,Grassland,0.355,15.5,7.1,9.9
LC03561,19.821005,74.525484,Wetland,0.523,16.0,44.7,8.5
LC03562,19.813403,74.56295,Urban/Built-up,0.507,10.5,1.7,62.4
LC03563,19.805943,74.589302,Agricultural Land,0.528,9.3,1.1,9.8
LC03564,19.800561,74.418441,Agricultural Land,0.958,10.5,2.3,6.1
LC03565,19.811098,74.362548,Agricultural Land,0.25,5.7,7.3,13.5
LC03566,19.912136,74.532212,Agricultural Land,0.513,18.7,7.9,0.3
LC03567,19.932506,74.41152,Agricultural Land,0.516,6.2,0.3,11.7
LC03568,19.84901,74.511773,Barren/Fallow,0.247,13.9,1.6,11.5
LC03569,19.809448,74.493333,Agricultural Land,0.624,11.7,3.5,9.0
LC03570,19.835548,74.454634,Forest/Grove,0.568,40.7,1.7,8.5
LC03571,19.919361,74.567026,Wetland,0.175,3.9,39.7,1.1
LC03572,19.829982,74.561278,Barren/Fallow,0.579,5.0,5.8,4.1
LC03573,19.867606,74.556285,Forest/Grove,0.396,60.2,4.8,2.1
LC03574,19.917475,74.419435,Urban/Built-up,0.358,15.5,0.9,63.3
LC03575,19.81535,74.485879,Agricultural Land,0.756,6.3,1.9,14.7
LC03576,19.924841,74.527537,Forest/Grove,0.437,53.2,3.3,5.4
LC03577,19.827891,74.436162,Water Body,0.771,8.1,67.1,10.0
LC03578,19.898664,74.531079,Agricultural Land,0.532,19.6,0.8,7.3
LC03579,19.822745,74.435419,Wetland,0.345,16.0,28.2,14.6
LC03580,19.934851,74.439165,Wetland,0.703,7.6,37.6,6.5
LC03581,19.856069,74.359489,Wetland,0.873,15.7,49.7,9.0
LC03582,19.902991,74.365768,Grassland,0.748,9.6,1.7,3.4
LC03583,19.936208,74.36867,Grassland,0.374,17.4,2.0,1.8
LC03584,19.835105,74.596847,Agricultural Land,0.238,1.3,7.6,9.3
LC03585,19.883319,74.514265,Forest/Grove,0.494,55.9,5.3,11.2
LC03586,19.842889,74.589703,Urban/Built-up,0.394,5.8,2.0,66.2
LC03587,19.897796,74.541078,Grassland,0.127,2.8,4.2,11.6
LC03588,19.826802,74.511279,Barren/Fallow,0.481,1.8,6.9,9.4
LC03589,19.860637,74.480541,Wetland,0.287,5.1,29.4,14.1
LC03590,19.925047,74.547753,Grassland,0.369,17.1,7.2,3.7
LC03591,19.915359,74.523173,Wetland,0.662,6.3,40.7,4.8
LC03592,19.80129,74.448841,Urban/Built-up,0.515,17.2,6.2,90.6
LC03593,19.919447,74.464751,Urban/Built-up,0.652,15.8,6.8,72.7
LC03594,19.836495,74.426793,Water Body,0.609,15.5,88.2,11.1
LC03595,19.82612,74.446022,Wetland,0.637,7.0,39.5,11.3
LC03596,19.84268,74.510291,Forest/Grove,0.183,70.1,1.4,12.9
LC03597,19.858642,74.516399,Agricultural Land,0.515,8.0,0.6,3.8
LC03598,19.83297,74.393881,Water Body,0.622,17.4,82.2,14.9
LC03599,19.89897,74.468042,Urban/Built-up,0.447,3.4,4.6,53.4
LC03600,19.844166,74.493048,Agricultural Land,0.243,6.3,4.1,8.7
LC03601,19.866878,74.409046,Wetland,0.2,5.7,40.1,4.5
LC03602,19.942183,74.496643,Agricultural Land,0.563,17.8,3.9,9.5
LC03603,19.908049,74.558647,Agricultural Land,0.957,19.6,0.9,0.5
LC03604,19.873328,74.37375,Urban/Built-up,0.529,10.2,6.0,79.3
LC03605,19.819559,74.557448,Forest/Grove,0.708,51.9,3.8,1.1
LC03606,19.926261,74.362134,Water Body,0.271,18.6,98.2,11.8
LC03607,19.802275,74.500022,Agricultural Land,0.424,8.1,3.6,12.7
LC03608,19.853223,74.423895,Agricultural Land,0.511,1.7,8.0,7.3
LC03609,19.915107,74.470819,Agricultural Land,0.741,17.6,1.4,7.7
LC03610,19.866773,74.355492,Urban/Built-up,0.351,16.3,7.5,96.6
LC03611,19.879468,74.487654,Agricultural Land,0.615,2.3,1.5,11.1
LC03612,19.928592,74.404443,Water Body,0.105,0.7,89.2,6.1
LC03613,19.86712,74.518153,Agricultural Land,0.884,17.0,1.3,10.0
LC03614,19.937628,74.445192,Water Body,0.854,5.2,89.4,8.9
LC03615,19.912018,74.487161,Urban/Built-up,0.723,14.4,1.7,58.5
LC03616,19.908448,74.471581,Forest/Grove,0.378,81.5,1.0,12.6
LC03617,19.920776,74.53641,Grassland,0.147,3.6,0.9,7.9
LC03618,19.863913,74.597567,Urban/Built-up,0.641,14.7,5.2,83.9
LC03619,19.827161,74.422566,Urban/Built-up,0.84,12.0,5.9,63.0
LC03620,19.834516,74.368217,Agricultural Land,0.12,16.3,4.6,8.5
LC03621,19.944115,74.46201,Agricultural Land,0.545,3.3,6.8,6.4
LC03622,19.817886,74.43079,Agricultural Land,0.963,14.0,0.9,3.7
LC03623,19.933346,74.493546,Grassland,0.431,8.7,1.2,13.3
LC03624,19.811035,74.446107,Agricultural Land,0.059,13.4,6.6,6.8
LC03625,19.944539,74.419859,Urban/Built-up,0.118,6.1,2.7,55.7
LC03626,19.829777,74.506476,Agricultural Land,0.503,1.0,3.3,7.5
LC03627,19.941764,74.477849,Water Body,0.251,0.3,97.7,12.5
LC03628,19.848178,74.571937,Barren/Fallow,0.46,13.6,2.5,14.5
LC03629,19.859261,74.413513,Water Body,0.573,3.8,78.1,4.6
LC03630,19.894538,74.538453,Barren/Fallow,0.587,19.6,7.1,0.2
LC03631,19.840169,74.465393,Urban/Built-up,0.502,8.8,5.9,79.9
LC03632,19.86792,74.428785,Forest/Grove,0.772,80.5,3.1,4.4
LC03633,19.829326,74.456589,Forest/Grove,0.429,60.3,3.5,12.0
LC03634,19.876707,74.504834,Forest/Grove,0.666,61.8,2.4,2.3
LC03635,19.864324,74.572825,Agricultural Land,0.547,15.0,6.4,6.3
LC03636,19.864672,74.357414,Urban/Built-up,0.114,6.8,4.2,62.5
LC03637,19.906394,74.574727,Urban/Built-up,0.18,10.3,5.2,82.8
LC03638,19.885691,74.514561,Agricultural Land,0.596,11.6,0.5,3.0
LC03639,19.869454,74.529505,Agricultural Land,0.781,5.6,5.9,9.8
LC03640,19.933137,74.411136,Forest/Grove,0.839,51.4,4.3,8.9
LC03641,19.895193,74.589072,Grassland,0.087,12.9,5.4,10.7
LC03642,19.834992,74.585714,Grassland,0.535,3.7,1.3,8.5
LC03643,19.875321,74.428149,Forest/Grove,0.557,81.8,0.8,9.8
LC03644,19.848443,74.544424,Wetland,0.444,13.6,34.7,10.3
LC03645,19.902738,74.526963,Agricultural Land,0.945,15.0,5.7,7.8
LC03646,19.831837,74.406714,Wetland,0.326,2.3,47.2,7.5
LC03647,19.865969,74.475411,Grassland,0.974,13.5,5.7,8.1
LC03648,19.837802,74.561506,Agricultural Land,0.583,0.1,3.2,10.5
LC03649,19.918349,74.472146,Grassland,0.594,18.5,4.0,8.0
LC03650,19.867867,74.536317,Forest/Grove,0.345,54.1,4.8,8.3
LC03651,19.808536,74.412948,Urban/Built-up,0.573,4.5,0.9,76.4
LC03652,19.820928,74.399694,Urban/Built-up,0.125,10.5,5.0,74.9
LC03653,19.816017,74.435637,Forest/Grove,0.272,92.6,5.8,12.0
LC03654,19.948786,74.457313,Barren/Fallow,0.256,13.8,0.4,9.6
LC03655,19.819695,74.382537,Agricultural Land,0.608,6.1,1.4,12.9
LC03656,19.85835,74.447721,Forest/Grove,0.584,93.2,7.8,11.3
LC03657,19.816512,74.476529,Grassland,0.65,14.4,0.3,9.5
LC03658,19.931192,74.408439,Grassland,0.408,16.6,0.7,12.0
LC03659,19.928344,74.558139,Barren/Fallow,0.488,5.0,3.9,2.9
LC03660,19.858513,74.486784,Barren/Fallow,0.129,4.1,1.8,9.9
LC03661,19.920668,74.352863,Agricultural Land,0.249,6.0,7.5,14.7
LC03662,19.823929,74.409748,Agricultural Land,0.333,18.8,1.8,3.8
LC03663,19.941196,74.53988,Agricultural Land,0.329,13.5,6.8,12.6
LC03664,19.912705,74.489231,Agricultural Land,0.462,10.8,0.7,4.5
LC03665,19.932817,74.552613,Water Body,0.417,18.1,87.3,7.2
LC03666,19.82371,74.527235,Urban/Built-up,0.458,0.1,2.9,84.0
LC03667,19.866247,74.588744,Agricultural Land,0.216,12.2,7.3,5.5
LC03668,19.855368,74.578984,Forest/Grove,0.352,92.1,0.5,12.4
LC03669,19.944721,74.571,Agricultural Land,0.499,19.0,6.5,0.9
LC03670,19.915704,74.418735,Agricultural Land,0.645,12.4,3.6,10.5
LC03671,19.853676,74.513205,Agricultural Land,0.739,6.9,0.5,2.7
LC03672,19.899464,74.387472,Grassland,0.867,9.6,5.3,9.9
LC03673,19.8673,74.557585,Barren/Fallow,0.323,6.7,4.4,8.5
LC03674,19.887201,74.594517,Urban/Built-up,0.478,4.4,1.8,76.9
LC03675,19.883644,74.431077,Barren/Fallow,0.852,13.2,5.6,4.0
LC03676,19.949617,74.488391,Agricultural Land,0.419,7.7,6.3,6.1
LC03677,19.886953,74.45806,Agricultural Land,0.849,19.4,4.0,13.9
LC03678,19.822358,74.557028,Urban/Built-up,0.354,12.7,5.4,50.3
LC03679,19.848801,74.38609,Wetland,0.816,15.1,24.3,14.4
LC03680,19.913943,74.459052,Grassland,0.433,19.4,6.3,13.8
LC03681,19.917846,74.567114,Agricultural Land,0.348,3.8,3.4,11.6
LC03682,19.869334,74.564549,Agricultural Land,0.677,19.7,3.0,9.5
LC03683,19.92095,74.528483,Water Body,0.507,5.2,63.5,2.6
LC03684,19.809174,74.551245,Forest/Grove,0.459,69.5,6.9,7.2
LC03685,19.920699,74.391233,Barren/Fallow,0.673,14.5,5.5,13.9
LC03686,19.893098,74.493179,Wetland,0.627,10.7,28.2,0.4
LC03687,19.897605,74.502085,Wetland,0.589,12.8,57.2,14.4
LC03688,19.805561,74.49675,Agricultural Land,0.968,15.4,1.6,5.1
LC03689,19.840931,74.453342,Agricultural Land,0.333,17.7,4.4,2.9
LC03690,19.822595,74.581798,Urban/Built-up,0.754,2.2,3.7,63.8
LC03691,19.807461,74.539743,Agricultural Land,0.575,2.0,2.1,10.3
LC03692,19.869955,74.532914,Urban/Built-up,0.67,10.9,7.7,78.3
LC03693,19.932063,74.477772,Agricultural Land,0.482,11.7,1.0,13.5
LC03694,19.819144,74.516149,Agricultural Land,0.846,18.4,6.8,13.9
LC03695,19.85965,74.542981,Agricultural Land,0.227,15.7,4.8,12.3
LC03696,19.893285,74.463765,Water Body,0.537,12.6,87.0,2.8
LC03697,19.876895,74.580304,Wetland,0.537,11.2,41.9,8.2
LC03698,19.913906,74.580487,Water Body,0.235,11.4,94.7,7.3
LC03699,19.880868,74.415709,Wetland,0.151,2.6,39.4,1.8
LC03700,19.856012,74.574969,Grassland,0.529,5.7,6.8,5.0
LC03701,19.853257,74.477671,Agricultural Land,0.302,9.2,2.7,11.0
LC03702,19.864154,74.403736,Wetland,0.824,1.5,46.5,12.9
LC03703,19.85955,74.47427,Urban/Built-up,0.349,1.8,5.0,86.4
LC03704,19.863819,74.585707,Agricultural Land,0.347,9.9,4.6,12.1
LC03705,19.863653,74.592211,Grassland,0.616,11.1,7.7,2.5
LC03706,19.937996,74.577743,Barren/Fallow,0.288,2.1,3.3,1.9
LC03707,19.808609,74.371477,Forest/Grove,0.272,73.8,4.7,1.7
LC03708,19.81647,74.507604,Urban/Built-up,0.825,10.2,4.1,96.8
LC03709,19.898886,74.522865,Grassland,0.404,17.3,6.6,11.8
LC03710,19.931589,74.377009,Forest/Grove,0.183,40.5,7.9,13.3
LC03711,19.882401,74.537,Agricultural Land,0.896,8.7,0.6,13.0
LC03712,19.802003,74.477234,Water Body,0.578,13.2,66.0,5.1
LC03713,19.909002,74.439292,Barren/Fallow,0.13,13.1,5.6,12.3
LC03714,19.83079,74.571342,Grassland,0.873,17.7,3.1,5.1
LC03715,19.856718,74.430039,Agricultural Land,0.547,6.5,5.7,11.7
LC03716,19.867046,74.448712,Agricultural Land,0.454,15.4,1.7,11.3
LC03717,19.844812,74.563934,Urban/Built-up,0.314,18.1,5.1,60.1
LC03718,19.850517,74.597471,Forest/Grove,0.21,54.4,5.8,12.2
LC03719,19.902768,74.593366,Agricultural Land,0.493,17.2,7.0,2.2
LC03720,19.91598,74.351912,Urban/Built-up,0.106,5.8,4.6,59.7
LC03721,19.900726,74.370232,Wetland,0.338,7.8,59.1,9.0
LC03722,19.906966,74.584561,Grassland,0.517,18.6,1.8,11.6
LC03723,19.944861,74.390525,Agricultural Land,0.373,17.1,2.0,7.4
LC03724,19.88416,74.480977,Agricultural Land,0.261,15.1,2.0,5.1
LC03725,19.899921,74.436357,Agricultural Land,0.512,19.5,0.3,8.3
LC03726,19.923606,74.45028,Agricultural Land,0.315,2.0,0.8,5.0
LC03727,19.916668,74.546988,Barren/Fallow,0.102,1.9,4.1,1.8
LC03728,19.893778,74.398754,Agricultural Land,0.55,17.0,3.6,13.1
LC03729,19.843145,74.53734,Urban/Built-up,0.353,13.3,0.5,67.3
LC03730,19.810001,74.492444,Forest/Grove,0.511,70.2,4.2,9.9
LC03731,19.828837,74.40854,Agricultural Land,0.389,12.3,2.3,3.0
LC03732,19.945529,74.432331,Agricultural Land,0.426,19.7,1.8,8.7
LC03733,19.853036,74.598487,Agricultural Land,0.328,2.4,6.5,1.6
LC03734,19.855602,74.54431,Agricultural Land,0.708,12.4,7.4,0.4
LC03735,19.930996,74.544963,Agricultural Land,0.463,12.3,1.3,0.0
LC03736,19.900047,74.45142,Agricultural Land,0.551,3.7,1.0,9.9
LC03737,19.885759,74.48293,Agricultural Land,0.475,14.8,4.9,0.8
LC03738,19.855411,74.471725,Agricultural Land,0.66,14.0,7.9,9.8
LC03739,19.815325,74.38863,Barren/Fallow,0.271,7.4,6.8,13.6
LC03740,19.917817,74.487102,Wetland,0.532,15.5,20.9,8.3
LC03741,19.931222,74.458317,Water Body,0.585,2.0,83.2,9.2
LC03742,19.856981,74.498079,Urban/Built-up,0.385,11.9,5.1,98.8
LC03743,19.853208,74.502549,Agricultural Land,0.414,6.1,3.3,4.7
LC03744,19.929527,74.449857,Agricultural Land,0.6,13.3,1.1,11.5
LC03745,19.8995,74.397931,Water Body,0.628,14.7,69.7,6.2
LC03746,19.811687,74.511468,Urban/Built-up,0.453,12.0,1.9,97.4
LC03747,19.891426,74.356832,Agricultural Land,0.341,4.3,2.2,12.8
LC03748,19.856857,74.490187,Agricultural Land,0.509,9.0,6.9,3.6
LC03749,19.92175,74.448682,Forest/Grove,0.864,59.7,5.1,4.6
LC03750,19.825981,74.354036,Wetland,0.402,7.6,30.7,4.7
LC03751,19.840579,74.487264,Wetland,0.43,12.2,52.8,2.4
LC03752,19.907653,74.506514,Water Body,0.544,17.9,70.2,10.6
LC03753,19.886087,74.579497,Agricultural Land,0.822,8.6,1.7,5.8
LC03754,19.940385,74.523497,Agricultural Land,0.216,16.3,5.9,10.7
LC03755,19.879638,74.537649,Agricultural Land,0.577,0.6,0.6,8.8
LC03756,19.864298,74.573875,Agricultural Land,0.101,2.8,0.8,10.4
LC03757,19.847757,74.473212,Forest/Grove,0.272,83.6,6.8,7.0
LC03758,19.875319,74.597691,Forest/Grove,0.849,71.3,7.9,0.8
LC03759,19.925133,74.364919,Grassland,0.267,9.4,2.7,9.0
LC03760,19.841826,74.377538,Wetland,0.37,8.1,26.9,4.7
LC03761,19.835557,74.390806,Urban/Built-up,0.793,9.8,3.4,95.1
LC03762,19.84507,74.522014,Agricultural Land,0.65,1.0,0.7,2.1
LC03763,19.866598,74.437153,Agricultural Land,0.335,4.9,0.1,10.5
LC03764,19.896261,74.360402,Barren/Fallow,0.334,16.3,5.9,10.4
LC03765,19.869835,74.47175,Agricultural Land,0.836,1.0,3.7,3.9
LC03766,19.839845,74.376736,Agricultural Land,0.586,6.9,7.4,13.5
LC03767,19.808958,74.533445,Water Body,0.672,13.5,88.9,6.1
LC03768,19.876022,74.534324,Forest/Grove,0.524,69.4,3.4,11.1
LC03769,19.920942,74.51888,Urban/Built-up,0.914,13.3,6.5,71.0
LC03770,19.838808,74.519299,Water Body,0.579,18.9,79.5,14.5
LC03771,19.828296,74.489748,Forest/Grove,0.608,82.6,7.3,12.7
LC03772,19.926467,74.497261,Agricultural Land,0.765,18.5,5.3,7.3
LC03773,19.844245,74.576391,Water Body,0.723,2.9,67.5,0.4
LC03774,19.843767,74.544364,Agricultural Land,0.633,16.1,6.9,6.2
LC03775,19.942689,74.388063,Agricultural Land,0.6,13.0,1.9,6.0
LC03776,19.871188,74.367898,Water Body,0.658,3.4,75.1,4.0
LC03777,19.872691,74.351389,Barren/Fallow,0.664,7.0,1.4,8.8
LC03778,19.809691,74.537781,Barren/Fallow,0.129,16.8,1.1,10.1
LC03779,19.935583,74.445608,Agricultural Land,0.592,12.1,2.6,1.9
LC03780,19.864356,74.510623,Agricultural Land,0.73,9.3,5.3,3.7
LC03781,19.801566,74.351145,Grassland,0.543,15.0,5.7,4.9
LC03782,19.818634,74.384745,Agricultural Land,0.499,19.7,5.9,10.5
LC03783,19.843875,74.517514,Wetland,0.759,9.6,42.1,12.6
LC03784,19.8437,74.537711,Agricultural Land,0.759,15.2,4.7,2.6
LC03785,19.923647,74.498793,Agricultural Land,0.505,6.1,2.3,13.5
LC03786,19.8752,74.466342,Agricultural Land,0.872,3.0,2.0,14.1
LC03787,19.817096,74.508173,Barren/Fallow,0.137,17.7,2.4,3.3
LC03788,19.94888,74.573656,Agricultural Land,0.074,12.1,3.5,11.4
LC03789,19.846757,74.5145,Wetland,0.266,16.4,28.5,14.3
LC03790,19.848992,74.356987,Forest/Grove,0.605,77.6,1.9,4.5
LC03791,19.857419,74.412543,Urban/Built-up,0.621,3.3,4.1,55.3
LC03792,19.916789,74.396035,Wetland,0.279,5.0,51.2,2.6
LC03793,19.820128,74.471605,Agricultural Land,0.466,16.7,1.5,8.7
LC03794,19.84076,74.427971,Urban/Built-up,0.598,8.3,3.2,59.8
LC03795,19.809323,74.438286,Agricultural Land,0.198,4.4,6.9,7.8
LC03796,19.867229,74.597391,Agricultural Land,0.49,14.3,0.7,3.7
LC03797,19.807748,74.476369,Urban/Built-up,0.709,9.9,6.9,96.5
LC03798,19.883257,74.501813,Wetland,0.181,13.7,30.9,14.3
LC03799,19.881624,74.364447,Forest/Grove,0.578,84.9,0.7,10.1
LC03800,19.847016,74.45094,Grassland,0.68,15.2,3.3,8.4
LC03801,19.848188,74.361817,Forest/Grove,0.39,56.5,8.0,12.3
LC03802,19.870541,74.375904,Forest/Grove,0.265,72.0,3.5,12.5
LC03803,19.879116,74.49119,Water Body,0.243,14.6,75.3,13.1
LC03804,19.889524,74.454881,Water Body,0.529,8.8,93.2,9.4
LC03805,19.869134,74.504893,Agricultural Land,0.249,13.7,4.6,2.4
LC03806,19.872289,74.389092,Water Body,0.451,16.2,70.5,10.0
LC03807,19.911991,74.560175,Water Body,0.094,7.8,98.6,8.2
LC03808,19.941222,74.512998,Urban/Built-up,0.092,4.7,3.9,70.6
LC03809,19.81827,74.556924,Agricultural Land,0.42,10.9,7.1,12.8
LC03810,19.92182,74.531336,Wetland,0.754,19.4,25.1,11.4
LC03811,19.87856,74.50748,Agricultural Land,0.279,5.3,7.5,2.1
LC03812,19.85353,74.585147,Forest/Grove,0.298,54.6,6.7,7.7
LC03813,19.81326,74.451472,Wetland,0.861,2.1,35.8,7.9
LC03814,19.900711,74.472266,Urban/Built-up,0.433,17.7,6.6,90.9
LC03815,19.837068,74.533134,Agricultural Land,0.829,16.9,4.8,14.0
LC03816,19.895356,74.518182,Barren/Fallow,0.328,7.7,0.1,4.1
LC03817,19.825333,74.359929,Wetland,0.885,17.4,22.6,4.1
LC03818,19.882735,74.517496,Forest/Grove,0.71,46.1,0.2,4.3
LC03819,19.811777,74.387244,Wetland,0.618,9.5,48.1,10.6
LC03820,19.910823,74.440782,Grassland,0.274,18.4,2.2,9.3
LC03821,19.802483,74.447976,Agricultural Land,0.133,9.1,1.8,10.2
LC03822,19.894734,74.525041,Grassland,0.691,0.8,6.7,11.9
LC03823,19.857038,74.393024,Grassland,0.959,12.9,8.0,2.6
LC03824,19.833738,74.402684,Agricultural Land,0.667,5.0,7.7,10.1
LC03825,19.815119,74.538291,Agricultural Land,0.835,19.5,2.5,14.8
LC03826,19.842893,74.501399,Forest/Grove,0.553,66.7,1.8,8.2
LC03827,19.812535,74.574501,Grassland,0.684,7.9,3.4,12.4
LC03828,19.925779,74.462921,Agricultural Land,0.49,14.1,3.7,10.2
LC03829,19.916893,74.393816,Forest/Grove,0.358,66.4,5.1,12.6
LC03830,19.825843,74.525969,Grassland,0.611,10.1,6.7,2.7
LC03831,19.86552,74.538319,Barren/Fallow,0.686,11.5,4.8,4.9
LC03832,19.922166,74.574827,Wetland,0.655,6.0,57.9,13.5
LC03833,19.844667,74.554846,Urban/Built-up,0.427,15.7,5.8,52.6
LC03834,19.838968,74.408999,Grassland,0.681,9.5,5.1,7.7
LC03835,19.864296,74.400255,Wetland,0.339,8.2,41.7,0.6
LC03836,19.898638,74.383112,Wetland,0.3,14.1,21.8,11.1
LC03837,19.89167,74.395992,Wetland,0.798,3.0,21.0,1.4
LC03838,19.831818,74.389154,Agricultural Land,0.584,8.1,1.2,1.2
LC03839,19.854539,74.527023,Agricultural Land,0.321,13.9,2.4,9.5
LC03840,19.921263,74.440582,Grassland,0.306,19.7,5.1,10.6
LC03841,19.886635,74.43832,Forest/Grove,0.708,43.9,4.1,5.4
LC03842,19.859048,74.430814,Wetland,0.196,10.0,28.2,5.5
LC03843,19.822414,74.358596,Agricultural Land,0.937,5.6,0.5,3.9
LC03844,19.880004,74.533342,Agricultural Land,0.448,0.6,3.9,7.4
LC03845,19.934042,74.547618,Grassland,0.79,7.3,2.5,14.8
LC03846,19.873108,74.563982,Agricultural Land,0.665,1.2,4.1,10.9
LC03847,19.89951,74.59394,Water Body,0.501,11.4,68.8,0.4
LC03848,19.94769,74.512066,Agricultural Land,0.694,6.2,3.6,1.9
LC03849,19.934486,74.564004,Grassland,0.296,16.5,0.2,12.6
LC03850,19.915697,74.393631,Urban/Built-up,0.711,0.6,5.4,89.4
LC03851,19.892387,74.556718,Urban/Built-up,0.741,9.2,6.2,66.8
LC03852,19.870299,74.428202,Grassland,0.043,5.8,1.9,13.9
LC03853,19.867375,74.454863,Agricultural Land,0.454,6.0,4.7,8.7
LC03854,19.904608,74.593879,Agricultural Land,0.691,11.1,3.3,10.8
LC03855,19.863042,74.553884,Agricultural Land,0.499,0.5,4.3,9.1
LC03856,19.918267,74.505601,Grassland,0.824,17.2,6.6,8.9
LC03857,19.90657,74.407165,Grassland,0.47,8.8,7.2,0.0
LC03858,19.948951,74.356869,Grassland,0.59,13.4,5.7,1.7
LC03859,19.821314,74.486708,Wetland,0.164,5.6,53.8,0.1
LC03860,19.905135,74.385401,Agricultural Land,0.765,4.6,0.8,2.0
LC03861,19.827694,74.545104,Agricultural Land,0.726,16.7,1.5,1.7
LC03862,19.89809,74.559574,Agricultural Land,0.431,9.6,3.3,6.1
LC03863,19.828024,74.438696,Grassland,0.564,15.7,3.7,10.2
LC03864,19.837999,74.588118,Barren/Fallow,0.241,8.6,3.5,7.1
LC03865,19.877995,74.527601,Agricultural Land,0.83,4.0,7.3,0.0
LC03866,19.931101,74.511139,Agricultural Land,0.632,18.8,0.0,12.2
LC03867,19.892796,74.364009,Agricultural Land,0.279,8.0,7.0,10.9
LC03868,19.92165,74.421184,Agricultural Land,0.645,2.3,3.6,11.8
LC03869,19.864759,74.381696,Urban/Built-up,0.913,16.3,3.4,55.5
LC03870,19.89986,74.599372,Wetland,0.522,1.7,42.9,2.5
LC03871,19.944318,74.489863,Grassland,0.948,5.4,7.2,14.6
LC03872,19.805179,74.350912,Grassland,0.741,9.8,5.3,11.5
LC03873,19.938415,74.464631,Wetland,0.76,0.0,26.5,3.2
LC03874,19.850651,74.528878,Agricultural Land,0.414,19.2,3.5,5.6
LC03875,19.946992,74.358705,Forest/Grove,0.174,55.6,2.6,11.7
LC03876,19.887987,74.457222,Agricultural Land,0.371,18.3,7.1,4.7
LC03877,19.881977,74.397481,Agricultural Land,0.122,5.5,1.7,2.3
LC03878,19.912565,74.355731,Grassland,0.523,1.2,3.6,11.9
LC03879,19.874728,74.525218,Agricultural Land,0.324,12.7,7.7,9.3
LC03880,19.93893,74.437346,Agricultural Land,0.296,1.3,7.8,0.7
LC03881,19.914672,74.467512,Grassland,0.596,18.3,7.8,4.0
LC03882,19.882743,74.538773,Water Body,0.466,3.7,78.1,2.8
LC03883,19.918665,74.543747,Barren/Fallow,0.604,5.4,0.5,3.6
LC03884,19.864604,74.389103,Urban/Built-up,0.215,2.0,1.8,75.4
LC03885,19.935213,74.57509,Forest/Grove,0.639,49.5,1.6,3.0
LC03886,19.836873,74.406968,Agricultural Land,0.216,15.0,7.3,5.1
LC03887,19.921661,74.425599,Agricultural Land,0.382,19.8,1.9,8.8
LC03888,19.879404,74.43599,Grassland,0.594,1.4,5.7,6.6
LC03889,19.864408,74.41274,Agricultural Land,0.653,6.6,1.5,1.6
LC03890,19.816509,74.363302,Wetland,0.234,3.5,58.5,8.0
LC03891,19.812233,74.535992,Forest/Grove,0.622,50.7,0.7,13.9
LC03892,19.803159,74.388002,Wetland,0.369,19.5,28.8,14.9
LC03893,19.921526,74.493604,Agricultural Land,0.06,3.6,2.3,11.9
LC03894,19.919097,74.492999,Agricultural Land,0.317,14.8,3.5,2.1
LC03895,19.81993,74.405698,Agricultural Land,0.163,6.7,7.3,4.7
LC03896,19.870376,74.363381,Water Body,0.221,16.2,69.1,10.5
LC03897,19.92821,74.386696,Forest/Grove,0.299,45.2,4.2,13.8
LC03898,19.936415,74.436984,Agricultural Land,0.326,19.2,6.5,8.2
LC03899,19.831978,74.565738,Agricultural Land,0.337,9.5,7.1,7.9
LC03900,19.862459,74.53833,Urban/Built-up,0.66,9.6,5.7,60.4
LC03901,19.930395,74.466896,Forest/Grove,0.788,83.5,3.3,1.2
LC03902,19.835972,74.405356,Water Body,0.667,11.8,77.4,5.4
LC03903,19.887127,74.380585,Agricultural Land,0.293,7.5,6.9,3.0
LC03904,19.846978,74.493991,Grassland,0.727,7.9,4.7,6.0
LC03905,19.859256,74.512077,Agricultural Land,0.873,3.2,0.0,12.3
LC03906,19.916028,74.579237,Agricultural Land,0.432,3.3,2.3,11.6
LC03907,19.909277,74.466546,Agricultural Land,0.615,11.9,6.7,13.8
LC03908,19.876584,74.541238,Barren/Fallow,0.53,15.7,6.0,4.3
LC03909,19.868879,74.58858,Barren/Fallow,0.595,15.5,2.6,4.1
LC03910,19.880088,74.515478,Urban/Built-up,0.395,9.8,8.0,54.6
LC03911,19.923516,74.411701,Wetland,0.105,19.0,30.0,8.9
LC03912,19.836688,74.568209,Wetland,0.595,11.2,37.9,3.8
LC03913,19.814254,74.432659,Agricultural Land,0.266,1.2,5.5,11.8
LC03914,19.900851,74.52132,Agricultural Land,0.523,11.2,1.8,3.5
LC03915,19.908243,74.358394,Barren/Fallow,0.534,9.9,4.7,6.8
LC03916,19.872666,74.448445,Agricultural Land,0.221,15.3,6.6,9.7
LC03917,19.822594,74.533977,Grassland,0.638,15.3,2.9,0.7
LC03918,19.934993,74.530826,Water Body,0.613,14.1,76.3,10.2
LC03919,19.851452,74.479765,Forest/Grove,0.69,94.2,5.9,7.8
LC03920,19.811706,74.413154,Agricultural Land,0.293,14.5,6.5,7.6
LC03921,19.932068,74.461354,Agricultural Land,0.766,18.7,2.2,5.2
LC03922,19.906549,74.568665,Wetland,0.421,6.5,35.7,6.1
LC03923,19.868995,74.557938,Agricultural Land,0.04,11.9,5.1,13.7
LC03924,19.868064,74.449361,Wetland,0.824,9.6,26.8,13.4
LC03925,19.944706,74.513205,Agricultural Land,0.548,17.4,1.7,1.2
LC03926,19.8653,74.375544,Agricultural Land,0.219,11.4,6.4,2.6
LC03927,19.83579,74.562794,Agricultural Land,0.393,5.7,0.3,1.5
LC03928,19.945592,74.423931,Agricultural Land,0.694,13.8,1.5,10.6
LC03929,19.937245,74.463593,Forest/Grove,0.75,79.8,2.8,4.3
LC03930,19.93028,74.586747,Agricultural Land,0.291,0.4,1.3,7.8
LC03931,19.829144,74.481348,Grassland,0.366,9.2,7.9,12.5
LC03932,19.857048,74.436839,Barren/Fallow,0.305,13.8,7.4,8.7
LC03933,19.941908,74.442094,Wetland,0.712,0.1,54.5,9.3
LC03934,19.821978,74.484865,Agricultural Land,0.587,19.2,0.3,4.5
LC03935,19.81938,74.562844,Barren/Fallow,0.255,8.3,1.0,0.8
LC03936,19.885446,74.365218,Agricultural Land,0.223,13.8,6.2,0.3
LC03937,19.920491,74.400712,Forest/Grove,0.521,88.1,5.1,4.6
LC03938,19.804465,74.564233,Grassland,0.731,19.6,3.1,4.8
LC03939,19.866935,74.415504,Forest/Grove,0.772,79.4,1.8,1.0
LC03940,19.882897,74.508814,Agricultural Land,0.565,10.1,1.2,6.8
LC03941,19.868651,74.591815,Barren/Fallow,0.682,9.6,4.8,0.0
LC03942,19.89664,74.395508,Urban/Built-up,0.453,5.2,1.2,95.5
LC03943,19.908461,74.508005,Agricultural Land,0.528,0.6,4.4,13.0
LC03944,19.868897,74.462234,Barren/Fallow,0.555,3.1,1.8,8.4
LC03945,19.806053,74.553946,Grassland,0.285,0.4,2.1,12.2
LC03946,19.817518,74.4171,Water Body,0.17,0.9,98.2,14.0
LC03947,19.803246,74.537787,Forest/Grove,0.507,63.9,2.7,2.9
LC03948,19.840102,74.441223,Agricultural Land,0.427,8.3,7.4,2.8
LC03949,19.848169,74.490314,Grassland,0.398,16.5,7.1,2.9
LC03950,19.948132,74.451841,Agricultural Land,0.527,10.9,1.7,2.5
LC03951,19.864195,74.410051,Water Body,0.411,1.3,78.4,5.1
LC03952,19.810169,74.36654,Agricultural Land,0.783,18.2,7.5,4.8
LC03953,19.947982,74.460292,Grassland,0.664,12.8,0.7,6.5
LC03954,19.931034,74.420638,Wetland,0.656,9.9,36.6,0.8
LC03955,19.926582,74.392312,Agricultural Land,0.336,0.1,1.9,11.3
LC03956,19.936144,74.374681,Forest/Grove,0.415,76.5,5.6,12.0
LC03957,19.895428,74.564728,Grassland,0.611,10.7,7.4,8.8
LC03958,19.803612,74.472692,Wetland,0.236,2.6,20.5,9.0
LC03959,19.938012,74.511169,Forest/Grove,0.444,46.7,5.4,5.6
LC03960,19.930349,74.367633,Forest/Grove,0.668,53.3,6.8,5.7
LC03961,19.9404,74.366789,Water Body,0.224,17.3,72.0,8.1
LC03962,19.911826,74.353148,Urban/Built-up,0.23,7.9,3.8,59.5
LC03963,19.840852,74.364718,Agricultural Land,0.634,10.5,5.1,10.7
LC03964,19.934318,74.597109,Agricultural Land,0.452,15.6,6.5,10.4
LC03965,19.82434,74.360519,Grassland,0.497,15.8,6.8,1.0
LC03966,19.948145,74.37211,Agricultural Land,0.294,4.7,2.0,13.5
LC03967,19.882388,74.472434,Grassland,0.84,2.9,6.6,6.6
LC03968,19.891072,74.493071,Barren/Fallow,0.759,15.9,7.9,3.0
LC03969,19.945809,74.47003,Agricultural Land,0.627,18.0,2.3,5.8
LC03970,19.829419,74.598311,Urban/Built-up,0.312,17.1,6.4,82.6
LC03971,19.942981,74.455772,Agricultural Land,0.867,19.7,4.3,9.7
LC03972,19.808898,74.359401,Agricultural Land,0.739,4.4,0.3,13.1
LC03973,19.875247,74.42903,Forest/Grove,0.263,90.9,5.8,8.5
LC03974,19.847805,74.567839,Water Body,0.261,15.1,78.6,10.1
LC03975,19.898276,74.555315,Wetland,0.277,0.6,29.2,11.6
LC03976,19.886954,74.440724,Agricultural Land,0.416,11.3,0.7,14.9
LC03977,19.890489,74.429395,Agricultural Land,0.036,5.9,0.8,2.9
LC03978,19.843452,74.483658,Forest/Grove,0.351,41.8,0.4,11.9
LC03979,19.943941,74.41932,Water Body,0.43,11.5,91.8,10.4
LC03980,19.914046,74.454788,Agricultural Land,0.592,12.4,3.2,13.7
LC03981,19.880288,74.42422,Urban/Built-up,0.557,15.7,0.7,68.1
LC03982,19.891925,74.428015,Agricultural Land,0.363,13.3,1.8,7.3
LC03983,19.831098,74.353092,Agricultural Land,0.494,14.1,2.1,10.1
LC03984,19.896428,74.375785,Forest/Grove,0.144,51.8,7.3,10.0
LC03985,19.924188,74.489315,Barren/Fallow,0.715,14.4,2.1,4.8
LC03986,19.934513,74.405204,Grassland,0.635,11.0,0.1,11.9
LC03987,19.812503,74.386053,Urban/Built-up,0.588,3.7,3.5,62.9
LC03988,19.925879,74.376532,Barren/Fallow,0.315,19.6,4.9,6.1
LC03989,19.943287,74.430153,Barren/Fallow,0.743,8.7,5.8,6.4
LC03990,19.890813,74.421873,Agricultural Land,0.516,10.8,4.2,14.2
LC03991,19.862189,74.534154,Wetland,0.814,17.1,35.5,11.1
LC03992,19.945093,74.385322,Barren/Fallow,0.66,16.0,5.1,2.4
LC03993,19.948572,74.599478,Barren/Fallow,0.854,10.3,3.8,4.4
LC03994,19.909319,74.447904,Urban/Built-up,0.426,1.3,4.5,80.1
LC03995,19.827617,74.542423,Grassland,0.583,18.8,0.0,5.0
LC03996,19.827368,74.579049,Urban/Built-up,0.308,8.3,2.6,64.6
LC03997,19.885096,74.353768,Barren/Fallow,0.821,3.2,6.1,3.8
LC03998,19.873983,74.4293,Water Body,0.043,6.2,79.1,12.8
LC03999,19.94935,74.476465,Agricultural Land,0.79,15.5,4.4,8.0
LC04000,19.91701,74.454611,Grassland,0.159,7.8,1.5,13.7
LC04001,19.872861,74.503341,Agricultural Land,0.32,0.1,3.7,1.3
LC04002,19.8792,74.483244,Grassland,0.768,14.1,2.0,12.3
LC04003,19.834402,74.562592,Agricultural Land,0.556,0.4,2.1,10.9
LC04004,19.864602,74.581058,Grassland,0.604,16.0,4.4,11.9
LC04005,19.9048,74.441696,Barren/Fallow,0.858,13.2,2.4,0.1
LC04006,19.894967,74.381032,Forest/Grove,0.055,40.7,7.7,14.8
LC04007,19.940918,74.404156,Wetland,0.91,3.9,37.5,2.4
LC04008,19.811391,74.398459,Barren/Fallow,0.475,16.5,1.9,5.7
LC04009,19.933522,74.586613,Agricultural Land,0.193,19.2,6.1,11.3
LC04010,19.893637,74.435004,Grassland,0.623,4.5,3.0,3.0
LC04011,19.839199,74.520012,Grassland,0.662,13.9,4.0,10.9
LC04012,19.869936,74.464637,Barren/Fallow,0.361,13.2,0.1,3.9
LC04013,19.902764,74.431161,Agricultural Land,0.382,6.2,6.0,12.8
LC04014,19.87839,74.474722,Water Body,0.437,1.3,99.3,7.1
LC04015,19.9058,74.535078,Barren/Fallow,0.448,2.6,1.6,5.4
LC04016,19.831251,74.355368,Agricultural Land,0.646,4.4,7.7,6.8
LC04017,19.836572,74.537405,Agricultural Land,0.672,6.2,1.7,7.6
LC04018,19.93423,74.380328,Water Body,0.796,18.7,87.4,11.9
LC04019,19.883935,74.529081,Barren/Fallow,0.375,1.9,3.6,8.6
LC04020,19.832304,74.382905,Water Body,0.432,3.6,64.4,8.8
LC04021,19.905733,74.524748,Agricultural Land,0.847,1.0,6.1,0.2
LC04022,19.84272,74.401497,Water Body,0.646,0.1,68.0,10.3
LC04023,19.936193,74.477749,Agricultural Land,0.47,15.5,0.9,4.0
LC04024,19.847202,74.460708,Agricultural Land,0.227,16.8,1.2,4.1
LC04025,19.941833,74.493127,Agricultural Land,0.673,12.5,0.4,10.0
LC04026,19.808879,74.530777,Grassland,0.662,1.5,2.4,6.7
LC04027,19.830016,74.359067,Agricultural Land,0.335,12.1,5.7,14.6
LC04028,19.802009,74.54709,Barren/Fallow,0.833,15.9,4.2,8.7
LC04029,19.900775,74.428867,Grassland,0.889,7.8,2.5,4.3
LC04030,19.809982,74.378601,Water Body,0.738,13.0,86.5,4.3
LC04031,19.8728,74.488308,Wetland,0.465,1.2,22.1,11.9
LC04032,19.944476,74.386617,Agricultural Land,0.411,7.8,4.1,7.7
LC04033,19.944785,74.444295,Water Body,0.424,3.1,98.9,9.4
LC04034,19.845865,74.423101,Water Body,0.261,11.6,77.3,14.5
LC04035,19.800034,74.596506,Grassland,0.258,15.7,0.4,3.9
LC04036,19.886983,74.424275,Grassland,0.143,4.5,4.1,6.1
LC04037,19.818891,74.582274,Urban/Built-up,0.289,0.9,7.6,97.5
LC04038,19.934875,74.487567,Wetland,0.43,6.7,36.9,1.5
LC04039,19.815735,74.50107,Agricultural Land,0.25,19.2,5.4,12.7
LC04040,19.883961,74.357541,Urban/Built-up,0.826,6.9,4.2,98.5
LC04041,19.939823,74.40569,Wetland,0.776,8.1,28.7,14.7
LC04042,19.814864,74.426912,Agricultural Land,0.689,4.5,3.4,3.6
LC04043,19.806622,74.481436,Urban/Built-up,0.398,18.3,2.9,99.0
LC04044,19.949054,74.576503,Barren/Fallow,0.223,6.5,5.2,5.4
LC04045,19.889228,74.381399,Agricultural Land,0.424,9.3,4.5,12.6
LC04046,19.839077,74.541831,Agricultural Land,0.341,16.2,6.5,13.0
LC04047,19.94033,74.382825,Wetland,0.582,12.7,22.4,10.6
LC04048,19.910458,74.378922,Agricultural Land,0.716,0.4,3.1,7.0
LC04049,19.864648,74.509023,Agricultural Land,0.683,19.9,1.6,5.4
LC04050,19.897281,74.422691,Urban/Built-up,0.388,13.2,3.6,79.7
LC04051,19.947083,74.429318,Agricultural Land,0.397,8.3,4.0,2.1
LC04052,19.814703,74.528577,Barren/Fallow,0.658,14.2,4.2,10.2
LC04053,19.934043,74.422243,Grassland,0.614,2.8,3.2,3.6
LC04054,19.834838,74.448191,Grassland,0.48,17.4,5.7,15.0
LC04055,19.934639,74.38342,Urban/Built-up,0.677,15.4,1.1,75.7
LC04056,19.928622,74.388761,Agricultural Land,0.591,7.4,5.0,13.5
LC04057,19.918532,74.449899,Forest/Grove,0.293,75.4,6.3,12.2
LC04058,19.810254,74.378296,Agricultural Land,0.398,1.0,7.9,9.3
LC04059,19.806007,74.406228,Agricultural Land,0.113,13.3,6.7,9.4
LC04060,19.822905,74.446538,Barren/Fallow,0.789,0.1,0.9,7.7
LC04061,19.803424,74.526597,Barren/Fallow,0.249,16.6,1.1,1.8
LC04062,19.850508,74.534849,Wetland,0.21,14.4,42.8,12.6
LC04063,19.895435,74.590473,Urban/Built-up,0.567,13.6,1.9,67.1
LC04064,19.899948,74.432954,Agricultural Land,0.341,12.6,2.4,11.7
LC04065,19.896585,74.364755,Agricultural Land,0.308,1.0,6.9,6.3
LC04066,19.916864,74.510805,Wetland,0.352,12.4,43.2,3.7
LC04067,19.919334,74.589433,Grassland,0.294,17.1,7.3,10.0
LC04068,19.899361,74.54684,Forest/Grove,0.323,75.4,4.3,6.5
LC04069,19.879118,74.415766,Agricultural Land,0.275,2.9,6.2,6.5
LC04070,19.823303,74.542094,Water Body,0.291,10.7,87.6,5.2
LC04071,19.924495,74.397939,Forest/Grove,0.301,58.6,3.3,10.0
LC04072,19.801491,74.516504,Urban/Built-up,0.775,19.4,6.9,81.0
LC04073,19.847789,74.528737,Urban/Built-up,0.137,8.9,4.5,53.0
LC04074,19.857659,74.550731,Grassland,0.441,9.9,1.5,10.1
LC04075,19.821627,74.583573,Grassland,0.526,3.2,7.3,7.9
LC04076,19.843722,74.478007,Water Body,0.707,2.3,92.3,9.9
LC04077,19.896045,74.547014,Forest/Grove,0.305,44.9,2.6,4.1
LC04078,19.848162,74.560502,Urban/Built-up,0.376,2.2,6.3,76.5
LC04079,19.902975,74.393153,Urban/Built-up,0.201,3.6,3.2,96.4
LC04080,19.89316,74.444173,Forest/Grove,0.574,94.0,3.3,7.1
LC04081,19.946661,74.446171,Urban/Built-up,0.339,17.7,0.9,57.9
LC04082,19.904014,74.495434,Barren/Fallow,0.322,2.2,7.1,4.1
LC04083,19.859044,74.40679,Grassland,0.429,9.8,7.3,4.4
LC04084,19.946051,74.473775,Agricultural Land,0.811,12.4,0.3,13.8
LC04085,19.938586,74.366248,Urban/Built-up,0.457,3.0,0.5,81.4
LC04086,19.825954,74.522798,Agricultural Land,0.377,10.5,8.0,6.4
LC04087,19.940562,74.435448,Wetland,0.725,1.6,25.7,11.1
LC04088,19.809117,74.360494,Water Body,0.54,5.4,69.8,12.0
LC04089,19.823288,74.589642,Agricultural Land,0.785,18.5,5.7,3.8
LC04090,19.895744,74.457164,Agricultural Land,0.399,2.6,7.2,4.3
LC04091,19.946044,74.362563,Agricultural Land,0.691,10.1,2.1,13.8
LC04092,19.848921,74.43463,Forest/Grove,0.832,62.1,5.0,11.9
LC04093,19.931748,74.374942,Barren/Fallow,0.396,8.2,5.6,11.7
LC04094,19.906757,74.435658,Agricultural Land,0.586,19.2,5.3,0.2
LC04095,19.936742,74.473896,Urban/Built-up,0.193,15.6,6.1,95.1
LC04096,19.944532,74.429986,Grassland,0.277,19.9,4.5,1.0
LC04097,19.837667,74.537602,Agricultural Land,0.564,4.2,0.0,12.8
LC04098,19.909094,74.401005,Urban/Built-up,0.547,13.9,2.1,68.3
LC04099,19.876119,74.485614,Wetland,0.609,17.7,20.5,4.7
LC04100,19.839403,74.453125,Agricultural Land,0.133,2.6,0.8,2.6
LC04101,19.815085,74.505423,Barren/Fallow,0.372,18.1,4.1,2.5
LC04102,19.828406,74.411028,Barren/Fallow,0.851,1.2,0.5,14.9
LC04103,19.94103,74.570099,Agricultural Land,0.875,18.7,5.0,7.3
LC04104,19.914119,74.58022,Barren/Fallow,0.416,18.1,6.4,11.4
LC04105,19.898564,74.483218,Agricultural Land,0.157,3.4,2.6,2.2
LC04106,19.818641,74.388703,Urban/Built-up,0.571,12.5,1.6,86.3
LC04107,19.883123,74.529981,Grassland,0.382,1.1,4.2,1.5
LC04108,19.945752,74.481389,Urban/Built-up,0.658,2.3,7.9,86.7
LC04109,19.881371,74.443301,Forest/Grove,0.277,42.1,1.0,6.6
LC04110,19.833487,74.528781,Water Body,0.471,16.0,66.1,0.9
LC04111,19.943439,74.53747,Agricultural Land,0.611,9.0,3.0,6.8
LC04112,19.878357,74.594318,Agricultural Land,0.506,9.8,1.0,13.2
LC04113,19.944514,74.524533,Forest/Grove,0.521,80.7,0.6,3.1
LC04114,19.834175,74.564691,Forest/Grove,0.357,83.6,5.8,4.3
LC04115,19.943377,74.495867,Agricultural Land,0.458,14.3,5.7,13.4
LC04116,19.935084,74.517223,Agricultural Land,0.37,3.7,3.4,14.5
LC04117,19.921883,74.536669,Urban/Built-up,0.423,6.4,3.7,67.4
LC04118,19.905363,74.555607,Grassland,0.885,10.0,6.8,12.3
LC04119,19.900305,74.394697,Grassland,0.614,12.4,5.2,13.6
LC04120,19.852861,74.423057,Grassland,0.09,8.0,7.4,2.9
LC04121,19.949013,74.438322,Water Body,0.688,10.3,76.9,2.2
LC04122,19.844283,74.535381,Agricultural Land,0.536,3.1,3.2,6.9
LC04123,19.912673,74.508855,Wetland,0.427,0.6,21.5,11.0
LC04124,19.886238,74.484851,Agricultural Land,0.388,8.7,5.4,14.1
LC04125,19.832044,74.590329,Wetland,0.089,5.8,23.1,10.1
LC04126,19.81604,74.522692,Agricultural Land,0.872,12.7,2.6,6.8
LC04127,19.891185,74.558587,Agricultural Land,0.298,19.5,5.0,14.8
LC04128,19.8543,74.563621,Forest/Grove,0.482,59.6,7.3,11.4
LC04129,19.889868,74.373844,Agricultural Land,0.689,10.7,1.0,12.6
LC04130,19.827124,74.390347,Water Body,0.54,2.7,77.4,9.0
LC04131,19.885861,74.380074,Agricultural Land,0.318,13.1,6.6,3.0
LC04132,19.822985,74.52472,Barren/Fallow,0.3,16.6,1.2,7.3
LC04133,19.868813,74.410873,Agricultural Land,0.393,15.2,2.3,14.6
LC04134,19.928764,74.596514,Forest/Grove,0.214,74.6,6.6,12.5
LC04135,19.824243,74.396189,Forest/Grove,0.32,66.2,4.5,1.7
LC04136,19.803399,74.573753,Urban/Built-up,0.379,2.3,7.2,53.1
LC04137,19.832947,74.561226,Barren/Fallow,0.435,8.3,0.4,9.3
LC04138,19.90343,74.563624,Forest/Grove,0.279,41.6,6.9,13.4
LC04139,19.849148,74.395788,Barren/Fallow,0.314,17.2,0.4,7.2
LC04140,19.944131,74.506319,Agricultural Land,0.464,4.2,7.3,7.5
LC04141,19.891906,74.475596,Wetland,0.632,14.8,52.8,10.6
LC04142,19.904427,74.464585,Agricultural Land,0.705,0.6,3.9,2.1
LC04143,19.8352,74.446569,Wetland,0.155,16.5,24.2,2.2
LC04144,19.926773,74.431693,Urban/Built-up,0.385,5.1,2.4,92.8
LC04145,19.823003,74.383253,Urban/Built-up,0.336,5.4,5.7,77.6
LC04146,19.919218,74.521596,Agricultural Land,0.327,10.5,4.7,0.1
LC04147,19.872772,74.460666,Agricultural Land,0.623,14.4,4.6,10.7
LC04148,19.881779,74.54276,Agricultural Land,0.264,11.5,5.7,6.9
LC04149,19.830675,74.531188,Barren/Fallow,0.597,7.1,2.5,13.5
LC04150,19.830286,74.384127,Urban/Built-up,0.462,14.7,3.3,80.2
LC04151,19.823907,74.578178,Agricultural Land,0.311,15.3,7.7,9.1
LC04152,19.862836,74.480927,Forest/Grove,0.325,84.9,6.5,10.3
LC04153,19.85007,74.509732,Agricultural Land,0.744,2.4,7.5,9.7
LC04154,19.892873,74.432621,Agricultural Land,0.572,9.5,6.2,1.7
LC04155,19.901711,74.567033,Agricultural Land,0.049,9.9,7.3,3.4
LC04156,19.873478,74.566851,Wetland,0.538,8.4,47.6,7.3
LC04157,19.839066,74.515829,Agricultural Land,0.741,13.3,0.8,0.9
LC04158,19.826578,74.514913,Agricultural Land,0.678,15.0,2.0,13.3
LC04159,19.936238,74.570077,Barren/Fallow,0.19,1.7,5.4,3.1
LC04160,19.932742,74.379341,Barren/Fallow,0.91,19.6,5.1,9.8
LC04161,19.945433,74.508998,Agricultural Land,0.209,1.6,7.1,2.8
LC04162,19.936474,74.436437,Agricultural Land,0.824,16.5,5.0,13.4
LC04163,19.815902,74.428667,Agricultural Land,0.389,3.0,0.1,2.5
LC04164,19.94105,74.465807,Agricultural Land,0.388,14.4,5.3,11.1
LC04165,19.914616,74.424095,Agricultural Land,0.84,6.3,4.8,3.8
LC04166,19.936787,74.393282,Agricultural Land,0.506,2.5,3.6,2.2
LC04167,19.897108,74.440441,Grassland,0.266,2.2,6.5,7.0
LC04168,19.845774,74.503608,Agricultural Land,0.487,16.4,7.5,6.0
LC04169,19.947891,74.535482,Agricultural Land,0.244,6.7,7.6,3.3
LC04170,19.928268,74.453188,Grassland,0.721,9.8,1.6,2.2
LC04171,19.819226,74.392091,Urban/Built-up,0.459,14.8,1.1,92.9
LC04172,19.850052,74.488687,Agricultural Land,0.617,10.8,1.5,2.7
LC04173,19.884827,74.576655,Agricultural Land,0.179,15.9,1.6,4.8
LC04174,19.879446,74.548122,Urban/Built-up,0.14,2.4,7.2,98.9
LC04175,19.939306,74.585761,Agricultural Land,0.338,2.2,3.2,2.0
LC04176,19.810453,74.406548,Forest/Grove,0.316,51.7,1.5,12.0
LC04177,19.80386,74.375252,Urban/Built-up,0.771,11.3,1.0,92.5
LC04178,19.942996,74.526615,Forest/Grove,0.86,93.3,1.4,4.9
LC04179,19.813174,74.371286,Forest/Grove,0.494,82.5,5.3,1.7
LC04180,19.825438,74.590043,Agricultural Land,0.604,4.1,0.3,12.7
LC04181,19.946521,74.423077,Forest/Grove,0.264,43.2,2.0,12.7
LC04182,19.844454,74.418036,Urban/Built-up,0.279,0.5,6.2,65.0
LC04183,19.838448,74.448859,Agricultural Land,0.535,12.7,5.4,7.1
LC04184,19.80296,74.417757,Agricultural Land,0.815,5.4,6.8,9.5
LC04185,19.808046,74.351326,Agricultural Land,0.706,3.2,0.4,1.0
LC04186,19.872733,74.5186,Grassland,0.653,7.4,2.8,8.4
LC04187,19.835999,74.439454,Agricultural Land,0.276,6.9,1.0,4.5
LC04188,19.908236,74.595889,Forest/Grove,0.555,49.0,0.4,4.3
LC04189,19.86097,74.479398,Grassland,0.327,13.6,6.8,3.3
LC04190,19.858028,74.512095,Water Body,0.235,1.3,77.4,0.2
LC04191,19.936043,74.376327,Barren/Fallow,0.631,15.4,3.9,9.5
LC04192,19.946219,74.372205,Forest/Grove,0.502,60.3,4.8,5.8
LC04193,19.86235,74.571278,Forest/Grove,0.363,82.6,7.8,9.8
LC04194,19.944947,74.55052,Agricultural Land,0.646,13.9,2.6,5.7
LC04195,19.815944,74.368091,Agricultural Land,0.46,19.5,5.5,10.8
LC04196,19.906922,74.536037,Water Body,0.644,4.9,84.1,9.2
LC04197,19.915568,74.376373,Barren/Fallow,0.305,4.5,6.6,0.5
LC04198,19.907253,74.483922,Water Body,0.872,4.8,77.3,13.7
LC04199,19.857239,74.548691,Barren/Fallow,0.815,3.6,2.4,11.2
LC04200,19.913935,74.488384,Agricultural Land,0.962,15.5,6.7,13.5
LC04201,19.820391,74.369507,Agricultural Land,0.274,5.5,3.2,6.4
LC04202,19.926904,74.447019,Grassland,0.22,15.0,0.6,4.9
LC04203,19.810293,74.495995,Urban/Built-up,0.199,12.6,1.8,79.6
LC04204,19.829866,74.548481,Barren/Fallow,0.459,0.4,3.2,8.1
LC04205,19.93172,74.350165,Agricultural Land,0.722,17.9,3.7,11.8
LC04206,19.858445,74.371459,Agricultural Land,0.623,5.8,1.1,7.5
LC04207,19.920733,74.421855,Water Body,0.687,16.3,90.7,11.7
LC04208,19.88043,74.390874,Forest/Grove,0.343,43.9,0.4,15.0
LC04209,19.802161,74.511414,Grassland,0.967,16.1,0.6,7.9
LC04210,19.88157,74.439066,Grassland,0.571,5.6,4.8,12.5
LC04211,19.911027,74.428166,Agricultural Land,0.463,14.4,5.2,5.2
LC04212,19.872487,74.494603,Agricultural Land,0.396,8.3,7.8,10.2
LC04213,19.863019,74.577677,Wetland,0.621,2.3,48.2,13.5
LC04214,19.927904,74.41492,Barren/Fallow,0.654,6.8,4.1,10.7
LC04215,19.804784,74.578738,Agricultural Land,0.504,18.5,7.2,3.9
LC04216,19.931214,74.363029,Grassland,0.582,8.8,7.8,6.2
LC04217,19.800339,74.545121,Agricultural Land,0.405,3.2,0.5,11.8
LC04218,19.888203,74.595001,Wetland,0.275,19.5,42.6,8.8
LC04219,19.859118,74.549962,Urban/Built-up,0.818,3.5,3.1,72.3
LC04220,19.84978,74.384851,Barren/Fallow,0.176,18.5,1.6,14.2
LC04221,19.89874,74.454405,Agricultural Land,0.683,0.4,4.4,7.6
LC04222,19.883049,74.43124,Grassland,0.552,9.4,6.3,5.9
LC04223,19.943069,74.482202,Forest/Grove,0.264,91.4,0.9,12.4
LC04224,19.884221,74.491753,Wetland,0.282,13.8,33.8,11.2
LC04225,19.847566,74.375201,Agricultural Land,0.734,5.4,3.7,7.9
LC04226,19.917305,74.45281,Water Body,0.36,8.5,78.9,5.5
LC04227,19.817626,74.448547,Agricultural Land,0.339,14.5,4.1,2.8
LC04228,19.867949,74.593673,Agricultural Land,0.703,5.0,6.6,6.6
LC04229,19.938403,74.384944,Wetland,0.812,8.3,35.8,9.0
LC04230,19.892556,74.53114,Agricultural Land,0.291,4.6,4.3,11.1
LC04231,19.807425,74.573765,Agricultural Land,0.408,19.5,1.5,11.7
LC04232,19.864413,74.351867,Barren/Fallow,0.553,13.5,1.0,0.8
LC04233,19.878297,74.420577,Agricultural Land,0.807,10.8,6.0,7.5
LC04234,19.905616,74.427687,Wetland,0.855,16.5,34.6,6.5
LC04235,19.89396,74.373223,Agricultural Land,0.103,16.2,2.1,9.7
LC04236,19.900442,74.494641,Water Body,0.816,5.0,78.1,7.1
LC04237,19.868057,74.350462,Urban/Built-up,0.217,2.4,1.7,87.5
LC04238,19.921585,74.515227,Water Body,0.38,11.2,81.8,7.9
LC04239,19.852437,74.387072,Forest/Grove,0.175,40.1,0.0,3.1
LC04240,19.880232,74.56937,Barren/Fallow,0.581,1.1,7.5,7.6
LC04241,19.920582,74.393121,Barren/Fallow,0.645,3.1,4.3,4.3
LC04242,19.881801,74.546096,Agricultural Land,0.433,14.3,6.5,1.7
LC04243,19.918277,74.418474,Agricultural Land,0.311,12.2,6.9,12.6
LC04244,19.92564,74.499001,Forest/Grove,0.207,53.6,5.5,3.3
LC04245,19.923338,74.452207,Barren/Fallow,0.598,5.0,0.3,12.9
LC04246,19.852472,74.412669,Agricultural Land,0.769,1.0,1.3,6.6
LC04247,19.855055,74.490605,Wetland,0.503,9.2,59.2,10.3
LC04248,19.862392,74.591527,Barren/Fallow,0.786,8.3,0.5,13.8
LC04249,19.872927,74.486204,Agricultural Land,0.547,12.9,5.4,12.0
LC04250,19.82385,74.527934,Urban/Built-up,0.38,6.2,7.3,81.7
LC04251,19.915369,74.481876,Barren/Fallow,0.955,18.8,2.0,1.0
LC04252,19.831928,74.463425,Barren/Fallow,0.456,5.5,4.1,8.8
LC04253,19.925717,74.393887,Urban/Built-up,0.683,17.9,6.6,51.1
LC04254,19.833775,74.410166,Grassland,0.728,6.9,6.1,9.5
LC04255,19.840134,74.420199,Grassland,0.693,12.3,6.8,13.0
LC04256,19.823054,74.422645,Wetland,0.592,0.8,38.6,14.2
LC04257,19.928448,74.521805,Grassland,0.432,0.4,4.5,9.8
LC04258,19.829484,74.515771,Agricultural Land,0.39,15.0,5.7,5.2
LC04259,19.909466,74.513321,Water Body,0.698,4.2,77.2,5.9
LC04260,19.8493,74.519803,Wetland,0.379,2.3,47.1,8.4
LC04261,19.887736,74.536934,Agricultural Land,0.09,4.1,2.2,10.9
LC04262,19.820417,74.398593,Wetland,0.055,0.6,47.7,8.1
LC04263,19.944982,74.49009,Barren/Fallow,0.509,10.7,3.1,8.9
LC04264,19.831147,74.461192,Forest/Grove,0.72,86.0,1.1,9.3
LC04265,19.90583,74.443077,Agricultural Land,0.281,9.6,0.4,6.2
LC04266,19.890085,74.423458,Urban/Built-up,0.244,14.1,7.0,92.6
LC04267,19.842412,74.511474,Agricultural Land,0.422,17.2,0.6,8.2
LC04268,19.884077,74.521915,Agricultural Land,0.282,2.4,6.2,3.4
LC04269,19.865275,74.580819,Barren/Fallow,0.416,13.8,3.4,14.8
LC04270,19.925866,74.460807,Agricultural Land,0.577,8.2,3.9,1.4
LC04271,19.943548,74.580871,Urban/Built-up,0.824,7.0,1.7,85.5
LC04272,19.873473,74.419656,Agricultural Land,0.564,2.1,5.5,4.5
LC04273,19.863929,74.500425,Agricultural Land,0.345,11.4,2.2,5.4
LC04274,19.825556,74.546219,Agricultural Land,0.835,13.1,3.7,9.4
LC04275,19.926418,74.412813,Barren/Fallow,0.953,18.6,5.4,3.5
LC04276,19.877346,74.567182,Water Body,0.86,3.8,61.6,0.9
LC04277,19.882631,74.455425,Forest/Grove,0.414,40.7,6.8,7.7
LC04278,19.867916,74.378998,Agricultural Land,0.608,7.7,7.4,8.7
LC04279,19.882787,74.475611,Agricultural Land,0.659,6.2,1.0,12.7
LC04280,19.903381,74.412203,Barren/Fallow,0.171,19.5,1.9,13.5
LC04281,19.915154,74.438436,Forest/Grove,0.81,48.6,5.8,11.8
LC04282,19.94322,74.546667,Wetland,0.836,9.6,46.8,3.7
LC04283,19.908612,74.454531,Wetland,0.369,17.1,37.3,7.0
LC04284,19.946341,74.366658,Barren/Fallow,0.511,4.8,5.5,7.7
LC04285,19.839836,74.537561,Agricultural Land,0.891,4.5,3.6,5.4
LC04286,19.873592,74.477946,Grassland,0.392,13.7,0.9,0.7
LC04287,19.911116,74.520937,Agricultural Land,0.269,15.8,5.8,7.3
LC04288,19.878384,74.595148,Agricultural Land,0.9,12.5,0.8,10.8
LC04289,19.839364,74.52373,Agricultural Land,0.727,15.4,7.5,9.9
LC04290,19.88566,74.380337,Agricultural Land,0.786,17.3,5.2,3.8
LC04291,19.855874,74.506626,Agricultural Land,0.85,9.9,3.7,7.8
LC04292,19.861448,74.382801,Agricultural Land,0.727,2.2,7.3,13.9
LC04293,19.904056,74.444635,Agricultural Land,0.516,12.7,3.3,2.3
LC04294,19.874419,74.400974,Agricultural Land,0.12,6.2,2.8,10.7
LC04295,19.927816,74.412391,Forest/Grove,0.654,62.7,4.8,14.2
LC04296,19.812062,74.459059,Agricultural Land,0.234,5.2,3.3,3.8
LC04297,19.865404,74.558011,Barren/Fallow,0.303,16.5,6.5,3.3
LC04298,19.852168,74.554935,Agricultural Land,0.794,4.2,2.2,14.9
LC04299,19.885751,74.534129,Agricultural Land,0.491,19.8,1.6,7.6
LC04300,19.86571,74.516801,Barren/Fallow,0.561,18.6,5.6,8.7
LC04301,19.846295,74.352509,Agricultural Land,0.621,4.1,1.4,3.4
LC04302,19.911674,74.443569,Agricultural Land,0.511,13.8,3.0,10.7
LC04303,19.88054,74.475021,Grassland,0.676,15.9,4.4,8.5
LC04304,19.806057,74.498515,Urban/Built-up,0.473,9.6,3.2,85.5
LC04305,19.944375,74.372104,Forest/Grove,0.479,71.6,1.6,2.0
LC04306,19.90823,74.458542,Urban/Built-up,0.226,18.5,7.3,67.2
LC04307,19.854764,74.540198,Forest/Grove,0.627,59.5,1.1,11.5
LC04308,19.800634,74.565892,Grassland,0.422,4.2,7.5,7.5
LC04309,19.801331,74.565302,Forest/Grove,0.065,90.4,4.6,14.5
LC04310,19.862853,74.588749,Urban/Built-up,0.881,9.7,5.8,67.1
LC04311,19.816574,74.571836,Water Body,0.248,15.6,67.4,11.8
LC04312,19.923524,74.549249,Wetland,0.142,2.6,37.2,1.8
LC04313,19.802597,74.587103,Grassland,0.811,9.1,2.5,1.4
LC04314,19.902046,74.364542,Agricultural Land,0.944,18.6,2.8,1.8
LC04315,19.815661,74.526731,Agricultural Land,0.357,3.9,0.5,3.8
LC04316,19.842838,74.524595,Forest/Grove,0.412,64.4,7.8,12.3
LC04317,19.853474,74.404652,Wetland,0.337,8.3,37.9,14.5
LC04318,19.888391,74.535647,Urban/Built-up,0.605,15.9,0.5,55.4
LC04319,19.816778,74.515566,Agricultural Land,0.371,4.3,7.0,2.5
LC04320,19.948914,74.367948,Agricultural Land,0.479,2.9,4.3,1.9
LC04321,19.880151,74.465758,Agricultural Land,0.539,3.3,4.3,12.3
LC04322,19.846507,74.556803,Agricultural Land,0.618,8.6,3.3,15.0
LC04323,19.913251,74.407913,Agricultural Land,0.668,16.7,5.8,14.4
LC04324,19.804054,74.54776,Agricultural Land,0.618,12.1,7.9,0.3
LC04325,19.867623,74.419969,Agricultural Land,0.468,5.9,3.7,0.7
LC04326,19.91236,74.440972,Forest/Grove,0.8,59.3,4.6,1.0
LC04327,19.881779,74.520294,Water Body,0.739,0.4,62.1,14.1
LC04328,19.824782,74.353585,Agricultural Land,0.484,15.6,3.2,14.9
LC04329,19.882605,74.431019,Agricultural Land,0.454,19.4,2.7,6.4
LC04330,19.93563,74.492584,Agricultural Land,0.337,0.7,0.8,9.7
LC04331,19.897804,74.403312,Agricultural Land,0.749,5.0,0.8,12.0
LC04332,19.820199,74.594957,Grassland,0.82,4.7,7.3,12.8
LC04333,19.926543,74.396888,Agricultural Land,0.509,15.9,6.3,11.9
LC04334,19.840745,74.564721,Agricultural Land,0.434,4.4,6.6,13.5
LC04335,19.820728,74.515247,Agricultural Land,0.485,6.5,7.0,11.5
LC04336,19.943617,74.556257,Agricultural Land,0.308,4.2,7.3,2.8
LC04337,19.904975,74.362072,Barren/Fallow,0.524,1.6,3.8,8.2
LC04338,19.897972,74.356239,Urban/Built-up,0.402,1.7,3.3,72.6
LC04339,19.883267,74.351026,Agricultural Land,0.433,4.8,3.2,12.0
LC04340,19.891153,74.361967,Forest/Grove,0.171,44.6,2.3,10.4
LC04341,19.910794,74.421692,Grassland,0.024,12.3,1.3,12.3
LC04342,19.886062,74.423326,Forest/Grove,0.19,89.8,7.1,11.8
LC04343,19.833446,74.382123,Wetland,0.586,7.3,54.3,12.1
LC04344,19.873465,74.407547,Agricultural Land,0.953,15.8,2.4,1.5
LC04345,19.908981,74.596608,Agricultural Land,0.199,19.1,6.1,12.7
LC04346,19.921882,74.591741,Forest/Grove,0.542,69.6,1.7,14.6
LC04347,19.946913,74.513574,Agricultural Land,0.356,17.7,7.8,4.9
LC04348,19.81324,74.462825,Wetland,0.221,2.3,30.0,0.2
LC04349,19.854921,74.577214,Barren/Fallow,0.931,1.0,6.8,4.6
LC04350,19.90882,74.376805,Agricultural Land,0.798,6.3,0.7,7.6
LC04351,19.902691,74.408645,Agricultural Land,0.409,4.8,1.4,7.7
LC04352,19.927462,74.478591,Agricultural Land,0.353,12.1,1.1,14.6
LC04353,19.893693,74.534631,Grassland,0.399,11.0,7.7,5.6
LC04354,19.933065,74.460357,Agricultural Land,0.313,8.0,0.0,1.4
LC04355,19.938482,74.468366,Grassland,0.374,12.7,0.7,13.3
LC04356,19.896956,74.470726,Grassland,0.759,8.4,2.1,5.3
LC04357,19.892218,74.500213,Barren/Fallow,0.26,4.8,5.0,12.4
LC04358,19.819075,74.514451,Grassland,0.671,17.2,1.7,0.2
LC04359,19.855727,74.500541,Agricultural Land,0.159,15.1,6.3,5.3
LC04360,19.809867,74.481526,Barren/Fallow,0.215,3.2,2.1,14.5
LC04361,19.930758,74.587845,Forest/Grove,0.725,83.6,4.9,11.1
LC04362,19.941245,74.377187,Grassland,0.739,3.8,5.3,8.2
LC04363,19.804412,74.385983,Agricultural Land,0.551,13.6,1.5,4.3
LC04364,19.90438,74.592548,Agricultural Land,0.669,17.8,4.9,12.3
LC04365,19.889586,74.47029,Agricultural Land,0.398,1.0,7.5,11.2
LC04366,19.835203,74.393234,Agricultural Land,0.378,19.1,0.3,13.4
LC04367,19.841668,74.447905,Agricultural Land,0.177,10.4,1.0,4.7
LC04368,19.939618,74.511663,Water Body,0.44,2.7,72.8,0.3
LC04369,19.91555,74.380395,Agricultural Land,0.347,9.0,7.6,6.2
LC04370,19.882812,74.474349,Agricultural Land,0.819,11.3,7.7,9.4
LC04371,19.849355,74.376952,Agricultural Land,0.752,5.6,1.8,1.6
LC04372,19.850404,74.418463,Agricultural Land,0.629,14.0,7.0,1.3
LC04373,19.8649,74.464426,Barren/Fallow,0.849,4.2,1.8,6.8
LC04374,19.835438,74.505207,Barren/Fallow,0.563,12.5,7.6,4.6
LC04375,19.902934,74.461271,Agricultural Land,0.638,12.4,1.8,1.0
LC04376,19.871503,74.511789,Agricultural Land,0.575,16.2,1.7,1.6
LC04377,19.838309,74.442757,Agricultural Land,0.584,9.5,0.3,8.0
LC04378,19.832075,74.576544,Agricultural Land,0.414,15.7,5.9,10.3
LC04379,19.803801,74.413853,Grassland,0.225,2.7,1.6,13.7
LC04380,19.948985,74.555947,Wetland,0.624,8.2,21.3,9.2
LC04381,19.832633,74.400109,Grassland,0.705,6.0,4.3,12.0
LC04382,19.912119,74.494563,Agricultural Land,0.63,12.9,2.5,14.7
LC04383,19.930017,74.416845,Wetland,0.309,10.2,37.4,2.1
LC04384,19.805588,74.589917,Barren/Fallow,0.872,14.6,1.1,9.7
LC04385,19.86328,74.360545,Agricultural Land,0.265,5.5,4.1,1.5
LC04386,19.8459,74.374788,Urban/Built-up,0.213,13.1,6.5,98.7
LC04387,19.898185,74.491599,Barren/Fallow,0.684,4.9,7.9,13.8
LC04388,19.89912,74.397995,Forest/Grove,0.769,87.0,1.5,2.9
LC04389,19.849064,74.475469,Agricultural Land,0.208,5.7,2.6,3.9
LC04390,19.888824,74.373493,Forest/Grove,0.361,89.5,1.4,7.9
LC04391,19.896655,74.517562,Agricultural Land,0.169,10.4,7.1,7.7
LC04392,19.808211,74.500566,Urban/Built-up,0.476,17.7,1.7,79.3
LC04393,19.930287,74.398524,Water Body,0.373,9.3,82.3,12.3
LC04394,19.804341,74.513388,Wetland,0.408,6.2,58.3,14.1
LC04395,19.868803,74.550078,Grassland,0.274,17.7,5.7,3.0
LC04396,19.819323,74.430224,Forest/Grove,0.153,53.1,5.7,11.9
LC04397,19.888604,74.45674,Grassland,0.878,6.0,7.1,5.1
LC04398,19.937637,74.589706,Urban/Built-up,0.385,0.2,4.2,65.9
LC04399,19.92152,74.441339,Barren/Fallow,0.39,4.7,5.6,7.6
LC04400,19.855748,74.377696,Agricultural Land,0.573,2.0,2.6,10.4
LC04401,19.814214,74.378203,Barren/Fallow,0.405,19.0,7.5,1.7
LC04402,19.902056,74.595177,Grassland,0.459,2.0,3.3,9.3
LC04403,19.852701,74.353072,Water Body,0.299,15.7,98.2,13.7
LC04404,19.909791,74.554468,Agricultural Land,0.558,16.9,5.1,12.3
LC04405,19.863348,74.40661,Agricultural Land,0.329,10.4,6.2,11.2
LC04406,19.853723,74.441825,Forest/Grove,0.672,67.9,2.9,10.9
LC04407,19.829143,74.537081,Agricultural Land,0.897,3.8,6.8,3.0
LC04408,19.828629,74.585862,Barren/Fallow,0.838,12.6,1.1,4.0
LC04409,19.914354,74.519571,Agricultural Land,0.418,4.3,0.4,1.8
LC04410,19.831419,74.441295,Agricultural Land,0.972,7.2,1.0,13.9
LC04411,19.810221,74.449487,Urban/Built-up,0.817,7.8,0.2,98.3
LC04412,19.845974,74.532342,Agricultural Land,0.459,15.2,3.4,7.6
LC04413,19.857111,74.465192,Water Body,0.189,4.9,82.5,10.8
LC04414,19.90443,74.350657,Grassland,0.469,13.5,2.7,1.9
LC04415,19.892924,74.469856,Agricultural Land,0.121,17.2,0.1,13.3
LC04416,19.820386,74.460834,Urban/Built-up,0.211,8.6,1.9,59.6
LC04417,19.878525,74.581106,Urban/Built-up,0.371,14.5,0.6,70.6
LC04418,19.945911,74.492849,Water Body,0.206,14.9,67.1,5.2
LC04419,19.861712,74.443214,Agricultural Land,0.766,5.2,4.6,10.1
LC04420,19.873171,74.380044,Forest/Grove,0.579,60.2,7.2,10.5
LC04421,19.837671,74.573391,Grassland,0.573,13.3,5.2,6.4
LC04422,19.920026,74.358989,Urban/Built-up,0.3,9.8,2.5,83.4
LC04423,19.867942,74.565313,Forest/Grove,0.722,90.3,1.3,14.1
LC04424,19.8572,74.549989,Agricultural Land,0.29,8.5,4.6,3.0
LC04425,19.844765,74.436731,Agricultural Land,0.69,15.0,6.7,2.8
LC04426,19.88212,74.390734,Agricultural Land,0.368,11.1,0.8,1.9
LC04427,19.922011,74.556508,Grassland,0.711,13.5,6.2,10.6
LC04428,19.890465,74.433076,Barren/Fallow,0.556,16.0,3.3,14.2
LC04429,19.905803,74.439194,Agricultural Land,0.425,4.1,3.8,12.7
LC04430,19.847348,74.363223,Forest/Grove,0.465,86.2,1.3,4.8
LC04431,19.876916,74.547399,Agricultural Land,0.356,12.0,0.4,0.3
LC04432,19.84813,74.398962,Agricultural Land,0.321,16.2,2.9,14.6
LC04433,19.885365,74.471088,Agricultural Land,0.422,9.7,3.1,9.5
LC04434,19.872369,74.363206,Urban/Built-up,0.323,11.9,6.1,75.3
LC04435,19.819745,74.593899,Agricultural Land,0.269,9.1,2.3,7.7
LC04436,19.817527,74.376548,Wetland,0.683,14.4,37.7,7.7
LC04437,19.891775,74.39976,Agricultural Land,0.774,9.9,6.2,9.4
LC04438,19.849709,74.429916,Urban/Built-up,0.553,9.1,2.7,84.9
LC04439,19.802925,74.589386,Grassland,0.453,13.4,5.8,5.8
LC04440,19.847711,74.533039,Agricultural Land,0.449,8.5,7.8,11.1
LC04441,19.905584,74.407453,Urban/Built-up,0.443,3.6,7.1,90.4
LC04442,19.861157,74.498724,Urban/Built-up,0.391,16.0,4.9,80.4
LC04443,19.926583,74.507363,Forest/Grove,0.268,51.9,2.3,13.7
LC04444,19.865823,74.57284,Agricultural Land,0.136,0.7,0.3,5.4
LC04445,19.939527,74.438255,Forest/Grove,0.673,82.9,4.7,9.5
LC04446,19.830441,74.472756,Grassland,0.563,6.7,2.6,2.4
LC04447,19.906085,74.521699,Agricultural Land,0.328,8.6,0.9,8.6
LC04448,19.825715,74.40826,Agricultural Land,0.809,3.6,5.6,3.5
LC04449,19.849692,74.54052,Agricultural Land,0.15,10.2,7.7,5.0
LC04450,19.806416,74.494318,Urban/Built-up,0.265,9.2,2.3,80.9
LC04451,19.917475,74.539536,Forest/Grove,0.848,76.2,5.7,2.0
LC04452,19.936935,74.579581,Urban/Built-up,0.453,13.2,5.3,52.7
LC04453,19.831535,74.47067,Barren/Fallow,0.273,4.7,5.6,14.1
LC04454,19.920786,74.594627,Urban/Built-up,0.465,13.3,0.2,50.6
LC04455,19.817505,74.493359,Wetland,0.276,8.9,48.6,2.9
LC04456,19.949162,74.427494,Agricultural Land,0.773,19.6,1.7,12.9
LC04457,19.895756,74.38478,Forest/Grove,0.704,81.8,5.6,2.9
LC04458,19.802793,74.558597,Grassland,0.207,3.7,6.7,6.7
LC04459,19.848147,74.45959,Barren/Fallow,0.708,7.6,5.2,8.0
LC04460,19.940699,74.355862,Agricultural Land,0.4,13.9,1.9,3.8
LC04461,19.937551,74.430136,Agricultural Land,0.561,14.3,3.6,11.2
LC04462,19.941857,74.482517,Agricultural Land,0.405,3.5,3.5,8.0
LC04463,19.904437,74.3666,Agricultural Land,0.551,6.6,1.5,4.1
LC04464,19.817783,74.45294,Agricultural Land,0.51,13.1,1.2,3.6
LC04465,19.948507,74.459541,Forest/Grove,0.415,63.1,2.5,10.0
LC04466,19.940836,74.533288,Wetland,0.701,12.9,44.9,7.5
LC04467,19.914152,74.374946,Barren/Fallow,0.954,10.6,7.9,8.7
LC04468,19.858897,74.597116,Urban/Built-up,0.335,9.6,2.0,73.0
LC04469,19.834653,74.581613,Urban/Built-up,0.681,16.5,1.3,50.0
LC04470,19.901913,74.418394,Agricultural Land,0.654,19.1,1.2,2.5
LC04471,19.906548,74.521518,Agricultural Land,0.089,18.3,7.5,3.8
LC04472,19.868725,74.354503,Agricultural Land,0.426,10.2,2.8,2.9
LC04473,19.877098,74.353973,Wetland,0.302,8.3,42.0,13.9
LC04474,19.87005,74.578022,Water Body,0.314,20.0,84.4,1.3
LC04475,19.857175,74.584709,Forest/Grove,0.793,46.2,6.5,11.8
LC04476,19.874962,74.410702,Grassland,0.713,12.8,2.3,9.4
LC04477,19.947147,74.351731,Barren/Fallow,0.39,6.3,4.0,8.5
LC04478,19.893469,74.478174,Agricultural Land,0.646,9.7,5.5,1.9
LC04479,19.837631,74.558662,Agricultural Land,0.828,2.5,3.2,11.3
LC04480,19.891073,74.507708,Water Body,0.342,1.1,70.6,7.6
LC04481,19.945726,74.565927,Agricultural Land,0.41,3.0,4.1,7.1
LC04482,19.873867,74.434504,Urban/Built-up,0.471,2.9,1.8,76.5
LC04483,19.884983,74.509585,Agricultural Land,0.171,19.0,5.5,5.7
LC04484,19.803876,74.385998,Agricultural Land,0.495,7.7,6.2,8.1
LC04485,19.928605,74.385284,Agricultural Land,0.652,2.1,5.2,7.9
LC04486,19.933796,74.491789,Urban/Built-up,0.167,9.8,1.0,77.1
LC04487,19.858257,74.531393,Barren/Fallow,0.665,3.4,5.2,5.1
LC04488,19.946192,74.554104,Grassland,0.447,2.2,5.4,3.4
LC04489,19.832505,74.353724,Agricultural Land,0.227,7.1,4.4,10.3
LC04490,19.814474,74.421036,Agricultural Land,0.699,14.5,6.6,9.4
LC04491,19.937002,74.572596,Grassland,0.943,19.0,4.1,10.1
LC04492,19.867564,74.477813,Agricultural Land,0.605,3.0,0.7,6.5
LC04493,19.880715,74.429707,Wetland,0.225,4.5,21.9,1.4
LC04494,19.945577,74.3832,Barren/Fallow,0.639,1.1,1.8,4.7
LC04495,19.862018,74.443742,Grassland,0.69,0.9,7.0,10.8
LC04496,19.877881,74.489657,Urban/Built-up,0.657,17.9,4.9,90.7
LC04497,19.930663,74.368323,Wetland,0.55,2.9,41.7,1.4
LC04498,19.834277,74.399882,Forest/Grove,0.456,71.5,4.2,11.8
LC04499,19.801881,74.574983,Grassland,0.287,7.4,5.1,10.5
LC04500,19.882747,74.397135,Water Body,0.56,11.8,86.6,10.6
LC04501,19.876477,74.495464,Agricultural Land,0.848,19.8,3.7,11.6
LC04502,19.821943,74.511899,Forest/Grove,0.465,57.2,1.4,0.9
LC04503,19.813302,74.355678,Grassland,0.627,5.3,6.1,7.6
LC04504,19.876022,74.536441,Grassland,0.195,8.1,6.2,13.5
LC04505,19.846037,74.585857,Grassland,0.729,19.1,7.7,14.2
LC04506,19.906612,74.460163,Agricultural Land,0.553,3.4,3.1,5.9
LC04507,19.840055,74.573385,Urban/Built-up,0.804,17.4,1.1,79.2
LC04508,19.850453,74.380263,Forest/Grove,0.613,40.7,3.5,13.1
LC04509,19.887271,74.424206,Urban/Built-up,0.127,16.1,7.6,83.5
LC04510,19.930506,74.409011,Forest/Grove,0.618,82.8,2.3,6.5
LC04511,19.824254,74.368714,Urban/Built-up,0.619,5.1,2.4,60.6
LC04512,19.920241,74.526863,Forest/Grove,0.728,42.4,3.5,2.6
LC04513,19.805324,74.463532,Grassland,0.598,19.6,2.3,0.9
LC04514,19.836419,74.561627,Agricultural Land,0.803,19.9,7.4,7.1
LC04515,19.83277,74.399686,Agricultural Land,0.317,3.1,7.5,2.8
LC04516,19.876857,74.428279,Barren/Fallow,0.713,15.6,4.3,13.8
LC04517,19.908557,74.420639,Wetland,0.636,12.2,38.0,8.6
LC04518,19.915107,74.582215,Grassland,0.845,15.0,7.1,10.8
LC04519,19.820205,74.452587,Barren/Fallow,0.399,5.3,5.2,13.1
LC04520,19.942441,74.424383,Agricultural Land,0.539,19.0,1.9,0.9
LC04521,19.85434,74.377613,Grassland,0.709,9.6,4.1,0.8
LC04522,19.8711,74.368517,Agricultural Land,0.274,14.0,1.3,2.8
LC04523,19.880318,74.587668,Water Body,0.766,16.8,62.9,3.3
LC04524,19.833232,74.555044,Grassland,0.536,10.8,1.7,10.2
LC04525,19.82105,74.576648,Barren/Fallow,0.464,10.9,4.9,1.0
LC04526,19.820913,74.486994,Agricultural Land,0.362,7.2,3.6,12.1
LC04527,19.945265,74.356679,Agricultural Land,0.245,17.9,0.3,1.9
LC04528,19.871903,74.544151,Barren/Fallow,0.952,11.1,7.3,4.5
LC04529,19.919505,74.420849,Agricultural Land,0.635,7.8,4.7,11.0
LC04530,19.856131,74.448962,Agricultural Land,0.738,9.1,4.9,10.9
LC04531,19.814403,74.593748,Water Body,0.258,7.9,60.7,0.9
LC04532,19.877108,74.53044,Urban/Built-up,0.407,4.2,7.6,81.4
LC04533,19.937326,74.591838,Barren/Fallow,0.156,18.0,0.2,8.5
LC04534,19.90905,74.364216,Agricultural Land,0.77,19.1,5.4,0.2
LC04535,19.876277,74.478354,Agricultural Land,0.911,13.8,0.8,6.9
LC04536,19.829177,74.356133,Agricultural Land,0.798,15.6,4.1,13.9
LC04537,19.874089,74.519292,Water Body,0.278,5.7,82.1,11.8
LC04538,19.877734,74.599241,Grassland,0.346,8.3,2.8,1.2
LC04539,19.851762,74.407101,Grassland,0.878,2.0,1.0,1.0
LC04540,19.82747,74.555277,Wetland,0.539,0.1,48.8,2.2
LC04541,19.926197,74.572215,Forest/Grove,0.709,53.3,7.5,14.2
LC04542,19.904756,74.504315,Agricultural Land,0.301,1.0,0.9,14.3
LC04543,19.914283,74.49544,Grassland,0.262,13.3,3.2,7.1
LC04544,19.874842,74.426009,Grassland,0.541,6.4,7.8,7.5
LC04545,19.888357,74.482113,Agricultural Land,0.869,9.5,3.0,9.2
LC04546,19.90986,74.56856,Agricultural Land,0.202,12.0,2.5,13.5
LC04547,19.83129,74.416888,Water Body,0.638,7.1,96.6,9.2
LC04548,19.922991,74.374588,Barren/Fallow,0.673,16.0,4.3,6.1
LC04549,19.82718,74.45027,Agricultural Land,0.564,1.0,1.6,3.0
LC04550,19.929867,74.549278,Urban/Built-up,0.471,12.7,1.1,98.6
LC04551,19.81768,74.409361,Barren/Fallow,0.394,4.7,4.2,8.1
LC04552,19.822966,74.535843,Agricultural Land,0.235,7.0,3.1,5.1
LC04553,19.909667,74.474089,Wetland,0.669,16.0,51.5,6.9
LC04554,19.890854,74.356466,Agricultural Land,0.274,17.0,0.6,6.0
LC04555,19.859715,74.424647,Forest/Grove,0.611,83.9,7.5,12.8
LC04556,19.904208,74.377471,Agricultural Land,0.783,3.7,0.5,7.8
LC04557,19.904035,74.568079,Agricultural Land,0.817,18.4,1.4,4.9
LC04558,19.812501,74.386228,Agricultural Land,0.459,18.2,2.1,12.8
LC04559,19.881989,74.476392,Forest/Grove,0.409,54.9,0.2,9.8
LC04560,19.946127,74.49944,Water Body,0.809,6.4,62.3,11.0
LC04561,19.905634,74.58383,Urban/Built-up,0.106,4.0,3.9,74.4
LC04562,19.881475,74.417551,Agricultural Land,0.902,13.0,5.2,2.4
LC04563,19.905582,74.441917,Forest/Grove,0.72,45.8,4.1,10.3
LC04564,19.904856,74.357539,Agricultural Land,0.324,2.2,6.6,4.1
LC04565,19.836592,74.430914,Water Body,0.29,15.0,62.6,5.6
LC04566,19.878927,74.508081,Barren/Fallow,0.319,0.4,0.7,11.8
LC04567,19.943021,74.379616,Agricultural Land,0.419,19.5,5.6,10.6
LC04568,19.862322,74.483922,Barren/Fallow,0.656,8.7,7.1,12.0
LC04569,19.861861,74.431351,Water Body,0.707,15.5,90.0,10.7
LC04570,19.881139,74.464893,Agricultural Land,0.225,4.0,3.3,2.2
LC04571,19.880147,74.520675,Grassland,0.076,4.0,1.4,11.3
LC04572,19.928656,74.544213,Wetland,0.5,15.4,25.6,1.7
LC04573,19.830448,74.436471,Agricultural Land,0.72,19.9,6.4,2.9
LC04574,19.858492,74.479575,Urban/Built-up,0.723,5.3,0.5,76.8
LC04575,19.826157,74.441134,Water Body,0.612,18.0,60.3,13.8
LC04576,19.93167,74.430569,Grassland,0.382,6.6,4.8,14.5
LC04577,19.84938,74.370659,Wetland,0.509,4.4,30.7,13.9
LC04578,19.89601,74.499285,Urban/Built-up,0.63,18.0,6.5,98.0
LC04579,19.916319,74.388954,Urban/Built-up,0.767,10.9,4.5,60.9
LC04580,19.876838,74.401142,Agricultural Land,0.36,2.8,1.5,3.3
LC04581,19.926472,74.357656,Urban/Built-up,0.078,5.6,5.6,92.1
LC04582,19.901677,74.562172,Agricultural Land,0.492,16.4,6.0,3.4
LC04583,19.91679,74.446441,Urban/Built-up,0.231,3.9,6.0,54.3
LC04584,19.823771,74.455563,Agricultural Land,0.717,9.7,1.7,1.1
LC04585,19.890253,74.402452,Agricultural Land,0.5,15.0,6.2,6.0
LC04586,19.886169,74.433941,Agricultural Land,0.63,0.4,5.9,8.1
LC04587,19.907938,74.5094,Agricultural Land,0.25,13.1,3.4,6.3
LC04588,19.859139,74.404587,Agricultural Land,0.482,0.7,1.8,1.1
LC04589,19.91586,74.400692,Agricultural Land,0.635,10.0,4.6,7.7
LC04590,19.817054,74.517183,Urban/Built-up,0.625,6.8,2.9,60.4
LC04591,19.83114,74.44609,Urban/Built-up,0.354,19.7,7.6,77.1
LC04592,19.906942,74.480983,Urban/Built-up,0.091,9.2,3.8,79.2
LC04593,19.90293,74.412226,Wetland,0.561,2.8,54.2,8.5
LC04594,19.903571,74.553971,Agricultural Land,0.279,3.6,2.7,6.9
LC04595,19.875506,74.375387,Grassland,0.122,8.1,7.2,10.0
LC04596,19.837854,74.51043,Agricultural Land,0.597,16.1,4.3,3.1
LC04597,19.845041,74.542073,Urban/Built-up,0.121,18.0,7.4,92.9
LC04598,19.820517,74.515381,Agricultural Land,0.485,0.1,5.0,10.9
LC04599,19.911749,74.4956,Agricultural Land,0.47,18.1,6.8,12.1
LC04600,19.80691,74.402495,Agricultural Land,0.321,14.6,1.8,14.9
LC04601,19.922903,74.550203,Forest/Grove,0.675,57.9,0.3,3.2
LC04602,19.878016,74.392861,Forest/Grove,0.651,55.2,7.3,1.4
LC04603,19.848754,74.440636,Forest/Grove,0.525,79.1,0.0,14.1
LC04604,19.813863,74.554874,Urban/Built-up,0.281,10.0,7.6,88.6
LC04605,19.844199,74.499321,Agricultural Land,0.57,13.9,2.2,3.6
LC04606,19.942908,74.533779,Agricultural Land,0.683,9.3,6.7,5.2
LC04607,19.838411,74.530979,Agricultural Land,0.74,7.1,4.1,0.8
LC04608,19.838569,74.514993,Agricultural Land,0.558,18.9,3.8,5.1
LC04609,19.86455,74.421956,Agricultural Land,0.289,16.1,6.4,5.9
LC04610,19.927914,74.426761,Grassland,0.552,0.4,0.5,3.6
LC04611,19.944556,74.393193,Barren/Fallow,0.565,19.3,6.1,3.3
LC04612,19.829219,74.431627,Agricultural Land,0.641,5.5,8.0,1.5
LC04613,19.926441,74.367555,Wetland,0.48,11.7,23.5,0.5
LC04614,19.86828,74.510447,Agricultural Land,0.244,0.4,1.3,10.8
LC04615,19.936066,74.362743,Agricultural Land,0.198,5.7,0.0,14.9
LC04616,19.89161,74.444614,Agricultural Land,0.628,15.3,7.2,8.5
LC04617,19.907884,74.370268,Grassland,0.597,16.9,5.5,1.1
LC04618,19.865254,74.530852,Agricultural Land,0.475,0.3,7.6,4.0
LC04619,19.919284,74.488856,Grassland,0.694,9.2,6.5,2.2
LC04620,19.829478,74.524149,Grassland,0.384,19.4,7.1,1.3
LC04621,19.918525,74.504398,Agricultural Land,0.491,13.4,4.3,8.7
LC04622,19.829418,74.522458,Agricultural Land,0.7,4.3,2.2,1.6
LC04623,19.94819,74.49233,Barren/Fallow,0.763,6.4,7.8,11.6
LC04624,19.913171,74.413178,Urban/Built-up,0.657,18.6,5.4,90.8
LC04625,19.81804,74.534453,Forest/Grove,0.235,54.3,2.6,5.4
LC04626,19.935732,74.361859,Wetland,0.789,19.6,46.7,8.7
LC04627,19.806733,74.394452,Barren/Fallow,0.346,19.5,5.2,10.2
LC04628,19.887312,74.415414,Agricultural Land,0.7,2.7,5.5,3.1
LC04629,19.82605,74.488446,Agricultural Land,0.652,18.5,2.3,3.5
LC04630,19.867801,74.503458,Barren/Fallow,0.551,3.1,7.3,12.2
LC04631,19.832974,74.483318,Water Body,0.371,6.6,94.5,8.9
LC04632,19.842171,74.438668,Agricultural Land,0.604,10.4,0.1,0.4
LC04633,19.816433,74.439408,Forest/Grove,0.786,56.5,0.9,2.1
LC04634,19.817966,74.508671,Barren/Fallow,0.402,14.7,7.4,6.1
LC04635,19.86842,74.445924,Urban/Built-up,0.821,13.2,7.7,83.6
LC04636,19.907819,74.480443,Grassland,0.369,16.8,2.5,6.0
LC04637,19.880577,74.519483,Forest/Grove,0.473,73.4,3.3,10.5
LC04638,19.907096,74.488748,Forest/Grove,0.529,88.4,5.6,11.5
LC04639,19.820917,74.486541,Agricultural Land,0.473,0.5,0.6,13.0
LC04640,19.840678,74.567884,Agricultural Land,0.549,1.4,1.6,3.6
LC04641,19.88993,74.585849,Agricultural Land,0.4,8.7,2.1,8.8
LC04642,19.909023,74.474785,Wetland,0.435,2.5,25.1,6.2
LC04643,19.915633,74.490453,Agricultural Land,0.585,10.2,6.4,10.7
LC04644,19.861892,74.359846,Urban/Built-up,0.138,6.2,1.5,79.1
LC04645,19.887368,74.576413,Agricultural Land,0.582,0.4,6.3,14.1
LC04646,19.817525,74.524561,Agricultural Land,0.442,18.1,6.3,10.5
LC04647,19.941397,74.396498,Agricultural Land,0.719,0.9,5.4,12.1
LC04648,19.827997,74.597996,Grassland,0.686,9.9,5.6,0.5
LC04649,19.856413,74.501668,Water Body,0.379,18.3,99.3,0.8
LC04650,19.921116,74.487322,Water Body,0.222,5.6,66.7,13.0
LC04651,19.884487,74.539278,Forest/Grove,0.283,62.9,2.6,1.3
LC04652,19.932963,74.385375,Water Body,0.509,2.3,60.3,10.9
LC04653,19.839032,74.46258,Agricultural Land,0.714,0.9,4.3,5.0
LC04654,19.9018,74.57579,Forest/Grove,0.409,87.0,0.8,1.8
LC04655,19.945124,74.402997,Water Body,0.473,17.5,63.5,13.5
LC04656,19.839434,74.402812,Agricultural Land,0.635,9.8,5.2,13.3
LC04657,19.922405,74.424618,Agricultural Land,0.314,9.5,7.5,10.2
LC04658,19.80767,74.529253,Grassland,0.748,1.2,4.1,1.4
LC04659,19.867622,74.530866,Forest/Grove,0.845,52.9,5.6,13.5
LC04660,19.891909,74.415645,Agricultural Land,0.09,6.1,2.5,4.4
LC04661,19.829541,74.599924,Water Body,0.611,12.9,67.8,2.7
LC04662,19.807706,74.555684,Agricultural Land,0.56,15.1,5.5,0.5
LC04663,19.938594,74.516992,Barren/Fallow,0.366,8.1,7.7,14.1
LC04664,19.852043,74.413516,Grassland,0.833,9.8,7.1,6.8
LC04665,19.940902,74.514238,Wetland,0.347,15.8,26.1,12.9
LC04666,19.898897,74.551366,Grassland,0.844,12.9,2.4,6.6
LC04667,19.829411,74.558889,Water Body,0.216,3.3,78.2,10.0
LC04668,19.901229,74.596883,Agricultural Land,0.226,16.3,5.7,4.2
LC04669,19.869194,74.408988,Wetland,0.178,4.9,45.2,8.8
LC04670,19.942258,74.476547,Urban/Built-up,0.626,2.0,4.2,87.1
LC04671,19.909495,74.527712,Forest/Grove,0.76,48.8,7.0,7.7
LC04672,19.915875,74.450043,Agricultural Land,0.639,13.1,4.6,3.2
LC04673,19.851992,74.472917,Barren/Fallow,0.448,8.2,1.7,3.9
LC04674,19.906981,74.376365,Agricultural Land,0.281,7.2,1.6,5.9
LC04675,19.818467,74.498665,Grassland,0.118,13.9,4.8,2.1
LC04676,19.942651,74.438673,Agricultural Land,0.073,2.9,7.6,9.1
LC04677,19.869726,74.452555,Urban/Built-up,0.843,18.3,7.5,90.7
LC04678,19.850501,74.437351,Grassland,0.278,6.6,4.2,9.9
LC04679,19.869878,74.36586,Water Body,0.572,7.2,88.6,2.6
LC04680,19.917574,74.432745,Forest/Grove,0.914,67.3,0.1,7.5
LC04681,19.809335,74.481007,Barren/Fallow,0.671,10.2,0.1,6.0
LC04682,19.815686,74.467829,Forest/Grove,0.921,57.1,2.8,0.7
LC04683,19.921295,74.376167,Grassland,0.774,8.6,4.4,6.1
LC04684,19.906891,74.385895,Agricultural Land,0.621,16.2,7.8,13.0
LC04685,19.829232,74.471904,Agricultural Land,0.427,3.1,2.6,12.3
LC04686,19.934528,74.391604,Barren/Fallow,0.642,16.8,2.6,10.6
LC04687,19.92073,74.505135,Grassland,0.088,10.6,2.2,12.5
LC04688,19.891454,74.596087,Water Body,0.81,11.0,95.2,2.3
LC04689,19.887055,74.413362,Wetland,0.939,13.4,33.0,8.4
LC04690,19.832643,74.495029,Barren/Fallow,0.701,0.5,7.8,14.6
LC04691,19.888957,74.515655,Water Body,0.576,4.6,73.7,6.6
LC04692,19.853671,74.47458,Water Body,0.335,6.0,91.0,13.3
LC04693,19.8118,74.488834,Grassland,0.319,11.1,1.8,10.3
LC04694,19.893052,74.411994,Wetland,0.759,6.9,22.2,4.6
LC04695,19.841051,74.542306,Agricultural Land,0.763,2.4,6.5,11.8
LC04696,19.947317,74.397754,Forest/Grove,0.579,72.0,6.3,4.3
LC04697,19.854119,74.441172,Agricultural Land,0.744,3.8,1.6,7.8
LC04698,19.878844,74.38284,Barren/Fallow,0.145,16.7,1.5,8.7
LC04699,19.931849,74.403303,Agricultural Land,0.56,7.6,2.3,14.6
LC04700,19.825701,74.455848,Grassland,0.505,2.4,2.3,12.3
LC04701,19.933401,74.457384,Barren/Fallow,0.593,8.9,2.8,14.2
LC04702,19.912746,74.470427,Water Body,0.457,4.0,65.1,12.5
LC04703,19.945085,74.478693,Grassland,0.37,19.8,0.6,13.8
LC04704,19.942122,74.532748,Agricultural Land,0.362,5.2,5.6,9.9
LC04705,19.883972,74.542663,Agricultural Land,0.571,19.1,1.3,10.3
LC04706,19.854169,74.416394,Barren/Fallow,0.55,10.1,7.5,6.7
LC04707,19.845896,74.411105,Agricultural Land,0.581,1.3,7.4,9.7
LC04708,19.848919,74.516707,Agricultural Land,0.255,7.5,3.2,10.5
LC04709,19.842735,74.366332,Agricultural Land,0.119,3.7,0.3,9.6
LC04710,19.895702,74.461113,Grassland,0.887,2.4,6.9,4.7
LC04711,19.825638,74.534613,Urban/Built-up,0.559,19.1,1.1,53.9
LC04712,19.865432,74.571171,Water Body,0.141,13.6,86.1,4.2
LC04713,19.937468,74.42482,Agricultural Land,0.33,12.4,7.8,5.3
LC04714,19.905746,74.58685,Agricultural Land,0.173,3.0,1.3,8.3
LC04715,19.910021,74.436373,Grassland,0.746,18.2,4.4,4.7
LC04716,19.906804,74.439007,Grassland,0.469,7.4,3.3,5.2
LC04717,19.826384,74.479569,Wetland,0.221,19.2,46.0,10.6
LC04718,19.839739,74.526642,Wetland,0.589,20.0,28.8,3.2
LC04719,19.817956,74.375706,Grassland,0.323,7.2,2.1,10.3
LC04720,19.921994,74.405445,Agricultural Land,0.682,11.4,1.8,8.8
LC04721,19.855551,74.409655,Grassland,0.103,5.3,3.6,14.3
LC04722,19.842402,74.423603,Agricultural Land,0.854,17.5,1.6,14.2
LC04723,19.882805,74.567376,Agricultural Land,0.383,5.7,7.7,1.6
LC04724,19.917077,74.544983,Urban/Built-up,0.208,16.6,5.4,72.1
LC04725,19.893944,74.565279,Urban/Built-up,0.763,15.5,2.9,72.6
LC04726,19.826551,74.502882,Water Body,0.27,14.7,81.1,5.9
LC04727,19.947505,74.455484,Agricultural Land,0.325,6.5,3.1,0.2
LC04728,19.888076,74.414325,Barren/Fallow,0.044,3.1,6.4,13.4
LC04729,19.906385,74.441483,Forest/Grove,0.585,49.2,0.5,4.7
LC04730,19.93045,74.444296,Grassland,0.888,9.8,5.5,13.5
LC04731,19.868419,74.494018,Water Body,0.488,13.1,69.6,8.6
LC04732,19.926056,74.506899,Agricultural Land,0.572,17.7,6.7,10.1
LC04733,19.886975,74.412699,Urban/Built-up,0.42,3.7,7.1,59.3
LC04734,19.927719,74.596071,Barren/Fallow,0.545,13.3,1.6,13.0
LC04735,19.946862,74.399803,Agricultural Land,0.518,8.3,1.7,2.6
LC04736,19.858982,74.421185,Wetland,0.425,1.6,44.1,4.7
LC04737,19.9349,74.376792,Agricultural Land,0.272,1.8,7.4,2.5
LC04738,19.922045,74.466214,Grassland,0.472,5.8,7.9,0.6
LC04739,19.846321,74.566774,Barren/Fallow,0.516,12.2,1.6,3.9
LC04740,19.905771,74.472966,Forest/Grove,0.532,78.2,0.5,8.9
LC04741,19.892701,74.506621,Forest/Grove,0.705,69.1,6.5,0.1
LC04742,19.830886,74.368666,Agricultural Land,0.281,7.7,1.4,11.2
LC04743,19.917304,74.506235,Water Body,0.796,18.5,97.2,10.5
LC04744,19.900532,74.400432,Agricultural Land,0.219,17.1,4.9,5.1
LC04745,19.872662,74.40929,Forest/Grove,0.685,78.4,6.8,14.7
LC04746,19.867359,74.351233,Agricultural Land,0.573,15.3,6.5,13.2
LC04747,19.822851,74.374341,Agricultural Land,0.204,12.9,7.8,3.5
LC04748,19.921537,74.484987,Forest/Grove,0.182,63.4,1.0,11.3
LC04749,19.899592,74.478826,Forest/Grove,0.385,49.7,5.4,8.3
LC04750,19.882019,74.478153,Agricultural Land,0.483,13.6,4.7,12.5
LC04751,19.88232,74.40875,Agricultural Land,0.432,16.4,2.7,1.6
LC04752,19.909928,74.445229,Agricultural Land,0.064,7.4,2.3,1.7
LC04753,19.825756,74.497604,Agricultural Land,0.448,12.0,4.1,5.5
LC04754,19.800012,74.45369,Grassland,0.777,4.7,5.2,1.3
LC04755,19.904701,74.408038,Urban/Built-up,0.586,19.7,0.5,67.9
LC04756,19.932834,74.406005,Grassland,0.676,8.2,4.9,13.0
LC04757,19.909515,74.420758,Barren/Fallow,0.036,3.9,4.5,12.9
LC04758,19.811419,74.543565,Agricultural Land,0.334,2.2,3.6,1.5
LC04759,19.910377,74.473021,Agricultural Land,0.162,4.8,6.8,7.4
LC04760,19.926649,74.590759,Urban/Built-up,0.244,17.8,1.9,86.7
LC04761,19.924403,74.56242,Barren/Fallow,0.728,2.3,2.7,9.5
LC04762,19.928966,74.568031,Grassland,0.601,8.4,3.1,13.9
LC04763,19.868772,74.418081,Agricultural Land,0.31,19.0,5.6,10.2
LC04764,19.80636,74.509184,Urban/Built-up,0.467,19.3,6.9,64.8
LC04765,19.922801,74.455225,Barren/Fallow,0.58,13.7,5.3,5.1
LC04766,19.898418,74.410817,Urban/Built-up,0.932,19.6,4.2,79.5
LC04767,19.942074,74.413108,Grassland,0.446,10.3,0.4,12.8
LC04768,19.812128,74.55687,Agricultural Land,0.555,18.3,6.7,2.1
LC04769,19.813495,74.542385,Forest/Grove,0.524,74.4,6.4,0.4
LC04770,19.905883,74.550567,Barren/Fallow,0.742,2.0,6.6,6.8
LC04771,19.919727,74.550016,Agricultural Land,0.193,1.6,1.3,10.6
LC04772,19.8008,74.371574,Agricultural Land,0.047,16.5,3.4,12.2
LC04773,19.82794,74.483861,Agricultural Land,0.51,0.7,0.1,11.0
LC04774,19.896955,74.401666,Urban/Built-up,0.08,2.1,6.5,91.1
LC04775,19.928863,74.488462,Grassland,0.29,12.0,6.2,7.4
LC04776,19.913491,74.455472,Urban/Built-up,0.693,8.0,0.5,85.1
LC04777,19.871283,74.566246,Agricultural Land,0.257,12.4,6.9,6.7
LC04778,19.858165,74.486879,Water Body,0.547,4.0,92.0,13.5
LC04779,19.81137,74.556025,Agricultural Land,0.256,15.6,0.7,5.7
LC04780,19.855401,74.597948,Grassland,0.616,1.4,1.6,0.6
LC04781,19.888784,74.378994,Urban/Built-up,0.299,13.4,6.7,95.4
LC04782,19.807335,74.357538,Grassland,0.292,0.9,8.0,14.9
LC04783,19.817938,74.585692,Grassland,0.461,1.4,5.0,2.3
LC04784,19.867203,74.354965,Agricultural Land,0.457,5.7,6.9,7.9
LC04785,19.867402,74.461678,Barren/Fallow,0.557,18.7,3.8,13.0
LC04786,19.820485,74.403982,Agricultural Land,0.558,0.2,4.6,0.1
LC04787,19.854337,74.44259,Agricultural Land,0.299,19.9,5.9,1.1
LC04788,19.860827,74.50608,Forest/Grove,0.864,52.8,5.0,8.6
LC04789,19.877512,74.533872,Urban/Built-up,0.363,17.8,6.0,70.6
LC04790,19.922057,74.354427,Forest/Grove,0.572,86.7,2.1,1.0
LC04791,19.937863,74.353974,Urban/Built-up,0.248,15.9,3.2,68.1
LC04792,19.836649,74.515854,Barren/Fallow,0.163,4.2,3.2,11.7
LC04793,19.945403,74.566181,Agricultural Land,0.231,5.8,2.9,4.3
LC04794,19.821321,74.35121,Agricultural Land,0.476,8.1,7.1,11.7
LC04795,19.884146,74.354121,Urban/Built-up,0.467,2.5,7.7,81.8
LC04796,19.810853,74.462001,Agricultural Land,0.677,12.5,1.3,13.8
LC04797,19.894864,74.460992,Urban/Built-up,0.437,0.6,4.3,75.6
LC04798,19.949988,74.358024,Urban/Built-up,0.58,0.5,5.4,65.8
LC04799,19.8153,74.599742,Barren/Fallow,0.276,19.5,6.5,1.4
LC04800,19.822684,74.431875,Grassland,0.623,9.7,2.6,10.4
LC04801,19.930729,74.503248,Barren/Fallow,0.232,11.0,4.9,8.1
LC04802,19.848393,74.584516,Agricultural Land,0.808,6.6,1.2,0.0
LC04803,19.854623,74.360164,Agricultural Land,0.293,17.3,0.6,12.0
LC04804,19.820046,74.394305,Agricultural Land,0.532,12.2,5.3,6.8
LC04805,19.916305,74.382369,Grassland,0.722,0.2,0.8,2.0
LC04806,19.913408,74.519593,Agricultural Land,0.434,17.6,4.7,12.3
LC04807,19.902598,74.469032,Agricultural Land,0.641,10.4,7.8,13.0
LC04808,19.944935,74.590583,Wetland,0.222,5.5,49.7,11.6
LC04809,19.89515,74.552627,Grassland,0.385,0.9,0.4,5.3
LC04810,19.941005,74.45798,Agricultural Land,0.41,6.6,3.9,2.4
LC04811,19.924504,74.572372,Agricultural Land,0.666,19.2,6.4,3.1
LC04812,19.94617,74.559328,Wetland,0.402,1.7,59.1,11.1
LC04813,19.877267,74.538407,Water Body,0.477,2.8,85.7,2.0
LC04814,19.895403,74.404264,Forest/Grove,0.284,54.2,0.4,2.5
LC04815,19.870621,74.567259,Urban/Built-up,0.73,3.2,6.9,61.3
LC04816,19.941435,74.474041,Water Body,0.665,13.4,70.1,7.1
LC04817,19.808452,74.557915,Wetland,0.828,13.2,29.7,3.7
LC04818,19.897709,74.392683,Water Body,0.188,8.9,90.3,3.1
LC04819,19.851544,74.353973,Agricultural Land,0.335,14.6,1.2,3.2
LC04820,19.926943,74.374116,Water Body,0.547,11.2,69.7,8.2
LC04821,19.917422,74.384024,Agricultural Land,0.781,9.5,3.3,11.5
LC04822,19.8299,74.394135,Agricultural Land,0.88,6.6,2.6,9.8
LC04823,19.90551,74.518291,Agricultural Land,0.404,18.8,6.2,8.1
LC04824,19.840049,74.407691,Agricultural Land,0.531,10.8,3.7,7.2
LC04825,19.931712,74.583546,Agricultural Land,0.45,13.2,0.1,10.7
LC04826,19.852197,74.36331,Water Body,0.906,13.7,96.5,3.7
LC04827,19.825695,74.354653,Forest/Grove,0.188,80.8,5.0,12.9
LC04828,19.947314,74.534212,Grassland,0.274,14.3,1.3,3.6
LC04829,19.876289,74.419088,Agricultural Land,0.52,13.6,3.2,11.0
LC04830,19.82055,74.406562,Urban/Built-up,0.5,8.6,0.5,90.0
LC04831,19.886586,74.467432,Barren/Fallow,0.677,3.0,6.3,7.1
LC04832,19.884338,74.392695,Agricultural Land,0.221,18.9,4.1,10.0
LC04833,19.940099,74.489589,Forest/Grove,0.543,52.8,2.3,2.4
LC04834,19.933866,74.352452,Agricultural Land,0.351,5.0,5.8,12.2
LC04835,19.833228,74.507505,Urban/Built-up,0.4,14.2,3.2,71.9
LC04836,19.800815,74.596779,Barren/Fallow,0.249,0.1,0.0,9.1
LC04837,19.899791,74.385084,Forest/Grove,0.381,67.3,0.6,7.9
LC04838,19.920443,74.478249,Grassland,0.667,9.2,1.1,13.6
LC04839,19.849492,74.416138,Forest/Grove,0.461,53.3,7.6,2.9
LC04840,19.837033,74.47922,Urban/Built-up,0.577,19.6,1.1,81.9
LC04841,19.812534,74.493986,Agricultural Land,0.528,13.5,5.9,10.9
LC04842,19.838641,74.370995,Barren/Fallow,0.314,17.0,6.3,0.5
LC04843,19.84007,74.559909,Agricultural Land,0.686,16.9,5.9,6.5
LC04844,19.920339,74.352016,Agricultural Land,0.731,15.0,3.5,4.3
LC04845,19.872641,74.498876,Agricultural Land,0.264,18.8,6.6,4.8
LC04846,19.909587,74.56396,Forest/Grove,0.849,54.5,6.9,2.0
LC04847,19.880405,74.508905,Agricultural Land,0.072,12.3,3.6,6.8
LC04848,19.813668,74.417283,Urban/Built-up,0.564,5.7,0.6,84.3
LC04849,19.90713,74.422707,Agricultural Land,0.754,15.8,0.5,13.9
LC04850,19.885145,74.474979,Grassland,0.897,14.8,4.0,13.5
LC04851,19.920514,74.570742,Water Body,0.295,14.3,81.0,0.7
LC04852,19.838121,74.475778,Agricultural Land,0.548,2.8,7.6,14.3
LC04853,19.925926,74.553513,Agricultural Land,0.939,12.3,2.0,0.8
LC04854,19.942832,74.440172,Agricultural Land,0.789,18.3,6.0,13.8
LC04855,19.924556,74.554435,Agricultural Land,0.88,3.7,6.9,8.4
LC04856,19.89154,74.435637,Urban/Built-up,0.43,18.4,1.9,81.2
LC04857,19.942686,74.592179,Water Body,0.376,15.1,81.8,10.7
LC04858,19.941316,74.354351,Urban/Built-up,0.163,13.6,0.6,97.7
LC04859,19.905181,74.519111,Agricultural Land,0.815,5.8,1.1,11.0
LC04860,19.883342,74.460823,Barren/Fallow,0.317,18.5,1.5,7.9
LC04861,19.935054,74.534523,Forest/Grove,0.443,47.6,6.8,12.7
LC04862,19.855712,74.392448,Barren/Fallow,0.773,17.5,4.8,13.2
LC04863,19.943741,74.560338,Agricultural Land,0.271,10.2,4.4,6.2
LC04864,19.860049,74.555726,Urban/Built-up,0.358,16.3,2.8,98.1
LC04865,19.804272,74.391726,Agricultural Land,0.427,19.9,0.9,9.3
LC04866,19.818319,74.575974,Barren/Fallow,0.338,19.6,3.3,0.6
LC04867,19.945499,74.456804,Urban/Built-up,0.332,7.7,0.3,66.1
LC04868,19.887481,74.509518,Barren/Fallow,0.819,14.8,0.4,14.1
LC04869,19.857808,74.518248,Agricultural Land,0.372,1.5,2.3,7.9
LC04870,19.877698,74.400193,Grassland,0.235,9.8,4.3,3.0
LC04871,19.911313,74.427903,Urban/Built-up,0.198,18.4,3.7,97.9
LC04872,19.914627,74.446873,Agricultural Land,0.703,10.9,6.4,1.6
LC04873,19.913342,74.509636,Agricultural Land,0.406,2.8,4.2,10.0
LC04874,19.890613,74.44165,Grassland,0.089,17.6,4.4,12.7
LC04875,19.949613,74.399184,Forest/Grove,0.658,81.6,7.8,10.1
LC04876,19.810136,74.543261,Forest/Grove,0.449,57.1,1.4,4.6
LC04877,19.801012,74.532025,Barren/Fallow,0.59,7.0,5.1,6.1
LC04878,19.901663,74.450443,Barren/Fallow,0.74,10.9,2.0,2.1
LC04879,19.8769,74.498426,Agricultural Land,0.396,9.5,7.4,9.7
LC04880,19.828258,74.588961,Agricultural Land,0.688,19.6,5.5,5.5
LC04881,19.91425,74.580318,Water Body,0.393,0.0,98.6,7.0
LC04882,19.878278,74.542358,Grassland,0.718,12.7,1.0,14.6
LC04883,19.837666,74.446592,Water Body,0.181,14.3,93.6,6.3
LC04884,19.820231,74.425437,Agricultural Land,0.361,5.1,1.0,13.6
LC04885,19.936762,74.483341,Grassland,0.547,5.2,2.6,10.5
LC04886,19.927002,74.507526,Barren/Fallow,0.758,6.6,6.3,13.9
LC04887,19.800118,74.423831,Agricultural Land,0.386,19.2,2.0,14.9
LC04888,19.821297,74.350954,Forest/Grove,0.862,69.2,6.8,7.6
LC04889,19.884951,74.455976,Agricultural Land,0.094,0.1,0.7,1.6
LC04890,19.850299,74.526653,Agricultural Land,0.735,13.9,5.4,10.2
LC04891,19.903141,74.520589,Agricultural Land,0.61,15.5,7.5,12.2
LC04892,19.845921,74.551267,Agricultural Land,0.204,18.9,2.6,6.4
LC04893,19.923322,74.403435,Urban/Built-up,0.556,12.3,1.3,73.9
LC04894,19.87263,74.566478,Urban/Built-up,0.624,9.9,1.8,76.4
LC04895,19.823302,74.362379,Agricultural Land,0.719,16.2,5.7,0.3
LC04896,19.882874,74.509982,Agricultural Land,0.778,6.4,7.4,9.9
LC04897,19.930811,74.41674,Agricultural Land,0.597,13.3,7.8,6.4
LC04898,19.907167,74.3971,Urban/Built-up,0.934,13.8,1.3,91.0
LC04899,19.904752,74.58014,Agricultural Land,0.589,13.1,5.6,11.8
LC04900,19.828433,74.488243,Grassland,0.377,17.4,7.3,11.5
LC04901,19.917478,74.41425,Grassland,0.739,16.1,7.5,10.1
LC04902,19.839153,74.425142,Agricultural Land,0.184,14.6,2.9,10.6
LC04903,19.840871,74.590654,Urban/Built-up,0.277,10.9,7.7,69.8
LC04904,19.840273,74.369163,Grassland,0.366,16.4,0.8,11.5
LC04905,19.923008,74.475533,Forest/Grove,0.782,77.7,3.1,0.7
LC04906,19.804981,74.43472,Agricultural Land,0.48,13.0,6.0,12.3
LC04907,19.848048,74.393993,Grassland,0.513,5.4,4.4,11.9
LC04908,19.894087,74.473723,Agricultural Land,0.767,15.6,6.8,5.3
LC04909,19.831217,74.596884,Grassland,0.443,7.3,6.2,13.7
LC04910,19.915437,74.433408,Agricultural Land,0.594,14.1,2.9,12.1
LC04911,19.932677,74.466434,Urban/Built-up,0.528,11.0,5.8,62.6
LC04912,19.881485,74.409494,Urban/Built-up,0.365,2.9,1.5,66.4
LC04913,19.874586,74.414257,Forest/Grove,0.51,86.9,1.3,9.1
LC04914,19.887289,74.387229,Agricultural Land,0.765,18.1,2.1,4.4
LC04915,19.915043,74.450174,Agricultural Land,0.781,9.4,2.4,9.6
LC04916,19.895954,74.421297,Agricultural Land,0.805,7.0,5.6,10.0
LC04917,19.92839,74.39567,Agricultural Land,0.266,9.8,5.7,7.9
LC04918,19.942968,74.466252,Agricultural Land,0.819,3.7,0.8,11.1
LC04919,19.877084,74.415651,Agricultural Land,0.156,1.2,1.6,7.5
LC04920,19.849054,74.564518,Agricultural Land,0.071,8.2,0.0,3.9
LC04921,19.94898,74.390854,Barren/Fallow,0.639,5.5,1.9,12.2
LC04922,19.874232,74.461902,Urban/Built-up,0.474,11.4,5.9,88.2
LC04923,19.931147,74.441351,Barren/Fallow,0.174,11.6,2.0,0.2
LC04924,19.831153,74.583246,Forest/Grove,0.332,52.2,2.1,15.0
LC04925,19.90552,74.358133,Urban/Built-up,0.626,5.7,5.9,98.6
LC04926,19.865398,74.466316,Agricultural Land,0.034,13.4,3.9,5.9
LC04927,19.820588,74.51858,Urban/Built-up,0.345,16.5,4.9,57.1
LC04928,19.890027,74.469005,Forest/Grove,0.828,53.9,1.9,7.9
LC04929,19.919188,74.43482,Agricultural Land,0.037,3.2,0.8,2.6
LC04930,19.947669,74.489849,Agricultural Land,0.577,2.0,2.8,2.5
LC04931,19.901497,74.37256,Agricultural Land,0.515,2.8,2.7,10.0
LC04932,19.888331,74.502539,Water Body,0.938,3.9,91.4,4.4
LC04933,19.879768,74.408333,Water Body,0.564,3.1,66.8,0.1
LC04934,19.918871,74.565475,Agricultural Land,0.386,3.6,2.5,3.0
LC04935,19.851935,74.561168,Agricultural Land,0.484,20.0,1.9,14.8
LC04936,19.865687,74.480256,Water Body,0.817,13.8,65.5,11.0
LC04937,19.929635,74.558275,Agricultural Land,0.686,0.0,3.7,9.3
LC04938,19.942573,74.360804,Forest/Grove,0.42,50.7,5.0,5.4
LC04939,19.845503,74.449011,Forest/Grove,0.473,64.7,3.4,2.8
LC04940,19.858523,74.599063,Agricultural Land,0.229,13.4,2.9,0.1
LC04941,19.929671,74.558565,Grassland,0.196,17.3,7.2,11.2
LC04942,19.933418,74.415784,Grassland,0.878,14.8,2.2,11.9
LC04943,19.868398,74.458774,Agricultural Land,0.231,13.6,4.5,6.5
LC04944,19.81989,74.591644,Wetland,0.057,13.5,46.6,9.7
LC04945,19.917576,74.58387,Urban/Built-up,0.404,15.7,5.7,50.8
LC04946,19.824396,74.477406,Forest/Grove,0.104,80.5,2.3,1.0
LC04947,19.850895,74.376145,Wetland,0.121,9.3,59.7,13.5
LC04948,19.899006,74.391458,Agricultural Land,0.198,6.8,0.0,2.2
LC04949,19.80653,74.593993,Agricultural Land,0.735,6.8,7.9,11.4
LC04950,19.812995,74.452812,Forest/Grove,0.244,58.7,1.7,1.2
LC04951,19.925312,74.508695,Water Body,0.028,16.6,61.4,1.8
LC04952,19.856041,74.393646,Agricultural Land,0.061,14.5,3.8,8.1
LC04953,19.940982,74.543214,Agricultural Land,0.364,15.4,7.2,0.5
LC04954,19.880657,74.480789,Forest/Grove,0.366,81.4,6.0,9.5
LC04955,19.906362,74.465408,Agricultural Land,0.115,13.3,4.4,0.4
LC04956,19.841377,74.365647,Agricultural Land,0.363,16.8,1.0,10.2
LC04957,19.923894,74.459109,Agricultural Land,0.663,6.5,3.4,12.6
LC04958,19.924873,74.377787,Agricultural Land,0.256,7.2,7.2,13.2
LC04959,19.8929,74.533428,Agricultural Land,0.228,15.1,4.6,11.3
LC04960,19.915273,74.421704,Urban/Built-up,0.76,16.0,0.1,96.6
LC04961,19.902343,74.44179,Grassland,0.783,17.8,5.2,5.7
LC04962,19.939256,74.566685,Agricultural Land,0.481,2.0,2.6,6.5
LC04963,19.864197,74.388167,Forest/Grove,0.67,61.9,1.2,14.6
LC04964,19.939424,74.565852,Grassland,0.215,17.8,4.1,14.3
LC04965,19.856413,74.560019,Agricultural Land,0.451,15.6,3.4,3.7
LC04966,19.829622,74.543108,Urban/Built-up,0.595,15.4,0.8,98.3
LC04967,19.945163,74.473859,Agricultural Land,0.569,13.2,4.1,3.3
LC04968,19.911633,74.400047,Grassland,0.543,15.3,0.2,8.0
LC04969,19.946489,74.404807,Forest/Grove,0.264,93.4,5.3,0.8
LC04970,19.939255,74.591561,Grassland,0.309,11.0,1.6,5.3
LC04971,19.941598,74.435023,Wetland,0.233,15.8,36.4,0.2
LC04972,19.84352,74.443279,Forest/Grove,0.276,94.9,5.5,1.9
LC04973,19.870434,74.46235,Urban/Built-up,0.036,7.1,2.4,88.3
LC04974,19.886433,74.353076,Barren/Fallow,0.707,14.1,2.2,10.1
LC04975,19.865214,74.38975,Grassland,0.802,10.8,1.2,12.9
LC04976,19.862835,74.475432,Grassland,0.4,9.2,6.8,6.1
LC04977,19.922803,74.571844,Wetland,0.217,9.7,43.3,2.1
LC04978,19.836349,74.593733,Agricultural Land,0.917,7.5,6.2,9.7
LC04979,19.813818,74.491797,Agricultural Land,0.827,5.4,1.0,12.3
LC04980,19.831079,74.543257,Grassland,0.515,5.6,1.3,7.0
LC04981,19.869552,74.382614,Grassland,0.824,17.6,2.5,11.8
LC04982,19.915497,74.58849,Grassland,0.208,9.8,5.7,9.4
LC04983,19.817753,74.402302,Wetland,0.686,16.3,56.5,0.4
LC04984,19.905539,74.588478,Water Body,0.282,8.7,94.9,7.6
LC04985,19.928533,74.437424,Agricultural Land,0.236,8.1,3.5,12.8
LC04986,19.801729,74.52256,Forest/Grove,0.392,60.9,2.4,4.1
LC04987,19.876615,74.536168,Grassland,0.279,17.8,0.7,11.0
LC04988,19.86892,74.552218,Agricultural Land,0.519,0.2,2.2,7.9
LC04989,19.804861,74.43676,Wetland,0.593,7.1,54.9,4.0
LC04990,19.942283,74.559844,Agricultural Land,0.13,13.1,1.5,0.4
LC04991,19.935102,74.487134,Agricultural Land,0.375,3.0,3.8,13.8
LC04992,19.822405,74.553734,Water Body,0.726,10.8,86.1,3.9
LC04993,19.914404,74.566892,Barren/Fallow,0.933,5.8,4.6,4.8
LC04994,19.903246,74.574098,Agricultural Land,0.865,13.9,7.5,14.8
LC04995,19.800511,74.373949,Forest/Grove,0.634,87.1,3.4,1.8
LC04996,19.908407,74.400287,Forest/Grove,0.641,83.8,6.9,4.9
LC04997,19.899885,74.475203,Agricultural Land,0.688,13.2,4.2,5.2
LC04998,19.877164,74.558574,Water Body,0.5,2.7,95.6,0.7
LC04999,19.876186,74.523122,Agricultural Land,0.774,8.7,4.1,7.9
LC05000,19.811571,74.567016,Agricultural Land,0.672,12.8,1.3,6.8
