ndvi_id,latitude,longitude,date,ndvi,vegetation_health
NDVI00001,19.862109,74.357591,2022-10-03,0.53,Healthy
NDVI00002,19.935242,74.445133,2018-06-26,0.194,Sparse
NDVI00003,19.911282,74.404336,2018-01-06,-0.118,Bare/Water
NDVI00004,19.813323,74.563239,2024-06-27,0.625,Healthy
NDVI00005,19.893855,74.584624,2018-06-26,0.182,Sparse
NDVI00006,19.846739,74.356809,2025-06-18,0.337,Moderate
NDVI00007,19.825144,74.560914,2024-11-05,0.279,Sparse
NDVI00008,19.906602,74.544811,2024-04-29,0.262,Sparse
NDVI00009,19.801547,74.514866,2017-06-12,0.15,Sparse
NDVI00010,19.809645,74.450088,2022-03-25,-0.138,Bare/Water
NDVI00011,19.875666,74.373477,2020-11-16,0.231,Sparse
NDVI00012,19.821992,74.41248,2026-03-15,-0.019,Bare/Water
NDVI00013,19.920111,74.366321,2018-08-26,0.82,Very Healthy
NDVI00014,19.932021,74.393424,2017-07-09,0.171,Sparse
NDVI00015,19.948085,74.472767,2025-04-27,0.187,Sparse
NDVI00016,19.916057,74.521189,2020-04-22,-0.094,Bare/Water
NDVI00017,19.898401,74.544001,2018-05-29,0.313,Moderate
NDVI00018,19.933142,74.582211,2026-05-27,0.343,Moderate
NDVI00019,19.916642,74.539712,2020-09-23,0.561,Healthy
NDVI00020,19.933585,74.556803,2024-10-26,0.535,Healthy
NDVI00021,19.918529,74.395929,2024-07-20,0.52,Healthy
NDVI00022,19.869302,74.564946,2023-01-13,0.108,Sparse
NDVI00023,19.874865,74.481143,2022-02-28,-0.106,Bare/Water
NDVI00024,19.8482,74.360929,2020-05-23,0.256,Sparse
NDVI00025,19.844449,74.573394,2021-02-08,0.102,Sparse
NDVI00026,19.944703,74.492626,2024-12-02,0.098,Bare/Water
NDVI00027,19.855626,74.421954,2025-12-26,0.077,Bare/Water
NDVI00028,19.820726,74.389667,2021-12-22,0.036,Bare/Water
NDVI00029,19.81417,74.445648,2022-06-25,0.449,Moderate
NDVI00030,19.874587,74.444433,2020-12-29,0.061,Bare/Water
NDVI00031,19.80312,74.391159,2024-01-18,-0.101,Bare/Water
NDVI00032,19.826626,74.446679,2024-08-12,0.34,Moderate
NDVI00033,19.850547,74.367024,2016-10-30,0.483,Moderate
NDVI00034,19.812698,74.452558,2018-08-08,0.587,Healthy
NDVI00035,19.904294,74.386441,2016-08-09,0.275,Sparse
NDVI00036,19.895758,74.551038,2021-12-21,0.032,Bare/Water
NDVI00037,19.949593,74.361299,2017-03-20,-0.124,Bare/Water
NDVI00038,19.817554,74.395544,2023-02-27,0.016,Bare/Water
NDVI00039,19.919276,74.496321,2024-10-20,0.415,Moderate
NDVI00040,19.818078,74.359357,2020-06-03,0.134,Sparse
NDVI00041,19.877858,74.48039,2025-03-26,0.006,Bare/Water
NDVI00042,19.908325,74.587525,2024-01-14,-0.154,Bare/Water
NDVI00043,19.885258,74.536599,2016-09-28,0.625,Healthy
NDVI00044,19.816858,74.37921,2018-11-23,0.386,Moderate
NDVI00045,19.928201,74.5674,2021-10-20,0.523,Healthy
NDVI00046,19.919961,74.536931,2024-10-22,0.511,Healthy
NDVI00047,19.870349,74.514695,2021-10-17,0.624,Healthy
NDVI00048,19.816763,74.566129,2024-01-21,-0.011,Bare/Water
NDVI00049,19.902218,74.475875,2018-06-22,0.321,Moderate
NDVI00050,19.816606,74.576482,2025-12-04,0.17,Sparse
NDVI00051,19.878351,74.454654,2018-07-17,0.566,Healthy
NDVI00052,19.918708,74.352497,2019-12-15,0.084,Bare/Water
NDVI00053,19.945726,74.574698,2020-04-28,-0.109,Bare/Water
NDVI00054,19.82013,74.393295,2023-05-29,0.357,Moderate
NDVI00055,19.815007,74.59375,2023-04-27,-0.255,Bare/Water
NDVI00056,19.934643,74.468171,2021-07-23,0.548,Healthy
NDVI00057,19.90304,74.597884,2024-08-29,0.611,Healthy
NDVI00058,19.809619,74.382861,2021-05-04,-0.004,Bare/Water
NDVI00059,19.810955,74.558693,2018-06-24,0.592,Healthy
NDVI00060,19.897489,74.526169,2026-03-17,-0.107,Bare/Water
NDVI00061,19.933095,74.498371,2024-10-01,0.779,Very Healthy
NDVI00062,19.862484,74.574025,2018-07-16,0.436,Moderate
NDVI00063,19.898218,74.388141,2024-10-10,0.58,Healthy
NDVI00064,19.88839,74.544989,2024-07-20,0.387,Moderate
NDVI00065,19.909054,74.359037,2024-09-18,0.467,Moderate
NDVI00066,19.897434,74.51365,2021-02-06,-0.299,Bare/Water
NDVI00067,19.933529,74.575573,2017-03-03,-0.197,Bare/Water
NDVI00068,19.842213,74.570509,2024-10-29,0.291,Sparse
NDVI00069,19.84911,74.548992,2020-05-11,0.306,Moderate
NDVI00070,19.842361,74.574335,2024-02-15,-0.239,Bare/Water
NDVI00071,19.847706,74.511282,2024-12-25,-0.048,Bare/Water
NDVI00072,19.837843,74.350875,2024-05-08,0.238,Sparse
NDVI00073,19.820769,74.496893,2016-10-08,0.472,Moderate
NDVI00074,19.868901,74.460686,2022-02-12,0.03,Bare/Water
NDVI00075,19.805213,74.577286,2024-02-07,0.112,Sparse
NDVI00076,19.898489,74.536352,2016-12-21,0.085,Bare/Water
NDVI00077,19.834272,74.508674,2023-12-24,0.095,Bare/Water
NDVI00078,19.81536,74.472544,2022-03-03,0.04,Bare/Water
NDVI00079,19.889515,74.535795,2022-03-30,0.118,Sparse
NDVI00080,19.933671,74.393471,2019-09-19,0.398,Moderate
NDVI00081,19.857182,74.462283,2017-07-12,0.775,Very Healthy
NDVI00082,19.915135,74.360317,2026-02-06,0.062,Bare/Water
NDVI00083,19.894127,74.351804,2022-06-29,0.407,Moderate
NDVI00084,19.815536,74.429729,2017-10-15,0.339,Moderate
NDVI00085,19.867429,74.585537,2018-01-10,-0.153,Bare/Water
NDVI00086,19.923798,74.438118,2024-02-04,-0.089,Bare/Water
NDVI00087,19.929993,74.48421,2021-05-07,-0.011,Bare/Water
NDVI00088,19.935376,74.54107,2025-03-06,0.02,Bare/Water
NDVI00089,19.80006,74.352986,2019-05-15,0.066,Bare/Water
NDVI00090,19.821394,74.464445,2023-08-05,0.467,Moderate
NDVI00091,19.801697,74.575139,2020-11-12,0.37,Moderate
NDVI00092,19.857012,74.589475,2023-05-20,0.31,Moderate
NDVI00093,19.949714,74.474303,2016-10-07,0.501,Healthy
NDVI00094,19.888333,74.528159,2019-09-20,0.647,Healthy
NDVI00095,19.846235,74.487664,2024-01-04,0.266,Sparse
NDVI00096,19.912043,74.557605,2022-12-24,0.276,Sparse
NDVI00097,19.824305,74.413935,2018-03-30,0.056,Bare/Water
NDVI00098,19.93173,74.362725,2021-12-28,0.075,Bare/Water
NDVI00099,19.806404,74.464282,2019-04-25,-0.018,Bare/Water
NDVI00100,19.840834,74.426549,2022-06-01,0.213,Sparse
NDVI00101,19.915849,74.597894,2024-10-30,0.277,Sparse
NDVI00102,19.884984,74.589325,2019-03-06,0.191,Sparse
NDVI00103,19.832847,74.479782,2023-10-10,0.419,Moderate
NDVI00104,19.835747,74.419339,2017-12-05,0.186,Sparse
NDVI00105,19.906644,74.472451,2021-05-28,0.166,Sparse
NDVI00106,19.944645,74.44474,2019-07-19,0.437,Moderate
NDVI00107,19.930675,74.35478,2023-12-13,0.482,Moderate
NDVI00108,19.933798,74.366829,2020-07-20,0.557,Healthy
NDVI00109,19.915798,74.558786,2020-10-14,0.55,Healthy
NDVI00110,19.927722,74.358659,2025-07-10,0.459,Moderate
NDVI00111,19.839327,74.405894,2025-06-21,0.393,Moderate
NDVI00112,19.929578,74.568719,2025-02-28,-0.256,Bare/Water
NDVI00113,19.805994,74.448822,2018-08-17,0.684,Healthy
NDVI00114,19.944813,74.516494,2021-11-03,0.133,Sparse
NDVI00115,19.930513,74.466322,2023-03-03,-0.096,Bare/Water
NDVI00116,19.900068,74.524721,2022-03-10,0.007,Bare/Water
NDVI00117,19.925632,74.426189,2018-11-26,0.426,Moderate
NDVI00118,19.839407,74.365332,2024-03-02,0.179,Sparse
NDVI00119,19.9254,74.397233,2019-09-13,0.57,Healthy
NDVI00120,19.887318,74.456947,2019-07-28,0.605,Healthy
NDVI00121,19.867315,74.587371,2024-08-01,0.485,Moderate
NDVI00122,19.948229,74.544326,2019-12-12,0.384,Moderate
NDVI00123,19.869406,74.430847,2025-12-29,0.089,Bare/Water
NDVI00124,19.856244,74.529279,2025-01-16,-0.105,Bare/Water
NDVI00125,19.871791,74.351314,2020-01-10,-0.184,Bare/Water
NDVI00126,19.900095,74.407737,2022-10-06,0.514,Healthy
NDVI00127,19.910844,74.361166,2026-01-25,-0.031,Bare/Water
NDVI00128,19.896588,74.461337,2019-12-19,-0.052,Bare/Water
NDVI00129,19.824254,74.589052,2021-11-01,0.472,Moderate
NDVI00130,19.896575,74.357321,2017-06-09,0.369,Moderate
NDVI00131,19.822177,74.515775,2021-05-14,0.011,Bare/Water
NDVI00132,19.821754,74.57114,2020-06-02,0.257,Sparse
NDVI00133,19.86334,74.381522,2024-07-03,0.608,Healthy
NDVI00134,19.901418,74.396056,2024-11-15,0.429,Moderate
NDVI00135,19.825079,74.360806,2020-03-12,-0.201,Bare/Water
NDVI00136,19.874422,74.449122,2026-02-16,0.254,Sparse
NDVI00137,19.825515,74.450978,2018-02-01,-0.148,Bare/Water
NDVI00138,19.804064,74.51141,2023-06-30,0.296,Sparse
NDVI00139,19.949699,74.415305,2021-01-28,-0.269,Bare/Water
NDVI00140,19.919243,74.526167,2023-11-03,0.465,Moderate
NDVI00141,19.875311,74.360847,2019-12-23,-0.042,Bare/Water
NDVI00142,19.928242,74.526084,2021-11-29,0.363,Moderate
NDVI00143,19.819809,74.513507,2016-08-25,0.549,Healthy
NDVI00144,19.906409,74.505786,2018-04-10,0.213,Sparse
NDVI00145,19.870627,74.475065,2017-12-14,0.148,Sparse
NDVI00146,19.903241,74.443554,2023-09-23,0.669,Healthy
NDVI00147,19.818281,74.548664,2018-06-21,0.186,Sparse
NDVI00148,19.892626,74.563978,2022-01-25,-0.277,Bare/Water
NDVI00149,19.865953,74.408234,2021-12-20,0.32,Moderate
NDVI00150,19.925151,74.595436,2023-10-21,0.539,Healthy
NDVI00151,19.882293,74.543543,2026-01-27,-0.144,Bare/Water
NDVI00152,19.920938,74.474873,2022-07-25,0.726,Very Healthy
NDVI00153,19.818115,74.567037,2022-03-15,-0.129,Bare/Water
NDVI00154,19.85127,74.553624,2019-04-10,-0.079,Bare/Water
NDVI00155,19.853612,74.403076,2019-10-04,0.385,Moderate
NDVI00156,19.836352,74.595597,2024-02-19,-0.036,Bare/Water
NDVI00157,19.834033,74.511697,2024-10-16,0.305,Moderate
NDVI00158,19.924388,74.54904,2024-10-27,0.293,Sparse
NDVI00159,19.946998,74.477911,2022-06-14,0.084,Bare/Water
NDVI00160,19.836744,74.592019,2018-03-21,-0.085,Bare/Water
NDVI00161,19.897513,74.434113,2025-02-20,-0.187,Bare/Water
NDVI00162,19.813563,74.449685,2025-08-18,0.405,Moderate
NDVI00163,19.860669,74.425862,2021-03-09,-0.135,Bare/Water
NDVI00164,19.866034,74.369238,2017-04-28,0.052,Bare/Water
NDVI00165,19.908337,74.518922,2023-04-05,-0.165,Bare/Water
NDVI00166,19.868189,74.384798,2025-09-27,0.426,Moderate
NDVI00167,19.817085,74.436302,2020-10-01,0.598,Healthy
NDVI00168,19.872157,74.510051,2021-01-25,0.088,Bare/Water
NDVI00169,19.931375,74.430071,2021-05-20,0.146,Sparse
NDVI00170,19.897351,74.475052,2018-09-02,0.621,Healthy
NDVI00171,19.943801,74.374121,2024-06-24,0.509,Healthy
NDVI00172,19.87381,74.562214,2016-08-12,0.73,Very Healthy
NDVI00173,19.930304,74.583163,2017-11-20,0.194,Sparse
NDVI00174,19.898127,74.596052,2020-12-15,0.239,Sparse
NDVI00175,19.929979,74.434618,2024-05-14,0.154,Sparse
NDVI00176,19.933474,74.557381,2021-03-24,-0.075,Bare/Water
NDVI00177,19.812162,74.410637,2024-04-22,-0.086,Bare/Water
NDVI00178,19.900817,74.455584,2017-01-07,0.286,Sparse
NDVI00179,19.898711,74.533649,2019-07-10,0.508,Healthy
NDVI00180,19.835471,74.431431,2026-06-12,0.166,Sparse
NDVI00181,19.87433,74.534368,2020-09-03,0.446,Moderate
NDVI00182,19.855406,74.54364,2021-07-09,0.404,Moderate
NDVI00183,19.870225,74.453714,2019-04-28,0.254,Sparse
NDVI00184,19.822004,74.394931,2024-02-26,-0.318,Bare/Water
NDVI00185,19.866553,74.572668,2024-08-27,0.5,Healthy
NDVI00186,19.929979,74.494485,2026-07-25,0.418,Moderate
NDVI00187,19.865438,74.351433,2026-05-01,0.194,Sparse
NDVI00188,19.939822,74.465166,2022-07-05,0.377,Moderate
NDVI00189,19.908854,74.433828,2016-10-17,0.365,Moderate
NDVI00190,19.822765,74.384076,2026-07-11,0.591,Healthy
NDVI00191,19.897079,74.57915,2018-06-30,0.284,Sparse
NDVI00192,19.882537,74.570927,2023-09-19,0.355,Moderate
NDVI00193,19.843837,74.463599,2023-03-18,0.174,Sparse
NDVI00194,19.92492,74.350634,2025-05-04,0.22,Sparse
NDVI00195,19.905356,74.471878,2019-06-09,0.26,Sparse
NDVI00196,19.948604,74.354454,2022-07-24,0.595,Healthy
NDVI00197,19.806081,74.530072,2024-05-30,0.215,Sparse
NDVI00198,19.899445,74.393566,2017-03-31,0.088,Bare/Water
NDVI00199,19.9223,74.498946,2026-04-30,-0.224,Bare/Water
NDVI00200,19.944659,74.440073,2024-01-22,0.0,Bare/Water
NDVI00201,19.880365,74.453976,2023-12-22,0.178,Sparse
NDVI00202,19.876408,74.536668,2022-02-19,0.238,Sparse
NDVI00203,19.877842,74.462286,2023-03-25,-0.302,Bare/Water
NDVI00204,19.903175,74.386078,2020-06-05,0.311,Moderate
NDVI00205,19.822078,74.47872,2024-12-24,-0.023,Bare/Water
NDVI00206,19.824629,74.42974,2017-02-17,-0.028,Bare/Water
NDVI00207,19.874768,74.464215,2023-06-30,0.291,Sparse
NDVI00208,19.940326,74.355355,2024-02-22,-0.105,Bare/Water
NDVI00209,19.837195,74.461817,2023-01-04,-0.028,Bare/Water
NDVI00210,19.880831,74.475888,2021-06-18,0.523,Healthy
NDVI00211,19.883266,74.432938,2020-05-09,0.14,Sparse
NDVI00212,19.84248,74.528858,2024-07-15,0.481,Moderate
NDVI00213,19.899033,74.38072,2019-12-07,0.216,Sparse
NDVI00214,19.847302,74.35851,2017-07-15,0.48,Moderate
NDVI00215,19.943037,74.554846,2023-03-10,-0.059,Bare/Water
NDVI00216,19.947137,74.549124,2022-05-19,0.203,Sparse
NDVI00217,19.836535,74.377327,2018-11-03,0.372,Moderate
NDVI00218,19.824634,74.437966,2017-03-26,-0.158,Bare/Water
NDVI00219,19.825872,74.387324,2023-09-07,0.592,Healthy
NDVI00220,19.827113,74.539218,2025-04-10,0.094,Bare/Water
NDVI00221,19.817799,74.576011,2023-05-04,0.117,Sparse
NDVI00222,19.949374,74.486018,2016-12-28,0.2,Sparse
NDVI00223,19.900198,74.575574,2025-07-22,0.659,Healthy
NDVI00224,19.821693,74.571799,2018-07-16,0.548,Healthy
NDVI00225,19.87052,74.404314,2018-06-15,0.157,Sparse
NDVI00226,19.869501,74.484583,2022-03-08,-0.041,Bare/Water
NDVI00227,19.82827,74.408533,2017-07-13,0.634,Healthy
NDVI00228,19.918049,74.547196,2025-05-08,0.344,Moderate
NDVI00229,19.861734,74.41643,2025-09-22,0.859,Very Healthy
NDVI00230,19.899524,74.439231,2026-06-26,0.503,Healthy
NDVI00231,19.871717,74.356112,2017-01-03,0.098,Bare/Water
NDVI00232,19.942151,74.549075,2023-08-08,0.679,Healthy
NDVI00233,19.910262,74.516692,2023-07-15,0.625,Healthy
NDVI00234,19.904919,74.426458,2017-04-10,-0.177,Bare/Water
NDVI00235,19.928951,74.443047,2017-11-24,0.146,Sparse
NDVI00236,19.870222,74.441899,2021-04-03,0.049,Bare/Water
NDVI00237,19.9438,74.583212,2024-11-27,0.292,Sparse
NDVI00238,19.824971,74.416133,2023-12-25,-0.041,Bare/Water
NDVI00239,19.914184,74.434228,2017-06-17,0.208,Sparse
NDVI00240,19.86343,74.416674,2018-06-03,0.346,Moderate
NDVI00241,19.854129,74.448672,2025-07-31,0.479,Moderate
NDVI00242,19.944109,74.387077,2023-08-03,0.438,Moderate
NDVI00243,19.818887,74.376842,2023-04-03,-0.083,Bare/Water
NDVI00244,19.900877,74.530345,2023-09-24,0.711,Very Healthy
NDVI00245,19.935626,74.579708,2025-11-07,0.51,Healthy
NDVI00246,19.820879,74.367014,2023-05-28,0.136,Sparse
NDVI00247,19.835027,74.370038,2024-02-22,-0.163,Bare/Water
NDVI00248,19.900935,74.482357,2024-09-02,0.421,Moderate
NDVI00249,19.88542,74.511522,2018-01-29,-0.226,Bare/Water
NDVI00250,19.851184,74.519568,2022-08-29,0.451,Moderate
NDVI00251,19.946181,74.477008,2020-03-07,-0.026,Bare/Water
NDVI00252,19.912618,74.566498,2025-05-04,0.147,Sparse
NDVI00253,19.840866,74.443268,2023-01-08,-0.014,Bare/Water
NDVI00254,19.822156,74.529186,2021-10-20,0.449,Moderate
NDVI00255,19.808064,74.5882,2018-10-28,0.404,Moderate
NDVI00256,19.900552,74.354985,2018-05-26,0.21,Sparse
NDVI00257,19.805057,74.544889,2021-05-22,0.25,Sparse
NDVI00258,19.938958,74.550949,2016-08-31,0.567,Healthy
NDVI00259,19.870904,74.529338,2017-08-26,0.722,Very Healthy
NDVI00260,19.937128,74.572506,2025-10-16,0.451,Moderate
NDVI00261,19.803828,74.49263,2025-11-28,0.368,Moderate
NDVI00262,19.871219,74.420376,2016-11-22,0.186,Sparse
NDVI00263,19.891842,74.390578,2025-08-23,0.63,Healthy
NDVI00264,19.806568,74.526298,2017-01-16,-0.027,Bare/Water
NDVI00265,19.841417,74.493381,2022-10-28,0.595,Healthy
NDVI00266,19.913358,74.517191,2026-01-20,-0.042,Bare/Water
NDVI00267,19.871107,74.373816,2018-12-26,0.305,Moderate
NDVI00268,19.803084,74.453614,2017-12-04,0.383,Moderate
NDVI00269,19.820007,74.370399,2017-04-15,-0.057,Bare/Water
NDVI00270,19.819471,74.467119,2017-05-15,0.11,Sparse
NDVI00271,19.80635,74.451413,2022-09-10,0.588,Healthy
NDVI00272,19.878137,74.510579,2019-07-15,0.483,Moderate
NDVI00273,19.868986,74.545981,2018-10-26,0.46,Moderate
NDVI00274,19.853698,74.482884,2020-10-24,0.395,Moderate
NDVI00275,19.821814,74.538138,2018-08-22,0.723,Very Healthy
NDVI00276,19.929624,74.449097,2023-12-26,0.097,Bare/Water
NDVI00277,19.931269,74.462935,2018-09-19,0.716,Very Healthy
NDVI00278,19.852926,74.546891,2023-12-25,0.117,Sparse
NDVI00279,19.883298,74.399324,2018-07-10,0.403,Moderate
NDVI00280,19.895213,74.352316,2020-03-29,-0.071,Bare/Water
NDVI00281,19.803762,74.503495,2019-02-13,0.146,Sparse
NDVI00282,19.919148,74.458157,2016-08-13,0.473,Moderate
NDVI00283,19.846713,74.462362,2020-08-20,0.338,Moderate
NDVI00284,19.913658,74.528285,2019-02-13,-0.005,Bare/Water
NDVI00285,19.933364,74.44044,2026-01-04,-0.039,Bare/Water
NDVI00286,19.926112,74.373359,2024-12-06,0.06,Bare/Water
NDVI00287,19.923266,74.573229,2024-06-25,0.521,Healthy
NDVI00288,19.822108,74.3712,2022-10-28,0.519,Healthy
NDVI00289,19.884198,74.369944,2019-05-13,0.13,Sparse
NDVI00290,19.897193,74.586602,2020-04-12,0.014,Bare/Water
NDVI00291,19.822893,74.558593,2022-08-03,0.597,Healthy
NDVI00292,19.847992,74.5108,2025-04-21,0.01,Bare/Water
NDVI00293,19.881838,74.586511,2023-09-18,0.607,Healthy
NDVI00294,19.91191,74.386904,2021-11-13,0.318,Moderate
NDVI00295,19.86894,74.440227,2023-08-02,0.493,Moderate
NDVI00296,19.896516,74.355765,2022-04-07,-0.136,Bare/Water
NDVI00297,19.852959,74.393135,2021-11-02,0.331,Moderate
NDVI00298,19.868655,74.589256,2017-08-01,0.555,Healthy
NDVI00299,19.839054,74.55477,2023-08-12,0.603,Healthy
NDVI00300,19.908886,74.404144,2024-01-12,-0.034,Bare/Water
NDVI00301,19.827348,74.361707,2021-05-09,0.435,Moderate
NDVI00302,19.8356,74.475185,2019-07-08,0.48,Moderate
NDVI00303,19.878307,74.514594,2019-07-22,0.715,Very Healthy
NDVI00304,19.812299,74.548671,2019-05-29,0.074,Bare/Water
NDVI00305,19.888297,74.474345,2022-07-25,0.559,Healthy
NDVI00306,19.875555,74.488225,2019-12-26,0.189,Sparse
NDVI00307,19.865546,74.372132,2026-03-22,-0.063,Bare/Water
NDVI00308,19.923246,74.563132,2018-11-21,0.33,Moderate
NDVI00309,19.83765,74.572402,2025-03-25,-0.064,Bare/Water
NDVI00310,19.941511,74.589626,2021-12-27,0.052,Bare/Water
NDVI00311,19.887454,74.587493,2022-10-03,0.595,Healthy
NDVI00312,19.920795,74.506446,2018-10-31,0.583,Healthy
NDVI00313,19.885369,74.554394,2024-11-23,0.177,Sparse
NDVI00314,19.879705,74.587406,2022-08-04,0.718,Very Healthy
NDVI00315,19.817972,74.382656,2019-06-14,0.152,Sparse
NDVI00316,19.82427,74.564964,2023-05-12,0.347,Moderate
NDVI00317,19.859065,74.524868,2022-08-01,0.518,Healthy
NDVI00318,19.916697,74.445166,2025-10-31,0.402,Moderate
NDVI00319,19.805099,74.446659,2022-08-20,0.52,Healthy
NDVI00320,19.926839,74.54826,2019-05-05,0.303,Moderate
NDVI00321,19.937284,74.510181,2026-05-13,0.319,Moderate
NDVI00322,19.845249,74.532324,2026-05-12,0.211,Sparse
NDVI00323,19.809474,74.50128,2021-01-13,0.0,Bare/Water
NDVI00324,19.871679,74.576973,2021-05-21,0.221,Sparse
NDVI00325,19.802183,74.433239,2024-11-05,0.518,Healthy
NDVI00326,19.936253,74.514668,2019-06-03,0.032,Bare/Water
NDVI00327,19.808765,74.475157,2021-01-31,0.052,Bare/Water
NDVI00328,19.916132,74.50262,2021-01-07,0.105,Sparse
NDVI00329,19.829897,74.434814,2022-06-30,0.477,Moderate
NDVI00330,19.816079,74.505275,2025-04-21,0.186,Sparse
NDVI00331,19.840127,74.592298,2021-04-28,0.029,Bare/Water
NDVI00332,19.807958,74.550402,2018-09-22,0.728,Very Healthy
NDVI00333,19.812031,74.463966,2022-01-11,-0.121,Bare/Water
NDVI00334,19.80834,74.567377,2024-04-01,-0.259,Bare/Water
NDVI00335,19.833949,74.564291,2017-04-06,-0.181,Bare/Water
NDVI00336,19.856852,74.47326,2021-12-27,-0.029,Bare/Water
NDVI00337,19.936077,74.495555,2019-05-19,0.571,Healthy
NDVI00338,19.801755,74.529664,2017-09-27,0.765,Very Healthy
NDVI00339,19.809442,74.527472,2017-06-19,0.319,Moderate
NDVI00340,19.926045,74.38513,2020-10-25,0.395,Moderate
NDVI00341,19.83777,74.567479,2021-04-19,0.003,Bare/Water
NDVI00342,19.887045,74.397421,2026-06-29,0.384,Moderate
NDVI00343,19.879941,74.513035,2019-10-03,0.38,Moderate
NDVI00344,19.862699,74.370687,2025-03-19,-0.199,Bare/Water
NDVI00345,19.892788,74.411632,2026-01-22,0.039,Bare/Water
NDVI00346,19.81449,74.438544,2016-11-20,0.394,Moderate
NDVI00347,19.900926,74.481391,2022-06-17,0.234,Sparse
NDVI00348,19.867815,74.483463,2018-06-24,0.534,Healthy
NDVI00349,19.836535,74.576487,2025-03-09,-0.142,Bare/Water
NDVI00350,19.803575,74.352978,2020-02-07,-0.017,Bare/Water
NDVI00351,19.852398,74.441321,2019-06-07,0.228,Sparse
NDVI00352,19.944754,74.435122,2019-04-15,-0.004,Bare/Water
NDVI00353,19.940461,74.545584,2024-09-04,0.743,Very Healthy
NDVI00354,19.938773,74.459241,2016-12-16,0.214,Sparse
NDVI00355,19.930143,74.411357,2026-07-22,0.388,Moderate
NDVI00356,19.839447,74.505054,2026-02-04,-0.21,Bare/Water
NDVI00357,19.94167,74.377867,2020-02-10,-0.207,Bare/Water
NDVI00358,19.824566,74.514733,2017-12-22,0.231,Sparse
NDVI00359,19.825922,74.400919,2020-03-01,-0.158,Bare/Water
NDVI00360,19.896355,74.436952,2018-09-19,0.46,Moderate
NDVI00361,19.917997,74.375977,2021-06-25,0.417,Moderate
NDVI00362,19.877455,74.369493,2023-07-01,0.287,Sparse
NDVI00363,19.828042,74.389266,2024-08-06,0.501,Healthy
NDVI00364,19.832415,74.57858,2025-12-23,0.051,Bare/Water
NDVI00365,19.876598,74.549309,2024-06-29,0.388,Moderate
NDVI00366,19.837133,74.484402,2018-06-10,0.216,Sparse
NDVI00367,19.825411,74.392818,2024-08-19,0.729,Very Healthy
NDVI00368,19.84304,74.510891,2018-08-15,0.62,Healthy
NDVI00369,19.872056,74.534569,2023-05-01,0.254,Sparse
NDVI00370,19.888447,74.521361,2022-12-21,0.004,Bare/Water
NDVI00371,19.842563,74.533596,2018-10-28,0.267,Sparse
NDVI00372,19.877402,74.385831,2022-08-04,0.628,Healthy
NDVI00373,19.84786,74.467305,2023-09-18,0.56,Healthy
NDVI00374,19.896835,74.547091,2019-09-10,0.714,Very Healthy
NDVI00375,19.803103,74.55103,2018-12-11,0.023,Bare/Water
NDVI00376,19.818473,74.354038,2022-04-11,0.23,Sparse
NDVI00377,19.833781,74.466735,2019-05-09,0.149,Sparse
NDVI00378,19.894746,74.554199,2024-04-27,-0.017,Bare/Water
NDVI00379,19.821631,74.389645,2025-08-17,0.683,Healthy
NDVI00380,19.948367,74.452849,2026-02-20,-0.109,Bare/Water
NDVI00381,19.949156,74.479265,2023-11-01,0.133,Sparse
NDVI00382,19.900004,74.516259,2025-09-13,0.628,Healthy
NDVI00383,19.860592,74.561817,2021-09-05,0.653,Healthy
NDVI00384,19.929643,74.513878,2021-05-07,0.096,Bare/Water
NDVI00385,19.870154,74.432619,2018-06-17,0.405,Moderate
NDVI00386,19.828178,74.424086,2021-09-18,0.776,Very Healthy
NDVI00387,19.86816,74.504595,2024-06-11,0.42,Moderate
NDVI00388,19.914746,74.578027,2022-11-30,0.164,Sparse
NDVI00389,19.914968,74.374647,2022-05-12,0.4,Moderate
NDVI00390,19.923266,74.57004,2016-08-06,0.527,Healthy
NDVI00391,19.944578,74.574337,2016-08-06,0.801,Very Healthy
NDVI00392,19.807781,74.51781,2018-06-28,0.239,Sparse
NDVI00393,19.894923,74.587708,2021-12-22,0.145,Sparse
NDVI00394,19.855313,74.393354,2026-04-22,0.181,Sparse
NDVI00395,19.866458,74.587388,2024-09-27,0.733,Very Healthy
NDVI00396,19.848919,74.566613,2025-06-06,0.15,Sparse
NDVI00397,19.862005,74.452545,2023-03-14,-0.024,Bare/Water
NDVI00398,19.894199,74.431699,2024-03-25,-0.109,Bare/Water
NDVI00399,19.840115,74.437934,2017-01-10,-0.105,Bare/Water
NDVI00400,19.829938,74.432859,2016-12-31,0.016,Bare/Water
NDVI00401,19.934167,74.399074,2020-06-10,0.244,Sparse
NDVI00402,19.882614,74.591733,2018-02-18,-0.225,Bare/Water
NDVI00403,19.895001,74.461056,2024-10-17,0.354,Moderate
NDVI00404,19.869209,74.360693,2019-01-24,-0.111,Bare/Water
NDVI00405,19.86073,74.467942,2019-08-29,0.633,Healthy
NDVI00406,19.905131,74.533621,2020-12-15,0.394,Moderate
NDVI00407,19.882701,74.479831,2022-01-12,-0.205,Bare/Water
NDVI00408,19.918396,74.455905,2021-04-12,0.024,Bare/Water
NDVI00409,19.929096,74.383496,2019-07-02,0.381,Moderate
NDVI00410,19.926434,74.551227,2021-03-07,-0.314,Bare/Water
NDVI00411,19.805823,74.481794,2026-04-09,-0.018,Bare/Water
NDVI00412,19.879599,74.541698,2024-12-23,0.077,Bare/Water
NDVI00413,19.911455,74.527379,2022-08-29,0.368,Moderate
NDVI00414,19.935471,74.356393,2024-11-02,0.486,Moderate
NDVI00415,19.895463,74.513961,2026-05-29,0.377,Moderate
NDVI00416,19.829702,74.455444,2024-05-17,-0.093,Bare/Water
NDVI00417,19.85855,74.486144,2024-01-21,-0.23,Bare/Water
NDVI00418,19.854103,74.458597,2025-06-06,0.233,Sparse
NDVI00419,19.913984,74.513799,2022-06-06,0.205,Sparse
NDVI00420,19.810306,74.45861,2017-12-11,0.332,Moderate
NDVI00421,19.813538,74.421818,2019-11-22,0.344,Moderate
NDVI00422,19.847594,74.435252,2021-10-18,0.336,Moderate
NDVI00423,19.857913,74.569731,2021-12-27,0.054,Bare/Water
NDVI00424,19.879857,74.396739,2019-03-03,-0.274,Bare/Water
NDVI00425,19.923266,74.485342,2024-03-14,-0.371,Bare/Water
NDVI00426,19.946337,74.376429,2020-03-11,-0.3,Bare/Water
NDVI00427,19.861324,74.434473,2026-07-20,0.282,Sparse
NDVI00428,19.866132,74.527088,2025-07-20,0.453,Moderate
NDVI00429,19.827909,74.365012,2022-09-14,0.414,Moderate
NDVI00430,19.844816,74.571721,2025-05-11,0.314,Moderate
NDVI00431,19.939463,74.515907,2023-09-09,0.615,Healthy
NDVI00432,19.927946,74.450095,2023-04-03,-0.222,Bare/Water
NDVI00433,19.883809,74.578667,2024-04-30,0.246,Sparse
NDVI00434,19.845894,74.497889,2021-09-06,0.82,Very Healthy
NDVI00435,19.929866,74.53087,2025-03-30,-0.055,Bare/Water
NDVI00436,19.937135,74.416353,2022-05-24,0.084,Bare/Water
NDVI00437,19.880205,74.525113,2025-07-06,0.64,Healthy
NDVI00438,19.881018,74.350526,2017-07-09,0.297,Sparse
NDVI00439,19.941176,74.386658,2024-02-10,-0.157,Bare/Water
NDVI00440,19.858997,74.408377,2019-07-20,0.436,Moderate
NDVI00441,19.928489,74.381137,2018-04-16,-0.234,Bare/Water
NDVI00442,19.838419,74.433304,2017-03-20,-0.284,Bare/Water
NDVI00443,19.927389,74.397246,2025-04-12,0.004,Bare/Water
NDVI00444,19.863817,74.565264,2022-09-16,0.793,Very Healthy
NDVI00445,19.861764,74.599011,2018-08-20,0.548,Healthy
NDVI00446,19.888786,74.548575,2024-12-27,0.007,Bare/Water
NDVI00447,19.883252,74.481087,2024-03-31,-0.077,Bare/Water
NDVI00448,19.866415,74.45936,2016-10-08,0.519,Healthy
NDVI00449,19.802348,74.482432,2018-05-11,0.323,Moderate
NDVI00450,19.911839,74.457281,2021-11-24,0.177,Sparse
NDVI00451,19.83926,74.571722,2017-12-15,-0.024,Bare/Water
NDVI00452,19.872865,74.497445,2024-11-22,0.215,Sparse
NDVI00453,19.892731,74.568933,2024-09-12,0.601,Healthy
NDVI00454,19.825295,74.527793,2024-05-01,0.101,Sparse
NDVI00455,19.807822,74.353836,2020-08-23,0.589,Healthy
NDVI00456,19.926123,74.481712,2020-12-15,0.081,Bare/Water
NDVI00457,19.857186,74.432953,2021-01-01,0.08,Bare/Water
NDVI00458,19.875821,74.358323,2018-12-26,-0.053,Bare/Water
NDVI00459,19.894874,74.515032,2020-07-31,0.77,Very Healthy
NDVI00460,19.861701,74.439025,2026-06-25,0.24,Sparse
NDVI00461,19.934895,74.382678,2016-09-12,0.601,Healthy
NDVI00462,19.863374,74.572047,2026-01-27,-0.02,Bare/Water
NDVI00463,19.872907,74.563648,2017-05-14,0.107,Sparse
NDVI00464,19.813024,74.494803,2017-09-12,0.689,Healthy
NDVI00465,19.910025,74.567303,2022-03-20,-0.063,Bare/Water
NDVI00466,19.823209,74.436533,2021-05-21,0.075,Bare/Water
NDVI00467,19.82703,74.562363,2018-01-05,-0.114,Bare/Water
NDVI00468,19.841652,74.496615,2022-08-21,0.76,Very Healthy
NDVI00469,19.916426,74.393167,2023-07-14,0.309,Moderate
NDVI00470,19.882184,74.54345,2020-07-11,0.304,Moderate
NDVI00471,19.928855,74.39284,2018-07-05,0.377,Moderate
NDVI00472,19.874929,74.52192,2020-02-24,-0.37,Bare/Water
NDVI00473,19.910975,74.515864,2020-01-21,0.024,Bare/Water
NDVI00474,19.849582,74.489372,2017-09-30,0.737,Very Healthy
NDVI00475,19.894507,74.532272,2024-04-30,0.233,Sparse
NDVI00476,19.925502,74.533073,2020-04-22,0.035,Bare/Water
NDVI00477,19.89228,74.398297,2020-01-18,0.231,Sparse
NDVI00478,19.886651,74.379836,2022-07-31,0.479,Moderate
NDVI00479,19.878127,74.399221,2022-04-16,-0.112,Bare/Water
NDVI00480,19.878102,74.477149,2026-08-01,0.558,Healthy
NDVI00481,19.865365,74.418324,2021-02-02,0.201,Sparse
NDVI00482,19.926412,74.57629,2025-01-08,0.305,Moderate
NDVI00483,19.835155,74.527838,2016-10-17,0.349,Moderate
NDVI00484,19.936711,74.507084,2020-10-28,0.349,Moderate
NDVI00485,19.843289,74.405751,2016-10-08,0.6,Healthy
NDVI00486,19.881683,74.474709,2025-06-11,0.235,Sparse
NDVI00487,19.914599,74.588107,2023-10-14,0.722,Very Healthy
NDVI00488,19.910322,74.360826,2025-04-25,-0.006,Bare/Water
NDVI00489,19.932032,74.578084,2023-08-22,0.665,Healthy
NDVI00490,19.826883,74.386908,2019-04-11,-0.06,Bare/Water
NDVI00491,19.834759,74.487495,2022-03-22,-0.146,Bare/Water
NDVI00492,19.902927,74.517795,2025-10-28,0.499,Moderate
NDVI00493,19.819528,74.487564,2026-06-11,0.34,Moderate
NDVI00494,19.910636,74.585506,2017-01-06,0.314,Moderate
NDVI00495,19.911936,74.543935,2020-03-15,-0.025,Bare/Water
NDVI00496,19.885853,74.418062,2018-04-17,0.016,Bare/Water
NDVI00497,19.919213,74.448009,2018-01-03,-0.272,Bare/Water
NDVI00498,19.930975,74.40926,2021-02-16,-0.157,Bare/Water
NDVI00499,19.902995,74.596469,2024-07-26,0.784,Very Healthy
NDVI00500,19.908735,74.381096,2025-02-09,-0.296,Bare/Water
NDVI00501,19.83293,74.414375,2021-09-01,0.606,Healthy
NDVI00502,19.860326,74.367608,2020-11-12,0.417,Moderate
NDVI00503,19.889296,74.481268,2022-02-14,-0.04,Bare/Water
NDVI00504,19.927256,74.564058,2017-09-13,0.502,Healthy
NDVI00505,19.843201,74.4967,2016-10-23,0.276,Sparse
NDVI00506,19.892005,74.593009,2017-12-28,0.183,Sparse
NDVI00507,19.811743,74.565979,2024-10-12,0.415,Moderate
NDVI00508,19.899031,74.370334,2019-11-26,0.153,Sparse
NDVI00509,19.870583,74.350838,2023-10-08,0.544,Healthy
NDVI00510,19.874369,74.520678,2021-10-22,0.364,Moderate
NDVI00511,19.904746,74.440987,2023-12-24,0.297,Sparse
NDVI00512,19.943729,74.592138,2017-11-23,0.397,Moderate
NDVI00513,19.860145,74.379625,2024-04-06,-0.158,Bare/Water
NDVI00514,19.824828,74.393924,2022-06-05,0.072,Bare/Water
NDVI00515,19.830621,74.352613,2024-03-08,-0.131,Bare/Water
NDVI00516,19.844602,74.56673,2020-11-13,0.305,Moderate
NDVI00517,19.858146,74.394335,2019-04-05,0.029,Bare/Water
NDVI00518,19.857594,74.477186,2025-03-20,-0.128,Bare/Water
NDVI00519,19.857021,74.369082,2026-08-07,0.713,Very Healthy
NDVI00520,19.818004,74.523451,2019-11-18,0.174,Sparse
NDVI00521,19.832875,74.352875,2024-08-19,0.829,Very Healthy
NDVI00522,19.845678,74.54664,2017-02-05,-0.212,Bare/Water
NDVI00523,19.891633,74.485709,2026-03-09,-0.096,Bare/Water
NDVI00524,19.937729,74.54094,2018-08-18,0.497,Moderate
NDVI00525,19.818631,74.442676,2018-08-02,0.589,Healthy
NDVI00526,19.938053,74.580637,2026-07-07,0.541,Healthy
NDVI00527,19.846395,74.370281,2018-03-15,-0.093,Bare/Water
NDVI00528,19.929149,74.467681,2021-07-23,0.601,Healthy
NDVI00529,19.808857,74.377683,2019-06-14,0.406,Moderate
NDVI00530,19.814951,74.391295,2019-02-23,-0.148,Bare/Water
NDVI00531,19.839211,74.511505,2023-07-27,0.497,Moderate
NDVI00532,19.808356,74.443705,2023-07-28,0.577,Healthy
NDVI00533,19.927879,74.422606,2023-03-02,-0.215,Bare/Water
NDVI00534,19.904316,74.450862,2019-11-10,0.404,Moderate
NDVI00535,19.844889,74.437657,2023-08-07,0.38,Moderate
NDVI00536,19.946626,74.55409,2018-01-07,-0.118,Bare/Water
NDVI00537,19.945559,74.474104,2021-08-01,0.752,Very Healthy
NDVI00538,19.892125,74.406569,2020-12-27,0.365,Moderate
NDVI00539,19.907713,74.365951,2021-08-08,0.678,Healthy
NDVI00540,19.918259,74.420559,2019-06-14,0.379,Moderate
NDVI00541,19.818354,74.556932,2016-12-07,0.1,Sparse
NDVI00542,19.814342,74.385103,2019-03-29,-0.023,Bare/Water
NDVI00543,19.833672,74.484811,2025-10-23,0.318,Moderate
NDVI00544,19.947803,74.46776,2018-12-06,0.414,Moderate
NDVI00545,19.893153,74.579744,2020-08-10,0.585,Healthy
NDVI00546,19.801483,74.408212,2024-10-28,0.105,Sparse
NDVI00547,19.857635,74.561332,2025-03-28,0.076,Bare/Water
NDVI00548,19.804664,74.523262,2026-05-23,0.321,Moderate
NDVI00549,19.88962,74.532415,2022-06-01,0.33,Moderate
NDVI00550,19.949672,74.411763,2021-12-26,0.222,Sparse
NDVI00551,19.805196,74.424518,2018-02-20,-0.099,Bare/Water
NDVI00552,19.948571,74.505752,2018-01-24,-0.051,Bare/Water
NDVI00553,19.823481,74.510887,2025-11-16,0.267,Sparse
NDVI00554,19.806718,74.532129,2025-10-08,0.506,Healthy
NDVI00555,19.896121,74.4402,2021-04-29,0.11,Sparse
NDVI00556,19.858656,74.557535,2020-01-30,-0.109,Bare/Water
NDVI00557,19.86439,74.570103,2026-01-26,0.082,Bare/Water
NDVI00558,19.858855,74.530725,2017-11-24,0.194,Sparse
NDVI00559,19.891005,74.562278,2023-05-04,0.238,Sparse
NDVI00560,19.831942,74.40581,2020-10-10,0.535,Healthy
NDVI00561,19.868049,74.374135,2023-12-30,0.108,Sparse
NDVI00562,19.842027,74.562461,2025-09-24,0.593,Healthy
NDVI00563,19.932927,74.399823,2020-12-20,-0.147,Bare/Water
NDVI00564,19.837039,74.524179,2026-06-24,0.23,Sparse
NDVI00565,19.880638,74.445686,2025-07-10,0.442,Moderate
NDVI00566,19.834851,74.544314,2024-08-24,0.655,Healthy
NDVI00567,19.860335,74.581735,2017-03-17,-0.003,Bare/Water
NDVI00568,19.84067,74.554039,2024-03-08,-0.001,Bare/Water
NDVI00569,19.850641,74.396801,2017-11-06,0.346,Moderate
NDVI00570,19.834286,74.460799,2021-12-16,0.396,Moderate
NDVI00571,19.94307,74.475123,2020-06-09,0.218,Sparse
NDVI00572,19.888172,74.395894,2019-07-29,0.574,Healthy
NDVI00573,19.813443,74.542099,2023-02-25,-0.027,Bare/Water
NDVI00574,19.936913,74.35281,2024-02-09,-0.127,Bare/Water
NDVI00575,19.841841,74.419787,2017-12-01,0.221,Sparse
NDVI00576,19.803973,74.585944,2025-12-27,0.06,Bare/Water
NDVI00577,19.892645,74.358691,2024-12-16,0.113,Sparse
NDVI00578,19.948854,74.350568,2021-10-19,0.667,Healthy
NDVI00579,19.875769,74.358375,2016-11-06,0.54,Healthy
NDVI00580,19.825455,74.565847,2024-10-01,0.547,Healthy
NDVI00581,19.940113,74.583566,2021-06-06,0.27,Sparse
NDVI00582,19.881407,74.591908,2016-12-21,0.214,Sparse
NDVI00583,19.879582,74.488884,2026-04-21,-0.059,Bare/Water
NDVI00584,19.896841,74.546406,2019-11-25,0.165,Sparse
NDVI00585,19.804169,74.547792,2017-03-16,0.025,Bare/Water
NDVI00586,19.843773,74.442584,2022-12-03,0.028,Bare/Water
NDVI00587,19.935599,74.475511,2018-09-21,0.574,Healthy
NDVI00588,19.946809,74.583315,2018-01-12,0.19,Sparse
NDVI00589,19.829883,74.481792,2019-05-15,0.302,Moderate
NDVI00590,19.949734,74.500551,2018-01-23,-0.181,Bare/Water
NDVI00591,19.910943,74.529101,2020-02-04,-0.214,Bare/Water
NDVI00592,19.901016,74.520966,2022-09-01,0.622,Healthy
NDVI00593,19.871242,74.502179,2020-01-13,0.017,Bare/Water
NDVI00594,19.926042,74.400181,2021-02-24,-0.115,Bare/Water
NDVI00595,19.896041,74.489163,2024-09-09,0.84,Very Healthy
NDVI00596,19.930561,74.380269,2023-06-18,0.28,Sparse
NDVI00597,19.920356,74.448429,2023-07-19,0.585,Healthy
NDVI00598,19.835556,74.450255,2025-07-27,0.414,Moderate
NDVI00599,19.919321,74.359457,2018-02-11,0.033,Bare/Water
NDVI00600,19.807491,74.391215,2025-05-29,0.172,Sparse
NDVI00601,19.822111,74.597997,2020-08-29,0.413,Moderate
NDVI00602,19.907925,74.584601,2023-11-26,0.228,Sparse
NDVI00603,19.811011,74.596166,2018-01-03,-0.185,Bare/Water
NDVI00604,19.877496,74.492647,2024-04-22,0.017,Bare/Water
NDVI00605,19.837594,74.427936,2025-07-14,0.549,Healthy
NDVI00606,19.844969,74.551195,2019-10-05,0.569,Healthy
NDVI00607,19.900453,74.477084,2017-02-27,0.082,Bare/Water
NDVI00608,19.942092,74.490143,2024-12-29,0.155,Sparse
NDVI00609,19.896154,74.585988,2021-07-03,0.323,Moderate
NDVI00610,19.827588,74.566838,2019-04-15,0.053,Bare/Water
NDVI00611,19.940981,74.572551,2022-11-10,0.466,Moderate
NDVI00612,19.888681,74.384088,2017-07-06,0.481,Moderate
NDVI00613,19.841543,74.384625,2024-11-13,0.142,Sparse
NDVI00614,19.800544,74.546945,2017-08-24,0.647,Healthy
NDVI00615,19.885587,74.384457,2019-03-17,-0.124,Bare/Water
NDVI00616,19.89784,74.571164,2021-07-24,0.612,Healthy
NDVI00617,19.860903,74.423881,2022-02-14,-0.031,Bare/Water
NDVI00618,19.815838,74.441221,2020-12-24,0.314,Moderate
NDVI00619,19.924556,74.512179,2024-05-31,0.222,Sparse
NDVI00620,19.866833,74.549975,2023-04-18,-0.074,Bare/Water
NDVI00621,19.825107,74.377084,2019-05-21,0.248,Sparse
NDVI00622,19.879403,74.556879,2017-03-31,-0.305,Bare/Water
NDVI00623,19.938282,74.356824,2019-06-22,0.366,Moderate
NDVI00624,19.886196,74.575651,2017-02-11,-0.076,Bare/Water
NDVI00625,19.919564,74.505566,2024-09-13,0.681,Healthy
NDVI00626,19.859992,74.513381,2024-10-21,0.774,Very Healthy
NDVI00627,19.877254,74.4496,2025-08-22,0.621,Healthy
NDVI00628,19.819706,74.494281,2021-03-21,0.017,Bare/Water
NDVI00629,19.90046,74.469456,2024-02-26,-0.003,Bare/Water
NDVI00630,19.820042,74.543068,2026-03-20,-0.201,Bare/Water
NDVI00631,19.932075,74.482246,2020-04-23,0.174,Sparse
NDVI00632,19.848724,74.59435,2023-10-06,0.595,Healthy
NDVI00633,19.822125,74.46613,2024-12-31,-0.024,Bare/Water
NDVI00634,19.831703,74.508632,2022-05-23,0.357,Moderate
NDVI00635,19.832455,74.374907,2024-05-31,0.266,Sparse
NDVI00636,19.916411,74.484492,2021-11-23,0.063,Bare/Water
NDVI00637,19.870293,74.446329,2021-03-29,0.069,Bare/Water
NDVI00638,19.833939,74.591705,2021-11-14,0.49,Moderate
NDVI00639,19.894844,74.495941,2017-04-20,0.096,Bare/Water
NDVI00640,19.924776,74.493681,2022-11-17,0.361,Moderate
NDVI00641,19.899576,74.503247,2021-05-23,-0.026,Bare/Water
NDVI00642,19.910071,74.396,2022-11-27,0.174,Sparse
NDVI00643,19.874166,74.441296,2024-01-06,0.251,Sparse
NDVI00644,19.835505,74.377455,2017-10-20,0.448,Moderate
NDVI00645,19.804703,74.391935,2019-08-31,0.755,Very Healthy
NDVI00646,19.874804,74.578419,2017-08-05,0.535,Healthy
NDVI00647,19.846236,74.360351,2017-12-19,0.194,Sparse
NDVI00648,19.80484,74.528762,2025-12-04,0.059,Bare/Water
NDVI00649,19.885646,74.51143,2022-04-23,0.058,Bare/Water
NDVI00650,19.896442,74.402373,2022-03-16,-0.017,Bare/Water
NDVI00651,19.855649,74.581583,2016-09-27,0.607,Healthy
NDVI00652,19.802395,74.579615,2025-07-04,0.666,Healthy
NDVI00653,19.862489,74.481223,2021-01-29,-0.03,Bare/Water
NDVI00654,19.892681,74.380037,2019-10-06,0.585,Healthy
NDVI00655,19.851852,74.449413,2016-08-29,0.449,Moderate
NDVI00656,19.919705,74.397742,2017-04-14,0.122,Sparse
NDVI00657,19.837118,74.532266,2022-06-05,0.437,Moderate
NDVI00658,19.838036,74.551982,2021-03-11,-0.153,Bare/Water
NDVI00659,19.889369,74.482808,2026-06-28,0.62,Healthy
NDVI00660,19.933387,74.39952,2022-05-27,0.114,Sparse
NDVI00661,19.905355,74.363377,2025-10-22,0.587,Healthy
NDVI00662,19.942378,74.492745,2019-01-08,0.43,Moderate
NDVI00663,19.858444,74.433224,2020-02-19,-0.072,Bare/Water
NDVI00664,19.822821,74.390775,2022-06-30,0.525,Healthy
NDVI00665,19.911589,74.386212,2017-07-14,0.387,Moderate
NDVI00666,19.850453,74.536557,2026-06-29,0.267,Sparse
NDVI00667,19.920144,74.538964,2023-04-14,-0.074,Bare/Water
NDVI00668,19.942156,74.379569,2024-02-14,-0.119,Bare/Water
NDVI00669,19.811616,74.59167,2023-08-10,0.474,Moderate
NDVI00670,19.825188,74.372812,2020-07-06,0.616,Healthy
NDVI00671,19.81841,74.357658,2022-06-08,0.165,Sparse
NDVI00672,19.824149,74.411495,2020-12-16,0.076,Bare/Water
NDVI00673,19.902159,74.519683,2018-06-11,0.314,Moderate
NDVI00674,19.828101,74.546772,2024-11-11,0.591,Healthy
NDVI00675,19.934292,74.367637,2019-05-19,0.294,Sparse
NDVI00676,19.869578,74.567868,2024-07-18,0.365,Moderate
NDVI00677,19.913145,74.368148,2026-06-25,0.446,Moderate
NDVI00678,19.929898,74.387229,2025-07-26,0.611,Healthy
NDVI00679,19.93757,74.478704,2020-02-15,-0.171,Bare/Water
NDVI00680,19.909096,74.39129,2022-10-04,0.437,Moderate
NDVI00681,19.847508,74.417013,2024-08-12,0.552,Healthy
NDVI00682,19.92729,74.594088,2021-06-04,0.314,Moderate
NDVI00683,19.919444,74.563838,2024-10-11,0.518,Healthy
NDVI00684,19.890718,74.579146,2024-01-05,-0.017,Bare/Water
NDVI00685,19.829797,74.447198,2019-11-18,0.47,Moderate
NDVI00686,19.882995,74.478777,2023-08-19,0.59,Healthy
NDVI00687,19.863154,74.439046,2024-01-06,0.181,Sparse
NDVI00688,19.808103,74.539442,2022-02-27,-0.163,Bare/Water
NDVI00689,19.928894,74.379714,2016-12-24,0.154,Sparse
NDVI00690,19.829844,74.536728,2026-02-03,-0.058,Bare/Water
NDVI00691,19.836629,74.556241,2023-06-24,0.529,Healthy
NDVI00692,19.948349,74.590082,2018-04-24,-0.028,Bare/Water
NDVI00693,19.925818,74.405934,2019-03-17,0.067,Bare/Water
NDVI00694,19.856466,74.444337,2020-05-13,0.258,Sparse
NDVI00695,19.900732,74.594821,2018-11-25,0.259,Sparse
NDVI00696,19.830618,74.420069,2017-05-24,0.204,Sparse
NDVI00697,19.936809,74.53188,2025-10-18,0.562,Healthy
NDVI00698,19.812521,74.356464,2018-09-13,0.556,Healthy
NDVI00699,19.940804,74.387463,2021-10-22,0.41,Moderate
NDVI00700,19.922317,74.456613,2020-06-14,0.422,Moderate
NDVI00701,19.895035,74.458777,2023-04-23,-0.056,Bare/Water
NDVI00702,19.856088,74.54832,2023-03-21,-0.188,Bare/Water
NDVI00703,19.940796,74.386951,2024-10-23,0.52,Healthy
NDVI00704,19.925296,74.525835,2026-01-13,-0.179,Bare/Water
NDVI00705,19.913974,74.421182,2024-10-31,0.309,Moderate
NDVI00706,19.877522,74.477982,2022-07-21,0.47,Moderate
NDVI00707,19.876633,74.431664,2023-05-11,0.053,Bare/Water
NDVI00708,19.934197,74.434147,2022-08-09,0.462,Moderate
NDVI00709,19.937113,74.475062,2023-12-09,0.035,Bare/Water
NDVI00710,19.829902,74.577203,2018-03-25,-0.202,Bare/Water
NDVI00711,19.85939,74.436966,2020-11-11,0.402,Moderate
NDVI00712,19.806398,74.450004,2020-01-28,-0.103,Bare/Water
NDVI00713,19.821708,74.540178,2021-05-05,-0.099,Bare/Water
NDVI00714,19.879921,74.580675,2023-03-26,-0.105,Bare/Water
NDVI00715,19.815814,74.584168,2025-08-11,0.498,Moderate
NDVI00716,19.888928,74.397863,2024-02-06,-0.05,Bare/Water
NDVI00717,19.946276,74.474778,2021-11-21,0.173,Sparse
NDVI00718,19.86014,74.475916,2020-11-09,0.35,Moderate
NDVI00719,19.821691,74.568381,2022-02-22,-0.196,Bare/Water
NDVI00720,19.857819,74.442528,2024-04-26,0.251,Sparse
NDVI00721,19.871057,74.53554,2024-04-26,-0.058,Bare/Water
NDVI00722,19.831263,74.371267,2021-02-08,-0.105,Bare/Water
NDVI00723,19.922196,74.599892,2021-01-20,0.07,Bare/Water
NDVI00724,19.843933,74.381762,2017-02-20,-0.183,Bare/Water
NDVI00725,19.880435,74.581304,2025-01-06,0.037,Bare/Water
NDVI00726,19.803526,74.483057,2021-06-22,0.445,Moderate
NDVI00727,19.848966,74.497874,2017-02-11,-0.244,Bare/Water
NDVI00728,19.920565,74.381726,2019-03-09,-0.198,Bare/Water
NDVI00729,19.948387,74.454891,2021-06-27,0.378,Moderate
NDVI00730,19.939844,74.464527,2023-03-20,0.061,Bare/Water
NDVI00731,19.860881,74.432168,2017-09-03,0.865,Very Healthy
NDVI00732,19.83476,74.592478,2017-05-17,0.247,Sparse
NDVI00733,19.924048,74.373627,2020-11-15,0.368,Moderate
NDVI00734,19.939211,74.50625,2018-06-16,0.412,Moderate
NDVI00735,19.939399,74.369035,2019-08-31,0.571,Healthy
NDVI00736,19.942189,74.599456,2020-04-29,0.021,Bare/Water
NDVI00737,19.85869,74.53672,2025-02-08,0.153,Sparse
NDVI00738,19.817179,74.419149,2025-07-21,0.222,Sparse
NDVI00739,19.822336,74.471315,2018-04-24,0.054,Bare/Water
NDVI00740,19.927718,74.467654,2020-05-23,0.449,Moderate
NDVI00741,19.885699,74.426646,2026-04-26,0.013,Bare/Water
NDVI00742,19.93833,74.408236,2024-09-29,0.593,Healthy
NDVI00743,19.899082,74.488867,2025-06-10,0.097,Bare/Water
NDVI00744,19.839348,74.568692,2022-02-08,-0.046,Bare/Water
NDVI00745,19.832645,74.357063,2024-06-17,0.553,Healthy
NDVI00746,19.835861,74.374889,2019-03-23,0.023,Bare/Water
NDVI00747,19.88302,74.459115,2025-09-29,0.483,Moderate
NDVI00748,19.854944,74.369355,2019-06-30,0.523,Healthy
NDVI00749,19.875498,74.523542,2017-09-21,0.678,Healthy
NDVI00750,19.851513,74.459786,2021-05-09,0.263,Sparse
NDVI00751,19.925476,74.433439,2023-02-01,0.029,Bare/Water
NDVI00752,19.821557,74.565305,2025-10-12,0.592,Healthy
NDVI00753,19.92435,74.485061,2022-07-22,0.511,Healthy
NDVI00754,19.822195,74.469521,2020-08-31,0.628,Healthy
NDVI00755,19.871188,74.560133,2023-09-04,0.683,Healthy
NDVI00756,19.94022,74.479863,2025-07-09,0.487,Moderate
NDVI00757,19.905193,74.350427,2020-07-20,0.316,Moderate
NDVI00758,19.867877,74.593872,2019-08-27,0.526,Healthy
NDVI00759,19.842075,74.439652,2021-03-23,-0.148,Bare/Water
NDVI00760,19.886179,74.56097,2022-09-20,0.691,Healthy
NDVI00761,19.803326,74.595513,2017-07-15,0.629,Healthy
NDVI00762,19.823807,74.395211,2023-05-15,0.138,Sparse
NDVI00763,19.896118,74.542163,2020-08-06,0.759,Very Healthy
NDVI00764,19.857179,74.531989,2019-01-23,0.058,Bare/Water
NDVI00765,19.83157,74.455798,2019-03-17,0.104,Sparse
NDVI00766,19.907304,74.58083,2018-02-17,0.056,Bare/Water
NDVI00767,19.809317,74.360132,2023-12-02,0.116,Sparse
NDVI00768,19.91876,74.451102,2020-01-08,0.001,Bare/Water
NDVI00769,19.839767,74.37712,2018-03-16,-0.024,Bare/Water
NDVI00770,19.935444,74.536167,2019-05-12,0.229,Sparse
NDVI00771,19.887712,74.452295,2018-11-17,0.395,Moderate
NDVI00772,19.923826,74.599596,2017-11-30,0.283,Sparse
NDVI00773,19.931858,74.584459,2026-05-03,0.057,Bare/Water
NDVI00774,19.943472,74.470617,2016-08-25,0.458,Moderate
NDVI00775,19.906555,74.479501,2016-10-10,0.445,Moderate
NDVI00776,19.884702,74.483304,2024-07-25,0.269,Sparse
NDVI00777,19.838483,74.450991,2020-08-28,0.713,Very Healthy
NDVI00778,19.837279,74.385941,2017-06-16,0.51,Healthy
NDVI00779,19.858103,74.58456,2021-03-09,-0.088,Bare/Water
NDVI00780,19.929888,74.484955,2018-08-20,0.489,Moderate
NDVI00781,19.902385,74.596951,2023-10-03,0.616,Healthy
NDVI00782,19.86507,74.386406,2022-02-13,0.0,Bare/Water
NDVI00783,19.800524,74.58344,2023-04-21,-0.103,Bare/Water
NDVI00784,19.92735,74.359707,2024-01-11,-0.062,Bare/Water
NDVI00785,19.875205,74.462456,2024-07-18,0.44,Moderate
NDVI00786,19.945681,74.483982,2022-03-24,-0.168,Bare/Water
NDVI00787,19.858706,74.477517,2017-11-05,0.333,Moderate
NDVI00788,19.870084,74.413961,2025-09-12,0.489,Moderate
NDVI00789,19.847328,74.366897,2022-09-23,0.533,Healthy
NDVI00790,19.855178,74.36616,2020-06-19,0.52,Healthy
NDVI00791,19.870136,74.459124,2020-02-06,-0.172,Bare/Water
NDVI00792,19.930108,74.362006,2023-04-23,0.007,Bare/Water
NDVI00793,19.874956,74.423253,2020-01-09,-0.083,Bare/Water
NDVI00794,19.805929,74.567913,2022-02-02,-0.092,Bare/Water
NDVI00795,19.899052,74.447058,2019-05-27,0.154,Sparse
NDVI00796,19.938848,74.5647,2026-04-20,-0.101,Bare/Water
NDVI00797,19.889482,74.496526,2019-06-05,0.115,Sparse
NDVI00798,19.853676,74.544987,2024-03-14,-0.118,Bare/Water
NDVI00799,19.833025,74.449909,2020-04-09,-0.097,Bare/Water
NDVI00800,19.88449,74.487321,2018-06-19,0.564,Healthy
NDVI00801,19.866961,74.42756,2018-04-17,0.049,Bare/Water
NDVI00802,19.86728,74.426012,2025-03-24,-0.312,Bare/Water
NDVI00803,19.923906,74.485789,2026-05-02,0.041,Bare/Water
NDVI00804,19.90392,74.455182,2018-06-17,0.312,Moderate
NDVI00805,19.891875,74.388025,2020-01-16,-0.055,Bare/Water
NDVI00806,19.853747,74.378356,2023-01-14,-0.084,Bare/Water
NDVI00807,19.882642,74.548105,2022-09-24,0.418,Moderate
NDVI00808,19.92533,74.575975,2024-03-21,0.116,Sparse
NDVI00809,19.851556,74.508023,2017-02-18,0.021,Bare/Water
NDVI00810,19.890582,74.469991,2022-07-19,0.506,Healthy
NDVI00811,19.902624,74.360022,2026-05-14,0.078,Bare/Water
NDVI00812,19.824232,74.570428,2017-06-09,0.208,Sparse
NDVI00813,19.85384,74.477933,2025-02-14,-0.041,Bare/Water
NDVI00814,19.864915,74.486276,2024-09-08,0.492,Moderate
NDVI00815,19.878121,74.410532,2023-01-28,0.12,Sparse
NDVI00816,19.829101,74.369919,2018-03-12,-0.049,Bare/Water
NDVI00817,19.86229,74.510743,2017-11-01,0.445,Moderate
NDVI00818,19.923377,74.367784,2017-06-19,0.493,Moderate
NDVI00819,19.836086,74.443364,2019-05-10,0.057,Bare/Water
NDVI00820,19.933158,74.485314,2020-04-02,0.009,Bare/Water
NDVI00821,19.890201,74.586792,2020-01-28,-0.058,Bare/Water
NDVI00822,19.886015,74.488187,2023-03-04,-0.221,Bare/Water
NDVI00823,19.841526,74.428173,2024-05-20,0.155,Sparse
NDVI00824,19.872024,74.50236,2016-09-16,0.621,Healthy
NDVI00825,19.802393,74.532668,2017-05-24,0.16,Sparse
NDVI00826,19.863091,74.370391,2022-07-22,0.369,Moderate
NDVI00827,19.89219,74.385606,2021-10-05,0.659,Healthy
NDVI00828,19.935512,74.555016,2025-04-24,0.026,Bare/Water
NDVI00829,19.900205,74.452099,2020-04-12,-0.192,Bare/Water
NDVI00830,19.852904,74.414029,2022-12-31,0.07,Bare/Water
NDVI00831,19.849256,74.52009,2020-10-15,0.672,Healthy
NDVI00832,19.850362,74.515883,2019-03-27,0.063,Bare/Water
NDVI00833,19.849173,74.352788,2022-08-14,0.553,Healthy
NDVI00834,19.855482,74.594839,2025-04-24,0.098,Bare/Water
NDVI00835,19.818897,74.56459,2022-04-02,-0.004,Bare/Water
NDVI00836,19.949312,74.456441,2018-03-01,-0.083,Bare/Water
NDVI00837,19.907997,74.351169,2020-01-05,-0.107,Bare/Water
NDVI00838,19.910145,74.529235,2017-09-11,0.606,Healthy
NDVI00839,19.848937,74.460288,2017-01-12,0.159,Sparse
NDVI00840,19.859096,74.374434,2019-01-04,0.107,Sparse
NDVI00841,19.812796,74.435797,2020-07-31,0.593,Healthy
NDVI00842,19.842234,74.502721,2021-02-25,0.059,Bare/Water
NDVI00843,19.829529,74.472093,2025-05-26,0.408,Moderate
NDVI00844,19.877035,74.426132,2017-10-19,0.579,Healthy
NDVI00845,19.926617,74.526586,2018-11-18,0.304,Moderate
NDVI00846,19.874902,74.546143,2022-08-02,0.495,Moderate
NDVI00847,19.925434,74.366124,2017-01-01,-0.015,Bare/Water
NDVI00848,19.881322,74.414927,2019-07-07,0.54,Healthy
NDVI00849,19.826019,74.35979,2023-02-27,-0.101,Bare/Water
NDVI00850,19.899458,74.430094,2018-09-09,0.72,Very Healthy
NDVI00851,19.879072,74.43905,2023-11-03,0.257,Sparse
NDVI00852,19.933409,74.536063,2024-07-19,0.501,Healthy
NDVI00853,19.802017,74.387852,2017-12-24,0.325,Moderate
NDVI00854,19.909979,74.593669,2023-02-21,-0.185,Bare/Water
NDVI00855,19.882774,74.537288,2020-05-17,0.176,Sparse
NDVI00856,19.847883,74.388542,2025-05-07,0.269,Sparse
NDVI00857,19.924169,74.460932,2022-10-11,0.424,Moderate
NDVI00858,19.802222,74.5411,2023-06-16,0.306,Moderate
NDVI00859,19.930533,74.420108,2021-05-09,0.182,Sparse
NDVI00860,19.83577,74.553213,2020-03-02,-0.032,Bare/Water
NDVI00861,19.860649,74.389221,2024-11-22,0.243,Sparse
NDVI00862,19.835594,74.50554,2020-04-03,0.018,Bare/Water
NDVI00863,19.924644,74.440319,2023-09-20,0.582,Healthy
NDVI00864,19.911064,74.40764,2023-01-16,0.014,Bare/Water
NDVI00865,19.847472,74.518844,2024-07-26,0.501,Healthy
NDVI00866,19.842668,74.519687,2025-04-11,-0.026,Bare/Water
NDVI00867,19.944604,74.437828,2026-07-16,0.616,Healthy
NDVI00868,19.867597,74.350299,2024-12-23,-0.182,Bare/Water
NDVI00869,19.945391,74.454357,2025-11-15,0.346,Moderate
NDVI00870,19.931447,74.546139,2024-05-02,-0.145,Bare/Water
NDVI00871,19.830141,74.536004,2023-05-27,0.192,Sparse
NDVI00872,19.913807,74.528548,2019-06-23,0.486,Moderate
NDVI00873,19.948317,74.442244,2019-01-30,-0.133,Bare/Water
NDVI00874,19.915296,74.510304,2024-09-18,0.693,Healthy
NDVI00875,19.939404,74.466978,2021-05-20,0.153,Sparse
NDVI00876,19.860094,74.356996,2019-02-18,-0.106,Bare/Water
NDVI00877,19.851204,74.390412,2018-11-24,0.173,Sparse
NDVI00878,19.913241,74.539512,2021-09-04,0.451,Moderate
NDVI00879,19.924147,74.438036,2018-06-26,0.4,Moderate
NDVI00880,19.924207,74.463354,2020-09-27,0.649,Healthy
NDVI00881,19.921561,74.430656,2020-05-06,0.073,Bare/Water
NDVI00882,19.882484,74.387799,2024-08-07,0.672,Healthy
NDVI00883,19.93827,74.476582,2018-08-19,0.612,Healthy
NDVI00884,19.891332,74.385465,2021-07-25,0.512,Healthy
NDVI00885,19.894763,74.438985,2019-01-24,0.032,Bare/Water
NDVI00886,19.862269,74.367704,2023-01-29,-0.105,Bare/Water
NDVI00887,19.867692,74.584666,2021-11-12,0.32,Moderate
NDVI00888,19.810261,74.519545,2024-07-19,0.414,Moderate
NDVI00889,19.876455,74.411212,2016-11-21,0.271,Sparse
NDVI00890,19.874752,74.402311,2020-04-01,-0.098,Bare/Water
NDVI00891,19.90057,74.442721,2017-10-04,0.368,Moderate
NDVI00892,19.807354,74.531653,2026-01-12,-0.124,Bare/Water
NDVI00893,19.866304,74.401883,2023-10-23,0.429,Moderate
NDVI00894,19.867888,74.570956,2024-07-05,0.456,Moderate
NDVI00895,19.893334,74.398505,2024-03-03,-0.126,Bare/Water
NDVI00896,19.901333,74.441688,2025-08-19,0.851,Very Healthy
NDVI00897,19.868355,74.469323,2017-06-01,0.301,Moderate
NDVI00898,19.918263,74.553031,2020-06-05,0.398,Moderate
NDVI00899,19.817571,74.37846,2024-12-29,0.09,Bare/Water
NDVI00900,19.832515,74.498359,2024-04-04,-0.009,Bare/Water
NDVI00901,19.938841,74.455054,2024-12-21,0.272,Sparse
NDVI00902,19.821576,74.50914,2024-06-09,0.259,Sparse
NDVI00903,19.901925,74.560587,2022-11-28,0.132,Sparse
NDVI00904,19.883739,74.367564,2026-07-12,0.477,Moderate
NDVI00905,19.931284,74.511169,2021-12-02,0.146,Sparse
NDVI00906,19.864924,74.528459,2018-12-30,0.047,Bare/Water
NDVI00907,19.915664,74.374604,2023-08-01,0.439,Moderate
NDVI00908,19.93869,74.529032,2023-12-20,0.143,Sparse
NDVI00909,19.937309,74.521892,2023-11-11,0.381,Moderate
NDVI00910,19.838547,74.537419,2023-07-16,0.162,Sparse
NDVI00911,19.892091,74.529065,2022-03-12,-0.231,Bare/Water
NDVI00912,19.905819,74.457851,2019-07-13,0.363,Moderate
NDVI00913,19.840532,74.491857,2021-06-18,0.176,Sparse
NDVI00914,19.883845,74.416024,2022-03-09,-0.266,Bare/Water
NDVI00915,19.877579,74.385785,2020-09-14,0.6,Healthy
NDVI00916,19.918116,74.549216,2023-11-26,0.28,Sparse
NDVI00917,19.850737,74.419887,2024-02-20,-0.116,Bare/Water
NDVI00918,19.931418,74.542228,2017-10-21,0.565,Healthy
NDVI00919,19.846576,74.363481,2020-09-13,0.615,Healthy
NDVI00920,19.821226,74.578009,2017-05-15,0.146,Sparse
NDVI00921,19.833077,74.567856,2020-10-07,0.674,Healthy
NDVI00922,19.879595,74.38813,2022-11-05,0.586,Healthy
NDVI00923,19.887126,74.505519,2022-07-04,0.489,Moderate
NDVI00924,19.80951,74.584424,2022-06-25,0.305,Moderate
NDVI00925,19.886678,74.537263,2018-01-05,0.127,Sparse
NDVI00926,19.85633,74.372232,2018-06-16,0.534,Healthy
NDVI00927,19.807661,74.499558,2018-11-14,0.272,Sparse
NDVI00928,19.858713,74.53745,2024-06-11,0.228,Sparse
NDVI00929,19.911,74.389403,2021-05-16,0.197,Sparse
NDVI00930,19.827265,74.513323,2018-06-20,0.455,Moderate
NDVI00931,19.937919,74.570988,2018-10-01,0.722,Very Healthy
NDVI00932,19.801993,74.434145,2024-11-17,0.374,Moderate
NDVI00933,19.90879,74.443058,2016-10-17,0.389,Moderate
NDVI00934,19.811798,74.418119,2018-08-28,0.634,Healthy
NDVI00935,19.882468,74.547643,2017-11-03,0.382,Moderate
NDVI00936,19.82084,74.363089,2023-05-30,0.477,Moderate
NDVI00937,19.870591,74.552874,2017-10-02,0.623,Healthy
NDVI00938,19.896458,74.506099,2023-09-10,0.462,Moderate
NDVI00939,19.889984,74.404132,2025-08-29,0.651,Healthy
NDVI00940,19.916792,74.516496,2018-02-08,0.004,Bare/Water
NDVI00941,19.8814,74.47416,2019-09-10,0.754,Very Healthy
NDVI00942,19.912525,74.446697,2020-05-11,0.218,Sparse
NDVI00943,19.850338,74.597188,2023-06-17,0.306,Moderate
NDVI00944,19.914264,74.41682,2024-09-11,0.42,Moderate
NDVI00945,19.904331,74.524563,2024-07-06,0.483,Moderate
NDVI00946,19.924079,74.410614,2017-05-17,0.428,Moderate
NDVI00947,19.869565,74.441836,2024-05-29,0.319,Moderate
NDVI00948,19.807554,74.441373,2024-09-24,0.705,Very Healthy
NDVI00949,19.812032,74.489798,2023-09-15,0.628,Healthy
NDVI00950,19.878256,74.466577,2020-04-04,-0.109,Bare/Water
NDVI00951,19.927347,74.388988,2022-04-13,-0.11,Bare/Water
NDVI00952,19.878017,74.574742,2025-09-14,0.561,Healthy
NDVI00953,19.92579,74.512471,2019-08-02,0.615,Healthy
NDVI00954,19.842408,74.451564,2025-10-16,0.409,Moderate
NDVI00955,19.834741,74.450932,2017-07-03,0.26,Sparse
NDVI00956,19.805386,74.517299,2017-06-05,0.353,Moderate
NDVI00957,19.924477,74.593114,2019-12-04,0.24,Sparse
NDVI00958,19.826818,74.54376,2024-06-01,-0.033,Bare/Water
NDVI00959,19.858938,74.448512,2021-12-12,0.288,Sparse
NDVI00960,19.948229,74.404924,2024-03-28,-0.144,Bare/Water
NDVI00961,19.905058,74.408127,2017-08-21,0.398,Moderate
NDVI00962,19.871425,74.534563,2019-09-18,0.53,Healthy
NDVI00963,19.834021,74.358593,2024-07-26,0.613,Healthy
NDVI00964,19.905279,74.425905,2019-05-10,0.092,Bare/Water
NDVI00965,19.917819,74.506322,2019-06-23,0.717,Very Healthy
NDVI00966,19.902927,74.46856,2020-11-02,0.128,Sparse
NDVI00967,19.849842,74.539608,2017-12-11,0.276,Sparse
NDVI00968,19.845983,74.597684,2021-05-29,0.26,Sparse
NDVI00969,19.925481,74.479702,2023-10-14,0.593,Healthy
NDVI00970,19.905682,74.415461,2026-01-02,0.014,Bare/Water
NDVI00971,19.818711,74.41263,2019-11-04,0.402,Moderate
NDVI00972,19.830631,74.400914,2025-06-01,0.292,Sparse
NDVI00973,19.831451,74.461488,2017-03-21,0.071,Bare/Water
NDVI00974,19.918354,74.597742,2024-07-28,0.529,Healthy
NDVI00975,19.922424,74.400394,2024-12-14,0.341,Moderate
NDVI00976,19.922977,74.459131,2022-10-07,0.567,Healthy
NDVI00977,19.939469,74.386829,2020-01-20,-0.091,Bare/Water
NDVI00978,19.941741,74.57401,2026-01-02,-0.029,Bare/Water
NDVI00979,19.948017,74.475628,2020-04-02,-0.084,Bare/Water
NDVI00980,19.89378,74.460461,2021-12-24,0.207,Sparse
NDVI00981,19.907586,74.41188,2021-07-06,0.509,Healthy
NDVI00982,19.885293,74.544548,2025-01-02,-0.036,Bare/Water
NDVI00983,19.829399,74.376261,2020-01-06,-0.087,Bare/Water
NDVI00984,19.913479,74.590379,2017-01-22,-0.205,Bare/Water
NDVI00985,19.876676,74.466365,2023-12-12,0.197,Sparse
NDVI00986,19.821808,74.363149,2026-06-26,0.312,Moderate
NDVI00987,19.847252,74.380877,2017-01-18,0.226,Sparse
NDVI00988,19.908531,74.476413,2020-07-05,0.473,Moderate
NDVI00989,19.850115,74.414653,2026-01-21,-0.031,Bare/Water
NDVI00990,19.858003,74.365934,2024-06-29,0.462,Moderate
NDVI00991,19.92455,74.451867,2018-06-01,0.112,Sparse
NDVI00992,19.835093,74.406053,2025-08-08,0.379,Moderate
NDVI00993,19.87396,74.488822,2019-11-13,0.461,Moderate
NDVI00994,19.827353,74.507755,2017-03-20,-0.087,Bare/Water
NDVI00995,19.913798,74.416269,2022-05-10,0.28,Sparse
NDVI00996,19.898974,74.599863,2018-06-03,0.262,Sparse
NDVI00997,19.91689,74.539657,2026-05-23,0.115,Sparse
NDVI00998,19.942822,74.57356,2021-07-25,0.768,Very Healthy
NDVI00999,19.876584,74.500598,2017-03-23,0.235,Sparse
NDVI01000,19.927317,74.396826,2020-12-26,0.059,Bare/Water
NDVI01001,19.9029,74.553839,2023-11-12,0.416,Moderate
NDVI01002,19.93627,74.484509,2018-02-11,-0.241,Bare/Water
NDVI01003,19.905089,74.513853,2023-09-15,0.653,Healthy
NDVI01004,19.893888,74.409388,2022-06-11,0.413,Moderate
NDVI01005,19.9157,74.499102,2018-06-11,0.415,Moderate
NDVI01006,19.89646,74.401499,2022-09-04,0.721,Very Healthy
NDVI01007,19.898743,74.360301,2026-06-21,0.397,Moderate
NDVI01008,19.815402,74.411551,2017-06-20,0.463,Moderate
NDVI01009,19.905846,74.469813,2025-06-30,0.37,Moderate
NDVI01010,19.889317,74.410704,2017-09-14,0.752,Very Healthy
NDVI01011,19.821999,74.432392,2025-01-18,0.054,Bare/Water
NDVI01012,19.92596,74.392581,2020-11-29,0.108,Sparse
NDVI01013,19.869253,74.477682,2021-12-17,0.109,Sparse
NDVI01014,19.90701,74.459551,2022-07-17,0.696,Healthy
NDVI01015,19.879139,74.359,2018-07-27,0.659,Healthy
NDVI01016,19.853785,74.373714,2024-04-12,-0.089,Bare/Water
NDVI01017,19.92303,74.514823,2025-04-13,0.209,Sparse
NDVI01018,19.858613,74.511235,2017-01-06,-0.03,Bare/Water
NDVI01019,19.942726,74.384761,2025-12-22,0.111,Sparse
NDVI01020,19.941467,74.462312,2017-02-26,0.081,Bare/Water
NDVI01021,19.813546,74.473554,2020-01-26,0.203,Sparse
NDVI01022,19.843468,74.351984,2021-04-11,-0.015,Bare/Water
NDVI01023,19.842645,74.440196,2022-09-19,0.499,Moderate
NDVI01024,19.811394,74.529525,2017-10-17,0.433,Moderate
NDVI01025,19.804897,74.552759,2024-03-31,0.036,Bare/Water
NDVI01026,19.855989,74.595877,2017-02-10,-0.283,Bare/Water
NDVI01027,19.837752,74.518666,2020-06-29,0.461,Moderate
NDVI01028,19.848892,74.435005,2023-08-26,0.532,Healthy
NDVI01029,19.859796,74.414885,2019-01-26,0.092,Bare/Water
NDVI01030,19.860968,74.494364,2018-06-09,0.438,Moderate
NDVI01031,19.921023,74.583644,2026-03-15,-0.384,Bare/Water
NDVI01032,19.920942,74.439218,2026-05-28,0.106,Sparse
NDVI01033,19.911031,74.518597,2023-08-24,0.562,Healthy
NDVI01034,19.803629,74.539459,2025-10-11,0.362,Moderate
NDVI01035,19.930656,74.414269,2021-10-05,0.578,Healthy
NDVI01036,19.941219,74.381417,2025-12-03,0.119,Sparse
NDVI01037,19.875039,74.385435,2022-03-27,-0.095,Bare/Water
NDVI01038,19.896269,74.594344,2018-07-22,0.667,Healthy
NDVI01039,19.846942,74.448653,2018-10-26,0.625,Healthy
NDVI01040,19.84916,74.430972,2025-03-19,-0.054,Bare/Water
NDVI01041,19.811935,74.444759,2026-05-25,0.142,Sparse
NDVI01042,19.866859,74.458082,2019-12-18,-0.047,Bare/Water
NDVI01043,19.934352,74.434437,2025-12-23,0.269,Sparse
NDVI01044,19.896793,74.383764,2020-05-21,0.447,Moderate
NDVI01045,19.935912,74.486117,2018-07-11,0.669,Healthy
NDVI01046,19.872591,74.599047,2020-04-10,0.093,Bare/Water
NDVI01047,19.897226,74.570516,2017-08-19,0.34,Moderate
NDVI01048,19.822301,74.599649,2020-03-02,-0.12,Bare/Water
NDVI01049,19.885227,74.500082,2021-09-11,0.733,Very Healthy
NDVI01050,19.886584,74.552847,2025-08-08,0.168,Sparse
NDVI01051,19.849475,74.36525,2017-09-18,0.512,Healthy
NDVI01052,19.910589,74.564131,2021-06-19,0.408,Moderate
NDVI01053,19.840409,74.391874,2025-05-02,0.246,Sparse
NDVI01054,19.938065,74.582635,2017-01-10,0.0,Bare/Water
NDVI01055,19.814834,74.416888,2017-06-17,0.225,Sparse
NDVI01056,19.843969,74.484269,2020-12-18,0.227,Sparse
NDVI01057,19.853572,74.446175,2025-06-13,0.461,Moderate
NDVI01058,19.845509,74.37363,2019-12-13,0.167,Sparse
NDVI01059,19.913554,74.373088,2023-05-24,0.252,Sparse
NDVI01060,19.856776,74.59628,2026-07-25,0.418,Moderate
NDVI01061,19.906895,74.556462,2022-12-27,0.01,Bare/Water
NDVI01062,19.892509,74.38648,2024-01-21,-0.084,Bare/Water
NDVI01063,19.810525,74.422649,2024-02-09,-0.085,Bare/Water
NDVI01064,19.935155,74.428821,2018-03-21,0.031,Bare/Water
NDVI01065,19.871477,74.357741,2018-03-20,0.054,Bare/Water
NDVI01066,19.884817,74.499916,2019-11-11,0.55,Healthy
NDVI01067,19.825194,74.556396,2016-12-01,0.221,Sparse
NDVI01068,19.831062,74.448552,2018-07-16,0.512,Healthy
NDVI01069,19.910783,74.455623,2025-09-26,0.45,Moderate
NDVI01070,19.875673,74.43816,2024-11-24,0.411,Moderate
NDVI01071,19.941223,74.497675,2024-12-21,0.315,Moderate
NDVI01072,19.850544,74.531036,2017-11-25,0.135,Sparse
NDVI01073,19.860424,74.539415,2026-03-21,-0.011,Bare/Water
NDVI01074,19.901757,74.467211,2017-05-24,0.377,Moderate
NDVI01075,19.920103,74.498718,2023-09-08,0.423,Moderate
NDVI01076,19.901019,74.380726,2024-07-25,0.478,Moderate
NDVI01077,19.881537,74.355972,2022-03-31,0.032,Bare/Water
NDVI01078,19.831541,74.444927,2026-06-04,0.203,Sparse
NDVI01079,19.805033,74.516394,2026-05-27,0.099,Bare/Water
NDVI01080,19.804338,74.369532,2021-07-30,0.628,Healthy
NDVI01081,19.860582,74.558325,2023-03-15,0.002,Bare/Water
NDVI01082,19.822645,74.364891,2019-01-07,-0.071,Bare/Water
NDVI01083,19.880485,74.484327,2025-12-08,0.29,Sparse
NDVI01084,19.809718,74.469739,2022-03-13,-0.025,Bare/Water
NDVI01085,19.876586,74.586757,2018-07-08,0.818,Very Healthy
NDVI01086,19.805246,74.427606,2019-08-23,0.69,Healthy
NDVI01087,19.880309,74.439124,2016-08-30,0.479,Moderate
NDVI01088,19.930383,74.5998,2020-01-05,0.106,Sparse
NDVI01089,19.912546,74.378257,2023-06-27,0.242,Sparse
NDVI01090,19.828792,74.461993,2016-08-20,0.723,Very Healthy
NDVI01091,19.940355,74.442584,2023-03-13,0.156,Sparse
NDVI01092,19.854031,74.436373,2020-06-10,0.509,Healthy
NDVI01093,19.809904,74.46313,2020-03-08,0.146,Sparse
NDVI01094,19.919822,74.41234,2020-09-07,0.429,Moderate
NDVI01095,19.823579,74.354251,2023-11-09,0.296,Sparse
NDVI01096,19.855421,74.52221,2019-10-11,0.616,Healthy
NDVI01097,19.915063,74.429357,2017-09-27,0.601,Healthy
NDVI01098,19.863698,74.591779,2016-11-23,0.037,Bare/Water
NDVI01099,19.848775,74.399863,2023-03-02,-0.172,Bare/Water
NDVI01100,19.848779,74.473834,2024-07-24,0.45,Moderate
NDVI01101,19.878829,74.490497,2019-06-10,0.454,Moderate
NDVI01102,19.84439,74.448694,2017-10-15,0.37,Moderate
NDVI01103,19.864134,74.377684,2024-06-22,0.53,Healthy
NDVI01104,19.871639,74.478161,2022-06-09,0.183,Sparse
NDVI01105,19.812117,74.437442,2019-01-06,-0.171,Bare/Water
NDVI01106,19.909458,74.59816,2024-02-07,-0.221,Bare/Water
NDVI01107,19.82816,74.388736,2024-08-31,0.715,Very Healthy
NDVI01108,19.850566,74.560004,2019-01-16,0.107,Sparse
NDVI01109,19.914987,74.592251,2022-03-10,-0.146,Bare/Water
NDVI01110,19.854341,74.55766,2020-02-01,0.055,Bare/Water
NDVI01111,19.899322,74.452096,2017-07-09,0.639,Healthy
NDVI01112,19.907946,74.480106,2019-11-01,0.429,Moderate
NDVI01113,19.924177,74.468044,2020-08-22,0.658,Healthy
NDVI01114,19.810099,74.371119,2017-01-19,-0.078,Bare/Water
NDVI01115,19.805131,74.478515,2017-01-30,-0.045,Bare/Water
NDVI01116,19.948283,74.530593,2020-12-26,0.009,Bare/Water
NDVI01117,19.902639,74.550412,2026-02-27,-0.111,Bare/Water
NDVI01118,19.818849,74.430567,2021-10-03,0.663,Healthy
NDVI01119,19.911256,74.484683,2017-12-02,0.2,Sparse
NDVI01120,19.883029,74.512594,2025-01-24,-0.038,Bare/Water
NDVI01121,19.803426,74.451387,2025-09-15,0.771,Very Healthy
NDVI01122,19.848731,74.510133,2018-11-23,0.169,Sparse
NDVI01123,19.899265,74.461653,2025-12-28,0.13,Sparse
NDVI01124,19.876804,74.490556,2023-08-21,0.78,Very Healthy
NDVI01125,19.902107,74.554789,2021-01-13,0.132,Sparse
NDVI01126,19.917538,74.447502,2017-06-06,0.411,Moderate
NDVI01127,19.843653,74.383503,2024-09-27,0.689,Healthy
NDVI01128,19.916784,74.545432,2016-08-13,0.649,Healthy
NDVI01129,19.945076,74.588075,2020-11-17,0.233,Sparse
NDVI01130,19.902238,74.503563,2023-05-19,0.393,Moderate
NDVI01131,19.905425,74.502591,2018-10-08,0.474,Moderate
NDVI01132,19.822237,74.475625,2018-04-29,0.094,Bare/Water
NDVI01133,19.878679,74.392055,2024-10-22,0.474,Moderate
NDVI01134,19.803872,74.562118,2026-03-22,-0.103,Bare/Water
NDVI01135,19.843893,74.569645,2023-09-02,0.655,Healthy
NDVI01136,19.845138,74.364978,2016-09-07,0.419,Moderate
NDVI01137,19.847459,74.512633,2018-05-17,0.053,Bare/Water
NDVI01138,19.91338,74.547896,2019-05-21,0.158,Sparse
NDVI01139,19.922791,74.440443,2017-08-29,0.524,Healthy
NDVI01140,19.878059,74.541267,2017-01-14,-0.118,Bare/Water
NDVI01141,19.906906,74.516994,2023-03-21,-0.144,Bare/Water
NDVI01142,19.869864,74.446851,2018-07-20,0.455,Moderate
NDVI01143,19.916616,74.429413,2021-06-07,0.152,Sparse
NDVI01144,19.897492,74.559055,2020-10-31,0.486,Moderate
NDVI01145,19.808699,74.510975,2023-08-06,0.606,Healthy
NDVI01146,19.808331,74.516786,2021-04-28,-0.013,Bare/Water
NDVI01147,19.824955,74.384358,2020-11-27,0.341,Moderate
NDVI01148,19.925101,74.549817,2020-11-15,0.4,Moderate
NDVI01149,19.887414,74.371466,2025-10-26,0.521,Healthy
NDVI01150,19.831034,74.434074,2024-01-08,-0.046,Bare/Water
NDVI01151,19.84257,74.485182,2019-08-06,0.451,Moderate
NDVI01152,19.8728,74.590423,2016-10-09,0.417,Moderate
NDVI01153,19.948582,74.415053,2021-12-03,0.426,Moderate
NDVI01154,19.894433,74.450015,2021-01-18,-0.235,Bare/Water
NDVI01155,19.836563,74.46072,2017-01-06,-0.034,Bare/Water
NDVI01156,19.899018,74.424659,2022-10-02,0.514,Healthy
NDVI01157,19.856865,74.405606,2023-06-28,0.377,Moderate
NDVI01158,19.804212,74.457048,2024-11-25,0.151,Sparse
NDVI01159,19.949149,74.568356,2017-11-22,0.213,Sparse
NDVI01160,19.871182,74.383839,2024-01-10,0.116,Sparse
NDVI01161,19.840951,74.586756,2024-03-30,-0.123,Bare/Water
NDVI01162,19.856054,74.396171,2026-01-13,-0.128,Bare/Water
NDVI01163,19.919241,74.48037,2018-02-13,0.05,Bare/Water
NDVI01164,19.838981,74.488744,2017-04-05,-0.13,Bare/Water
NDVI01165,19.878788,74.566191,2017-05-24,0.281,Sparse
NDVI01166,19.807122,74.440658,2023-09-14,0.562,Healthy
NDVI01167,19.840883,74.566848,2016-08-08,0.59,Healthy
NDVI01168,19.922602,74.485683,2022-06-06,0.252,Sparse
NDVI01169,19.85773,74.350709,2018-02-17,-0.202,Bare/Water
NDVI01170,19.836485,74.38024,2018-01-18,0.19,Sparse
NDVI01171,19.933977,74.4651,2024-11-24,0.293,Sparse
NDVI01172,19.822078,74.539782,2017-07-18,0.591,Healthy
NDVI01173,19.901525,74.571987,2024-08-18,0.645,Healthy
NDVI01174,19.820626,74.418436,2017-05-11,0.285,Sparse
NDVI01175,19.802784,74.552731,2025-08-28,0.297,Sparse
NDVI01176,19.835597,74.426971,2026-03-08,-0.146,Bare/Water
NDVI01177,19.875386,74.459319,2018-10-17,0.26,Sparse
NDVI01178,19.921083,74.561423,2018-01-19,0.294,Sparse
NDVI01179,19.934384,74.370446,2023-01-12,-0.028,Bare/Water
NDVI01180,19.838645,74.495903,2025-10-24,0.23,Sparse
NDVI01181,19.8374,74.367861,2021-06-06,0.423,Moderate
NDVI01182,19.859079,74.35082,2020-11-12,0.257,Sparse
NDVI01183,19.872381,74.544445,2021-04-09,-0.008,Bare/Water
NDVI01184,19.866509,74.356142,2020-09-15,0.703,Very Healthy
NDVI01185,19.860637,74.54967,2025-01-15,-0.001,Bare/Water
NDVI01186,19.883022,74.356319,2019-10-14,0.346,Moderate
NDVI01187,19.924804,74.445181,2017-06-06,0.354,Moderate
NDVI01188,19.861883,74.572695,2026-04-24,-0.053,Bare/Water
NDVI01189,19.859947,74.559749,2017-07-02,0.439,Moderate
NDVI01190,19.853356,74.473994,2019-04-04,0.093,Bare/Water
NDVI01191,19.944734,74.394649,2026-07-08,0.541,Healthy
NDVI01192,19.808679,74.37104,2019-05-15,0.194,Sparse
NDVI01193,19.909394,74.584331,2019-05-23,0.363,Moderate
NDVI01194,19.809219,74.599372,2018-09-27,0.528,Healthy
NDVI01195,19.936135,74.463086,2024-05-27,0.344,Moderate
NDVI01196,19.875373,74.522689,2021-09-05,0.662,Healthy
NDVI01197,19.82052,74.358657,2023-07-25,0.538,Healthy
NDVI01198,19.903478,74.422089,2017-12-07,0.345,Moderate
NDVI01199,19.907009,74.548162,2026-04-23,0.031,Bare/Water
NDVI01200,19.838339,74.547987,2024-11-16,0.199,Sparse
NDVI01201,19.848748,74.413237,2020-05-17,0.199,Sparse
NDVI01202,19.912031,74.517368,2016-09-12,0.462,Moderate
NDVI01203,19.888738,74.553682,2021-12-23,0.036,Bare/Water
NDVI01204,19.87905,74.492339,2020-05-15,0.065,Bare/Water
NDVI01205,19.826072,74.482404,2023-10-25,0.489,Moderate
NDVI01206,19.861195,74.553753,2021-11-26,0.118,Sparse
NDVI01207,19.907715,74.438269,2020-07-30,0.588,Healthy
NDVI01208,19.858227,74.551529,2023-03-12,-0.2,Bare/Water
NDVI01209,19.827997,74.370454,2024-07-14,0.386,Moderate
NDVI01210,19.813835,74.510343,2018-04-26,-0.081,Bare/Water
NDVI01211,19.916207,74.472234,2016-10-25,0.309,Moderate
NDVI01212,19.930715,74.541097,2024-02-12,-0.131,Bare/Water
NDVI01213,19.889618,74.444645,2024-01-15,0.099,Bare/Water
NDVI01214,19.893023,74.373852,2023-12-24,0.075,Bare/Water
NDVI01215,19.893631,74.52937,2019-01-16,0.063,Bare/Water
NDVI01216,19.80378,74.465215,2025-01-08,-0.088,Bare/Water
NDVI01217,19.915982,74.445229,2025-06-11,0.294,Sparse
NDVI01218,19.856433,74.492446,2020-11-30,0.162,Sparse
NDVI01219,19.922065,74.434176,2016-09-06,0.441,Moderate
NDVI01220,19.878402,74.358145,2021-11-29,0.175,Sparse
NDVI01221,19.840747,74.37306,2017-09-22,0.379,Moderate
NDVI01222,19.901221,74.476415,2019-01-13,0.229,Sparse
NDVI01223,19.930108,74.416024,2025-10-05,0.27,Sparse
NDVI01224,19.877871,74.485966,2018-02-10,0.032,Bare/Water
NDVI01225,19.890229,74.508676,2016-08-25,0.833,Very Healthy
NDVI01226,19.832631,74.4922,2023-11-19,0.459,Moderate
NDVI01227,19.875064,74.50833,2023-06-10,0.354,Moderate
NDVI01228,19.868931,74.552659,2020-02-19,-0.334,Bare/Water
NDVI01229,19.948664,74.447918,2024-03-28,0.001,Bare/Water
NDVI01230,19.88203,74.555857,2020-03-02,0.088,Bare/Water
NDVI01231,19.838621,74.484602,2026-06-13,0.36,Moderate
NDVI01232,19.915015,74.472052,2016-11-15,0.414,Moderate
NDVI01233,19.819585,74.497403,2019-04-18,-0.052,Bare/Water
NDVI01234,19.870113,74.546598,2020-04-19,0.05,Bare/Water
NDVI01235,19.927759,74.381383,2017-07-25,0.35,Moderate
NDVI01236,19.925344,74.518218,2018-10-13,0.454,Moderate
NDVI01237,19.879792,74.355099,2021-01-11,0.06,Bare/Water
NDVI01238,19.84445,74.481233,2020-12-28,0.099,Bare/Water
NDVI01239,19.844602,74.39706,2020-07-19,0.596,Healthy
NDVI01240,19.848862,74.498683,2021-06-16,0.401,Moderate
NDVI01241,19.892131,74.599748,2017-01-28,-0.046,Bare/Water
NDVI01242,19.878217,74.472687,2021-03-03,0.112,Sparse
NDVI01243,19.854035,74.365935,2020-07-11,0.662,Healthy
NDVI01244,19.945728,74.477022,2022-11-24,0.262,Sparse
NDVI01245,19.921773,74.35531,2026-03-24,-0.035,Bare/Water
NDVI01246,19.877289,74.599037,2016-08-09,0.255,Sparse
NDVI01247,19.926497,74.396766,2023-09-09,0.643,Healthy
NDVI01248,19.886255,74.456691,2017-06-24,0.41,Moderate
NDVI01249,19.831056,74.469811,2021-02-13,-0.21,Bare/Water
NDVI01250,19.930843,74.366306,2020-12-05,0.108,Sparse
NDVI01251,19.883567,74.576196,2024-06-28,0.508,Healthy
NDVI01252,19.930552,74.392311,2021-03-15,0.032,Bare/Water
NDVI01253,19.893662,74.59697,2025-08-08,0.575,Healthy
NDVI01254,19.81882,74.486329,2024-09-21,0.667,Healthy
NDVI01255,19.845119,74.456476,2023-07-10,0.649,Healthy
NDVI01256,19.94679,74.492616,2017-11-12,0.52,Healthy
NDVI01257,19.923568,74.471074,2023-11-20,0.276,Sparse
NDVI01258,19.942543,74.481321,2022-04-05,-0.269,Bare/Water
NDVI01259,19.910265,74.465723,2020-02-16,-0.189,Bare/Water
NDVI01260,19.889454,74.398104,2023-01-22,-0.102,Bare/Water
NDVI01261,19.817502,74.394099,2023-08-29,0.639,Healthy
NDVI01262,19.82369,74.51127,2022-04-10,0.156,Sparse
NDVI01263,19.947504,74.565332,2023-09-09,0.689,Healthy
NDVI01264,19.816689,74.507351,2017-07-17,0.388,Moderate
NDVI01265,19.873609,74.508293,2020-03-23,-0.076,Bare/Water
NDVI01266,19.88267,74.519873,2023-02-10,-0.066,Bare/Water
NDVI01267,19.932617,74.551634,2026-01-20,-0.348,Bare/Water
NDVI01268,19.860954,74.396672,2020-09-25,0.686,Healthy
NDVI01269,19.815583,74.460731,2020-06-11,0.289,Sparse
NDVI01270,19.942031,74.48431,2025-09-15,0.526,Healthy
NDVI01271,19.880671,74.398876,2017-02-17,-0.294,Bare/Water
NDVI01272,19.822997,74.548065,2018-05-05,0.273,Sparse
NDVI01273,19.930878,74.521486,2017-02-06,0.097,Bare/Water
NDVI01274,19.904467,74.479585,2024-10-17,0.255,Sparse
NDVI01275,19.811814,74.456045,2023-11-08,0.446,Moderate
NDVI01276,19.841036,74.445458,2020-09-23,0.359,Moderate
NDVI01277,19.867397,74.378648,2017-05-12,0.191,Sparse
NDVI01278,19.873304,74.443936,2024-08-05,0.611,Healthy
NDVI01279,19.86066,74.404252,2022-07-23,0.597,Healthy
NDVI01280,19.949186,74.500488,2022-09-26,0.518,Healthy
NDVI01281,19.873704,74.526573,2023-03-05,-0.096,Bare/Water
NDVI01282,19.803907,74.46486,2018-04-11,0.071,Bare/Water
NDVI01283,19.857942,74.492172,2024-05-11,0.108,Sparse
NDVI01284,19.878319,74.522562,2018-01-07,-0.208,Bare/Water
NDVI01285,19.803297,74.453956,2022-03-07,-0.287,Bare/Water
NDVI01286,19.865042,74.377411,2020-08-07,0.705,Very Healthy
NDVI01287,19.820997,74.435784,2025-12-17,-0.026,Bare/Water
NDVI01288,19.924642,74.409596,2017-03-25,0.04,Bare/Water
NDVI01289,19.824713,74.590017,2018-12-02,0.267,Sparse
NDVI01290,19.806165,74.51403,2018-09-14,0.537,Healthy
NDVI01291,19.93873,74.517361,2020-11-10,0.34,Moderate
NDVI01292,19.883614,74.474519,2019-07-03,0.396,Moderate
NDVI01293,19.912564,74.513516,2024-09-19,0.449,Moderate
NDVI01294,19.86274,74.405313,2019-04-10,-0.017,Bare/Water
NDVI01295,19.808305,74.512814,2022-12-26,0.254,Sparse
NDVI01296,19.935049,74.537254,2017-01-13,0.025,Bare/Water
NDVI01297,19.877193,74.491936,2018-06-17,0.219,Sparse
NDVI01298,19.802119,74.528175,2020-02-10,-0.249,Bare/Water
NDVI01299,19.942231,74.505801,2022-06-10,0.292,Sparse
NDVI01300,19.82188,74.407412,2023-03-02,0.002,Bare/Water
NDVI01301,19.82072,74.378313,2017-05-22,0.23,Sparse
NDVI01302,19.854815,74.591529,2020-10-10,0.524,Healthy
NDVI01303,19.942551,74.437813,2025-07-05,0.35,Moderate
NDVI01304,19.810685,74.463222,2023-06-17,0.389,Moderate
NDVI01305,19.871809,74.422482,2017-03-18,-0.139,Bare/Water
NDVI01306,19.828812,74.412149,2025-02-18,-0.146,Bare/Water
NDVI01307,19.850925,74.532648,2019-05-10,0.117,Sparse
NDVI01308,19.874953,74.396451,2021-08-04,0.444,Moderate
NDVI01309,19.862606,74.402263,2020-10-15,0.501,Healthy
NDVI01310,19.83524,74.370009,2017-02-28,-0.089,Bare/Water
NDVI01311,19.947385,74.456903,2020-02-25,-0.098,Bare/Water
NDVI01312,19.887373,74.427797,2025-01-29,-0.169,Bare/Water
NDVI01313,19.887592,74.381565,2024-02-20,-0.302,Bare/Water
NDVI01314,19.856638,74.596743,2021-08-21,0.497,Moderate
NDVI01315,19.929999,74.391957,2023-03-07,-0.089,Bare/Water
NDVI01316,19.925147,74.501336,2018-05-27,0.172,Sparse
NDVI01317,19.942066,74.598686,2018-03-03,0.102,Sparse
NDVI01318,19.870028,74.364138,2018-11-30,0.236,Sparse
NDVI01319,19.863287,74.493975,2023-09-26,0.718,Very Healthy
NDVI01320,19.816278,74.419026,2024-07-29,0.405,Moderate
NDVI01321,19.812757,74.585278,2024-09-28,0.463,Moderate
NDVI01322,19.850016,74.442035,2021-07-01,0.467,Moderate
NDVI01323,19.893301,74.475993,2024-02-26,0.018,Bare/Water
NDVI01324,19.890357,74.361755,2023-02-06,0.233,Sparse
NDVI01325,19.944013,74.407406,2020-01-20,-0.17,Bare/Water
NDVI01326,19.948286,74.552771,2020-04-22,0.056,Bare/Water
NDVI01327,19.804317,74.403589,2025-01-01,-0.06,Bare/Water
NDVI01328,19.821391,74.578972,2018-08-25,0.679,Healthy
NDVI01329,19.942222,74.58064,2018-08-04,0.76,Very Healthy
NDVI01330,19.928898,74.394024,2026-01-25,0.044,Bare/Water
NDVI01331,19.818014,74.407253,2019-10-21,0.291,Sparse
NDVI01332,19.8664,74.518614,2022-11-01,0.134,Sparse
NDVI01333,19.880929,74.35301,2026-05-13,0.445,Moderate
NDVI01334,19.899258,74.511647,2021-07-22,0.462,Moderate
NDVI01335,19.901575,74.389192,2021-08-15,0.506,Healthy
NDVI01336,19.861736,74.565331,2021-04-21,-0.032,Bare/Water
NDVI01337,19.872408,74.407995,2019-04-10,-0.041,Bare/Water
NDVI01338,19.89556,74.502912,2024-04-03,0.053,Bare/Water
NDVI01339,19.881709,74.594971,2022-07-06,0.304,Moderate
NDVI01340,19.879217,74.410665,2021-07-27,0.486,Moderate
NDVI01341,19.828377,74.415439,2018-03-14,-0.079,Bare/Water
NDVI01342,19.943957,74.447123,2016-11-09,0.41,Moderate
NDVI01343,19.918906,74.506958,2021-11-05,0.378,Moderate
NDVI01344,19.942841,74.558592,2018-09-14,0.612,Healthy
NDVI01345,19.936306,74.540483,2017-06-16,0.333,Moderate
NDVI01346,19.815042,74.505634,2019-02-25,0.136,Sparse
NDVI01347,19.907186,74.514499,2017-10-06,0.426,Moderate
NDVI01348,19.87437,74.579433,2017-05-15,-0.084,Bare/Water
NDVI01349,19.93435,74.582091,2023-07-14,0.446,Moderate
NDVI01350,19.810981,74.448819,2020-03-24,-0.246,Bare/Water
NDVI01351,19.90356,74.365346,2023-08-29,0.766,Very Healthy
NDVI01352,19.921704,74.582974,2024-12-10,0.353,Moderate
NDVI01353,19.846597,74.552488,2025-10-19,0.339,Moderate
NDVI01354,19.833322,74.483868,2020-06-04,0.444,Moderate
NDVI01355,19.837842,74.419644,2019-05-28,0.056,Bare/Water
NDVI01356,19.900004,74.560352,2025-07-10,0.589,Healthy
NDVI01357,19.86759,74.50747,2018-07-31,0.528,Healthy
NDVI01358,19.875284,74.486746,2020-12-23,0.082,Bare/Water
NDVI01359,19.888631,74.462656,2025-12-21,0.465,Moderate
NDVI01360,19.806333,74.560901,2023-09-14,0.45,Moderate
NDVI01361,19.902249,74.436412,2022-01-27,-0.031,Bare/Water
NDVI01362,19.936141,74.392171,2025-08-28,0.434,Moderate
NDVI01363,19.932929,74.41368,2023-08-04,0.75,Very Healthy
NDVI01364,19.931363,74.576129,2024-08-12,0.601,Healthy
NDVI01365,19.947519,74.527744,2025-01-02,0.161,Sparse
NDVI01366,19.821471,74.572941,2017-08-13,0.624,Healthy
NDVI01367,19.820047,74.361412,2022-03-03,0.003,Bare/Water
NDVI01368,19.940999,74.467835,2023-03-10,-0.148,Bare/Water
NDVI01369,19.941226,74.402019,2023-07-20,0.623,Healthy
NDVI01370,19.894578,74.405384,2022-01-07,-0.055,Bare/Water
NDVI01371,19.914566,74.436794,2022-05-30,0.365,Moderate
NDVI01372,19.896974,74.449627,2024-05-29,0.124,Sparse
NDVI01373,19.831006,74.485699,2023-10-12,0.598,Healthy
NDVI01374,19.837737,74.426969,2019-04-30,-0.027,Bare/Water
NDVI01375,19.834874,74.363616,2024-12-17,0.204,Sparse
NDVI01376,19.889715,74.586036,2017-09-16,0.551,Healthy
NDVI01377,19.888262,74.444771,2022-10-05,0.504,Healthy
NDVI01378,19.908071,74.511242,2018-03-27,0.022,Bare/Water
NDVI01379,19.926392,74.471967,2021-05-01,0.223,Sparse
NDVI01380,19.853408,74.441935,2025-03-10,-0.275,Bare/Water
NDVI01381,19.905166,74.365036,2020-02-29,-0.21,Bare/Water
NDVI01382,19.899693,74.593968,2025-05-10,-0.13,Bare/Water
NDVI01383,19.830281,74.459891,2017-06-05,0.169,Sparse
NDVI01384,19.854341,74.572971,2026-04-25,0.142,Sparse
NDVI01385,19.871306,74.426835,2022-07-17,0.496,Moderate
NDVI01386,19.861726,74.394989,2024-07-25,0.414,Moderate
NDVI01387,19.935846,74.385479,2025-12-30,0.224,Sparse
NDVI01388,19.858577,74.478956,2022-02-13,-0.129,Bare/Water
NDVI01389,19.831276,74.35962,2018-12-22,0.027,Bare/Water
NDVI01390,19.928058,74.373277,2024-05-09,0.059,Bare/Water
NDVI01391,19.801048,74.593208,2024-08-28,0.497,Moderate
NDVI01392,19.879588,74.531683,2018-05-27,0.331,Moderate
NDVI01393,19.9381,74.489697,2020-06-29,0.626,Healthy
NDVI01394,19.804954,74.584922,2019-09-19,0.484,Moderate
NDVI01395,19.923014,74.369246,2017-12-17,0.272,Sparse
NDVI01396,19.803493,74.459224,2022-04-15,-0.092,Bare/Water
NDVI01397,19.896405,74.46457,2025-09-10,0.513,Healthy
NDVI01398,19.852961,74.565499,2025-12-29,-0.087,Bare/Water
NDVI01399,19.931225,74.363726,2025-04-29,0.171,Sparse
NDVI01400,19.83881,74.474951,2025-04-14,0.155,Sparse
NDVI01401,19.836325,74.592913,2025-11-15,0.344,Moderate
NDVI01402,19.885761,74.498471,2025-01-02,-0.054,Bare/Water
NDVI01403,19.854067,74.382739,2024-09-22,0.53,Healthy
NDVI01404,19.861751,74.361641,2022-09-18,0.73,Very Healthy
NDVI01405,19.812312,74.423545,2020-03-24,-0.082,Bare/Water
NDVI01406,19.827184,74.431133,2018-03-25,0.037,Bare/Water
NDVI01407,19.846521,74.391988,2025-07-31,0.725,Very Healthy
NDVI01408,19.838454,74.482976,2025-11-20,0.446,Moderate
NDVI01409,19.882079,74.566592,2019-03-23,0.096,Bare/Water
NDVI01410,19.900984,74.457308,2025-10-01,0.587,Healthy
NDVI01411,19.9307,74.491395,2024-07-11,0.38,Moderate
NDVI01412,19.947679,74.527494,2020-02-21,-0.238,Bare/Water
NDVI01413,19.872114,74.500669,2018-09-15,0.626,Healthy
NDVI01414,19.932953,74.509706,2018-03-22,0.145,Sparse
NDVI01415,19.884829,74.445348,2021-07-29,0.538,Healthy
NDVI01416,19.895548,74.439818,2017-05-17,0.251,Sparse
NDVI01417,19.926242,74.494919,2024-08-08,0.626,Healthy
NDVI01418,19.91998,74.585075,2024-09-27,0.537,Healthy
NDVI01419,19.842079,74.568931,2017-04-02,-0.03,Bare/Water
NDVI01420,19.810209,74.481961,2022-12-09,0.132,Sparse
NDVI01421,19.826331,74.541223,2017-05-08,0.259,Sparse
NDVI01422,19.877557,74.429211,2019-06-22,0.598,Healthy
NDVI01423,19.920093,74.444791,2019-09-24,0.684,Healthy
NDVI01424,19.873712,74.505753,2017-10-12,0.521,Healthy
NDVI01425,19.833974,74.457293,2021-08-25,0.716,Very Healthy
NDVI01426,19.927586,74.389842,2022-09-05,0.56,Healthy
NDVI01427,19.934014,74.404661,2021-07-03,0.406,Moderate
NDVI01428,19.867868,74.365987,2021-01-28,-0.064,Bare/Water
NDVI01429,19.921063,74.516754,2024-06-28,0.816,Very Healthy
NDVI01430,19.923971,74.484646,2023-06-01,0.259,Sparse
NDVI01431,19.836547,74.485666,2016-10-03,0.672,Healthy
NDVI01432,19.911378,74.563012,2022-08-28,0.768,Very Healthy
NDVI01433,19.858699,74.482975,2018-10-26,0.277,Sparse
NDVI01434,19.89654,74.464981,2024-11-14,0.358,Moderate
NDVI01435,19.937309,74.55617,2020-07-17,0.462,Moderate
NDVI01436,19.860468,74.47492,2020-05-25,0.149,Sparse
NDVI01437,19.882515,74.350569,2021-01-01,0.149,Sparse
NDVI01438,19.863581,74.497499,2024-01-04,-0.168,Bare/Water
NDVI01439,19.846364,74.522179,2018-10-28,0.588,Healthy
NDVI01440,19.945636,74.378823,2021-05-31,0.259,Sparse
NDVI01441,19.822104,74.532668,2024-06-25,0.464,Moderate
NDVI01442,19.889472,74.444745,2018-10-03,0.409,Moderate
NDVI01443,19.865799,74.384292,2025-12-31,0.112,Sparse
NDVI01444,19.939759,74.377399,2022-09-26,0.487,Moderate
NDVI01445,19.816828,74.426579,2024-05-26,0.285,Sparse
NDVI01446,19.809564,74.566557,2023-06-30,0.571,Healthy
NDVI01447,19.91156,74.515989,2017-08-16,0.732,Very Healthy
NDVI01448,19.853,74.47251,2024-06-18,0.365,Moderate
NDVI01449,19.891908,74.474514,2021-05-12,0.323,Moderate
NDVI01450,19.901449,74.507881,2025-10-23,0.601,Healthy
NDVI01451,19.861259,74.595798,2018-12-14,0.055,Bare/Water
NDVI01452,19.813967,74.475123,2018-10-29,0.357,Moderate
NDVI01453,19.898974,74.366931,2021-04-24,-0.011,Bare/Water
NDVI01454,19.909891,74.596595,2024-07-23,0.59,Healthy
NDVI01455,19.800078,74.497599,2023-10-09,0.603,Healthy
NDVI01456,19.840825,74.367462,2016-11-04,0.485,Moderate
NDVI01457,19.900827,74.378217,2018-08-08,0.722,Very Healthy
NDVI01458,19.817748,74.390985,2026-01-28,0.129,Sparse
NDVI01459,19.913001,74.586679,2023-08-09,0.665,Healthy
NDVI01460,19.801169,74.415269,2022-07-20,0.263,Sparse
NDVI01461,19.833205,74.509153,2023-05-03,0.232,Sparse
NDVI01462,19.932752,74.557722,2019-01-13,-0.134,Bare/Water
NDVI01463,19.845638,74.413177,2017-01-17,-0.02,Bare/Water
NDVI01464,19.820259,74.47679,2023-11-17,0.375,Moderate
NDVI01465,19.808347,74.597023,2021-10-25,0.415,Moderate
NDVI01466,19.840644,74.447825,2026-07-12,0.454,Moderate
NDVI01467,19.861363,74.352151,2019-01-09,-0.089,Bare/Water
NDVI01468,19.864584,74.534853,2021-09-15,0.341,Moderate
NDVI01469,19.924227,74.36655,2020-02-22,0.033,Bare/Water
NDVI01470,19.879468,74.530702,2019-12-27,0.192,Sparse
NDVI01471,19.840466,74.543209,2024-01-18,0.05,Bare/Water
NDVI01472,19.932787,74.370719,2026-06-29,0.17,Sparse
NDVI01473,19.842035,74.398935,2023-12-23,0.245,Sparse
NDVI01474,19.91281,74.468803,2024-06-08,0.148,Sparse
NDVI01475,19.898802,74.479446,2024-04-18,0.051,Bare/Water
NDVI01476,19.889331,74.367988,2023-03-27,-0.23,Bare/Water
NDVI01477,19.916903,74.385446,2017-11-29,0.185,Sparse
NDVI01478,19.80426,74.532696,2021-12-14,0.152,Sparse
NDVI01479,19.903078,74.511935,2021-05-09,0.271,Sparse
NDVI01480,19.937171,74.581198,2018-04-02,-0.068,Bare/Water
NDVI01481,19.81761,74.559005,2025-04-25,-0.009,Bare/Water
NDVI01482,19.893191,74.550598,2019-10-16,0.436,Moderate
NDVI01483,19.831429,74.352946,2017-03-29,-0.084,Bare/Water
NDVI01484,19.876244,74.490316,2024-09-16,0.654,Healthy
NDVI01485,19.841431,74.50988,2022-01-23,-0.049,Bare/Water
NDVI01486,19.80055,74.489986,2025-04-03,-0.105,Bare/Water
NDVI01487,19.889024,74.461421,2017-10-13,0.516,Healthy
NDVI01488,19.918488,74.409298,2026-03-25,-0.187,Bare/Water
NDVI01489,19.881967,74.457329,2022-06-13,0.367,Moderate
NDVI01490,19.873623,74.446109,2017-03-25,-0.063,Bare/Water
NDVI01491,19.946354,74.589436,2016-12-01,0.068,Bare/Water
NDVI01492,19.818984,74.482746,2016-11-15,0.35,Moderate
NDVI01493,19.850149,74.361221,2024-05-06,0.355,Moderate
NDVI01494,19.913178,74.404047,2024-08-15,0.449,Moderate
NDVI01495,19.808213,74.567744,2022-01-12,-0.1,Bare/Water
NDVI01496,19.944855,74.529015,2024-11-20,0.367,Moderate
NDVI01497,19.850051,74.508735,2020-10-26,0.526,Healthy
NDVI01498,19.908153,74.394946,2023-10-21,0.678,Healthy
NDVI01499,19.90475,74.403143,2025-12-09,0.266,Sparse
NDVI01500,19.914793,74.354242,2024-08-18,0.638,Healthy
NDVI01501,19.811232,74.406696,2018-05-16,0.044,Bare/Water
NDVI01502,19.824152,74.377929,2016-10-17,0.44,Moderate
NDVI01503,19.916842,74.483266,2019-01-22,-0.028,Bare/Water
NDVI01504,19.858981,74.405043,2022-07-21,0.253,Sparse
NDVI01505,19.892547,74.466855,2022-06-18,0.391,Moderate
NDVI01506,19.886562,74.586009,2018-07-09,0.649,Healthy
NDVI01507,19.941437,74.568038,2017-03-14,-0.085,Bare/Water
NDVI01508,19.911516,74.521082,2026-03-03,-0.102,Bare/Water
NDVI01509,19.8328,74.502996,2017-08-02,0.465,Moderate
NDVI01510,19.900714,74.362688,2025-10-31,0.555,Healthy
NDVI01511,19.890064,74.486096,2018-09-19,0.505,Healthy
NDVI01512,19.9241,74.516504,2022-01-27,-0.049,Bare/Water
NDVI01513,19.945053,74.592186,2026-03-07,0.056,Bare/Water
NDVI01514,19.913101,74.409715,2019-07-01,0.542,Healthy
NDVI01515,19.86091,74.438492,2023-06-25,0.526,Healthy
NDVI01516,19.911805,74.503733,2018-05-16,0.104,Sparse
NDVI01517,19.908078,74.540851,2021-12-29,0.165,Sparse
NDVI01518,19.823334,74.352699,2019-02-05,-0.09,Bare/Water
NDVI01519,19.838887,74.410834,2021-08-04,0.645,Healthy
NDVI01520,19.934997,74.449274,2021-01-05,0.061,Bare/Water
NDVI01521,19.876646,74.541249,2020-05-01,0.204,Sparse
NDVI01522,19.898516,74.510763,2018-10-12,0.698,Healthy
NDVI01523,19.862246,74.579094,2025-11-30,0.348,Moderate
NDVI01524,19.856026,74.557411,2021-10-22,0.419,Moderate
NDVI01525,19.830134,74.541213,2016-08-14,0.765,Very Healthy
NDVI01526,19.834851,74.563874,2020-07-09,0.499,Moderate
NDVI01527,19.810025,74.386594,2022-08-07,0.455,Moderate
NDVI01528,19.800916,74.563924,2018-09-08,0.6,Healthy
NDVI01529,19.905572,74.379481,2022-04-15,0.236,Sparse
NDVI01530,19.853304,74.560564,2021-11-22,0.399,Moderate
NDVI01531,19.800615,74.502458,2022-06-19,0.405,Moderate
NDVI01532,19.872775,74.395701,2025-12-02,0.163,Sparse
NDVI01533,19.80265,74.439344,2026-01-17,0.096,Bare/Water
NDVI01534,19.839199,74.555221,2018-04-12,0.125,Sparse
NDVI01535,19.811953,74.429432,2025-07-25,0.385,Moderate
NDVI01536,19.884145,74.466584,2021-09-25,0.517,Healthy
NDVI01537,19.879445,74.527455,2020-07-04,0.504,Healthy
NDVI01538,19.856674,74.519588,2024-12-29,0.166,Sparse
NDVI01539,19.832587,74.374801,2016-10-15,0.447,Moderate
NDVI01540,19.846527,74.592965,2025-02-27,-0.105,Bare/Water
NDVI01541,19.824199,74.395832,2020-07-05,0.652,Healthy
NDVI01542,19.802452,74.59135,2021-03-18,0.131,Sparse
NDVI01543,19.853516,74.47865,2023-11-08,0.471,Moderate
NDVI01544,19.802086,74.57447,2019-08-27,0.564,Healthy
NDVI01545,19.915363,74.513796,2022-01-31,-0.142,Bare/Water
NDVI01546,19.903081,74.532614,2021-12-19,0.041,Bare/Water
NDVI01547,19.91638,74.377394,2017-08-11,0.57,Healthy
NDVI01548,19.865476,74.434303,2021-12-16,0.133,Sparse
NDVI01549,19.891979,74.442114,2025-02-18,-0.084,Bare/Water
NDVI01550,19.821187,74.590482,2025-01-29,-0.079,Bare/Water
NDVI01551,19.881323,74.576753,2023-03-04,-0.453,Bare/Water
NDVI01552,19.826897,74.560603,2020-06-09,0.064,Bare/Water
NDVI01553,19.877194,74.537216,2019-01-07,0.014,Bare/Water
NDVI01554,19.823088,74.380652,2021-04-24,-0.165,Bare/Water
NDVI01555,19.82991,74.434888,2020-01-13,0.088,Bare/Water
NDVI01556,19.832746,74.446675,2024-10-08,0.431,Moderate
NDVI01557,19.91612,74.551025,2024-12-20,0.068,Bare/Water
NDVI01558,19.822283,74.392412,2016-10-25,0.418,Moderate
NDVI01559,19.875886,74.564003,2020-01-29,-0.007,Bare/Water
NDVI01560,19.896657,74.412858,2021-03-27,-0.177,Bare/Water
NDVI01561,19.907673,74.540328,2024-11-04,0.443,Moderate
NDVI01562,19.897513,74.449619,2017-07-02,0.515,Healthy
NDVI01563,19.922931,74.480344,2024-07-11,0.483,Moderate
NDVI01564,19.892937,74.542519,2017-04-26,0.35,Moderate
NDVI01565,19.836871,74.509857,2021-01-30,-0.226,Bare/Water
NDVI01566,19.821029,74.472682,2023-08-31,0.535,Healthy
NDVI01567,19.864925,74.472629,2025-04-18,0.214,Sparse
NDVI01568,19.828927,74.514569,2020-01-26,-0.056,Bare/Water
NDVI01569,19.895807,74.396112,2024-09-27,0.513,Healthy
NDVI01570,19.864581,74.41393,2021-02-06,-0.078,Bare/Water
NDVI01571,19.936497,74.378849,2025-02-16,-0.072,Bare/Water
NDVI01572,19.825506,74.380494,2017-02-13,-0.234,Bare/Water
NDVI01573,19.842109,74.390906,2019-11-06,0.37,Moderate
NDVI01574,19.880023,74.576987,2022-06-07,0.281,Sparse
NDVI01575,19.941412,74.513528,2017-01-17,-0.072,Bare/Water
NDVI01576,19.909046,74.417792,2024-03-14,-0.215,Bare/Water
NDVI01577,19.933724,74.544256,2022-01-28,-0.268,Bare/Water
NDVI01578,19.822448,74.561553,2021-12-11,0.292,Sparse
NDVI01579,19.926923,74.409354,2019-06-18,0.281,Sparse
NDVI01580,19.883311,74.523294,2018-04-22,-0.099,Bare/Water
NDVI01581,19.944769,74.520287,2024-06-01,0.297,Sparse
NDVI01582,19.864659,74.353672,2025-09-24,0.627,Healthy
NDVI01583,19.813647,74.38194,2020-11-15,0.262,Sparse
NDVI01584,19.811881,74.448174,2024-07-16,0.735,Very Healthy
NDVI01585,19.933453,74.468723,2020-10-07,0.536,Healthy
NDVI01586,19.812725,74.556386,2021-12-03,0.105,Sparse
NDVI01587,19.856554,74.431374,2020-01-06,0.284,Sparse
NDVI01588,19.824492,74.563396,2020-11-18,0.397,Moderate
NDVI01589,19.800052,74.478448,2017-04-06,0.06,Bare/Water
NDVI01590,19.820704,74.352536,2017-04-12,0.138,Sparse
NDVI01591,19.806466,74.524755,2016-12-10,0.289,Sparse
NDVI01592,19.940211,74.523143,2023-02-19,-0.008,Bare/Water
NDVI01593,19.948422,74.510781,2020-06-04,0.122,Sparse
NDVI01594,19.888618,74.438767,2023-08-14,0.52,Healthy
NDVI01595,19.841008,74.592529,2020-12-12,0.145,Sparse
NDVI01596,19.853047,74.454513,2022-01-25,-0.085,Bare/Water
NDVI01597,19.901698,74.417347,2022-05-04,0.001,Bare/Water
NDVI01598,19.849518,74.462104,2022-04-26,-0.159,Bare/Water
NDVI01599,19.897418,74.514356,2024-10-06,0.416,Moderate
NDVI01600,19.861116,74.454747,2024-11-26,0.422,Moderate
NDVI01601,19.890625,74.560761,2026-02-09,0.018,Bare/Water
NDVI01602,19.846065,74.582783,2025-08-01,0.703,Very Healthy
NDVI01603,19.80559,74.450151,2022-05-06,-0.068,Bare/Water
NDVI01604,19.815096,74.480313,2025-02-22,0.078,Bare/Water
NDVI01605,19.819725,74.438293,2018-12-09,0.291,Sparse
NDVI01606,19.888066,74.371816,2021-09-17,0.601,Healthy
NDVI01607,19.919624,74.501232,2016-09-12,0.648,Healthy
NDVI01608,19.942431,74.485367,2018-12-23,0.235,Sparse
NDVI01609,19.937745,74.478317,2022-01-07,0.069,Bare/Water
NDVI01610,19.939212,74.555595,2016-09-13,0.722,Very Healthy
NDVI01611,19.868916,74.506561,2023-09-12,0.477,Moderate
NDVI01612,19.895543,74.385758,2017-07-16,0.52,Healthy
NDVI01613,19.885019,74.365363,2017-02-23,-0.194,Bare/Water
NDVI01614,19.822176,74.550785,2019-04-26,-0.077,Bare/Water
NDVI01615,19.880703,74.500302,2023-08-27,0.594,Healthy
NDVI01616,19.919843,74.492096,2025-01-05,-0.066,Bare/Water
NDVI01617,19.891469,74.392202,2025-05-30,0.202,Sparse
NDVI01618,19.874704,74.409007,2023-04-23,-0.066,Bare/Water
NDVI01619,19.842546,74.372881,2017-02-25,-0.121,Bare/Water
NDVI01620,19.920459,74.383925,2025-02-18,0.047,Bare/Water
NDVI01621,19.898343,74.396401,2019-03-27,-0.047,Bare/Water
NDVI01622,19.84825,74.4836,2022-06-30,0.413,Moderate
NDVI01623,19.900488,74.590297,2023-02-20,-0.407,Bare/Water
NDVI01624,19.847061,74.468327,2019-11-24,0.202,Sparse
NDVI01625,19.890213,74.569468,2018-12-03,0.278,Sparse
NDVI01626,19.906186,74.47255,2018-05-14,0.057,Bare/Water
NDVI01627,19.885125,74.467588,2025-10-29,0.279,Sparse
NDVI01628,19.873454,74.416317,2017-03-07,-0.056,Bare/Water
NDVI01629,19.812839,74.388097,2026-05-10,-0.123,Bare/Water
NDVI01630,19.843427,74.556436,2022-05-29,0.261,Sparse
NDVI01631,19.928179,74.528161,2025-03-12,-0.258,Bare/Water
NDVI01632,19.923235,74.376568,2025-01-22,-0.037,Bare/Water
NDVI01633,19.889136,74.375089,2018-08-12,0.624,Healthy
NDVI01634,19.877362,74.37284,2021-03-15,-0.103,Bare/Water
NDVI01635,19.865225,74.508459,2018-12-25,0.128,Sparse
NDVI01636,19.909973,74.576298,2021-08-23,0.532,Healthy
NDVI01637,19.88396,74.581041,2023-07-27,0.486,Moderate
NDVI01638,19.864978,74.530861,2021-05-15,0.017,Bare/Water
NDVI01639,19.881594,74.591996,2017-12-18,-0.05,Bare/Water
NDVI01640,19.944298,74.386915,2019-04-19,0.02,Bare/Water
NDVI01641,19.84929,74.418834,2024-09-02,0.5,Healthy
NDVI01642,19.942364,74.375529,2024-07-10,0.465,Moderate
NDVI01643,19.846856,74.547437,2024-05-07,0.261,Sparse
NDVI01644,19.944335,74.351459,2025-02-10,-0.186,Bare/Water
NDVI01645,19.811406,74.455472,2021-11-08,0.221,Sparse
NDVI01646,19.888324,74.508593,2018-03-21,0.073,Bare/Water
NDVI01647,19.914787,74.392901,2022-04-20,-0.119,Bare/Water
NDVI01648,19.887404,74.369909,2025-06-22,0.337,Moderate
NDVI01649,19.946355,74.450986,2018-02-27,0.073,Bare/Water
NDVI01650,19.803162,74.483763,2020-01-14,-0.052,Bare/Water
NDVI01651,19.926596,74.416054,2023-03-22,-0.206,Bare/Water
NDVI01652,19.905509,74.581792,2021-04-15,0.045,Bare/Water
NDVI01653,19.928126,74.489825,2026-06-15,0.54,Healthy
NDVI01654,19.86462,74.488762,2019-04-19,0.076,Bare/Water
NDVI01655,19.920076,74.552033,2017-04-03,-0.049,Bare/Water
NDVI01656,19.82276,74.568253,2016-10-30,0.383,Moderate
NDVI01657,19.812417,74.509172,2016-11-30,0.162,Sparse
NDVI01658,19.943704,74.524558,2026-07-23,0.554,Healthy
NDVI01659,19.8526,74.395955,2021-07-22,0.48,Moderate
NDVI01660,19.855346,74.410743,2021-05-28,0.264,Sparse
NDVI01661,19.891188,74.367985,2025-09-17,0.688,Healthy
NDVI01662,19.914216,74.5876,2021-08-26,0.704,Very Healthy
NDVI01663,19.803275,74.519339,2019-07-24,0.541,Healthy
NDVI01664,19.934277,74.456419,2026-03-11,-0.319,Bare/Water
NDVI01665,19.876702,74.360989,2022-06-18,0.31,Moderate
NDVI01666,19.877784,74.385925,2016-08-07,0.688,Healthy
NDVI01667,19.886811,74.484711,2026-02-11,-0.022,Bare/Water
NDVI01668,19.907748,74.576393,2021-02-06,0.054,Bare/Water
NDVI01669,19.8002,74.47581,2024-04-27,-0.035,Bare/Water
NDVI01670,19.809868,74.534523,2017-12-26,0.069,Bare/Water
NDVI01671,19.881294,74.500501,2021-03-10,-0.166,Bare/Water
NDVI01672,19.907556,74.464828,2017-03-23,-0.008,Bare/Water
NDVI01673,19.860643,74.500573,2024-04-28,-0.032,Bare/Water
NDVI01674,19.863584,74.447788,2018-09-14,0.465,Moderate
NDVI01675,19.892671,74.542274,2022-09-10,0.611,Healthy
NDVI01676,19.908443,74.444901,2025-08-20,0.608,Healthy
NDVI01677,19.841473,74.406297,2026-03-19,-0.311,Bare/Water
NDVI01678,19.883283,74.425784,2025-03-20,-0.121,Bare/Water
NDVI01679,19.918832,74.393532,2017-10-30,0.276,Sparse
NDVI01680,19.870978,74.471432,2022-04-24,0.03,Bare/Water
NDVI01681,19.877833,74.493029,2021-03-17,0.012,Bare/Water
NDVI01682,19.807688,74.533095,2020-02-06,-0.198,Bare/Water
NDVI01683,19.890312,74.402853,2024-06-24,0.367,Moderate
NDVI01684,19.879514,74.530716,2019-09-05,0.49,Moderate
NDVI01685,19.805442,74.398785,2016-12-16,0.062,Bare/Water
NDVI01686,19.855162,74.520082,2025-05-19,0.3,Moderate
NDVI01687,19.81484,74.595988,2023-02-03,-0.126,Bare/Water
NDVI01688,19.865591,74.371311,2024-12-13,0.29,Sparse
NDVI01689,19.815336,74.57591,2017-02-19,-0.006,Bare/Water
NDVI01690,19.817626,74.583556,2020-12-28,0.053,Bare/Water
NDVI01691,19.845826,74.380608,2017-10-30,0.572,Healthy
NDVI01692,19.859908,74.54827,2019-03-23,0.218,Sparse
NDVI01693,19.93661,74.513383,2024-10-20,0.593,Healthy
NDVI01694,19.845069,74.366585,2025-10-02,0.497,Moderate
NDVI01695,19.910635,74.515967,2017-12-27,0.22,Sparse
NDVI01696,19.814798,74.397338,2017-03-16,-0.221,Bare/Water
NDVI01697,19.855387,74.398992,2025-11-29,0.278,Sparse
NDVI01698,19.934427,74.455278,2020-04-21,0.139,Sparse
NDVI01699,19.807589,74.489321,2022-10-27,0.489,Moderate
NDVI01700,19.80987,74.396514,2023-06-07,0.321,Moderate
NDVI01701,19.877403,74.482704,2016-11-21,0.375,Moderate
NDVI01702,19.839185,74.362105,2017-06-09,0.228,Sparse
NDVI01703,19.903744,74.470231,2018-09-13,0.736,Very Healthy
NDVI01704,19.838712,74.450398,2023-03-23,-0.366,Bare/Water
NDVI01705,19.855686,74.481367,2021-03-28,0.209,Sparse
NDVI01706,19.932627,74.52267,2023-09-18,0.518,Healthy
NDVI01707,19.834178,74.46216,2025-05-01,0.181,Sparse
NDVI01708,19.89445,74.454771,2025-08-16,0.745,Very Healthy
NDVI01709,19.908995,74.405934,2025-11-23,0.292,Sparse
NDVI01710,19.841391,74.397247,2022-03-24,0.157,Sparse
NDVI01711,19.883795,74.508955,2017-03-04,-0.068,Bare/Water
NDVI01712,19.927225,74.408387,2025-02-01,-0.047,Bare/Water
NDVI01713,19.938484,74.595117,2025-04-09,-0.106,Bare/Water
NDVI01714,19.829872,74.443399,2019-06-09,0.356,Moderate
NDVI01715,19.831732,74.539351,2023-01-05,-0.253,Bare/Water
NDVI01716,19.86848,74.417263,2019-05-16,0.23,Sparse
NDVI01717,19.942381,74.512806,2026-06-14,0.244,Sparse
NDVI01718,19.925907,74.582403,2017-08-30,0.635,Healthy
NDVI01719,19.874605,74.532864,2017-10-18,0.685,Healthy
NDVI01720,19.8532,74.424078,2025-10-26,0.243,Sparse
NDVI01721,19.827327,74.478842,2017-12-24,-0.074,Bare/Water
NDVI01722,19.923916,74.38501,2023-03-25,-0.146,Bare/Water
NDVI01723,19.905514,74.35822,2026-03-06,0.134,Sparse
NDVI01724,19.888718,74.489372,2026-05-30,0.054,Bare/Water
NDVI01725,19.802809,74.540583,2023-10-20,0.431,Moderate
NDVI01726,19.856815,74.446082,2021-01-27,-0.285,Bare/Water
NDVI01727,19.882721,74.511472,2019-05-07,0.0,Bare/Water
NDVI01728,19.895752,74.420564,2017-08-06,0.544,Healthy
NDVI01729,19.888668,74.470854,2022-06-10,0.305,Moderate
NDVI01730,19.854524,74.524886,2018-01-12,-0.069,Bare/Water
NDVI01731,19.834468,74.409878,2024-10-22,0.319,Moderate
NDVI01732,19.816673,74.443164,2016-09-30,0.534,Healthy
NDVI01733,19.912447,74.420218,2020-07-08,0.28,Sparse
NDVI01734,19.86307,74.518333,2025-03-02,-0.031,Bare/Water
NDVI01735,19.933273,74.477988,2024-01-10,0.211,Sparse
NDVI01736,19.894312,74.475539,2019-04-18,-0.025,Bare/Water
NDVI01737,19.841962,74.550031,2022-06-16,0.192,Sparse
NDVI01738,19.88469,74.365117,2020-08-05,0.758,Very Healthy
NDVI01739,19.945783,74.433797,2017-05-31,0.25,Sparse
NDVI01740,19.901623,74.452223,2021-06-29,0.555,Healthy
NDVI01741,19.928487,74.505044,2018-03-15,-0.381,Bare/Water
NDVI01742,19.892927,74.411263,2023-12-25,0.024,Bare/Water
NDVI01743,19.808692,74.549542,2017-05-31,0.141,Sparse
NDVI01744,19.894729,74.364893,2020-04-08,-0.075,Bare/Water
NDVI01745,19.874203,74.447852,2018-10-31,0.465,Moderate
NDVI01746,19.849888,74.489975,2018-02-12,-0.161,Bare/Water
NDVI01747,19.845961,74.361957,2024-12-06,0.386,Moderate
NDVI01748,19.943232,74.547164,2018-09-20,0.65,Healthy
NDVI01749,19.817528,74.363629,2016-10-09,0.406,Moderate
NDVI01750,19.83595,74.438043,2025-07-14,0.426,Moderate
NDVI01751,19.860725,74.554146,2021-06-04,0.28,Sparse
NDVI01752,19.827412,74.58725,2025-07-05,0.411,Moderate
NDVI01753,19.934614,74.427665,2025-08-04,0.407,Moderate
NDVI01754,19.868572,74.460426,2021-05-01,0.163,Sparse
NDVI01755,19.880286,74.525528,2017-09-24,0.696,Healthy
NDVI01756,19.891898,74.361609,2023-11-12,0.368,Moderate
NDVI01757,19.948745,74.398788,2026-04-06,-0.095,Bare/Water
NDVI01758,19.849594,74.397847,2018-08-13,0.586,Healthy
NDVI01759,19.925846,74.488213,2023-01-26,-0.173,Bare/Water
NDVI01760,19.930656,74.459601,2023-04-28,0.163,Sparse
NDVI01761,19.841314,74.376197,2019-03-31,0.093,Bare/Water
NDVI01762,19.926842,74.532285,2024-08-21,0.519,Healthy
NDVI01763,19.93988,74.518884,2017-09-30,0.553,Healthy
NDVI01764,19.824286,74.435083,2025-10-27,0.443,Moderate
NDVI01765,19.899447,74.445007,2017-09-04,0.428,Moderate
NDVI01766,19.892944,74.555296,2019-05-02,0.244,Sparse
NDVI01767,19.862733,74.434669,2021-09-04,0.625,Healthy
NDVI01768,19.87718,74.355006,2024-07-26,0.611,Healthy
NDVI01769,19.859624,74.577463,2023-02-01,0.021,Bare/Water
NDVI01770,19.938091,74.560112,2021-05-01,-0.191,Bare/Water
NDVI01771,19.849153,74.554083,2025-05-24,0.121,Sparse
NDVI01772,19.910856,74.35402,2019-11-11,0.255,Sparse
NDVI01773,19.86668,74.448803,2023-05-08,0.305,Moderate
NDVI01774,19.838936,74.540157,2023-05-01,-0.021,Bare/Water
NDVI01775,19.874792,74.366296,2021-09-07,0.559,Healthy
NDVI01776,19.910845,74.364401,2017-07-13,0.571,Healthy
NDVI01777,19.8811,74.446873,2016-10-30,0.346,Moderate
NDVI01778,19.835427,74.375682,2026-05-15,0.092,Bare/Water
NDVI01779,19.802419,74.357368,2024-09-17,0.551,Healthy
NDVI01780,19.924309,74.422551,2019-05-21,0.359,Moderate
NDVI01781,19.91064,74.417412,2018-11-23,0.194,Sparse
NDVI01782,19.849332,74.563129,2023-05-18,0.171,Sparse
NDVI01783,19.944265,74.493555,2021-09-01,0.569,Healthy
NDVI01784,19.827576,74.351409,2025-01-22,-0.09,Bare/Water
NDVI01785,19.800666,74.468865,2017-08-13,0.772,Very Healthy
NDVI01786,19.829405,74.517606,2021-11-25,0.37,Moderate
NDVI01787,19.809807,74.435279,2019-01-09,-0.153,Bare/Water
NDVI01788,19.802347,74.599494,2026-03-29,-0.0,Bare/Water
NDVI01789,19.92084,74.371286,2018-01-23,-0.04,Bare/Water
NDVI01790,19.820604,74.444701,2025-04-12,-0.073,Bare/Water
NDVI01791,19.840026,74.470474,2018-05-04,0.085,Bare/Water
NDVI01792,19.844939,74.590086,2016-08-18,0.62,Healthy
NDVI01793,19.806168,74.558828,2022-05-24,0.067,Bare/Water
NDVI01794,19.811605,74.487603,2018-05-24,0.433,Moderate
NDVI01795,19.853022,74.439514,2021-02-16,-0.018,Bare/Water
NDVI01796,19.883867,74.369634,2018-09-02,0.839,Very Healthy
NDVI01797,19.802096,74.48678,2020-07-05,0.446,Moderate
NDVI01798,19.933302,74.535207,2024-10-15,0.68,Healthy
NDVI01799,19.934287,74.395845,2021-08-20,0.556,Healthy
NDVI01800,19.886409,74.57665,2025-03-01,-0.184,Bare/Water
NDVI01801,19.899016,74.551595,2023-08-31,0.691,Healthy
NDVI01802,19.870191,74.370744,2018-10-23,0.347,Moderate
NDVI01803,19.878605,74.437472,2024-09-01,0.598,Healthy
NDVI01804,19.884298,74.382743,2022-03-07,-0.098,Bare/Water
NDVI01805,19.87739,74.392524,2022-01-04,-0.197,Bare/Water
NDVI01806,19.924867,74.355311,2018-12-20,0.01,Bare/Water
NDVI01807,19.870366,74.426443,2019-11-21,0.402,Moderate
NDVI01808,19.815582,74.593002,2018-06-01,0.241,Sparse
NDVI01809,19.932429,74.550303,2023-12-25,0.375,Moderate
NDVI01810,19.910593,74.368352,2025-11-19,0.156,Sparse
NDVI01811,19.852535,74.469536,2021-05-27,-0.005,Bare/Water
NDVI01812,19.807556,74.43813,2023-02-17,-0.07,Bare/Water
NDVI01813,19.859314,74.376605,2018-08-07,0.512,Healthy
NDVI01814,19.923465,74.508335,2016-12-09,0.007,Bare/Water
NDVI01815,19.815382,74.397685,2017-03-24,-0.075,Bare/Water
NDVI01816,19.92033,74.550621,2018-01-08,0.041,Bare/Water
NDVI01817,19.918442,74.551983,2026-01-28,-0.083,Bare/Water
NDVI01818,19.948665,74.364728,2024-04-16,0.288,Sparse
NDVI01819,19.930234,74.46303,2023-02-06,-0.23,Bare/Water
NDVI01820,19.949988,74.55789,2024-12-31,0.215,Sparse
NDVI01821,19.842825,74.575934,2024-04-24,0.083,Bare/Water
NDVI01822,19.81617,74.455287,2021-08-24,0.58,Healthy
NDVI01823,19.807847,74.510861,2026-01-27,-0.083,Bare/Water
NDVI01824,19.901856,74.376049,2019-09-08,0.749,Very Healthy
NDVI01825,19.834947,74.408503,2024-12-11,0.273,Sparse
NDVI01826,19.835873,74.567045,2020-07-25,0.44,Moderate
NDVI01827,19.922145,74.494494,2019-04-03,0.118,Sparse
NDVI01828,19.820224,74.599074,2025-08-13,0.7,Very Healthy
NDVI01829,19.811765,74.58201,2016-08-08,0.537,Healthy
NDVI01830,19.948828,74.429127,2024-02-27,-0.122,Bare/Water
NDVI01831,19.917985,74.354495,2025-04-18,-0.224,Bare/Water
NDVI01832,19.894011,74.408721,2026-08-03,0.507,Healthy
NDVI01833,19.941821,74.378017,2025-03-03,-0.125,Bare/Water
NDVI01834,19.822551,74.584481,2022-09-07,0.628,Healthy
NDVI01835,19.807141,74.516738,2020-05-19,0.339,Moderate
NDVI01836,19.947139,74.460431,2024-05-12,-0.059,Bare/Water
NDVI01837,19.822365,74.384216,2026-03-25,-0.31,Bare/Water
NDVI01838,19.909307,74.522754,2021-04-20,0.28,Sparse
NDVI01839,19.82117,74.529245,2021-08-08,0.484,Moderate
NDVI01840,19.80407,74.485281,2026-04-12,-0.113,Bare/Water
NDVI01841,19.812305,74.548328,2025-01-02,0.047,Bare/Water
NDVI01842,19.847317,74.377972,2021-11-01,0.402,Moderate
NDVI01843,19.940909,74.39684,2026-04-30,0.259,Sparse
NDVI01844,19.811721,74.566162,2024-04-26,-0.137,Bare/Water
NDVI01845,19.845855,74.455877,2019-02-28,-0.218,Bare/Water
NDVI01846,19.811878,74.434356,2024-09-22,0.678,Healthy
NDVI01847,19.930425,74.410469,2019-07-13,0.282,Sparse
NDVI01848,19.929713,74.575489,2023-06-12,0.228,Sparse
NDVI01849,19.87017,74.570788,2017-11-14,0.37,Moderate
NDVI01850,19.944475,74.391082,2021-03-24,-0.058,Bare/Water
NDVI01851,19.918702,74.42413,2017-11-17,0.406,Moderate
NDVI01852,19.810104,74.522167,2022-03-20,0.031,Bare/Water
NDVI01853,19.888299,74.386801,2024-01-18,-0.108,Bare/Water
NDVI01854,19.827746,74.506139,2024-05-25,0.29,Sparse
NDVI01855,19.847835,74.465945,2024-02-25,-0.19,Bare/Water
NDVI01856,19.885012,74.593236,2017-01-15,0.011,Bare/Water
NDVI01857,19.935703,74.587921,2021-12-31,0.15,Sparse
NDVI01858,19.92981,74.574816,2018-10-25,0.588,Healthy
NDVI01859,19.829345,74.496819,2019-08-18,0.691,Healthy
NDVI01860,19.87376,74.441671,2026-01-14,0.032,Bare/Water
NDVI01861,19.873814,74.35125,2020-02-18,-0.053,Bare/Water
NDVI01862,19.931253,74.45931,2025-12-16,-0.038,Bare/Water
NDVI01863,19.925298,74.436187,2024-06-13,0.336,Moderate
NDVI01864,19.922451,74.514443,2021-06-25,0.519,Healthy
NDVI01865,19.944852,74.358464,2026-04-16,0.087,Bare/Water
NDVI01866,19.931825,74.394749,2024-01-25,-0.198,Bare/Water
NDVI01867,19.874201,74.571566,2025-01-09,-0.126,Bare/Water
NDVI01868,19.926121,74.424124,2022-02-24,-0.187,Bare/Water
NDVI01869,19.944783,74.407617,2019-02-02,-0.063,Bare/Water
NDVI01870,19.923072,74.465861,2023-04-06,-0.112,Bare/Water
NDVI01871,19.855917,74.361664,2026-05-15,-0.006,Bare/Water
NDVI01872,19.881792,74.539368,2017-09-11,0.445,Moderate
NDVI01873,19.899325,74.463201,2019-11-09,0.374,Moderate
NDVI01874,19.845691,74.558516,2023-03-11,-0.106,Bare/Water
NDVI01875,19.916099,74.558949,2022-05-09,0.041,Bare/Water
NDVI01876,19.946145,74.479456,2024-11-26,0.427,Moderate
NDVI01877,19.822398,74.421631,2026-04-25,0.042,Bare/Water
NDVI01878,19.866397,74.511621,2018-03-15,-0.052,Bare/Water
NDVI01879,19.825613,74.377452,2017-05-01,0.201,Sparse
NDVI01880,19.847656,74.519157,2019-05-13,0.229,Sparse
NDVI01881,19.884823,74.520128,2024-06-04,0.278,Sparse
NDVI01882,19.851372,74.423066,2017-10-02,0.4,Moderate
NDVI01883,19.828475,74.435291,2024-02-23,-0.144,Bare/Water
NDVI01884,19.824473,74.424072,2020-04-01,-0.065,Bare/Water
NDVI01885,19.900139,74.513832,2019-01-03,-0.179,Bare/Water
NDVI01886,19.818223,74.503201,2021-03-29,0.086,Bare/Water
NDVI01887,19.921576,74.576294,2017-02-24,-0.154,Bare/Water
NDVI01888,19.824869,74.423175,2017-04-24,0.018,Bare/Water
NDVI01889,19.868645,74.477538,2020-07-08,0.335,Moderate
NDVI01890,19.855733,74.535798,2022-05-14,0.429,Moderate
NDVI01891,19.937926,74.432497,2016-12-03,0.076,Bare/Water
NDVI01892,19.83681,74.508377,2024-11-06,0.465,Moderate
NDVI01893,19.898682,74.54275,2026-04-17,0.051,Bare/Water
NDVI01894,19.815504,74.444237,2018-10-01,0.752,Very Healthy
NDVI01895,19.830834,74.473586,2021-12-02,0.201,Sparse
NDVI01896,19.873346,74.423586,2019-12-15,-0.041,Bare/Water
NDVI01897,19.866086,74.585988,2021-09-04,0.675,Healthy
NDVI01898,19.862175,74.442198,2024-10-22,0.584,Healthy
NDVI01899,19.823379,74.406741,2020-05-13,0.078,Bare/Water
NDVI01900,19.870725,74.531318,2016-11-04,0.441,Moderate
NDVI01901,19.898075,74.452473,2020-08-23,0.756,Very Healthy
NDVI01902,19.857936,74.579179,2018-12-11,0.341,Moderate
NDVI01903,19.843004,74.585734,2018-05-27,0.343,Moderate
NDVI01904,19.826518,74.543116,2018-12-22,0.259,Sparse
NDVI01905,19.834083,74.450169,2019-01-27,-0.059,Bare/Water
NDVI01906,19.851855,74.558268,2019-01-08,-0.012,Bare/Water
NDVI01907,19.947522,74.390791,2021-03-27,-0.396,Bare/Water
NDVI01908,19.943249,74.403518,2017-05-01,0.061,Bare/Water
NDVI01909,19.828772,74.481473,2022-02-06,-0.034,Bare/Water
NDVI01910,19.933458,74.560436,2021-09-23,0.53,Healthy
NDVI01911,19.868188,74.522147,2019-12-09,0.086,Bare/Water
NDVI01912,19.807824,74.533421,2026-02-21,-0.269,Bare/Water
NDVI01913,19.944991,74.351007,2023-12-25,0.061,Bare/Water
NDVI01914,19.947532,74.376972,2019-02-26,-0.182,Bare/Water
NDVI01915,19.914266,74.498252,2017-05-29,0.153,Sparse
NDVI01916,19.939045,74.512164,2017-04-16,0.109,Sparse
NDVI01917,19.864986,74.549774,2024-05-21,0.32,Moderate
NDVI01918,19.8246,74.355236,2021-10-03,0.543,Healthy
NDVI01919,19.929602,74.425511,2018-05-31,0.336,Moderate
NDVI01920,19.928692,74.508695,2020-09-16,0.685,Healthy
NDVI01921,19.897599,74.361188,2026-02-17,0.047,Bare/Water
NDVI01922,19.927609,74.57024,2022-12-22,0.151,Sparse
NDVI01923,19.806953,74.537079,2021-04-21,-0.129,Bare/Water
NDVI01924,19.805187,74.50048,2024-08-31,0.567,Healthy
NDVI01925,19.823318,74.517448,2025-03-11,0.035,Bare/Water
NDVI01926,19.814071,74.546902,2017-12-21,-0.08,Bare/Water
NDVI01927,19.87616,74.404759,2018-07-11,0.47,Moderate
NDVI01928,19.832083,74.462566,2017-12-06,0.031,Bare/Water
NDVI01929,19.874156,74.42599,2016-12-20,0.246,Sparse
NDVI01930,19.898945,74.505068,2016-08-10,0.48,Moderate
NDVI01931,19.825249,74.530329,2017-04-28,0.048,Bare/Water
NDVI01932,19.879647,74.367085,2017-11-17,0.399,Moderate
NDVI01933,19.8048,74.553023,2022-12-08,0.266,Sparse
NDVI01934,19.89993,74.4562,2023-09-15,0.492,Moderate
NDVI01935,19.927672,74.592477,2023-01-12,0.06,Bare/Water
NDVI01936,19.886194,74.586818,2017-12-13,0.038,Bare/Water
NDVI01937,19.906117,74.404178,2017-03-23,-0.104,Bare/Water
NDVI01938,19.889075,74.424227,2023-10-08,0.346,Moderate
NDVI01939,19.92915,74.351455,2020-03-22,-0.153,Bare/Water
NDVI01940,19.870091,74.521482,2017-05-21,0.181,Sparse
NDVI01941,19.872405,74.508896,2018-07-11,0.502,Healthy
NDVI01942,19.826309,74.556456,2021-02-15,-0.223,Bare/Water
NDVI01943,19.889502,74.422124,2017-04-01,0.091,Bare/Water
NDVI01944,19.80158,74.357095,2023-05-01,-0.033,Bare/Water
NDVI01945,19.818786,74.412874,2024-04-10,-0.137,Bare/Water
NDVI01946,19.92809,74.449849,2021-07-09,0.31,Moderate
NDVI01947,19.893249,74.483615,2017-08-21,0.6,Healthy
NDVI01948,19.834169,74.389968,2025-04-18,-0.0,Bare/Water
NDVI01949,19.891959,74.557126,2024-03-10,-0.024,Bare/Water
NDVI01950,19.937935,74.51697,2025-04-10,0.107,Sparse
NDVI01951,19.885159,74.360991,2017-10-30,0.376,Moderate
NDVI01952,19.821297,74.456864,2024-12-27,0.247,Sparse
NDVI01953,19.947765,74.563867,2023-09-30,0.684,Healthy
NDVI01954,19.800701,74.433761,2024-08-11,0.634,Healthy
NDVI01955,19.819175,74.36399,2023-06-12,0.298,Sparse
NDVI01956,19.854436,74.488951,2021-12-23,0.129,Sparse
NDVI01957,19.810199,74.435586,2018-03-29,-0.149,Bare/Water
NDVI01958,19.845734,74.495607,2025-01-25,-0.003,Bare/Water
NDVI01959,19.813326,74.468223,2022-04-24,0.294,Sparse
NDVI01960,19.856283,74.432261,2022-07-24,0.549,Healthy
NDVI01961,19.854042,74.423435,2021-10-25,0.332,Moderate
NDVI01962,19.896948,74.500551,2018-04-07,0.029,Bare/Water
NDVI01963,19.888676,74.400368,2019-06-07,0.282,Sparse
NDVI01964,19.88347,74.533093,2026-03-15,-0.063,Bare/Water
NDVI01965,19.901691,74.510117,2022-05-29,0.165,Sparse
NDVI01966,19.824352,74.575201,2025-01-15,0.008,Bare/Water
NDVI01967,19.846854,74.481666,2016-08-29,0.611,Healthy
NDVI01968,19.885865,74.597001,2021-04-09,-0.007,Bare/Water
NDVI01969,19.900696,74.361942,2021-06-13,0.302,Moderate
NDVI01970,19.949052,74.599058,2024-06-20,0.317,Moderate
NDVI01971,19.807945,74.493967,2019-12-15,0.172,Sparse
NDVI01972,19.815944,74.354891,2024-09-22,0.564,Healthy
NDVI01973,19.847552,74.4986,2020-10-02,0.398,Moderate
NDVI01974,19.814457,74.558775,2024-05-24,0.198,Sparse
NDVI01975,19.801597,74.485093,2017-05-26,0.273,Sparse
NDVI01976,19.881255,74.445109,2016-09-27,0.379,Moderate
NDVI01977,19.935399,74.595767,2026-08-06,0.508,Healthy
NDVI01978,19.932219,74.405256,2023-02-28,0.017,Bare/Water
NDVI01979,19.87353,74.354506,2023-03-10,-0.017,Bare/Water
NDVI01980,19.943192,74.441372,2021-09-09,0.578,Healthy
NDVI01981,19.90956,74.567921,2021-06-01,0.311,Moderate
NDVI01982,19.829193,74.474001,2019-07-25,0.754,Very Healthy
NDVI01983,19.829323,74.493422,2025-11-28,0.234,Sparse
NDVI01984,19.907067,74.466419,2023-11-23,0.403,Moderate
NDVI01985,19.921997,74.592074,2016-08-15,0.722,Very Healthy
NDVI01986,19.912694,74.409827,2017-09-10,0.47,Moderate
NDVI01987,19.85925,74.370195,2018-11-16,0.263,Sparse
NDVI01988,19.849286,74.565872,2024-06-21,-0.003,Bare/Water
NDVI01989,19.945406,74.467894,2019-07-23,0.539,Healthy
NDVI01990,19.886183,74.579358,2025-02-09,-0.088,Bare/Water
NDVI01991,19.861761,74.445671,2022-09-17,0.493,Moderate
NDVI01992,19.824994,74.440874,2017-08-29,0.539,Healthy
NDVI01993,19.855561,74.438465,2025-04-14,0.165,Sparse
NDVI01994,19.838046,74.431741,2020-11-13,0.658,Healthy
NDVI01995,19.840391,74.516765,2023-02-28,0.099,Bare/Water
NDVI01996,19.913856,74.517374,2018-12-25,0.222,Sparse
NDVI01997,19.819449,74.36564,2019-05-22,0.101,Sparse
NDVI01998,19.832222,74.470299,2025-08-15,0.629,Healthy
NDVI01999,19.847168,74.387641,2021-07-27,0.491,Moderate
NDVI02000,19.863344,74.502007,2026-01-01,-0.055,Bare/Water
NDVI02001,19.895615,74.387403,2024-02-27,-0.076,Bare/Water
NDVI02002,19.90946,74.531662,2024-10-27,0.647,Healthy
NDVI02003,19.929807,74.577647,2020-09-13,0.657,Healthy
NDVI02004,19.898166,74.56718,2016-11-07,0.432,Moderate
NDVI02005,19.924715,74.576991,2023-02-08,-0.181,Bare/Water
NDVI02006,19.829941,74.56016,2020-06-18,0.297,Sparse
NDVI02007,19.850764,74.391353,2023-10-15,0.461,Moderate
NDVI02008,19.885886,74.537918,2024-10-26,0.275,Sparse
NDVI02009,19.857594,74.52515,2023-05-08,0.283,Sparse
NDVI02010,19.88665,74.43093,2022-01-14,0.044,Bare/Water
NDVI02011,19.881554,74.524032,2022-10-10,0.695,Healthy
NDVI02012,19.889026,74.351596,2023-02-06,-0.052,Bare/Water
NDVI02013,19.870645,74.53131,2021-10-17,0.322,Moderate
NDVI02014,19.942882,74.487038,2017-08-22,0.59,Healthy
NDVI02015,19.891741,74.546414,2021-12-03,0.186,Sparse
NDVI02016,19.856823,74.385672,2018-06-09,0.405,Moderate
NDVI02017,19.922996,74.360719,2022-01-26,-0.158,Bare/Water
NDVI02018,19.841851,74.45251,2020-05-22,0.242,Sparse
NDVI02019,19.813343,74.463931,2026-07-09,0.306,Moderate
NDVI02020,19.802376,74.424068,2021-04-13,0.046,Bare/Water
NDVI02021,19.907529,74.453426,2019-05-24,0.441,Moderate
NDVI02022,19.813862,74.399144,2025-05-21,0.084,Bare/Water
NDVI02023,19.886536,74.581647,2026-05-20,0.271,Sparse
NDVI02024,19.858888,74.403104,2023-11-10,0.387,Moderate
NDVI02025,19.886867,74.581593,2016-10-14,0.378,Moderate
NDVI02026,19.805829,74.363217,2017-07-05,0.539,Healthy
NDVI02027,19.817406,74.391117,2024-10-10,0.45,Moderate
NDVI02028,19.900767,74.50019,2024-08-07,0.513,Healthy
NDVI02029,19.86647,74.463245,2017-04-28,0.02,Bare/Water
NDVI02030,19.90498,74.365713,2022-08-24,0.481,Moderate
NDVI02031,19.817784,74.576494,2019-10-16,0.434,Moderate
NDVI02032,19.946055,74.46499,2021-10-20,0.617,Healthy
NDVI02033,19.803736,74.392315,2025-03-09,-0.025,Bare/Water
NDVI02034,19.809526,74.567341,2019-01-11,0.013,Bare/Water
NDVI02035,19.888901,74.364561,2026-05-10,0.072,Bare/Water
NDVI02036,19.8614,74.582534,2018-05-12,0.103,Sparse
NDVI02037,19.907892,74.518396,2020-07-15,0.411,Moderate
NDVI02038,19.944194,74.570242,2023-12-09,0.514,Healthy
NDVI02039,19.912974,74.400948,2021-08-12,0.729,Very Healthy
NDVI02040,19.853912,74.425544,2024-11-28,0.14,Sparse
NDVI02041,19.914036,74.488957,2022-09-12,0.524,Healthy
NDVI02042,19.880806,74.55875,2021-10-29,0.439,Moderate
NDVI02043,19.933328,74.40543,2018-05-11,0.112,Sparse
NDVI02044,19.851365,74.527662,2022-01-28,-0.12,Bare/Water
NDVI02045,19.808548,74.500854,2023-08-01,0.509,Healthy
NDVI02046,19.842223,74.477085,2021-03-01,-0.158,Bare/Water
NDVI02047,19.895992,74.456183,2024-06-17,0.31,Moderate
NDVI02048,19.828085,74.447666,2021-10-13,0.414,Moderate
NDVI02049,19.948383,74.483452,2025-10-03,0.725,Very Healthy
NDVI02050,19.879638,74.357224,2026-02-04,-0.041,Bare/Water
NDVI02051,19.882258,74.39334,2023-07-24,0.595,Healthy
NDVI02052,19.871632,74.454687,2024-11-17,0.3,Moderate
NDVI02053,19.855632,74.560425,2018-03-28,0.079,Bare/Water
NDVI02054,19.841475,74.367804,2018-12-01,0.377,Moderate
NDVI02055,19.811474,74.364072,2018-02-01,-0.023,Bare/Water
NDVI02056,19.949907,74.393284,2021-02-27,0.082,Bare/Water
NDVI02057,19.834655,74.360623,2021-06-01,0.217,Sparse
NDVI02058,19.915186,74.36952,2022-10-31,0.404,Moderate
NDVI02059,19.852583,74.424402,2026-02-17,-0.074,Bare/Water
NDVI02060,19.816103,74.483629,2021-07-07,0.481,Moderate
NDVI02061,19.924606,74.511253,2025-01-09,0.087,Bare/Water
NDVI02062,19.920947,74.573096,2024-11-29,0.271,Sparse
NDVI02063,19.853398,74.576864,2016-09-09,0.486,Moderate
NDVI02064,19.843236,74.427766,2017-12-09,0.258,Sparse
NDVI02065,19.891426,74.558456,2025-09-08,0.45,Moderate
NDVI02066,19.87084,74.354458,2019-08-30,0.445,Moderate
NDVI02067,19.849691,74.35993,2017-09-06,0.487,Moderate
NDVI02068,19.885717,74.433881,2018-12-18,-0.079,Bare/Water
NDVI02069,19.859649,74.54172,2021-01-12,0.013,Bare/Water
NDVI02070,19.843429,74.485133,2025-04-26,-0.002,Bare/Water
NDVI02071,19.849591,74.430052,2018-10-28,0.259,Sparse
NDVI02072,19.861613,74.555613,2021-06-15,0.324,Moderate
NDVI02073,19.947378,74.478394,2021-06-26,0.348,Moderate
NDVI02074,19.917494,74.354308,2022-10-17,0.241,Sparse
NDVI02075,19.948342,74.585735,2024-07-06,0.425,Moderate
NDVI02076,19.843235,74.586674,2018-11-03,0.194,Sparse
NDVI02077,19.895613,74.450927,2021-08-27,0.631,Healthy
NDVI02078,19.931154,74.514068,2021-02-02,-0.029,Bare/Water
NDVI02079,19.852222,74.569631,2026-04-02,-0.245,Bare/Water
NDVI02080,19.908171,74.370682,2019-02-04,-0.383,Bare/Water
NDVI02081,19.870194,74.359,2026-07-28,0.334,Moderate
NDVI02082,19.831963,74.393042,2022-08-16,0.771,Very Healthy
NDVI02083,19.834149,74.354202,2021-09-27,0.66,Healthy
NDVI02084,19.811945,74.400845,2021-06-15,0.444,Moderate
NDVI02085,19.886751,74.545467,2017-06-23,0.178,Sparse
NDVI02086,19.810374,74.456122,2021-04-30,0.23,Sparse
NDVI02087,19.905049,74.497269,2020-11-10,0.366,Moderate
NDVI02088,19.946986,74.50203,2020-08-03,0.518,Healthy
NDVI02089,19.852725,74.594459,2023-03-01,-0.065,Bare/Water
NDVI02090,19.914413,74.476038,2024-12-01,0.174,Sparse
NDVI02091,19.911987,74.543271,2024-12-12,0.19,Sparse
NDVI02092,19.944649,74.413956,2020-11-10,0.281,Sparse
NDVI02093,19.848699,74.421778,2021-12-13,0.308,Moderate
NDVI02094,19.846518,74.533587,2019-10-10,0.46,Moderate
NDVI02095,19.892332,74.385495,2022-09-04,0.614,Healthy
NDVI02096,19.870924,74.533732,2019-01-14,0.045,Bare/Water
NDVI02097,19.943853,74.457229,2017-04-19,-0.088,Bare/Water
NDVI02098,19.893921,74.587227,2018-02-05,-0.319,Bare/Water
NDVI02099,19.802892,74.400671,2025-06-02,0.24,Sparse
NDVI02100,19.889294,74.592451,2024-05-13,0.287,Sparse
NDVI02101,19.88492,74.566825,2021-02-02,-0.17,Bare/Water
NDVI02102,19.866255,74.377913,2020-09-08,0.556,Healthy
NDVI02103,19.923787,74.421281,2025-10-04,0.585,Healthy
NDVI02104,19.929578,74.538884,2024-05-08,0.072,Bare/Water
NDVI02105,19.940991,74.375152,2017-08-01,0.672,Healthy
NDVI02106,19.86706,74.599854,2021-11-21,0.156,Sparse
NDVI02107,19.826881,74.586125,2021-11-16,0.38,Moderate
NDVI02108,19.924752,74.454143,2021-12-27,-0.011,Bare/Water
NDVI02109,19.831079,74.509336,2023-05-12,0.098,Bare/Water
NDVI02110,19.896447,74.589148,2024-03-30,-0.061,Bare/Water
NDVI02111,19.884009,74.357045,2018-09-03,0.61,Healthy
NDVI02112,19.86905,74.57618,2019-10-27,0.519,Healthy
NDVI02113,19.916083,74.480495,2024-12-06,0.009,Bare/Water
NDVI02114,19.900344,74.410511,2025-07-14,0.424,Moderate
NDVI02115,19.86949,74.367064,2017-11-26,0.282,Sparse
NDVI02116,19.920321,74.42497,2025-04-18,-0.124,Bare/Water
NDVI02117,19.901424,74.509915,2021-05-10,0.252,Sparse
NDVI02118,19.842217,74.507579,2022-08-09,0.677,Healthy
NDVI02119,19.923116,74.399193,2025-11-17,0.143,Sparse
NDVI02120,19.833195,74.549257,2025-01-30,-0.032,Bare/Water
NDVI02121,19.923027,74.375107,2016-09-21,0.543,Healthy
NDVI02122,19.857088,74.366405,2023-11-30,0.232,Sparse
NDVI02123,19.827182,74.354089,2020-08-05,0.602,Healthy
NDVI02124,19.82548,74.373047,2024-10-03,0.574,Healthy
NDVI02125,19.840424,74.566575,2022-08-19,0.785,Very Healthy
NDVI02126,19.824015,74.407979,2025-09-20,0.521,Healthy
NDVI02127,19.844845,74.500134,2024-01-26,0.072,Bare/Water
NDVI02128,19.822298,74.392946,2025-05-26,0.201,Sparse
NDVI02129,19.896845,74.36032,2019-04-11,-0.079,Bare/Water
NDVI02130,19.857664,74.442262,2018-08-19,0.732,Very Healthy
NDVI02131,19.86564,74.558437,2025-09-15,0.726,Very Healthy
NDVI02132,19.88011,74.408611,2017-03-12,0.038,Bare/Water
NDVI02133,19.915693,74.533578,2020-05-02,0.093,Bare/Water
NDVI02134,19.893889,74.580742,2021-02-15,-0.33,Bare/Water
NDVI02135,19.92429,74.415003,2018-07-03,0.402,Moderate
NDVI02136,19.896021,74.48892,2025-09-02,0.488,Moderate
NDVI02137,19.859328,74.354569,2023-07-04,0.263,Sparse
NDVI02138,19.937736,74.484096,2024-09-16,0.728,Very Healthy
NDVI02139,19.804462,74.564313,2021-10-04,0.42,Moderate
NDVI02140,19.928242,74.394677,2018-04-26,-0.054,Bare/Water
NDVI02141,19.869736,74.471889,2017-03-12,-0.012,Bare/Water
NDVI02142,19.834561,74.443665,2021-08-10,0.459,Moderate
NDVI02143,19.822874,74.547024,2026-01-29,-0.042,Bare/Water
NDVI02144,19.922434,74.507887,2024-08-11,0.649,Healthy
NDVI02145,19.885808,74.509091,2019-09-01,0.592,Healthy
NDVI02146,19.916888,74.476438,2022-09-19,0.593,Healthy
NDVI02147,19.903616,74.585392,2021-07-21,0.518,Healthy
NDVI02148,19.891836,74.367711,2018-07-23,0.446,Moderate
NDVI02149,19.902535,74.51748,2023-09-06,0.697,Healthy
NDVI02150,19.934987,74.564503,2018-11-10,0.385,Moderate
NDVI02151,19.907599,74.49507,2023-03-18,-0.164,Bare/Water
NDVI02152,19.939319,74.375592,2025-02-06,-0.16,Bare/Water
NDVI02153,19.916952,74.530346,2022-03-27,-0.138,Bare/Water
NDVI02154,19.928184,74.364957,2017-04-14,-0.062,Bare/Water
NDVI02155,19.920583,74.435045,2016-12-15,0.079,Bare/Water
NDVI02156,19.868314,74.593753,2021-01-14,-0.104,Bare/Water
NDVI02157,19.928669,74.477259,2016-09-18,0.602,Healthy
NDVI02158,19.849247,74.478604,2024-07-19,0.546,Healthy
NDVI02159,19.895533,74.37365,2023-09-05,0.57,Healthy
NDVI02160,19.860238,74.54092,2021-01-03,0.17,Sparse
NDVI02161,19.829013,74.438049,2024-10-13,0.586,Healthy
NDVI02162,19.801697,74.360515,2024-03-21,-0.083,Bare/Water
NDVI02163,19.857778,74.544456,2020-05-18,0.23,Sparse
NDVI02164,19.915674,74.476509,2019-02-08,-0.127,Bare/Water
NDVI02165,19.93344,74.45642,2019-01-01,0.008,Bare/Water
NDVI02166,19.933728,74.460056,2026-07-20,0.536,Healthy
NDVI02167,19.885295,74.412393,2024-07-29,0.619,Healthy
NDVI02168,19.8882,74.403479,2023-09-17,0.345,Moderate
NDVI02169,19.949526,74.409235,2024-03-14,-0.085,Bare/Water
NDVI02170,19.836785,74.411749,2017-12-26,0.138,Sparse
NDVI02171,19.895746,74.563684,2021-12-22,0.106,Sparse
NDVI02172,19.941979,74.472013,2020-07-04,0.284,Sparse
NDVI02173,19.832192,74.456629,2017-07-29,0.458,Moderate
NDVI02174,19.948999,74.353993,2017-01-01,-0.069,Bare/Water
NDVI02175,19.807639,74.588267,2024-10-13,0.568,Healthy
NDVI02176,19.834474,74.524842,2023-01-21,-0.018,Bare/Water
NDVI02177,19.817764,74.434283,2017-02-22,-0.237,Bare/Water
NDVI02178,19.830329,74.36345,2024-11-30,0.243,Sparse
NDVI02179,19.862748,74.500964,2021-11-24,0.133,Sparse
NDVI02180,19.850093,74.519481,2025-11-21,0.306,Moderate
NDVI02181,19.935313,74.356558,2018-03-15,-0.153,Bare/Water
NDVI02182,19.811394,74.519753,2023-03-08,-0.128,Bare/Water
NDVI02183,19.809851,74.39177,2025-05-09,0.146,Sparse
NDVI02184,19.852178,74.567513,2020-07-22,0.555,Healthy
NDVI02185,19.946094,74.397905,2018-01-03,-0.022,Bare/Water
NDVI02186,19.820426,74.351426,2020-07-15,0.38,Moderate
NDVI02187,19.82739,74.54646,2018-07-06,0.384,Moderate
NDVI02188,19.923757,74.594302,2022-08-12,0.626,Healthy
NDVI02189,19.940006,74.494921,2025-06-09,0.453,Moderate
NDVI02190,19.808538,74.572169,2021-08-16,0.604,Healthy
NDVI02191,19.872616,74.455742,2017-02-12,-0.168,Bare/Water
NDVI02192,19.919515,74.519144,2018-05-06,0.158,Sparse
NDVI02193,19.83951,74.582548,2020-04-09,0.068,Bare/Water
NDVI02194,19.928929,74.595519,2019-04-14,-0.015,Bare/Water
NDVI02195,19.933589,74.412154,2024-09-05,0.754,Very Healthy
NDVI02196,19.937296,74.510102,2016-08-23,0.443,Moderate
NDVI02197,19.861696,74.520753,2022-05-07,0.26,Sparse
NDVI02198,19.823229,74.424864,2021-05-09,0.026,Bare/Water
NDVI02199,19.93298,74.358271,2018-02-10,0.147,Sparse
NDVI02200,19.865482,74.58182,2022-10-30,0.523,Healthy
NDVI02201,19.90807,74.38014,2016-12-27,-0.101,Bare/Water
NDVI02202,19.848159,74.549524,2018-03-25,-0.004,Bare/Water
NDVI02203,19.845999,74.47657,2022-01-25,0.029,Bare/Water
NDVI02204,19.856359,74.557326,2020-04-04,-0.053,Bare/Water
NDVI02205,19.911999,74.397259,2024-07-06,0.33,Moderate
NDVI02206,19.806283,74.491661,2023-05-16,0.121,Sparse
NDVI02207,19.838916,74.380075,2024-08-01,0.364,Moderate
NDVI02208,19.856973,74.567105,2018-04-21,-0.029,Bare/Water
NDVI02209,19.888376,74.496023,2017-05-17,0.347,Moderate
NDVI02210,19.90806,74.479018,2017-03-11,-0.172,Bare/Water
NDVI02211,19.901064,74.352508,2021-10-29,0.49,Moderate
NDVI02212,19.808162,74.516132,2022-05-23,0.007,Bare/Water
NDVI02213,19.888038,74.53459,2021-06-01,0.238,Sparse
NDVI02214,19.933297,74.512954,2021-08-24,0.532,Healthy
NDVI02215,19.91707,74.597433,2025-10-03,0.384,Moderate
NDVI02216,19.871462,74.479714,2019-02-04,-0.29,Bare/Water
NDVI02217,19.861908,74.384709,2022-11-09,0.35,Moderate
NDVI02218,19.945151,74.558747,2024-06-07,0.397,Moderate
NDVI02219,19.826691,74.555486,2026-02-06,-0.03,Bare/Water
NDVI02220,19.817799,74.539337,2025-07-18,0.657,Healthy
NDVI02221,19.856018,74.548311,2016-10-10,0.29,Sparse
NDVI02222,19.869408,74.450841,2018-12-03,0.233,Sparse
NDVI02223,19.828664,74.472799,2024-10-11,0.318,Moderate
NDVI02224,19.804992,74.389534,2022-02-09,-0.045,Bare/Water
NDVI02225,19.93779,74.490623,2018-05-20,0.331,Moderate
NDVI02226,19.870359,74.366196,2022-07-17,0.421,Moderate
NDVI02227,19.816452,74.472713,2023-11-01,0.321,Moderate
NDVI02228,19.888446,74.45631,2020-09-22,0.571,Healthy
NDVI02229,19.834164,74.5939,2020-04-02,0.036,Bare/Water
NDVI02230,19.895577,74.396704,2018-05-01,0.196,Sparse
NDVI02231,19.873391,74.514116,2025-01-04,0.02,Bare/Water
NDVI02232,19.904445,74.49593,2026-02-15,-0.235,Bare/Water
NDVI02233,19.910221,74.44108,2016-12-04,0.044,Bare/Water
NDVI02234,19.923337,74.497308,2019-03-06,-0.144,Bare/Water
NDVI02235,19.923126,74.519724,2018-12-23,-0.082,Bare/Water
NDVI02236,19.824975,74.544767,2018-08-12,0.413,Moderate
NDVI02237,19.936339,74.506063,2023-05-28,0.247,Sparse
NDVI02238,19.814653,74.550944,2017-06-23,0.427,Moderate
NDVI02239,19.847738,74.49677,2022-01-23,0.045,Bare/Water
NDVI02240,19.868803,74.536374,2019-12-26,0.08,Bare/Water
NDVI02241,19.93462,74.426231,2019-12-11,0.124,Sparse
NDVI02242,19.910439,74.373312,2016-12-03,0.305,Moderate
NDVI02243,19.882116,74.511685,2022-02-17,-0.298,Bare/Water
NDVI02244,19.88786,74.35868,2018-03-25,-0.017,Bare/Water
NDVI02245,19.842057,74.438245,2025-11-09,0.293,Sparse
NDVI02246,19.86317,74.364771,2019-04-04,0.217,Sparse
NDVI02247,19.871701,74.359651,2023-06-28,0.101,Sparse
NDVI02248,19.871679,74.53925,2025-05-10,0.116,Sparse
NDVI02249,19.927613,74.380497,2023-02-01,-0.085,Bare/Water
NDVI02250,19.867218,74.592975,2019-05-14,0.016,Bare/Water
NDVI02251,19.855668,74.592424,2019-04-21,0.149,Sparse
NDVI02252,19.859643,74.583396,2025-07-09,0.424,Moderate
NDVI02253,19.841925,74.45159,2020-07-31,0.42,Moderate
NDVI02254,19.864086,74.386233,2017-02-23,-0.1,Bare/Water
NDVI02255,19.812673,74.521151,2025-11-12,0.212,Sparse
NDVI02256,19.914171,74.418815,2024-05-19,0.208,Sparse
NDVI02257,19.92445,74.470032,2019-02-05,-0.045,Bare/Water
NDVI02258,19.923758,74.558115,2024-09-09,0.84,Very Healthy
NDVI02259,19.91676,74.374231,2023-07-08,0.555,Healthy
NDVI02260,19.906792,74.587385,2026-03-27,0.02,Bare/Water
NDVI02261,19.900071,74.409041,2018-12-18,0.218,Sparse
NDVI02262,19.866401,74.449898,2017-02-26,-0.05,Bare/Water
NDVI02263,19.897939,74.565372,2026-08-04,0.627,Healthy
NDVI02264,19.86848,74.599443,2016-08-18,0.339,Moderate
NDVI02265,19.802203,74.419498,2018-12-17,0.237,Sparse
NDVI02266,19.949016,74.39121,2016-10-19,0.426,Moderate
NDVI02267,19.884053,74.574182,2025-04-01,-0.016,Bare/Water
NDVI02268,19.874949,74.393031,2018-05-16,0.381,Moderate
NDVI02269,19.822826,74.398291,2018-10-06,0.449,Moderate
NDVI02270,19.859654,74.436176,2025-09-15,0.447,Moderate
NDVI02271,19.9076,74.488762,2023-05-19,0.132,Sparse
NDVI02272,19.802477,74.379712,2022-02-19,-0.161,Bare/Water
NDVI02273,19.870063,74.516001,2019-02-20,-0.027,Bare/Water
NDVI02274,19.914954,74.351874,2020-04-21,0.152,Sparse
NDVI02275,19.91188,74.487353,2022-11-30,0.23,Sparse
NDVI02276,19.846281,74.355933,2018-01-10,0.066,Bare/Water
NDVI02277,19.825359,74.391938,2021-02-03,-0.234,Bare/Water
NDVI02278,19.834952,74.567184,2022-04-20,0.129,Sparse
NDVI02279,19.940025,74.439818,2018-01-25,-0.127,Bare/Water
NDVI02280,19.873378,74.546109,2023-11-10,0.413,Moderate
NDVI02281,19.915551,74.461335,2023-04-26,-0.001,Bare/Water
NDVI02282,19.835609,74.53198,2017-09-08,0.602,Healthy
NDVI02283,19.899365,74.571551,2025-05-12,0.047,Bare/Water
NDVI02284,19.880513,74.57619,2023-08-27,0.65,Healthy
NDVI02285,19.852671,74.483768,2021-11-12,0.385,Moderate
NDVI02286,19.847495,74.544892,2022-11-22,0.187,Sparse
NDVI02287,19.837719,74.456974,2020-07-10,0.282,Sparse
NDVI02288,19.910643,74.485887,2017-10-25,0.542,Healthy
NDVI02289,19.932705,74.539871,2025-10-14,0.523,Healthy
NDVI02290,19.938829,74.553594,2020-11-29,0.394,Moderate
NDVI02291,19.871916,74.410656,2023-10-08,0.558,Healthy
NDVI02292,19.899934,74.498287,2022-01-21,-0.197,Bare/Water
NDVI02293,19.947961,74.352849,2026-01-12,0.089,Bare/Water
NDVI02294,19.925931,74.526263,2023-07-12,0.442,Moderate
NDVI02295,19.87763,74.544333,2025-11-02,0.379,Moderate
NDVI02296,19.867666,74.549255,2020-12-27,0.103,Sparse
NDVI02297,19.848328,74.35937,2021-11-08,0.324,Moderate
NDVI02298,19.899461,74.567707,2022-12-21,0.09,Bare/Water
NDVI02299,19.864058,74.532631,2019-01-02,0.044,Bare/Water
NDVI02300,19.917709,74.531131,2025-06-07,0.342,Moderate
NDVI02301,19.81663,74.543608,2024-09-12,0.684,Healthy
NDVI02302,19.887735,74.49857,2018-09-25,0.534,Healthy
NDVI02303,19.889645,74.422839,2017-08-28,0.308,Moderate
NDVI02304,19.921128,74.599165,2020-11-17,0.286,Sparse
NDVI02305,19.831227,74.444498,2020-03-29,-0.117,Bare/Water
NDVI02306,19.943183,74.585909,2026-07-04,0.423,Moderate
NDVI02307,19.800599,74.363814,2017-07-05,0.319,Moderate
NDVI02308,19.923346,74.518365,2019-01-25,-0.156,Bare/Water
NDVI02309,19.804036,74.443543,2020-06-14,0.279,Sparse
NDVI02310,19.939822,74.459269,2023-06-02,0.091,Bare/Water
NDVI02311,19.932478,74.355088,2019-04-13,-0.12,Bare/Water
NDVI02312,19.836672,74.466124,2017-08-27,0.821,Very Healthy
NDVI02313,19.877396,74.42428,2026-05-26,0.033,Bare/Water
NDVI02314,19.913409,74.453718,2025-03-31,0.086,Bare/Water
NDVI02315,19.819989,74.493177,2025-07-23,0.73,Very Healthy
NDVI02316,19.934454,74.479967,2022-04-03,-0.124,Bare/Water
NDVI02317,19.830783,74.58073,2022-07-29,0.735,Very Healthy
NDVI02318,19.934606,74.537035,2019-10-11,0.406,Moderate
NDVI02319,19.933659,74.575625,2023-03-13,-0.281,Bare/Water
NDVI02320,19.912063,74.406021,2019-01-31,-0.059,Bare/Water
NDVI02321,19.835229,74.351092,2019-04-04,-0.034,Bare/Water
NDVI02322,19.907303,74.592247,2023-03-03,-0.23,Bare/Water
NDVI02323,19.929281,74.392477,2022-01-08,-0.146,Bare/Water
NDVI02324,19.840452,74.422648,2025-07-07,0.521,Healthy
NDVI02325,19.834098,74.406509,2017-08-19,0.661,Healthy
NDVI02326,19.897039,74.358198,2016-08-24,0.705,Very Healthy
NDVI02327,19.847063,74.500089,2020-05-28,0.255,Sparse
NDVI02328,19.924968,74.563379,2025-08-22,0.687,Healthy
NDVI02329,19.856072,74.558208,2016-11-26,0.465,Moderate
NDVI02330,19.80014,74.461065,2022-09-08,0.485,Moderate
NDVI02331,19.928313,74.572393,2018-02-16,-0.177,Bare/Water
NDVI02332,19.893732,74.549177,2024-08-14,0.739,Very Healthy
NDVI02333,19.940503,74.390895,2018-01-08,-0.144,Bare/Water
NDVI02334,19.822901,74.458658,2017-09-20,0.613,Healthy
NDVI02335,19.801627,74.529884,2017-12-10,0.243,Sparse
NDVI02336,19.802175,74.409571,2024-01-14,-0.104,Bare/Water
NDVI02337,19.945127,74.489636,2016-09-03,0.454,Moderate
NDVI02338,19.897804,74.557599,2019-02-09,-0.011,Bare/Water
NDVI02339,19.906735,74.436949,2022-10-09,0.657,Healthy
NDVI02340,19.907998,74.360039,2017-02-10,-0.291,Bare/Water
NDVI02341,19.883587,74.380891,2024-09-06,0.431,Moderate
NDVI02342,19.890668,74.567839,2018-10-13,0.547,Healthy
NDVI02343,19.907864,74.58644,2019-10-27,0.251,Sparse
NDVI02344,19.913433,74.433062,2017-08-20,0.844,Very Healthy
NDVI02345,19.947513,74.417655,2022-09-08,0.534,Healthy
NDVI02346,19.908733,74.412845,2016-09-24,0.464,Moderate
NDVI02347,19.905887,74.433844,2025-12-24,0.264,Sparse
NDVI02348,19.825215,74.375268,2020-05-13,0.017,Bare/Water
NDVI02349,19.813234,74.422447,2022-06-26,0.288,Sparse
NDVI02350,19.807485,74.59394,2018-11-09,0.234,Sparse
NDVI02351,19.882422,74.520423,2020-12-13,0.146,Sparse
NDVI02352,19.949813,74.509063,2021-11-13,0.277,Sparse
NDVI02353,19.80361,74.529542,2016-08-30,0.504,Healthy
NDVI02354,19.897298,74.447988,2019-04-12,-0.014,Bare/Water
NDVI02355,19.844075,74.594824,2023-06-13,0.242,Sparse
NDVI02356,19.819759,74.563122,2026-04-23,0.108,Sparse
NDVI02357,19.90885,74.579638,2022-01-15,-0.084,Bare/Water
NDVI02358,19.845631,74.535226,2020-11-17,0.298,Sparse
NDVI02359,19.820785,74.468042,2017-03-17,-0.193,Bare/Water
NDVI02360,19.942601,74.523098,2020-01-15,0.116,Sparse
NDVI02361,19.865147,74.485035,2023-08-06,0.761,Very Healthy
NDVI02362,19.911377,74.497329,2022-04-25,0.004,Bare/Water
NDVI02363,19.835968,74.425438,2026-05-27,0.334,Moderate
NDVI02364,19.80133,74.519311,2025-03-11,0.061,Bare/Water
NDVI02365,19.939871,74.366943,2023-04-21,-0.132,Bare/Water
NDVI02366,19.928628,74.477352,2021-11-27,0.324,Moderate
NDVI02367,19.894323,74.515955,2017-09-11,0.686,Healthy
NDVI02368,19.946568,74.520587,2021-11-02,0.388,Moderate
NDVI02369,19.813949,74.469522,2024-12-29,0.05,Bare/Water
NDVI02370,19.805167,74.479007,2022-10-10,0.637,Healthy
NDVI02371,19.830931,74.429966,2018-01-08,0.054,Bare/Water
NDVI02372,19.802829,74.43691,2019-09-15,0.83,Very Healthy
NDVI02373,19.937955,74.430652,2020-04-08,0.061,Bare/Water
NDVI02374,19.867475,74.506623,2025-04-10,-0.172,Bare/Water
NDVI02375,19.838876,74.588121,2020-10-02,0.689,Healthy
NDVI02376,19.887058,74.523226,2025-03-27,-0.048,Bare/Water
NDVI02377,19.836291,74.505874,2019-02-13,-0.32,Bare/Water
NDVI02378,19.851677,74.470746,2020-03-19,-0.002,Bare/Water
NDVI02379,19.94238,74.44527,2022-08-16,0.703,Very Healthy
NDVI02380,19.840744,74.523981,2024-04-04,-0.282,Bare/Water
NDVI02381,19.853321,74.498182,2019-03-17,-0.133,Bare/Water
NDVI02382,19.939771,74.485158,2021-11-28,0.334,Moderate
NDVI02383,19.925371,74.563797,2018-04-10,0.157,Sparse
NDVI02384,19.891022,74.367163,2019-02-18,-0.143,Bare/Water
NDVI02385,19.849293,74.462459,2018-12-16,0.014,Bare/Water
NDVI02386,19.940141,74.533764,2023-04-01,0.002,Bare/Water
NDVI02387,19.93982,74.502408,2021-02-23,-0.064,Bare/Water
NDVI02388,19.917994,74.59212,2022-08-09,0.462,Moderate
NDVI02389,19.943123,74.57338,2020-02-12,-0.112,Bare/Water
NDVI02390,19.881711,74.464937,2017-02-19,0.044,Bare/Water
NDVI02391,19.910136,74.548571,2024-08-25,0.744,Very Healthy
NDVI02392,19.911078,74.478769,2025-06-13,0.251,Sparse
NDVI02393,19.811429,74.531548,2017-02-10,-0.241,Bare/Water
NDVI02394,19.938076,74.455284,2016-08-04,0.465,Moderate
NDVI02395,19.907515,74.575849,2016-09-19,0.617,Healthy
NDVI02396,19.941991,74.498888,2017-02-22,-0.135,Bare/Water
NDVI02397,19.892371,74.509063,2017-02-01,-0.03,Bare/Water
NDVI02398,19.918219,74.494095,2024-02-24,-0.037,Bare/Water
NDVI02399,19.840705,74.589176,2018-09-01,0.566,Healthy
NDVI02400,19.873266,74.52853,2025-07-09,0.537,Healthy
NDVI02401,19.872943,74.56193,2025-06-29,0.507,Healthy
NDVI02402,19.873389,74.572498,2018-11-30,0.316,Moderate
NDVI02403,19.808319,74.535632,2023-12-19,0.234,Sparse
NDVI02404,19.816206,74.480883,2024-02-23,-0.017,Bare/Water
NDVI02405,19.848285,74.570175,2017-12-18,0.179,Sparse
NDVI02406,19.935277,74.538365,2026-07-06,0.244,Sparse
NDVI02407,19.935436,74.361841,2025-07-30,0.601,Healthy
NDVI02408,19.817406,74.377668,2018-05-09,0.077,Bare/Water
NDVI02409,19.824458,74.355831,2016-11-12,0.32,Moderate
NDVI02410,19.940083,74.53572,2021-01-01,0.067,Bare/Water
NDVI02411,19.857462,74.373494,2019-12-13,0.177,Sparse
NDVI02412,19.894497,74.351888,2019-05-04,0.066,Bare/Water
NDVI02413,19.817485,74.502214,2017-06-05,0.272,Sparse
NDVI02414,19.810644,74.386791,2024-03-07,-0.131,Bare/Water
NDVI02415,19.87362,74.484732,2019-09-10,0.581,Healthy
NDVI02416,19.949827,74.596783,2023-03-25,-0.169,Bare/Water
NDVI02417,19.927346,74.398275,2018-06-24,0.389,Moderate
NDVI02418,19.877998,74.527481,2020-10-30,0.401,Moderate
NDVI02419,19.837202,74.519279,2021-12-01,0.301,Moderate
NDVI02420,19.882375,74.583562,2022-07-16,0.615,Healthy
NDVI02421,19.850706,74.384604,2018-04-03,-0.123,Bare/Water
NDVI02422,19.911253,74.442627,2021-02-12,-0.051,Bare/Water
NDVI02423,19.846799,74.557191,2021-11-16,0.288,Sparse
NDVI02424,19.859839,74.520773,2018-05-31,0.052,Bare/Water
NDVI02425,19.844988,74.544158,2026-02-08,-0.273,Bare/Water
NDVI02426,19.81641,74.400218,2018-12-28,0.113,Sparse
NDVI02427,19.919931,74.535178,2025-04-15,-0.152,Bare/Water
NDVI02428,19.801702,74.51109,2017-02-16,0.043,Bare/Water
NDVI02429,19.941405,74.367809,2016-12-23,0.177,Sparse
NDVI02430,19.846506,74.480248,2016-09-18,0.676,Healthy
NDVI02431,19.887552,74.394203,2024-12-17,0.291,Sparse
NDVI02432,19.80022,74.560084,2020-07-04,0.649,Healthy
NDVI02433,19.854447,74.572419,2019-02-04,-0.017,Bare/Water
NDVI02434,19.851298,74.40058,2023-09-05,0.529,Healthy
NDVI02435,19.872033,74.582251,2025-12-12,0.231,Sparse
NDVI02436,19.836671,74.578149,2021-04-20,-0.189,Bare/Water
NDVI02437,19.866273,74.406136,2018-06-11,0.297,Sparse
NDVI02438,19.913171,74.420921,2024-03-07,-0.062,Bare/Water
NDVI02439,19.803363,74.523584,2016-11-22,0.187,Sparse
NDVI02440,19.918042,74.497286,2024-03-18,-0.011,Bare/Water
NDVI02441,19.841474,74.570644,2021-07-04,0.636,Healthy
NDVI02442,19.814413,74.472115,2020-03-08,-0.181,Bare/Water
NDVI02443,19.855839,74.463397,2017-04-30,-0.03,Bare/Water
NDVI02444,19.89048,74.369001,2026-05-30,0.283,Sparse
NDVI02445,19.894169,74.400644,2019-06-20,0.308,Moderate
NDVI02446,19.81482,74.451439,2018-09-04,0.416,Moderate
NDVI02447,19.821495,74.350006,2025-12-02,-0.019,Bare/Water
NDVI02448,19.897745,74.351206,2018-11-23,0.252,Sparse
NDVI02449,19.894789,74.448801,2021-08-13,0.459,Moderate
NDVI02450,19.944612,74.523394,2017-09-24,0.608,Healthy
NDVI02451,19.861794,74.542704,2022-11-14,0.26,Sparse
NDVI02452,19.819321,74.509987,2020-01-08,-0.13,Bare/Water
NDVI02453,19.89906,74.509646,2025-11-03,0.458,Moderate
NDVI02454,19.806562,74.404661,2024-07-11,0.434,Moderate
NDVI02455,19.882735,74.397814,2017-11-10,0.165,Sparse
NDVI02456,19.90969,74.596,2019-03-09,-0.167,Bare/Water
NDVI02457,19.912181,74.463368,2021-08-02,0.489,Moderate
NDVI02458,19.870635,74.455467,2025-05-06,0.11,Sparse
NDVI02459,19.901395,74.438165,2016-09-11,0.674,Healthy
NDVI02460,19.809951,74.460013,2018-01-15,0.056,Bare/Water
NDVI02461,19.80768,74.421475,2017-11-30,0.204,Sparse
NDVI02462,19.872584,74.598963,2023-02-05,-0.069,Bare/Water
NDVI02463,19.853825,74.528339,2025-01-09,0.12,Sparse
NDVI02464,19.861822,74.573264,2026-02-20,0.082,Bare/Water
NDVI02465,19.831338,74.36483,2021-10-06,0.661,Healthy
NDVI02466,19.838162,74.43176,2023-01-13,-0.062,Bare/Water
NDVI02467,19.878761,74.415562,2018-07-29,0.108,Sparse
NDVI02468,19.803978,74.496894,2018-02-22,-0.13,Bare/Water
NDVI02469,19.92997,74.56819,2020-08-23,0.382,Moderate
NDVI02470,19.925807,74.458128,2016-12-22,-0.137,Bare/Water
NDVI02471,19.898418,74.507643,2025-03-08,-0.054,Bare/Water
NDVI02472,19.887138,74.570799,2023-05-09,0.147,Sparse
NDVI02473,19.929703,74.382491,2023-12-13,0.2,Sparse
NDVI02474,19.858996,74.406681,2019-03-01,-0.089,Bare/Water
NDVI02475,19.899602,74.439246,2019-01-04,-0.014,Bare/Water
NDVI02476,19.840636,74.386604,2019-02-28,-0.013,Bare/Water
NDVI02477,19.815286,74.46657,2025-02-17,-0.004,Bare/Water
NDVI02478,19.832284,74.471016,2018-10-08,0.476,Moderate
NDVI02479,19.895756,74.514711,2025-02-08,-0.067,Bare/Water
NDVI02480,19.861599,74.395409,2019-12-11,0.225,Sparse
NDVI02481,19.889914,74.494898,2021-05-14,0.269,Sparse
NDVI02482,19.806111,74.367659,2026-01-14,0.157,Sparse
NDVI02483,19.834394,74.475356,2025-12-18,-0.054,Bare/Water
NDVI02484,19.910987,74.559689,2019-01-20,0.014,Bare/Water
NDVI02485,19.924955,74.490117,2024-08-10,0.479,Moderate
NDVI02486,19.937255,74.485376,2021-01-23,-0.143,Bare/Water
NDVI02487,19.916398,74.425296,2016-12-26,-0.023,Bare/Water
NDVI02488,19.813414,74.378929,2022-07-20,0.668,Healthy
NDVI02489,19.870023,74.57867,2025-08-29,0.67,Healthy
NDVI02490,19.935424,74.550258,2026-07-05,0.481,Moderate
NDVI02491,19.890193,74.563544,2020-07-11,0.396,Moderate
NDVI02492,19.849704,74.430026,2020-06-18,0.353,Moderate
NDVI02493,19.889411,74.442414,2026-01-10,-0.071,Bare/Water
NDVI02494,19.80045,74.360075,2026-01-06,-0.013,Bare/Water
NDVI02495,19.820206,74.374138,2017-06-13,0.057,Bare/Water
NDVI02496,19.926441,74.38384,2026-07-03,0.55,Healthy
NDVI02497,19.838041,74.491019,2018-06-16,0.436,Moderate
NDVI02498,19.897503,74.503788,2024-03-17,-0.238,Bare/Water
NDVI02499,19.909116,74.422894,2021-11-25,0.23,Sparse
NDVI02500,19.850192,74.57096,2025-06-30,0.305,Moderate
NDVI02501,19.886676,74.37244,2021-05-14,0.154,Sparse
NDVI02502,19.810464,74.511828,2026-04-24,0.001,Bare/Water
NDVI02503,19.850761,74.419711,2022-03-14,-0.069,Bare/Water
NDVI02504,19.937365,74.511576,2016-10-27,0.292,Sparse
NDVI02505,19.947015,74.542934,2021-10-10,0.49,Moderate
NDVI02506,19.944988,74.479414,2018-10-24,0.428,Moderate
NDVI02507,19.92782,74.599253,2022-12-21,0.068,Bare/Water
NDVI02508,19.867186,74.441976,2019-08-17,0.595,Healthy
NDVI02509,19.8968,74.432454,2023-04-27,-0.016,Bare/Water
NDVI02510,19.820368,74.598869,2020-04-03,-0.017,Bare/Water
NDVI02511,19.841636,74.558842,2017-06-08,0.241,Sparse
NDVI02512,19.861719,74.378428,2022-04-06,0.131,Sparse
NDVI02513,19.849159,74.468528,2018-03-23,-0.157,Bare/Water
NDVI02514,19.901784,74.59573,2017-08-14,0.435,Moderate
NDVI02515,19.848474,74.481113,2024-04-27,0.281,Sparse
NDVI02516,19.858825,74.438932,2022-01-10,0.024,Bare/Water
NDVI02517,19.847361,74.359387,2023-07-31,0.488,Moderate
NDVI02518,19.885248,74.426925,2023-09-18,0.533,Healthy
NDVI02519,19.870725,74.37533,2017-08-24,0.498,Moderate
NDVI02520,19.842762,74.578564,2020-06-13,0.157,Sparse
NDVI02521,19.905307,74.578192,2017-04-12,0.012,Bare/Water
NDVI02522,19.90083,74.543662,2024-10-08,0.542,Healthy
NDVI02523,19.806722,74.582731,2026-06-25,0.311,Moderate
NDVI02524,19.840758,74.552794,2019-12-11,0.228,Sparse
NDVI02525,19.923844,74.45101,2018-11-12,0.458,Moderate
NDVI02526,19.944541,74.371887,2025-12-10,0.076,Bare/Water
NDVI02527,19.883035,74.586853,2021-10-13,0.453,Moderate
NDVI02528,19.936352,74.440387,2023-08-09,0.478,Moderate
NDVI02529,19.821212,74.51579,2026-03-24,-0.009,Bare/Water
NDVI02530,19.943231,74.439152,2024-03-22,-0.141,Bare/Water
NDVI02531,19.896581,74.392448,2024-09-18,0.801,Very Healthy
NDVI02532,19.859028,74.542658,2018-05-20,0.401,Moderate
NDVI02533,19.828206,74.546547,2024-03-18,-0.071,Bare/Water
NDVI02534,19.881237,74.420098,2019-08-18,0.479,Moderate
NDVI02535,19.892698,74.551999,2020-12-23,0.217,Sparse
NDVI02536,19.949434,74.52917,2022-06-28,0.541,Healthy
NDVI02537,19.853447,74.597925,2016-10-14,0.423,Moderate
NDVI02538,19.922302,74.424098,2020-06-13,0.262,Sparse
NDVI02539,19.917732,74.547886,2022-12-21,0.157,Sparse
NDVI02540,19.880257,74.40589,2023-06-17,0.238,Sparse
NDVI02541,19.871423,74.580446,2022-03-25,-0.175,Bare/Water
NDVI02542,19.908279,74.458454,2020-05-03,0.003,Bare/Water
NDVI02543,19.828314,74.56507,2017-09-20,0.663,Healthy
NDVI02544,19.826442,74.557355,2017-08-07,0.541,Healthy
NDVI02545,19.925961,74.594705,2021-11-06,0.336,Moderate
NDVI02546,19.855607,74.377959,2023-02-19,-0.085,Bare/Water
NDVI02547,19.880162,74.491903,2017-02-11,0.106,Sparse
NDVI02548,19.801606,74.458238,2016-09-27,0.463,Moderate
NDVI02549,19.898007,74.432724,2023-03-17,0.033,Bare/Water
NDVI02550,19.916294,74.599394,2021-05-16,0.158,Sparse
NDVI02551,19.880439,74.525926,2022-09-20,0.52,Healthy
NDVI02552,19.826908,74.503157,2021-09-29,0.431,Moderate
NDVI02553,19.93258,74.594928,2021-04-18,0.157,Sparse
NDVI02554,19.879351,74.44765,2022-08-19,0.713,Very Healthy
NDVI02555,19.90379,74.482792,2016-08-12,0.374,Moderate
NDVI02556,19.878526,74.591202,2017-12-24,0.057,Bare/Water
NDVI02557,19.851067,74.365498,2017-04-04,0.013,Bare/Water
NDVI02558,19.827756,74.555716,2018-03-07,-0.299,Bare/Water
NDVI02559,19.813551,74.530445,2026-01-31,0.097,Bare/Water
NDVI02560,19.943281,74.365593,2016-10-05,0.546,Healthy
NDVI02561,19.896891,74.535587,2025-01-30,-0.129,Bare/Water
NDVI02562,19.863766,74.59804,2019-12-25,0.076,Bare/Water
NDVI02563,19.892785,74.360927,2017-08-24,0.582,Healthy
NDVI02564,19.894615,74.555687,2019-02-22,0.186,Sparse
NDVI02565,19.939981,74.475608,2023-07-26,0.545,Healthy
NDVI02566,19.878533,74.400481,2024-08-11,0.702,Very Healthy
NDVI02567,19.808703,74.365944,2025-02-03,0.017,Bare/Water
NDVI02568,19.928506,74.50264,2025-03-04,-0.201,Bare/Water
NDVI02569,19.857677,74.439007,2016-12-25,0.316,Moderate
NDVI02570,19.810287,74.571526,2017-12-06,0.219,Sparse
NDVI02571,19.858457,74.459591,2020-10-10,0.564,Healthy
NDVI02572,19.87436,74.36849,2019-07-19,0.568,Healthy
NDVI02573,19.836927,74.360095,2019-06-30,0.508,Healthy
NDVI02574,19.877018,74.353499,2024-07-22,0.397,Moderate
NDVI02575,19.830341,74.513272,2024-11-25,0.284,Sparse
NDVI02576,19.80673,74.527564,2026-07-23,0.747,Very Healthy
NDVI02577,19.921373,74.593207,2024-07-22,0.697,Healthy
NDVI02578,19.919431,74.533033,2025-07-16,0.488,Moderate
NDVI02579,19.843024,74.400589,2024-01-10,-0.012,Bare/Water
NDVI02580,19.893134,74.44921,2017-12-24,0.128,Sparse
NDVI02581,19.834319,74.428835,2020-08-25,0.694,Healthy
NDVI02582,19.850909,74.506023,2017-04-14,0.042,Bare/Water
NDVI02583,19.834404,74.490325,2019-05-16,-0.008,Bare/Water
NDVI02584,19.947876,74.542715,2025-11-11,0.249,Sparse
NDVI02585,19.905344,74.543965,2020-06-09,0.368,Moderate
NDVI02586,19.813466,74.516599,2017-04-19,0.184,Sparse
NDVI02587,19.863521,74.434783,2018-06-22,0.307,Moderate
NDVI02588,19.886382,74.360128,2023-08-28,0.566,Healthy
NDVI02589,19.838205,74.456051,2024-03-10,-0.029,Bare/Water
NDVI02590,19.92399,74.402139,2017-06-02,0.426,Moderate
NDVI02591,19.878171,74.541642,2020-07-23,0.589,Healthy
NDVI02592,19.81895,74.378853,2018-02-14,-0.193,Bare/Water
NDVI02593,19.9379,74.542735,2023-01-30,-0.2,Bare/Water
NDVI02594,19.881013,74.391367,2026-03-20,-0.337,Bare/Water
NDVI02595,19.895577,74.399395,2016-11-13,0.421,Moderate
NDVI02596,19.812822,74.411435,2024-12-10,0.173,Sparse
NDVI02597,19.81611,74.402314,2024-02-18,-0.046,Bare/Water
NDVI02598,19.807148,74.396884,2022-12-14,0.041,Bare/Water
NDVI02599,19.877901,74.380298,2024-10-10,0.599,Healthy
NDVI02600,19.846989,74.435818,2026-04-27,0.087,Bare/Water
NDVI02601,19.866248,74.583304,2022-06-13,0.339,Moderate
NDVI02602,19.866146,74.391663,2019-10-30,0.369,Moderate
NDVI02603,19.876031,74.434772,2023-05-21,0.241,Sparse
NDVI02604,19.909096,74.531102,2021-01-07,-0.055,Bare/Water
NDVI02605,19.82071,74.5124,2017-03-29,-0.234,Bare/Water
NDVI02606,19.845991,74.438687,2021-06-06,0.195,Sparse
NDVI02607,19.873101,74.406764,2020-12-03,-0.013,Bare/Water
NDVI02608,19.946958,74.591849,2024-01-29,-0.323,Bare/Water
NDVI02609,19.944111,74.465129,2024-12-28,0.157,Sparse
NDVI02610,19.942678,74.508556,2025-09-01,0.562,Healthy
NDVI02611,19.916391,74.397085,2024-06-26,0.493,Moderate
NDVI02612,19.929745,74.38511,2019-04-02,-0.025,Bare/Water
NDVI02613,19.934959,74.415216,2020-05-27,0.246,Sparse
NDVI02614,19.862174,74.58444,2025-10-31,0.456,Moderate
NDVI02615,19.925121,74.59826,2018-08-05,0.581,Healthy
NDVI02616,19.827211,74.449682,2020-05-31,0.418,Moderate
NDVI02617,19.852931,74.572775,2025-08-04,0.576,Healthy
NDVI02618,19.85811,74.4124,2026-02-01,-0.03,Bare/Water
NDVI02619,19.845698,74.503038,2022-07-06,0.361,Moderate
NDVI02620,19.845441,74.557121,2026-08-06,0.622,Healthy
NDVI02621,19.868661,74.479942,2022-04-15,0.152,Sparse
NDVI02622,19.814681,74.548497,2018-11-26,0.083,Bare/Water
NDVI02623,19.88071,74.524705,2024-05-16,0.171,Sparse
NDVI02624,19.838685,74.406816,2017-04-01,0.09,Bare/Water
NDVI02625,19.948973,74.450433,2020-10-22,0.478,Moderate
NDVI02626,19.843522,74.519239,2017-08-06,0.405,Moderate
NDVI02627,19.862109,74.410586,2024-03-13,0.079,Bare/Water
NDVI02628,19.846343,74.584536,2020-01-15,-0.084,Bare/Water
NDVI02629,19.911313,74.561585,2022-10-24,0.536,Healthy
NDVI02630,19.864728,74.531528,2017-10-26,0.391,Moderate
NDVI02631,19.86507,74.466984,2018-01-10,-0.073,Bare/Water
NDVI02632,19.818092,74.467633,2016-08-06,0.6,Healthy
NDVI02633,19.901976,74.530773,2024-11-10,0.525,Healthy
NDVI02634,19.826346,74.568909,2019-10-15,0.583,Healthy
NDVI02635,19.870183,74.555746,2026-02-25,-0.356,Bare/Water
NDVI02636,19.900363,74.487648,2020-02-20,-0.158,Bare/Water
NDVI02637,19.813607,74.399051,2018-08-12,0.501,Healthy
NDVI02638,19.858504,74.565219,2022-07-04,0.516,Healthy
NDVI02639,19.801752,74.589215,2024-04-16,-0.22,Bare/Water
NDVI02640,19.844498,74.555212,2025-12-11,0.224,Sparse
NDVI02641,19.866609,74.511336,2022-07-06,0.452,Moderate
NDVI02642,19.938219,74.383803,2018-08-26,0.377,Moderate
NDVI02643,19.900097,74.410036,2017-09-20,0.598,Healthy
NDVI02644,19.937798,74.376776,2018-03-05,-0.002,Bare/Water
NDVI02645,19.92687,74.372734,2022-02-15,-0.204,Bare/Water
NDVI02646,19.924009,74.441227,2019-06-08,0.271,Sparse
NDVI02647,19.929296,74.438587,2018-11-07,0.459,Moderate
NDVI02648,19.853514,74.453301,2018-01-17,-0.082,Bare/Water
NDVI02649,19.872272,74.490453,2025-09-27,0.529,Healthy
NDVI02650,19.852707,74.407665,2021-02-17,-0.018,Bare/Water
NDVI02651,19.937113,74.422139,2024-03-22,0.043,Bare/Water
NDVI02652,19.912677,74.538024,2017-09-07,0.477,Moderate
NDVI02653,19.949159,74.474365,2022-01-18,-0.126,Bare/Water
NDVI02654,19.82654,74.589338,2022-12-28,0.064,Bare/Water
NDVI02655,19.838886,74.454682,2023-12-24,0.1,Sparse
NDVI02656,19.886848,74.500863,2020-08-29,0.648,Healthy
NDVI02657,19.897578,74.57532,2025-08-10,0.609,Healthy
NDVI02658,19.930061,74.471497,2021-01-05,0.097,Bare/Water
NDVI02659,19.808532,74.359288,2023-02-28,0.051,Bare/Water
NDVI02660,19.85824,74.394216,2019-02-05,-0.17,Bare/Water
NDVI02661,19.907992,74.355068,2020-11-26,0.362,Moderate
NDVI02662,19.94419,74.520435,2022-12-01,0.114,Sparse
NDVI02663,19.803961,74.523595,2024-12-17,0.208,Sparse
NDVI02664,19.822468,74.522397,2025-03-11,0.088,Bare/Water
NDVI02665,19.832937,74.486839,2023-07-27,0.468,Moderate
NDVI02666,19.906953,74.515335,2022-12-12,0.199,Sparse
NDVI02667,19.884758,74.591727,2023-08-05,0.502,Healthy
NDVI02668,19.934198,74.490955,2023-09-08,0.652,Healthy
NDVI02669,19.874538,74.542953,2025-01-31,0.112,Sparse
NDVI02670,19.86059,74.402126,2019-05-04,0.267,Sparse
NDVI02671,19.902091,74.41448,2022-03-13,-0.111,Bare/Water
NDVI02672,19.880393,74.455355,2020-08-01,0.802,Very Healthy
NDVI02673,19.88524,74.585447,2019-05-07,0.098,Bare/Water
NDVI02674,19.860795,74.35365,2020-06-06,0.349,Moderate
NDVI02675,19.928747,74.357735,2025-07-04,0.533,Healthy
NDVI02676,19.940038,74.516497,2026-05-25,0.274,Sparse
NDVI02677,19.845609,74.394994,2019-02-19,-0.329,Bare/Water
NDVI02678,19.866022,74.437306,2018-07-31,0.352,Moderate
NDVI02679,19.850838,74.512501,2025-09-03,0.728,Very Healthy
NDVI02680,19.82879,74.426553,2017-02-16,-0.085,Bare/Water
NDVI02681,19.933173,74.410939,2018-03-15,-0.019,Bare/Water
NDVI02682,19.807376,74.51957,2016-08-05,0.556,Healthy
NDVI02683,19.905695,74.517418,2024-05-20,0.08,Bare/Water
NDVI02684,19.844082,74.584344,2019-12-24,0.228,Sparse
NDVI02685,19.936383,74.406066,2025-07-06,0.332,Moderate
NDVI02686,19.922149,74.494344,2023-12-15,0.114,Sparse
NDVI02687,19.884109,74.406506,2017-10-02,0.333,Moderate
NDVI02688,19.926992,74.352602,2021-11-04,0.21,Sparse
NDVI02689,19.825691,74.52945,2017-11-10,0.311,Moderate
NDVI02690,19.895905,74.395099,2025-04-21,0.033,Bare/Water
NDVI02691,19.815326,74.500038,2021-02-20,-0.01,Bare/Water
NDVI02692,19.845319,74.550324,2023-09-07,0.662,Healthy
NDVI02693,19.802298,74.351585,2022-08-01,0.649,Healthy
NDVI02694,19.843407,74.473168,2024-08-31,0.55,Healthy
NDVI02695,19.869263,74.501079,2018-01-10,0.061,Bare/Water
NDVI02696,19.934877,74.386225,2021-06-20,0.421,Moderate
NDVI02697,19.903784,74.517433,2021-11-04,0.4,Moderate
NDVI02698,19.853954,74.357076,2024-04-05,0.126,Sparse
NDVI02699,19.882203,74.566639,2018-10-31,0.345,Moderate
NDVI02700,19.83613,74.354715,2026-02-21,-0.118,Bare/Water
NDVI02701,19.903806,74.58613,2025-03-06,-0.114,Bare/Water
NDVI02702,19.938057,74.439057,2018-09-27,0.645,Healthy
NDVI02703,19.810108,74.360025,2020-09-20,0.249,Sparse
NDVI02704,19.885688,74.407286,2020-10-23,0.334,Moderate
NDVI02705,19.851277,74.378892,2019-09-10,0.504,Healthy
NDVI02706,19.935863,74.522586,2019-05-19,0.195,Sparse
NDVI02707,19.882032,74.375314,2026-08-02,0.534,Healthy
NDVI02708,19.887465,74.450741,2022-05-31,0.302,Moderate
NDVI02709,19.825712,74.480764,2025-09-23,0.624,Healthy
NDVI02710,19.871664,74.378615,2020-06-15,0.377,Moderate
NDVI02711,19.899006,74.354249,2024-02-11,-0.289,Bare/Water
NDVI02712,19.827433,74.43826,2026-06-14,0.398,Moderate
NDVI02713,19.845914,74.523888,2019-06-18,0.287,Sparse
NDVI02714,19.804315,74.542069,2026-02-21,-0.043,Bare/Water
NDVI02715,19.920071,74.436643,2026-05-14,0.122,Sparse
NDVI02716,19.824356,74.521686,2022-08-20,0.633,Healthy
NDVI02717,19.851095,74.514035,2024-01-28,-0.006,Bare/Water
NDVI02718,19.806919,74.588331,2017-02-18,0.055,Bare/Water
NDVI02719,19.900389,74.435865,2025-10-14,0.496,Moderate
NDVI02720,19.868452,74.597299,2019-11-26,0.336,Moderate
NDVI02721,19.917038,74.443441,2024-09-02,0.438,Moderate
NDVI02722,19.943113,74.471617,2025-03-12,-0.07,Bare/Water
NDVI02723,19.868647,74.353156,2020-05-10,0.042,Bare/Water
NDVI02724,19.884215,74.586342,2021-03-20,-0.145,Bare/Water
NDVI02725,19.939926,74.393822,2023-06-21,0.186,Sparse
NDVI02726,19.911015,74.589823,2020-02-10,0.024,Bare/Water
NDVI02727,19.800898,74.388591,2018-05-15,-0.051,Bare/Water
NDVI02728,19.845144,74.416253,2022-11-01,0.165,Sparse
NDVI02729,19.897492,74.50048,2016-10-22,0.64,Healthy
NDVI02730,19.802262,74.369355,2022-03-09,0.062,Bare/Water
NDVI02731,19.812447,74.439788,2022-11-25,0.266,Sparse
NDVI02732,19.802817,74.385312,2026-03-16,-0.087,Bare/Water
NDVI02733,19.923579,74.498696,2019-07-04,0.598,Healthy
NDVI02734,19.867282,74.444421,2022-06-20,0.18,Sparse
NDVI02735,19.803364,74.528634,2023-10-28,0.333,Moderate
NDVI02736,19.816644,74.552091,2018-12-17,-0.019,Bare/Water
NDVI02737,19.828825,74.364953,2019-08-29,0.627,Healthy
NDVI02738,19.89439,74.572157,2020-01-31,0.045,Bare/Water
NDVI02739,19.823387,74.54995,2021-01-11,-0.052,Bare/Water
NDVI02740,19.829718,74.398039,2022-10-08,0.487,Moderate
NDVI02741,19.921188,74.465866,2025-08-13,0.77,Very Healthy
NDVI02742,19.844858,74.411816,2020-02-10,-0.236,Bare/Water
NDVI02743,19.912772,74.525219,2019-07-03,0.519,Healthy
NDVI02744,19.876136,74.397399,2018-12-19,0.084,Bare/Water
NDVI02745,19.949832,74.477795,2017-10-01,0.586,Healthy
NDVI02746,19.842494,74.474198,2025-07-25,0.479,Moderate
NDVI02747,19.829994,74.59023,2018-04-09,-0.117,Bare/Water
NDVI02748,19.896218,74.379476,2024-04-22,0.1,Sparse
NDVI02749,19.858149,74.486039,2023-09-02,0.609,Healthy
NDVI02750,19.946603,74.390256,2017-11-23,0.312,Moderate
NDVI02751,19.888037,74.457141,2025-05-27,0.132,Sparse
NDVI02752,19.915307,74.445732,2024-12-17,0.016,Bare/Water
NDVI02753,19.84949,74.460409,2020-06-24,0.323,Moderate
NDVI02754,19.842713,74.351466,2017-07-29,0.655,Healthy
NDVI02755,19.882311,74.382008,2017-06-07,0.347,Moderate
NDVI02756,19.897778,74.552733,2017-04-26,0.139,Sparse
NDVI02757,19.80693,74.445862,2019-10-25,0.538,Healthy
NDVI02758,19.930152,74.458223,2021-02-09,0.103,Sparse
NDVI02759,19.854035,74.548795,2024-11-15,0.26,Sparse
NDVI02760,19.933501,74.506968,2019-08-13,0.693,Healthy
NDVI02761,19.856177,74.569622,2016-08-28,0.609,Healthy
NDVI02762,19.844379,74.506884,2022-08-26,0.663,Healthy
NDVI02763,19.839329,74.443715,2023-06-28,0.461,Moderate
NDVI02764,19.855899,74.578999,2021-05-01,-0.174,Bare/Water
NDVI02765,19.836176,74.42134,2023-01-15,0.02,Bare/Water
NDVI02766,19.942553,74.584821,2019-05-13,0.3,Moderate
NDVI02767,19.879618,74.486244,2022-05-25,0.215,Sparse
NDVI02768,19.811401,74.383877,2025-03-17,-0.198,Bare/Water
NDVI02769,19.905099,74.373839,2026-02-15,-0.069,Bare/Water
NDVI02770,19.912647,74.353394,2019-11-23,0.224,Sparse
NDVI02771,19.865565,74.496548,2016-08-22,0.522,Healthy
NDVI02772,19.944885,74.446534,2018-03-24,-0.107,Bare/Water
NDVI02773,19.849905,74.56561,2025-05-19,0.285,Sparse
NDVI02774,19.824809,74.403604,2018-03-17,-0.335,Bare/Water
NDVI02775,19.835124,74.414743,2018-01-26,0.057,Bare/Water
NDVI02776,19.909337,74.540478,2016-11-01,0.609,Healthy
NDVI02777,19.877999,74.36373,2018-03-09,-0.085,Bare/Water
NDVI02778,19.935058,74.470106,2024-02-19,0.191,Sparse
NDVI02779,19.863123,74.377034,2022-02-03,-0.047,Bare/Water
NDVI02780,19.906136,74.412316,2017-06-12,0.168,Sparse
NDVI02781,19.817784,74.454038,2022-04-14,-0.002,Bare/Water
NDVI02782,19.923695,74.356455,2023-03-09,-0.173,Bare/Water
NDVI02783,19.875425,74.389946,2017-03-03,-0.179,Bare/Water
NDVI02784,19.871997,74.480253,2023-02-02,-0.136,Bare/Water
NDVI02785,19.923134,74.395259,2020-08-28,0.681,Healthy
NDVI02786,19.937419,74.369624,2021-06-15,0.314,Moderate
NDVI02787,19.884836,74.363291,2019-01-18,0.082,Bare/Water
NDVI02788,19.853465,74.422484,2025-06-09,0.406,Moderate
NDVI02789,19.934529,74.408771,2024-05-26,0.207,Sparse
NDVI02790,19.806565,74.560523,2022-12-01,0.138,Sparse
NDVI02791,19.93293,74.552107,2022-06-27,0.444,Moderate
NDVI02792,19.911456,74.378544,2023-02-05,-0.023,Bare/Water
NDVI02793,19.845633,74.542032,2024-10-16,0.481,Moderate
NDVI02794,19.937933,74.455024,2017-11-06,0.187,Sparse
NDVI02795,19.92885,74.419873,2021-11-29,0.377,Moderate
NDVI02796,19.906472,74.381668,2017-09-05,0.42,Moderate
NDVI02797,19.824497,74.3677,2023-08-01,0.42,Moderate
NDVI02798,19.938399,74.599626,2022-04-29,0.072,Bare/Water
NDVI02799,19.857501,74.593546,2021-10-22,0.562,Healthy
NDVI02800,19.893701,74.385043,2019-04-21,0.004,Bare/Water
NDVI02801,19.912121,74.499597,2019-08-01,0.738,Very Healthy
NDVI02802,19.821221,74.381957,2022-05-23,0.233,Sparse
NDVI02803,19.910208,74.496981,2024-02-25,-0.134,Bare/Water
NDVI02804,19.949609,74.437439,2018-01-27,-0.269,Bare/Water
NDVI02805,19.919603,74.371519,2024-01-10,-0.118,Bare/Water
NDVI02806,19.888095,74.511124,2024-01-20,0.01,Bare/Water
NDVI02807,19.906297,74.543834,2025-12-27,0.05,Bare/Water
NDVI02808,19.91357,74.562381,2019-02-09,-0.024,Bare/Water
NDVI02809,19.934609,74.528415,2018-01-03,0.077,Bare/Water
NDVI02810,19.84617,74.368723,2022-01-18,-0.056,Bare/Water
NDVI02811,19.894477,74.508722,2022-11-04,0.41,Moderate
NDVI02812,19.862483,74.437086,2021-09-15,0.675,Healthy
NDVI02813,19.811848,74.48869,2021-12-26,0.173,Sparse
NDVI02814,19.843471,74.477107,2017-01-22,-0.103,Bare/Water
NDVI02815,19.938572,74.593945,2022-02-16,-0.037,Bare/Water
NDVI02816,19.888768,74.598933,2026-07-11,0.472,Moderate
NDVI02817,19.844413,74.587872,2021-08-28,0.643,Healthy
NDVI02818,19.818043,74.558136,2017-02-09,-0.108,Bare/Water
NDVI02819,19.861224,74.453361,2018-10-18,0.584,Healthy
NDVI02820,19.815852,74.375219,2024-05-28,0.068,Bare/Water
NDVI02821,19.901947,74.55026,2017-07-26,0.36,Moderate
NDVI02822,19.832858,74.551301,2024-04-06,-0.02,Bare/Water
NDVI02823,19.880078,74.552226,2017-09-21,0.672,Healthy
NDVI02824,19.859236,74.528542,2018-07-07,0.548,Healthy
NDVI02825,19.917246,74.50424,2018-11-25,0.168,Sparse
NDVI02826,19.819755,74.567665,2018-08-29,0.647,Healthy
NDVI02827,19.93207,74.43535,2024-10-28,0.378,Moderate
NDVI02828,19.859414,74.498325,2023-06-30,0.272,Sparse
NDVI02829,19.804822,74.354993,2025-11-15,0.442,Moderate
NDVI02830,19.914271,74.570869,2024-12-31,0.224,Sparse
NDVI02831,19.832295,74.482604,2020-10-14,0.441,Moderate
NDVI02832,19.891715,74.560738,2017-03-20,-0.076,Bare/Water
NDVI02833,19.875802,74.474012,2017-09-12,0.681,Healthy
NDVI02834,19.854619,74.407397,2025-08-18,0.818,Very Healthy
NDVI02835,19.883441,74.361402,2022-02-23,0.129,Sparse
NDVI02836,19.898451,74.428447,2025-09-24,0.63,Healthy
NDVI02837,19.908033,74.441535,2021-09-04,0.807,Very Healthy
NDVI02838,19.871841,74.454585,2020-02-29,-0.047,Bare/Water
NDVI02839,19.800897,74.590689,2025-02-13,0.011,Bare/Water
NDVI02840,19.858907,74.409715,2018-05-07,0.196,Sparse
NDVI02841,19.847647,74.529036,2018-12-17,0.121,Sparse
NDVI02842,19.924567,74.598636,2018-08-19,0.758,Very Healthy
NDVI02843,19.877586,74.598342,2018-08-11,0.583,Healthy
NDVI02844,19.900619,74.369502,2024-05-22,0.343,Moderate
NDVI02845,19.939245,74.441903,2026-03-14,-0.298,Bare/Water
NDVI02846,19.940055,74.397707,2018-02-21,-0.132,Bare/Water
NDVI02847,19.852962,74.434749,2022-04-04,-0.14,Bare/Water
NDVI02848,19.936111,74.453821,2026-04-02,0.112,Sparse
NDVI02849,19.944463,74.531441,2019-07-07,0.491,Moderate
NDVI02850,19.895972,74.578779,2024-01-29,-0.272,Bare/Water
NDVI02851,19.939783,74.453476,2020-02-13,-0.157,Bare/Water
NDVI02852,19.895476,74.365125,2018-01-23,0.064,Bare/Water
NDVI02853,19.924154,74.568378,2018-03-13,-0.021,Bare/Water
NDVI02854,19.884808,74.498553,2017-08-25,0.58,Healthy
NDVI02855,19.889956,74.43934,2021-07-14,0.436,Moderate
NDVI02856,19.920219,74.423035,2021-12-12,0.163,Sparse
NDVI02857,19.856482,74.584188,2019-08-23,0.401,Moderate
NDVI02858,19.818866,74.388816,2017-01-20,-0.049,Bare/Water
NDVI02859,19.948677,74.589062,2025-11-09,0.288,Sparse
NDVI02860,19.898486,74.365011,2024-07-21,0.694,Healthy
NDVI02861,19.912676,74.584762,2023-02-15,-0.049,Bare/Water
NDVI02862,19.854456,74.517953,2019-01-26,-0.056,Bare/Water
NDVI02863,19.874388,74.510487,2017-10-25,0.702,Very Healthy
NDVI02864,19.83661,74.585436,2019-01-09,0.176,Sparse
NDVI02865,19.933232,74.364341,2025-05-22,0.31,Moderate
NDVI02866,19.928705,74.59251,2019-01-25,0.104,Sparse
NDVI02867,19.907336,74.355667,2017-10-26,0.435,Moderate
NDVI02868,19.929698,74.430548,2021-03-31,0.196,Sparse
NDVI02869,19.869532,74.428822,2021-12-05,0.18,Sparse
NDVI02870,19.877753,74.492363,2020-08-29,0.544,Healthy
NDVI02871,19.888144,74.586401,2019-12-14,0.09,Bare/Water
NDVI02872,19.837549,74.461837,2021-06-05,0.427,Moderate
NDVI02873,19.809788,74.366027,2025-11-04,0.257,Sparse
NDVI02874,19.93975,74.524168,2020-04-20,0.105,Sparse
NDVI02875,19.918005,74.553126,2024-06-07,0.357,Moderate
NDVI02876,19.877441,74.519591,2025-03-15,-0.005,Bare/Water
NDVI02877,19.92611,74.573799,2025-03-24,-0.027,Bare/Water
NDVI02878,19.885245,74.524026,2018-06-20,0.498,Moderate
NDVI02879,19.851913,74.370788,2024-10-06,0.595,Healthy
NDVI02880,19.912794,74.465054,2019-06-24,0.545,Healthy
NDVI02881,19.843463,74.396981,2020-02-10,-0.108,Bare/Water
NDVI02882,19.906972,74.469607,2025-10-05,0.597,Healthy
NDVI02883,19.834611,74.577937,2021-03-24,0.116,Sparse
NDVI02884,19.891122,74.551131,2018-12-02,0.28,Sparse
NDVI02885,19.903688,74.591578,2024-12-06,0.279,Sparse
NDVI02886,19.851924,74.423775,2019-12-29,0.14,Sparse
NDVI02887,19.877677,74.399498,2022-11-15,0.173,Sparse
NDVI02888,19.935916,74.43063,2019-03-13,0.021,Bare/Water
NDVI02889,19.828493,74.559012,2016-12-22,0.144,Sparse
NDVI02890,19.865644,74.498851,2016-11-27,0.37,Moderate
NDVI02891,19.870198,74.452827,2025-11-27,0.436,Moderate
NDVI02892,19.943694,74.441192,2021-08-12,0.805,Very Healthy
NDVI02893,19.861528,74.489655,2021-01-12,-0.159,Bare/Water
NDVI02894,19.893478,74.42734,2022-11-19,0.302,Moderate
NDVI02895,19.836154,74.354022,2017-09-23,0.476,Moderate
NDVI02896,19.863155,74.581437,2018-05-08,0.182,Sparse
NDVI02897,19.926928,74.403645,2022-03-24,0.045,Bare/Water
NDVI02898,19.80373,74.444614,2023-01-26,-0.008,Bare/Water
NDVI02899,19.941453,74.485631,2024-04-30,0.042,Bare/Water
NDVI02900,19.859853,74.352351,2020-09-23,0.771,Very Healthy
NDVI02901,19.823685,74.460197,2025-01-05,0.153,Sparse
NDVI02902,19.893487,74.381892,2023-06-19,0.544,Healthy
NDVI02903,19.81132,74.560617,2017-03-24,-0.04,Bare/Water
NDVI02904,19.855208,74.489079,2018-12-02,0.305,Moderate
NDVI02905,19.94281,74.387158,2024-03-03,-0.08,Bare/Water
NDVI02906,19.89557,74.382683,2018-10-30,0.488,Moderate
NDVI02907,19.841998,74.471934,2021-08-13,0.68,Healthy
NDVI02908,19.801108,74.490731,2024-06-23,0.24,Sparse
NDVI02909,19.877568,74.55216,2023-09-03,0.585,Healthy
NDVI02910,19.872056,74.405016,2017-09-19,0.516,Healthy
NDVI02911,19.860037,74.366534,2019-07-29,0.633,Healthy
NDVI02912,19.831357,74.48348,2021-06-08,0.428,Moderate
NDVI02913,19.848591,74.377053,2018-09-19,0.903,Very Healthy
NDVI02914,19.904034,74.387427,2022-11-11,0.379,Moderate
NDVI02915,19.815604,74.549524,2026-01-02,0.13,Sparse
NDVI02916,19.89122,74.394747,2024-09-26,0.34,Moderate
NDVI02917,19.802444,74.376185,2016-08-12,0.517,Healthy
NDVI02918,19.877263,74.358116,2021-11-07,0.365,Moderate
NDVI02919,19.925156,74.420705,2024-05-15,-0.033,Bare/Water
NDVI02920,19.87677,74.568069,2017-08-04,0.568,Healthy
NDVI02921,19.898907,74.476502,2025-05-13,0.185,Sparse
NDVI02922,19.942831,74.359771,2017-04-03,-0.204,Bare/Water
NDVI02923,19.826615,74.534307,2021-10-19,0.304,Moderate
NDVI02924,19.940675,74.388355,2022-11-24,0.293,Sparse
NDVI02925,19.859274,74.392361,2025-03-05,-0.097,Bare/Water
NDVI02926,19.946358,74.415081,2021-06-26,0.442,Moderate
NDVI02927,19.881975,74.39477,2016-08-18,0.708,Very Healthy
NDVI02928,19.836122,74.579868,2026-02-08,-0.173,Bare/Water
NDVI02929,19.906627,74.589359,2024-07-11,0.371,Moderate
NDVI02930,19.8186,74.416838,2025-10-21,0.65,Healthy
NDVI02931,19.824714,74.371647,2021-03-30,-0.132,Bare/Water
NDVI02932,19.908294,74.460877,2021-01-30,0.094,Bare/Water
NDVI02933,19.872474,74.518647,2023-10-08,0.375,Moderate
NDVI02934,19.939884,74.454549,2026-03-14,0.067,Bare/Water
NDVI02935,19.898879,74.520655,2020-06-19,0.422,Moderate
NDVI02936,19.85052,74.540198,2021-07-15,0.425,Moderate
NDVI02937,19.927029,74.519531,2020-02-10,-0.264,Bare/Water
NDVI02938,19.80204,74.588618,2021-03-05,0.129,Sparse
NDVI02939,19.848182,74.513785,2020-05-05,-0.077,Bare/Water
NDVI02940,19.864541,74.404664,2023-01-21,0.09,Bare/Water
NDVI02941,19.939496,74.583203,2024-08-11,0.58,Healthy
NDVI02942,19.827611,74.590562,2022-03-11,-0.123,Bare/Water
NDVI02943,19.835323,74.38777,2019-04-13,0.022,Bare/Water
NDVI02944,19.803389,74.355607,2019-08-05,0.522,Healthy
NDVI02945,19.94948,74.458437,2020-07-25,0.481,Moderate
NDVI02946,19.85978,74.35351,2020-06-27,0.459,Moderate
NDVI02947,19.902489,74.360711,2024-01-31,0.099,Bare/Water
NDVI02948,19.862391,74.588098,2020-09-06,0.73,Very Healthy
NDVI02949,19.905713,74.489821,2017-01-11,0.001,Bare/Water
NDVI02950,19.80842,74.356784,2023-09-13,0.449,Moderate
NDVI02951,19.849515,74.547973,2026-07-31,0.511,Healthy
NDVI02952,19.904281,74.477867,2020-05-24,0.213,Sparse
NDVI02953,19.806661,74.459919,2018-05-27,0.265,Sparse
NDVI02954,19.943422,74.52805,2023-06-28,0.359,Moderate
NDVI02955,19.863435,74.566971,2019-05-08,0.005,Bare/Water
NDVI02956,19.859028,74.365514,2021-12-30,0.156,Sparse
NDVI02957,19.863403,74.522508,2019-03-22,-0.168,Bare/Water
NDVI02958,19.927452,74.402235,2025-12-15,0.149,Sparse
NDVI02959,19.909401,74.582691,2020-03-15,-0.173,Bare/Water
NDVI02960,19.899205,74.510844,2018-12-29,0.028,Bare/Water
NDVI02961,19.812254,74.386887,2023-11-12,0.281,Sparse
NDVI02962,19.816171,74.423085,2019-08-26,0.548,Healthy
NDVI02963,19.858888,74.431948,2019-12-12,0.221,Sparse
NDVI02964,19.900709,74.483819,2019-09-16,0.381,Moderate
NDVI02965,19.916208,74.470014,2019-02-26,-0.117,Bare/Water
NDVI02966,19.91858,74.536321,2026-08-04,0.393,Moderate
NDVI02967,19.817891,74.477914,2022-08-22,0.59,Healthy
NDVI02968,19.880859,74.487029,2021-10-04,0.369,Moderate
NDVI02969,19.874673,74.477197,2022-10-03,0.434,Moderate
NDVI02970,19.814348,74.499025,2022-02-26,-0.16,Bare/Water
NDVI02971,19.939931,74.452365,2024-12-06,0.314,Moderate
NDVI02972,19.803452,74.458085,2021-04-22,0.198,Sparse
NDVI02973,19.804462,74.394765,2019-11-16,0.454,Moderate
NDVI02974,19.807472,74.564078,2024-02-27,0.07,Bare/Water
NDVI02975,19.899289,74.525951,2018-08-14,0.468,Moderate
NDVI02976,19.911652,74.404323,2020-10-21,0.322,Moderate
NDVI02977,19.810164,74.362146,2022-05-07,0.119,Sparse
NDVI02978,19.944551,74.518395,2019-02-09,-0.376,Bare/Water
NDVI02979,19.894613,74.575158,2018-02-08,0.011,Bare/Water
NDVI02980,19.895954,74.490735,2018-02-24,-0.175,Bare/Water
NDVI02981,19.912553,74.5983,2019-06-10,0.372,Moderate
NDVI02982,19.884574,74.39631,2026-03-10,0.03,Bare/Water
NDVI02983,19.877862,74.496484,2024-08-05,0.689,Healthy
NDVI02984,19.853133,74.449506,2021-04-11,-0.011,Bare/Water
NDVI02985,19.867922,74.50895,2020-12-25,-0.28,Bare/Water
NDVI02986,19.918585,74.523342,2026-02-01,-0.12,Bare/Water
NDVI02987,19.825944,74.540342,2022-12-04,0.292,Sparse
NDVI02988,19.883207,74.469827,2017-11-01,0.327,Moderate
NDVI02989,19.893577,74.477594,2022-10-01,0.439,Moderate
NDVI02990,19.800612,74.523084,2019-04-13,-0.008,Bare/Water
NDVI02991,19.824285,74.530315,2016-12-12,0.073,Bare/Water
NDVI02992,19.894422,74.463204,2020-01-21,0.159,Sparse
NDVI02993,19.815962,74.58472,2018-10-15,0.373,Moderate
NDVI02994,19.886611,74.452067,2020-07-15,0.761,Very Healthy
NDVI02995,19.821646,74.519352,2025-04-30,0.292,Sparse
NDVI02996,19.878771,74.504807,2020-10-13,0.506,Healthy
NDVI02997,19.899841,74.4925,2018-07-05,0.396,Moderate
NDVI02998,19.817609,74.43232,2016-12-09,0.205,Sparse
NDVI02999,19.869607,74.51661,2026-07-30,0.568,Healthy
NDVI03000,19.862423,74.476536,2024-08-29,0.675,Healthy
NDVI03001,19.804112,74.493544,2024-04-06,-0.297,Bare/Water
NDVI03002,19.915103,74.474292,2025-03-15,0.02,Bare/Water
NDVI03003,19.817135,74.399264,2022-05-02,0.19,Sparse
NDVI03004,19.817511,74.593674,2022-07-24,0.618,Healthy
NDVI03005,19.826805,74.440443,2025-02-03,0.243,Sparse
NDVI03006,19.806704,74.5232,2025-03-05,-0.107,Bare/Water
NDVI03007,19.884068,74.54494,2024-07-24,0.293,Sparse
NDVI03008,19.909716,74.45701,2022-03-27,-0.042,Bare/Water
NDVI03009,19.816689,74.524484,2022-06-07,0.194,Sparse
NDVI03010,19.809701,74.567663,2024-03-28,0.068,Bare/Water
NDVI03011,19.931378,74.573005,2018-10-21,0.35,Moderate
NDVI03012,19.807399,74.421307,2021-07-01,0.416,Moderate
NDVI03013,19.857709,74.373629,2024-10-24,0.464,Moderate
NDVI03014,19.802186,74.492104,2021-03-10,-0.326,Bare/Water
NDVI03015,19.920511,74.43747,2023-08-25,0.519,Healthy
NDVI03016,19.814455,74.488164,2017-06-16,0.369,Moderate
NDVI03017,19.907978,74.478685,2016-10-24,0.372,Moderate
NDVI03018,19.816029,74.555023,2019-07-09,0.458,Moderate
NDVI03019,19.919312,74.533657,2021-03-19,-0.186,Bare/Water
NDVI03020,19.871151,74.357169,2023-02-22,-0.059,Bare/Water
NDVI03021,19.89854,74.438517,2018-05-20,0.029,Bare/Water
NDVI03022,19.904955,74.395683,2019-02-27,-0.06,Bare/Water
NDVI03023,19.932224,74.412315,2017-07-01,0.493,Moderate
NDVI03024,19.867022,74.52454,2018-06-18,0.201,Sparse
NDVI03025,19.816801,74.489586,2018-09-05,0.682,Healthy
NDVI03026,19.917049,74.56454,2021-08-22,0.506,Healthy
NDVI03027,19.892359,74.499265,2025-03-14,-0.022,Bare/Water
NDVI03028,19.812014,74.4537,2026-02-14,-0.011,Bare/Water
NDVI03029,19.918276,74.534368,2020-03-17,0.043,Bare/Water
NDVI03030,19.848846,74.545393,2017-09-04,0.571,Healthy
NDVI03031,19.892132,74.352387,2016-11-16,0.165,Sparse
NDVI03032,19.920268,74.395873,2023-06-13,0.181,Sparse
NDVI03033,19.925933,74.402667,2016-09-08,0.434,Moderate
NDVI03034,19.835674,74.396192,2021-03-16,-0.218,Bare/Water
NDVI03035,19.858609,74.523221,2016-12-04,0.089,Bare/Water
NDVI03036,19.884338,74.395585,2019-09-12,0.893,Very Healthy
NDVI03037,19.942355,74.357947,2022-08-14,0.776,Very Healthy
NDVI03038,19.947112,74.455796,2022-11-13,0.462,Moderate
NDVI03039,19.817198,74.537202,2017-03-27,0.08,Bare/Water
NDVI03040,19.876888,74.504257,2023-01-25,-0.143,Bare/Water
NDVI03041,19.895739,74.571012,2026-02-10,-0.062,Bare/Water
NDVI03042,19.822898,74.489768,2023-10-22,0.323,Moderate
NDVI03043,19.949645,74.383842,2022-10-08,0.454,Moderate
NDVI03044,19.839594,74.490233,2020-06-16,0.358,Moderate
NDVI03045,19.831225,74.375748,2025-04-26,0.057,Bare/Water
NDVI03046,19.830776,74.587473,2025-08-19,0.499,Moderate
NDVI03047,19.8573,74.399889,2022-09-09,0.659,Healthy
NDVI03048,19.844143,74.424928,2024-06-30,0.14,Sparse
NDVI03049,19.855733,74.484353,2026-04-15,-0.253,Bare/Water
NDVI03050,19.896224,74.548782,2026-07-26,0.692,Healthy
NDVI03051,19.909646,74.471087,2025-01-17,-0.044,Bare/Water
NDVI03052,19.893093,74.459887,2018-12-03,0.252,Sparse
NDVI03053,19.804219,74.4944,2020-05-07,0.05,Bare/Water
NDVI03054,19.9052,74.50656,2024-01-05,0.098,Bare/Water
NDVI03055,19.896837,74.48817,2021-06-28,0.418,Moderate
NDVI03056,19.831808,74.468494,2016-10-05,0.513,Healthy
NDVI03057,19.87168,74.495082,2019-07-26,0.626,Healthy
NDVI03058,19.940085,74.482823,2018-02-25,-0.201,Bare/Water
NDVI03059,19.90303,74.462894,2025-04-07,0.021,Bare/Water
NDVI03060,19.932153,74.44434,2018-03-08,-0.169,Bare/Water
NDVI03061,19.816884,74.592942,2025-07-16,0.627,Healthy
NDVI03062,19.80351,74.497248,2020-01-22,0.18,Sparse
NDVI03063,19.842634,74.382667,2022-08-23,0.35,Moderate
NDVI03064,19.90668,74.477926,2023-12-11,0.418,Moderate
NDVI03065,19.860747,74.375395,2021-08-28,0.818,Very Healthy
NDVI03066,19.906884,74.391603,2019-12-28,0.146,Sparse
NDVI03067,19.876569,74.547322,2018-09-06,0.644,Healthy
NDVI03068,19.805027,74.505867,2017-07-31,0.56,Healthy
NDVI03069,19.842877,74.578028,2019-10-27,0.363,Moderate
NDVI03070,19.908853,74.48494,2025-05-31,0.259,Sparse
NDVI03071,19.946283,74.44981,2024-09-18,0.454,Moderate
NDVI03072,19.918136,74.383682,2021-04-26,-0.124,Bare/Water
NDVI03073,19.863837,74.595708,2023-07-15,0.459,Moderate
NDVI03074,19.945517,74.521608,2019-07-22,0.553,Healthy
NDVI03075,19.910213,74.386956,2019-08-17,0.656,Healthy
NDVI03076,19.840349,74.585353,2020-07-20,0.404,Moderate
NDVI03077,19.803761,74.598882,2020-04-06,0.077,Bare/Water
NDVI03078,19.846795,74.420361,2018-09-24,0.482,Moderate
NDVI03079,19.932154,74.495598,2019-02-13,-0.228,Bare/Water
NDVI03080,19.859009,74.419804,2023-02-06,-0.203,Bare/Water
NDVI03081,19.806801,74.569594,2023-11-19,0.413,Moderate
NDVI03082,19.864347,74.465046,2018-01-14,-0.033,Bare/Water
NDVI03083,19.809492,74.382987,2020-09-25,0.63,Healthy
NDVI03084,19.848434,74.355952,2018-08-01,0.607,Healthy
NDVI03085,19.831086,74.583218,2017-02-04,-0.346,Bare/Water
NDVI03086,19.944162,74.363315,2020-01-02,0.193,Sparse
NDVI03087,19.859249,74.439292,2020-08-12,0.546,Healthy
NDVI03088,19.859158,74.48643,2025-06-16,0.298,Sparse
NDVI03089,19.928902,74.54312,2019-08-29,0.578,Healthy
NDVI03090,19.883466,74.483074,2020-01-20,-0.155,Bare/Water
NDVI03091,19.865174,74.531442,2017-10-14,0.436,Moderate
NDVI03092,19.845172,74.496221,2026-04-10,-0.173,Bare/Water
NDVI03093,19.835553,74.412027,2019-07-22,0.458,Moderate
NDVI03094,19.914158,74.508533,2025-02-12,-0.094,Bare/Water
NDVI03095,19.845245,74.475056,2023-06-01,0.204,Sparse
NDVI03096,19.878405,74.461231,2023-02-02,-0.008,Bare/Water
NDVI03097,19.803521,74.579515,2020-07-23,0.493,Moderate
NDVI03098,19.801505,74.547309,2019-10-06,0.418,Moderate
NDVI03099,19.87573,74.52231,2022-06-01,0.455,Moderate
NDVI03100,19.946348,74.369367,2019-11-17,0.64,Healthy
NDVI03101,19.928905,74.366625,2023-02-12,-0.127,Bare/Water
NDVI03102,19.923593,74.592197,2025-06-29,0.504,Healthy
NDVI03103,19.808363,74.477829,2020-01-21,0.142,Sparse
NDVI03104,19.828086,74.407335,2017-04-14,0.029,Bare/Water
NDVI03105,19.842293,74.555143,2026-06-18,0.393,Moderate
NDVI03106,19.811641,74.542179,2020-07-06,0.415,Moderate
NDVI03107,19.92701,74.365826,2020-07-21,0.599,Healthy
NDVI03108,19.86899,74.363449,2017-02-27,-0.173,Bare/Water
NDVI03109,19.852206,74.376114,2023-03-01,-0.173,Bare/Water
NDVI03110,19.909551,74.405584,2022-06-16,0.382,Moderate
NDVI03111,19.862493,74.520877,2019-01-18,0.069,Bare/Water
NDVI03112,19.81456,74.370452,2023-06-12,0.399,Moderate
NDVI03113,19.854353,74.432011,2026-08-03,0.472,Moderate
NDVI03114,19.89955,74.3602,2017-12-03,0.213,Sparse
NDVI03115,19.920518,74.551425,2017-09-01,0.279,Sparse
NDVI03116,19.870268,74.59123,2020-10-06,0.406,Moderate
NDVI03117,19.842256,74.531063,2019-05-08,0.295,Sparse
NDVI03118,19.9285,74.364907,2022-05-04,0.083,Bare/Water
NDVI03119,19.825439,74.469963,2022-03-15,-0.264,Bare/Water
NDVI03120,19.83756,74.468345,2019-09-06,0.654,Healthy
NDVI03121,19.897351,74.590643,2019-06-14,0.487,Moderate
NDVI03122,19.823063,74.505685,2021-02-03,0.192,Sparse
NDVI03123,19.902642,74.506044,2016-09-08,0.487,Moderate
NDVI03124,19.864434,74.39872,2018-04-18,-0.006,Bare/Water
NDVI03125,19.866545,74.441839,2024-01-13,-0.198,Bare/Water
NDVI03126,19.858746,74.474306,2017-10-15,0.476,Moderate
NDVI03127,19.926549,74.520778,2016-09-11,0.538,Healthy
NDVI03128,19.800181,74.580728,2020-06-17,0.506,Healthy
NDVI03129,19.826557,74.38061,2019-03-14,-0.181,Bare/Water
NDVI03130,19.915703,74.579662,2018-02-13,-0.058,Bare/Water
NDVI03131,19.82329,74.554663,2024-08-15,0.651,Healthy
NDVI03132,19.834043,74.390973,2021-09-11,0.553,Healthy
NDVI03133,19.869817,74.512388,2024-12-13,0.09,Bare/Water
NDVI03134,19.81124,74.565536,2023-08-11,0.615,Healthy
NDVI03135,19.843098,74.366191,2023-09-18,0.525,Healthy
NDVI03136,19.81402,74.409179,2019-04-09,-0.282,Bare/Water
NDVI03137,19.867589,74.437301,2026-04-28,-0.186,Bare/Water
NDVI03138,19.836572,74.585892,2026-07-28,0.637,Healthy
NDVI03139,19.867357,74.587517,2019-11-24,0.344,Moderate
NDVI03140,19.92793,74.43885,2017-11-05,0.611,Healthy
NDVI03141,19.935826,74.540269,2025-07-27,0.617,Healthy
NDVI03142,19.883465,74.47277,2023-12-27,-0.053,Bare/Water
NDVI03143,19.875649,74.484688,2025-11-03,0.683,Healthy
NDVI03144,19.86738,74.599288,2026-01-23,-0.093,Bare/Water
NDVI03145,19.883096,74.498281,2023-12-21,0.049,Bare/Water
NDVI03146,19.857025,74.420901,2024-01-05,0.104,Sparse
NDVI03147,19.832681,74.511355,2020-11-02,0.272,Sparse
NDVI03148,19.934658,74.459258,2024-05-10,-0.079,Bare/Water
NDVI03149,19.949583,74.446763,2025-02-19,-0.179,Bare/Water
NDVI03150,19.915043,74.356823,2020-11-26,0.028,Bare/Water
NDVI03151,19.900086,74.391356,2020-07-04,0.444,Moderate
NDVI03152,19.919983,74.436157,2022-02-01,-0.082,Bare/Water
NDVI03153,19.825241,74.470692,2026-04-28,0.121,Sparse
NDVI03154,19.840901,74.433343,2019-01-01,-0.022,Bare/Water
NDVI03155,19.87764,74.430923,2021-08-14,0.496,Moderate
NDVI03156,19.840155,74.435435,2022-04-01,0.009,Bare/Water
NDVI03157,19.925039,74.541225,2022-05-29,0.364,Moderate
NDVI03158,19.900497,74.442634,2022-01-02,0.17,Sparse
NDVI03159,19.906691,74.365949,2025-07-13,0.578,Healthy
NDVI03160,19.870514,74.564751,2018-10-03,0.544,Healthy
NDVI03161,19.940309,74.495581,2026-03-03,-0.092,Bare/Water
NDVI03162,19.926809,74.588728,2022-06-14,0.185,Sparse
NDVI03163,19.834893,74.556004,2021-10-26,0.537,Healthy
NDVI03164,19.882668,74.579397,2021-09-15,0.47,Moderate
NDVI03165,19.892279,74.393189,2018-11-09,0.391,Moderate
NDVI03166,19.828205,74.514191,2023-02-23,0.038,Bare/Water
NDVI03167,19.89407,74.357771,2024-11-19,0.297,Sparse
NDVI03168,19.941072,74.458475,2024-10-23,0.459,Moderate
NDVI03169,19.917248,74.406769,2021-04-07,-0.179,Bare/Water
NDVI03170,19.940074,74.490886,2023-01-05,0.091,Bare/Water
NDVI03171,19.900326,74.452626,2025-11-25,0.374,Moderate
NDVI03172,19.849784,74.566125,2019-06-16,0.678,Healthy
NDVI03173,19.943484,74.406091,2026-06-01,0.283,Sparse
NDVI03174,19.912287,74.476916,2020-04-14,-0.246,Bare/Water
NDVI03175,19.91773,74.574393,2018-01-21,0.037,Bare/Water
NDVI03176,19.937054,74.407466,2020-05-13,0.486,Moderate
NDVI03177,19.842058,74.418616,2021-08-10,0.638,Healthy
NDVI03178,19.807709,74.563737,2018-04-05,-0.161,Bare/Water
NDVI03179,19.875285,74.548277,2024-10-23,0.298,Sparse
NDVI03180,19.80457,74.594587,2017-12-13,0.315,Moderate
NDVI03181,19.860536,74.360888,2024-10-08,0.476,Moderate
NDVI03182,19.808527,74.573316,2026-07-19,0.463,Moderate
NDVI03183,19.937607,74.580397,2019-09-07,0.608,Healthy
NDVI03184,19.887932,74.383148,2026-02-05,-0.09,Bare/Water
NDVI03185,19.890358,74.538158,2023-06-03,0.18,Sparse
NDVI03186,19.805622,74.398785,2020-01-11,-0.174,Bare/Water
NDVI03187,19.92148,74.407537,2022-09-19,0.683,Healthy
NDVI03188,19.92441,74.481232,2021-02-26,-0.314,Bare/Water
NDVI03189,19.924546,74.575557,2020-11-29,0.174,Sparse
NDVI03190,19.857214,74.412511,2025-08-23,0.464,Moderate
NDVI03191,19.859458,74.488553,2019-04-30,-0.006,Bare/Water
NDVI03192,19.91864,74.366095,2023-11-24,0.322,Moderate
NDVI03193,19.893797,74.35736,2022-07-24,0.645,Healthy
NDVI03194,19.830131,74.464188,2020-11-10,0.046,Bare/Water
NDVI03195,19.833295,74.43339,2021-08-12,0.422,Moderate
NDVI03196,19.877706,74.488925,2018-06-14,0.337,Moderate
NDVI03197,19.85338,74.390133,2021-06-01,0.345,Moderate
NDVI03198,19.937186,74.460833,2021-06-08,0.298,Sparse
NDVI03199,19.948745,74.368349,2019-09-11,0.588,Healthy
NDVI03200,19.845813,74.547204,2019-03-14,-0.098,Bare/Water
NDVI03201,19.905745,74.44254,2020-09-22,0.644,Healthy
NDVI03202,19.884378,74.368397,2024-01-11,0.072,Bare/Water
NDVI03203,19.926462,74.533517,2021-01-05,-0.098,Bare/Water
NDVI03204,19.828728,74.50056,2023-10-22,0.479,Moderate
NDVI03205,19.835032,74.523202,2018-05-26,0.247,Sparse
NDVI03206,19.825921,74.564581,2021-11-29,0.315,Moderate
NDVI03207,19.913876,74.509046,2017-08-20,0.59,Healthy
NDVI03208,19.94962,74.426783,2022-07-20,0.388,Moderate
NDVI03209,19.8602,74.506624,2024-08-01,0.484,Moderate
NDVI03210,19.872092,74.359915,2019-10-11,0.489,Moderate
NDVI03211,19.893817,74.369948,2023-01-22,0.015,Bare/Water
NDVI03212,19.946187,74.571678,2024-07-20,0.453,Moderate
NDVI03213,19.812728,74.457095,2020-07-16,0.452,Moderate
NDVI03214,19.868022,74.402654,2023-03-05,-0.138,Bare/Water
NDVI03215,19.893829,74.367494,2022-04-05,-0.045,Bare/Water
NDVI03216,19.889229,74.484504,2017-02-25,-0.17,Bare/Water
NDVI03217,19.887097,74.461117,2017-03-04,0.117,Sparse
NDVI03218,19.826176,74.387732,2026-01-06,0.062,Bare/Water
NDVI03219,19.849903,74.449213,2020-02-17,-0.263,Bare/Water
NDVI03220,19.831805,74.405777,2022-04-04,-0.001,Bare/Water
NDVI03221,19.946642,74.572557,2021-09-21,0.542,Healthy
NDVI03222,19.887872,74.458815,2017-10-14,0.404,Moderate
NDVI03223,19.845532,74.459063,2019-12-31,0.22,Sparse
NDVI03224,19.938104,74.551183,2022-06-20,0.347,Moderate
NDVI03225,19.941833,74.425596,2020-12-12,0.163,Sparse
NDVI03226,19.90702,74.452492,2025-04-23,0.176,Sparse
NDVI03227,19.851836,74.458978,2024-07-30,0.358,Moderate
NDVI03228,19.859839,74.416914,2023-09-04,0.96,Very Healthy
NDVI03229,19.869281,74.494108,2022-03-25,-0.261,Bare/Water
NDVI03230,19.871726,74.506863,2025-04-24,0.039,Bare/Water
NDVI03231,19.838852,74.462487,2018-11-10,0.33,Moderate
NDVI03232,19.810005,74.357952,2020-09-10,0.699,Healthy
NDVI03233,19.906851,74.39269,2025-06-30,0.301,Moderate
NDVI03234,19.893426,74.51684,2018-03-25,-0.2,Bare/Water
NDVI03235,19.919498,74.542504,2024-02-04,-0.071,Bare/Water
NDVI03236,19.932778,74.420543,2026-01-25,-0.251,Bare/Water
NDVI03237,19.871808,74.404568,2024-06-15,0.287,Sparse
NDVI03238,19.81381,74.555712,2026-07-05,0.383,Moderate
NDVI03239,19.944751,74.471816,2021-06-01,0.158,Sparse
NDVI03240,19.841354,74.572847,2023-02-19,0.025,Bare/Water
NDVI03241,19.929854,74.494254,2016-08-17,0.516,Healthy
NDVI03242,19.939536,74.449003,2026-07-07,0.224,Sparse
NDVI03243,19.825143,74.489344,2025-10-17,0.383,Moderate
NDVI03244,19.942688,74.361106,2017-09-05,0.33,Moderate
NDVI03245,19.815863,74.5766,2026-01-04,0.071,Bare/Water
NDVI03246,19.915631,74.489098,2019-09-28,0.457,Moderate
NDVI03247,19.939178,74.447453,2017-04-20,0.017,Bare/Water
NDVI03248,19.895965,74.499152,2024-09-19,0.52,Healthy
NDVI03249,19.855226,74.496862,2019-05-04,0.016,Bare/Water
NDVI03250,19.888621,74.539595,2017-07-18,0.634,Healthy
NDVI03251,19.828209,74.549688,2023-11-16,0.207,Sparse
NDVI03252,19.918838,74.518235,2019-07-04,0.317,Moderate
NDVI03253,19.924706,74.43386,2024-01-07,0.053,Bare/Water
NDVI03254,19.879895,74.577337,2025-04-02,0.043,Bare/Water
NDVI03255,19.856702,74.585216,2019-02-18,-0.308,Bare/Water
NDVI03256,19.851782,74.501071,2019-06-18,0.249,Sparse
NDVI03257,19.843283,74.38881,2019-08-18,0.617,Healthy
NDVI03258,19.896061,74.435295,2017-07-06,0.576,Healthy
NDVI03259,19.947725,74.358981,2025-06-09,0.326,Moderate
NDVI03260,19.949981,74.381611,2018-11-26,0.287,Sparse
NDVI03261,19.889835,74.564863,2020-07-20,0.382,Moderate
NDVI03262,19.942696,74.389218,2023-04-11,0.011,Bare/Water
NDVI03263,19.926111,74.393503,2018-06-17,0.229,Sparse
NDVI03264,19.803692,74.542026,2024-06-04,0.278,Sparse
NDVI03265,19.854957,74.535575,2025-03-18,-0.038,Bare/Water
NDVI03266,19.870221,74.53311,2018-09-12,0.867,Very Healthy
NDVI03267,19.921361,74.579677,2022-11-21,0.082,Bare/Water
NDVI03268,19.822127,74.369373,2022-01-23,-0.251,Bare/Water
NDVI03269,19.923186,74.373245,2022-11-11,0.366,Moderate
NDVI03270,19.812283,74.577992,2024-06-06,0.13,Sparse
NDVI03271,19.897841,74.498588,2020-05-23,0.069,Bare/Water
NDVI03272,19.821012,74.597878,2024-06-09,0.543,Healthy
NDVI03273,19.906862,74.498303,2016-08-19,0.607,Healthy
NDVI03274,19.852808,74.455406,2018-06-27,0.461,Moderate
NDVI03275,19.862888,74.558396,2023-02-17,-0.174,Bare/Water
NDVI03276,19.840419,74.401704,2023-07-14,0.353,Moderate
NDVI03277,19.885931,74.406597,2020-02-04,0.041,Bare/Water
NDVI03278,19.868525,74.375559,2024-07-10,0.368,Moderate
NDVI03279,19.801532,74.479422,2021-05-13,0.263,Sparse
NDVI03280,19.868925,74.412103,2025-03-16,-0.095,Bare/Water
NDVI03281,19.900621,74.460483,2026-06-11,0.324,Moderate
NDVI03282,19.891517,74.597017,2025-01-12,-0.149,Bare/Water
NDVI03283,19.842153,74.407788,2023-02-18,-0.083,Bare/Water
NDVI03284,19.884245,74.401597,2024-08-15,0.655,Healthy
NDVI03285,19.820138,74.586717,2021-10-30,0.496,Moderate
NDVI03286,19.834537,74.385558,2016-12-01,0.426,Moderate
NDVI03287,19.943841,74.502916,2022-02-12,0.191,Sparse
NDVI03288,19.921823,74.509985,2023-01-28,-0.171,Bare/Water
NDVI03289,19.92371,74.452821,2023-01-10,0.211,Sparse
NDVI03290,19.804146,74.426378,2019-02-10,-0.1,Bare/Water
NDVI03291,19.830103,74.465788,2021-01-23,-0.014,Bare/Water
NDVI03292,19.831323,74.410962,2023-01-20,0.083,Bare/Water
NDVI03293,19.806755,74.597113,2020-05-18,0.312,Moderate
NDVI03294,19.881114,74.541484,2021-11-08,0.325,Moderate
NDVI03295,19.864859,74.466808,2017-03-05,-0.013,Bare/Water
NDVI03296,19.918238,74.556793,2020-09-20,0.575,Healthy
NDVI03297,19.943118,74.389105,2026-06-07,0.453,Moderate
NDVI03298,19.851326,74.44858,2018-08-06,0.653,Healthy
NDVI03299,19.824467,74.597172,2016-11-30,0.327,Moderate
NDVI03300,19.843183,74.536168,2019-04-05,0.043,Bare/Water
NDVI03301,19.917171,74.478697,2022-11-11,0.536,Healthy
NDVI03302,19.891756,74.504625,2024-11-11,0.408,Moderate
NDVI03303,19.85266,74.575979,2025-04-09,0.005,Bare/Water
NDVI03304,19.805585,74.510837,2020-09-17,0.577,Healthy
NDVI03305,19.805688,74.49725,2026-07-30,0.402,Moderate
NDVI03306,19.810522,74.356475,2024-05-16,0.005,Bare/Water
NDVI03307,19.823884,74.412758,2019-09-25,0.484,Moderate
NDVI03308,19.88817,74.520992,2018-09-19,0.91,Very Healthy
NDVI03309,19.804032,74.359248,2020-12-18,0.09,Bare/Water
NDVI03310,19.829725,74.579913,2019-10-03,0.508,Healthy
NDVI03311,19.887605,74.574588,2021-11-12,0.215,Sparse
NDVI03312,19.940817,74.386217,2024-05-14,-0.037,Bare/Water
NDVI03313,19.802706,74.490088,2019-01-07,0.026,Bare/Water
NDVI03314,19.849289,74.504918,2021-05-01,0.126,Sparse
NDVI03315,19.838211,74.396694,2024-12-17,0.092,Bare/Water
NDVI03316,19.802523,74.390107,2021-12-03,0.333,Moderate
NDVI03317,19.844963,74.435004,2020-08-18,0.688,Healthy
NDVI03318,19.881689,74.512806,2020-10-01,0.541,Healthy
NDVI03319,19.937199,74.390472,2026-03-03,0.008,Bare/Water
NDVI03320,19.926132,74.594725,2023-09-13,0.67,Healthy
NDVI03321,19.916573,74.498974,2019-06-11,0.435,Moderate
NDVI03322,19.842256,74.380395,2025-12-11,0.03,Bare/Water
NDVI03323,19.831195,74.455415,2016-09-16,0.7,Very Healthy
NDVI03324,19.884095,74.552384,2019-03-06,-0.002,Bare/Water
NDVI03325,19.828802,74.469788,2025-11-24,0.254,Sparse
NDVI03326,19.822322,74.50709,2026-07-23,0.552,Healthy
NDVI03327,19.85575,74.471331,2021-05-08,0.412,Moderate
NDVI03328,19.933685,74.457278,2018-06-19,0.352,Moderate
NDVI03329,19.899634,74.365322,2020-03-24,-0.032,Bare/Water
NDVI03330,19.845659,74.403502,2026-02-10,0.136,Sparse
NDVI03331,19.893862,74.36198,2018-08-19,0.569,Healthy
NDVI03332,19.846892,74.351053,2022-01-21,-0.088,Bare/Water
NDVI03333,19.843987,74.451445,2016-09-04,0.509,Healthy
NDVI03334,19.86471,74.503981,2019-08-14,0.729,Very Healthy
NDVI03335,19.885949,74.565611,2023-02-04,0.06,Bare/Water
NDVI03336,19.816184,74.40702,2019-02-03,-0.017,Bare/Water
NDVI03337,19.927638,74.367326,2023-01-13,0.241,Sparse
NDVI03338,19.837315,74.45088,2016-12-10,0.013,Bare/Water
NDVI03339,19.896532,74.502044,2025-08-03,0.602,Healthy
NDVI03340,19.8492,74.354927,2024-10-05,0.495,Moderate
NDVI03341,19.930465,74.547884,2020-06-10,0.363,Moderate
NDVI03342,19.909852,74.574944,2024-10-03,0.693,Healthy
NDVI03343,19.894181,74.426054,2017-01-25,-0.171,Bare/Water
NDVI03344,19.939146,74.539784,2017-08-10,0.432,Moderate
NDVI03345,19.94894,74.53877,2020-10-27,0.511,Healthy
NDVI03346,19.897642,74.574173,2024-03-28,-0.058,Bare/Water
NDVI03347,19.864533,74.417263,2024-06-21,0.264,Sparse
NDVI03348,19.89426,74.387081,2019-09-08,0.702,Very Healthy
NDVI03349,19.888727,74.515755,2023-07-09,0.545,Healthy
NDVI03350,19.936705,74.373923,2026-04-28,0.042,Bare/Water
NDVI03351,19.907622,74.505826,2020-03-18,-0.064,Bare/Water
NDVI03352,19.858086,74.528907,2020-03-16,-0.258,Bare/Water
NDVI03353,19.922553,74.522725,2020-11-15,0.464,Moderate
NDVI03354,19.876017,74.568283,2022-04-18,0.08,Bare/Water
NDVI03355,19.928661,74.521923,2025-02-13,-0.189,Bare/Water
NDVI03356,19.929345,74.520521,2022-01-18,-0.18,Bare/Water
NDVI03357,19.835154,74.40436,2021-06-30,0.51,Healthy
NDVI03358,19.800187,74.487887,2025-08-21,0.278,Sparse
NDVI03359,19.913322,74.558527,2021-05-25,0.228,Sparse
NDVI03360,19.829637,74.543271,2018-11-10,0.429,Moderate
NDVI03361,19.825356,74.391067,2022-11-18,0.224,Sparse
NDVI03362,19.830205,74.48367,2024-05-31,0.244,Sparse
NDVI03363,19.93262,74.388321,2022-01-29,-0.036,Bare/Water
NDVI03364,19.815969,74.428423,2019-03-24,0.1,Sparse
NDVI03365,19.880063,74.401629,2018-05-22,0.32,Moderate
NDVI03366,19.940273,74.592309,2017-06-22,0.633,Healthy
NDVI03367,19.894416,74.395453,2024-10-18,0.509,Healthy
NDVI03368,19.862868,74.352176,2022-06-06,0.362,Moderate
NDVI03369,19.844945,74.42524,2019-02-16,-0.096,Bare/Water
NDVI03370,19.866665,74.483143,2022-03-08,0.028,Bare/Water
NDVI03371,19.943424,74.408965,2019-04-09,0.095,Bare/Water
NDVI03372,19.880888,74.451044,2025-03-22,0.077,Bare/Water
NDVI03373,19.854829,74.475674,2024-05-20,0.124,Sparse
NDVI03374,19.865329,74.44979,2025-10-12,0.634,Healthy
NDVI03375,19.848393,74.571245,2025-11-05,0.232,Sparse
NDVI03376,19.894262,74.401655,2020-07-17,0.532,Healthy
NDVI03377,19.894447,74.419037,2025-06-20,0.392,Moderate
NDVI03378,19.91122,74.595388,2021-10-11,0.542,Healthy
NDVI03379,19.866585,74.403025,2023-03-11,-0.171,Bare/Water
NDVI03380,19.940941,74.520204,2020-11-20,0.268,Sparse
NDVI03381,19.926768,74.432306,2020-07-19,0.548,Healthy
NDVI03382,19.838259,74.594879,2021-04-27,-0.237,Bare/Water
NDVI03383,19.909444,74.535422,2022-11-16,0.425,Moderate
NDVI03384,19.852425,74.538385,2021-02-01,-0.073,Bare/Water
NDVI03385,19.914518,74.596244,2018-10-16,0.395,Moderate
NDVI03386,19.912002,74.394342,2019-01-20,-0.145,Bare/Water
NDVI03387,19.9278,74.383734,2021-04-04,0.084,Bare/Water
NDVI03388,19.91881,74.363483,2019-01-05,0.087,Bare/Water
NDVI03389,19.94299,74.441413,2017-11-11,0.62,Healthy
NDVI03390,19.949659,74.398786,2025-12-26,0.026,Bare/Water
NDVI03391,19.93456,74.494713,2025-03-11,-0.109,Bare/Water
NDVI03392,19.895055,74.511884,2021-06-08,0.101,Sparse
NDVI03393,19.856356,74.557217,2022-04-13,0.06,Bare/Water
NDVI03394,19.87488,74.489176,2022-06-07,0.184,Sparse
NDVI03395,19.812369,74.425603,2025-02-03,0.047,Bare/Water
NDVI03396,19.86769,74.448739,2023-01-08,-0.183,Bare/Water
NDVI03397,19.814839,74.456599,2016-11-10,0.506,Healthy
NDVI03398,19.878708,74.546771,2018-03-14,-0.124,Bare/Water
NDVI03399,19.81807,74.4652,2019-08-30,0.81,Very Healthy
NDVI03400,19.89441,74.542751,2019-01-25,-0.235,Bare/Water
NDVI03401,19.937885,74.536628,2024-06-13,0.273,Sparse
NDVI03402,19.928387,74.385805,2018-12-11,0.288,Sparse
NDVI03403,19.866018,74.564112,2016-12-13,0.148,Sparse
NDVI03404,19.894435,74.415417,2016-09-29,0.422,Moderate
NDVI03405,19.851338,74.516352,2018-01-15,0.152,Sparse
NDVI03406,19.878348,74.419226,2021-04-04,-0.043,Bare/Water
NDVI03407,19.899627,74.584987,2017-01-25,-0.134,Bare/Water
NDVI03408,19.845051,74.445869,2025-03-03,-0.139,Bare/Water
NDVI03409,19.885842,74.438973,2024-11-08,0.354,Moderate
NDVI03410,19.860999,74.385742,2016-12-27,0.053,Bare/Water
NDVI03411,19.813388,74.459475,2023-10-23,0.407,Moderate
NDVI03412,19.854147,74.539926,2019-10-17,0.569,Healthy
NDVI03413,19.944823,74.357806,2018-01-01,0.211,Sparse
NDVI03414,19.808156,74.556412,2017-04-17,0.195,Sparse
NDVI03415,19.866457,74.52898,2024-03-25,0.071,Bare/Water
NDVI03416,19.932208,74.438268,2025-11-11,0.236,Sparse
NDVI03417,19.811104,74.409937,2022-08-31,0.611,Healthy
NDVI03418,19.92272,74.470606,2019-05-25,0.269,Sparse
NDVI03419,19.855235,74.377772,2025-08-08,0.542,Healthy
NDVI03420,19.94451,74.351157,2026-03-01,-0.04,Bare/Water
NDVI03421,19.803874,74.436209,2021-11-06,0.216,Sparse
NDVI03422,19.816054,74.532741,2020-06-16,0.091,Bare/Water
NDVI03423,19.891789,74.46827,2024-06-02,0.391,Moderate
NDVI03424,19.93227,74.422619,2020-08-14,0.445,Moderate
NDVI03425,19.86632,74.590968,2025-06-23,0.287,Sparse
NDVI03426,19.815038,74.531997,2024-02-23,0.025,Bare/Water
NDVI03427,19.935719,74.564985,2019-05-06,-0.099,Bare/Water
NDVI03428,19.88603,74.560964,2016-12-10,0.28,Sparse
NDVI03429,19.899087,74.442982,2020-11-01,0.393,Moderate
NDVI03430,19.859139,74.513776,2017-08-18,0.48,Moderate
NDVI03431,19.937513,74.453293,2025-04-09,0.162,Sparse
NDVI03432,19.912474,74.369815,2024-11-17,0.295,Sparse
NDVI03433,19.910853,74.550268,2019-08-23,0.775,Very Healthy
NDVI03434,19.809896,74.392964,2024-06-21,0.472,Moderate
NDVI03435,19.87023,74.576695,2026-03-31,0.212,Sparse
NDVI03436,19.81541,74.546746,2023-11-05,0.357,Moderate
NDVI03437,19.845275,74.405193,2023-12-27,0.158,Sparse
NDVI03438,19.810942,74.506736,2023-10-22,0.693,Healthy
NDVI03439,19.921984,74.599717,2019-10-28,0.503,Healthy
NDVI03440,19.932899,74.594496,2022-06-29,0.425,Moderate
NDVI03441,19.918831,74.360353,2019-10-13,0.506,Healthy
NDVI03442,19.827128,74.490949,2023-06-06,0.315,Moderate
NDVI03443,19.823745,74.475133,2020-08-24,0.707,Very Healthy
NDVI03444,19.84885,74.435739,2020-09-05,0.497,Moderate
NDVI03445,19.92932,74.581429,2018-12-16,-0.005,Bare/Water
NDVI03446,19.880993,74.442321,2023-08-24,0.655,Healthy
NDVI03447,19.804983,74.482563,2026-05-05,-0.078,Bare/Water
NDVI03448,19.938212,74.589662,2022-11-23,0.017,Bare/Water
NDVI03449,19.910208,74.37146,2023-05-09,0.182,Sparse
NDVI03450,19.891936,74.520546,2019-05-20,0.323,Moderate
NDVI03451,19.889359,74.596005,2022-09-26,0.58,Healthy
NDVI03452,19.851837,74.466058,2023-12-14,-0.028,Bare/Water
NDVI03453,19.883195,74.392484,2021-11-06,0.255,Sparse
NDVI03454,19.865882,74.36265,2021-12-01,0.3,Moderate
NDVI03455,19.927744,74.539132,2024-07-22,0.355,Moderate
NDVI03456,19.907512,74.449029,2018-11-14,0.278,Sparse
NDVI03457,19.847941,74.493402,2024-07-30,0.478,Moderate
NDVI03458,19.882737,74.412873,2023-02-08,-0.373,Bare/Water
NDVI03459,19.818277,74.42753,2021-03-18,-0.137,Bare/Water
NDVI03460,19.841467,74.56823,2025-08-03,0.44,Moderate
NDVI03461,19.833411,74.377623,2019-06-30,0.54,Healthy
NDVI03462,19.921982,74.406151,2017-07-05,0.234,Sparse
NDVI03463,19.837489,74.502387,2018-07-10,0.528,Healthy
NDVI03464,19.912215,74.493012,2024-10-07,0.431,Moderate
NDVI03465,19.939826,74.592843,2024-05-04,0.227,Sparse
NDVI03466,19.804623,74.5104,2021-03-18,-0.123,Bare/Water
NDVI03467,19.810421,74.390829,2026-06-16,0.424,Moderate
NDVI03468,19.839095,74.484786,2017-04-10,0.15,Sparse
NDVI03469,19.947054,74.36017,2024-02-01,-0.204,Bare/Water
NDVI03470,19.819886,74.488006,2019-11-17,0.302,Moderate
NDVI03471,19.812561,74.354229,2025-11-21,0.324,Moderate
NDVI03472,19.91038,74.502811,2016-08-19,0.578,Healthy
NDVI03473,19.810721,74.432573,2023-04-28,0.14,Sparse
NDVI03474,19.905125,74.380452,2021-03-22,-0.021,Bare/Water
NDVI03475,19.860186,74.541298,2024-12-23,-0.075,Bare/Water
NDVI03476,19.891559,74.410627,2026-02-20,-0.008,Bare/Water
NDVI03477,19.886926,74.489976,2019-04-07,-0.112,Bare/Water
NDVI03478,19.904327,74.426883,2023-09-06,0.587,Healthy
NDVI03479,19.903126,74.599935,2016-08-19,0.785,Very Healthy
NDVI03480,19.817781,74.527736,2026-06-12,0.239,Sparse
NDVI03481,19.807618,74.436366,2017-07-11,0.354,Moderate
NDVI03482,19.808893,74.444518,2025-10-20,0.347,Moderate
NDVI03483,19.851521,74.513823,2021-06-03,0.233,Sparse
NDVI03484,19.880709,74.526041,2019-03-07,-0.031,Bare/Water
NDVI03485,19.89119,74.379783,2021-12-01,0.038,Bare/Water
NDVI03486,19.937559,74.561071,2019-12-10,0.004,Bare/Water
NDVI03487,19.849136,74.52556,2021-04-28,0.114,Sparse
NDVI03488,19.893472,74.452688,2016-09-20,0.496,Moderate
NDVI03489,19.938996,74.424176,2018-04-20,0.099,Bare/Water
NDVI03490,19.871963,74.429702,2017-12-13,0.112,Sparse
NDVI03491,19.862748,74.509691,2022-05-09,0.17,Sparse
NDVI03492,19.942107,74.430522,2018-03-01,0.165,Sparse
NDVI03493,19.85915,74.404627,2024-02-05,-0.26,Bare/Water
NDVI03494,19.845542,74.548987,2024-09-15,0.416,Moderate
NDVI03495,19.852858,74.469985,2022-05-13,0.241,Sparse
NDVI03496,19.816726,74.523138,2024-06-11,0.401,Moderate
NDVI03497,19.888504,74.53932,2023-02-11,-0.116,Bare/Water
NDVI03498,19.847061,74.402853,2022-08-27,0.619,Healthy
NDVI03499,19.846166,74.501658,2025-08-09,0.568,Healthy
NDVI03500,19.864281,74.353444,2017-03-01,0.039,Bare/Water
NDVI03501,19.822554,74.462724,2022-01-27,-0.119,Bare/Water
NDVI03502,19.92089,74.502043,2018-09-23,0.597,Healthy
NDVI03503,19.876589,74.518073,2025-05-27,0.078,Bare/Water
NDVI03504,19.866519,74.467249,2017-01-16,0.225,Sparse
NDVI03505,19.824573,74.584796,2020-08-15,0.452,Moderate
NDVI03506,19.925627,74.366917,2022-07-31,0.404,Moderate
NDVI03507,19.835939,74.437374,2017-10-20,0.514,Healthy
NDVI03508,19.852812,74.351798,2018-08-03,0.564,Healthy
NDVI03509,19.904455,74.557565,2026-01-05,0.041,Bare/Water
NDVI03510,19.802549,74.581299,2021-07-12,0.491,Moderate
NDVI03511,19.843847,74.577214,2021-09-06,0.667,Healthy
NDVI03512,19.841386,74.56012,2019-12-25,0.336,Moderate
NDVI03513,19.948696,74.51066,2021-11-16,0.515,Healthy
NDVI03514,19.805606,74.596354,2022-05-23,0.43,Moderate
NDVI03515,19.849086,74.437219,2018-03-03,-0.111,Bare/Water
NDVI03516,19.85865,74.549357,2021-01-04,0.069,Bare/Water
NDVI03517,19.942146,74.531026,2025-08-15,0.691,Healthy
NDVI03518,19.806467,74.460559,2025-06-01,0.397,Moderate
NDVI03519,19.830578,74.36955,2025-01-16,-0.076,Bare/Water
NDVI03520,19.848611,74.363302,2020-07-19,0.334,Moderate
NDVI03521,19.927542,74.464143,2019-08-25,0.415,Moderate
NDVI03522,19.906474,74.439141,2022-03-20,0.078,Bare/Water
NDVI03523,19.838915,74.563239,2022-03-24,-0.078,Bare/Water
NDVI03524,19.806886,74.564718,2021-03-17,0.033,Bare/Water
NDVI03525,19.819767,74.469363,2021-04-15,-0.1,Bare/Water
NDVI03526,19.865559,74.381201,2020-04-02,0.107,Sparse
NDVI03527,19.844068,74.478481,2023-05-03,-0.125,Bare/Water
NDVI03528,19.904104,74.438624,2017-09-25,0.459,Moderate
NDVI03529,19.806395,74.380902,2021-02-02,0.201,Sparse
NDVI03530,19.88797,74.385592,2023-11-28,0.101,Sparse
NDVI03531,19.910998,74.50815,2025-10-19,0.37,Moderate
NDVI03532,19.842762,74.473772,2020-01-24,-0.043,Bare/Water
NDVI03533,19.873941,74.455621,2023-06-30,0.481,Moderate
NDVI03534,19.912974,74.582003,2024-07-28,0.331,Moderate
NDVI03535,19.945451,74.433271,2016-09-06,0.684,Healthy
NDVI03536,19.866293,74.447578,2019-06-15,0.172,Sparse
NDVI03537,19.942833,74.456028,2020-12-24,0.019,Bare/Water
NDVI03538,19.879542,74.517608,2018-04-25,-0.046,Bare/Water
NDVI03539,19.920373,74.386792,2016-10-10,0.522,Healthy
NDVI03540,19.867301,74.386533,2016-08-27,0.6,Healthy
NDVI03541,19.808431,74.430924,2019-11-23,0.264,Sparse
NDVI03542,19.936615,74.539133,2021-12-15,0.162,Sparse
NDVI03543,19.837318,74.471821,2023-07-28,0.638,Healthy
NDVI03544,19.894179,74.543493,2018-01-03,0.006,Bare/Water
NDVI03545,19.816745,74.400967,2020-06-27,0.282,Sparse
NDVI03546,19.902163,74.428723,2021-04-20,0.069,Bare/Water
NDVI03547,19.882912,74.406453,2024-08-25,0.67,Healthy
NDVI03548,19.941901,74.481743,2016-09-08,0.607,Healthy
NDVI03549,19.898203,74.56704,2019-10-04,0.585,Healthy
NDVI03550,19.904489,74.520935,2018-11-05,0.092,Bare/Water
NDVI03551,19.947848,74.410929,2017-02-11,0.077,Bare/Water
NDVI03552,19.930521,74.553145,2018-06-24,0.34,Moderate
NDVI03553,19.852167,74.428366,2019-07-05,0.523,Healthy
NDVI03554,19.845175,74.480271,2020-04-16,0.123,Sparse
NDVI03555,19.828973,74.484094,2017-10-19,0.434,Moderate
NDVI03556,19.875836,74.42154,2022-04-13,0.036,Bare/Water
NDVI03557,19.834636,74.407042,2016-12-15,0.008,Bare/Water
NDVI03558,19.87816,74.477834,2019-07-10,0.604,Healthy
NDVI03559,19.821318,74.435524,2019-01-08,0.124,Sparse
NDVI03560,19.887408,74.546937,2023-11-13,0.245,Sparse
NDVI03561,19.856171,74.381394,2024-12-13,0.328,Moderate
NDVI03562,19.899962,74.538854,2022-08-17,0.406,Moderate
NDVI03563,19.806081,74.576647,2022-06-07,0.327,Moderate
NDVI03564,19.909894,74.409779,2025-12-09,0.252,Sparse
NDVI03565,19.861804,74.380192,2017-08-10,0.576,Healthy
NDVI03566,19.821925,74.59244,2021-10-18,0.53,Healthy
NDVI03567,19.882112,74.572567,2021-04-11,-0.11,Bare/Water
NDVI03568,19.918122,74.419459,2021-06-28,0.376,Moderate
NDVI03569,19.949738,74.413829,2023-01-21,-0.14,Bare/Water
NDVI03570,19.850047,74.455254,2024-12-10,0.335,Moderate
NDVI03571,19.925077,74.540339,2017-06-01,0.166,Sparse
NDVI03572,19.908501,74.455694,2016-11-26,0.215,Sparse
NDVI03573,19.917059,74.401562,2016-10-30,0.399,Moderate
NDVI03574,19.835529,74.520773,2025-02-21,-0.242,Bare/Water
NDVI03575,19.844737,74.463964,2019-11-24,0.147,Sparse
NDVI03576,19.865651,74.514593,2021-12-03,0.193,Sparse
NDVI03577,19.852437,74.496572,2018-07-20,0.49,Moderate
NDVI03578,19.84737,74.574042,2025-01-24,0.026,Bare/Water
NDVI03579,19.856801,74.514211,2026-01-07,-0.082,Bare/Water
NDVI03580,19.836994,74.540821,2024-09-13,0.644,Healthy
NDVI03581,19.886468,74.465509,2021-01-20,-0.124,Bare/Water
NDVI03582,19.82412,74.372681,2024-09-03,0.534,Healthy
NDVI03583,19.910619,74.389208,2021-12-17,0.272,Sparse
NDVI03584,19.833087,74.511371,2017-02-20,-0.069,Bare/Water
NDVI03585,19.839988,74.385442,2024-09-26,0.709,Very Healthy
NDVI03586,19.890978,74.589429,2025-08-05,0.489,Moderate
NDVI03587,19.892845,74.534201,2024-06-26,0.369,Moderate
NDVI03588,19.94783,74.494957,2020-03-03,0.034,Bare/Water
NDVI03589,19.923135,74.459545,2020-02-24,-0.112,Bare/Water
NDVI03590,19.94605,74.459186,2020-09-23,0.627,Healthy
NDVI03591,19.921104,74.546842,2016-11-08,0.396,Moderate
NDVI03592,19.811888,74.595396,2022-11-19,0.274,Sparse
NDVI03593,19.883364,74.494955,2020-03-15,-0.014,Bare/Water
NDVI03594,19.881897,74.574638,2017-04-23,-0.143,Bare/Water
NDVI03595,19.942437,74.412878,2019-06-19,0.405,Moderate
NDVI03596,19.940599,74.565201,2017-01-21,-0.057,Bare/Water
NDVI03597,19.81167,74.437123,2026-06-08,0.323,Moderate
NDVI03598,19.928031,74.474507,2023-07-17,0.451,Moderate
NDVI03599,19.853225,74.393312,2023-09-01,0.748,Very Healthy
NDVI03600,19.838038,74.435932,2026-02-18,-0.087,Bare/Water
NDVI03601,19.823608,74.360764,2026-05-04,0.195,Sparse
NDVI03602,19.81356,74.352017,2020-12-15,0.106,Sparse
NDVI03603,19.818511,74.444623,2020-02-23,-0.212,Bare/Water
NDVI03604,19.814803,74.515861,2024-07-12,0.28,Sparse
NDVI03605,19.933183,74.532724,2018-01-09,-0.044,Bare/Water
NDVI03606,19.928656,74.409925,2023-06-07,0.587,Healthy
NDVI03607,19.850694,74.531606,2024-05-16,0.502,Healthy
NDVI03608,19.877607,74.477274,2019-02-17,-0.247,Bare/Water
NDVI03609,19.869582,74.399498,2017-04-03,0.112,Sparse
NDVI03610,19.875242,74.593509,2023-09-13,0.526,Healthy
NDVI03611,19.81618,74.563924,2019-07-09,0.722,Very Healthy
NDVI03612,19.867224,74.444078,2018-04-21,0.128,Sparse
NDVI03613,19.818869,74.350281,2018-09-15,0.758,Very Healthy
NDVI03614,19.811904,74.498837,2019-01-07,0.135,Sparse
NDVI03615,19.841331,74.474086,2017-12-06,0.229,Sparse
NDVI03616,19.875168,74.533025,2025-06-18,0.454,Moderate
NDVI03617,19.897535,74.391136,2019-08-11,0.825,Very Healthy
NDVI03618,19.803122,74.599043,2024-04-03,-0.074,Bare/Water
NDVI03619,19.816513,74.359272,2019-05-08,0.194,Sparse
NDVI03620,19.810692,74.416244,2026-03-25,0.091,Bare/Water
NDVI03621,19.838005,74.42968,2019-07-18,0.49,Moderate
NDVI03622,19.850051,74.41439,2021-03-02,-0.038,Bare/Water
NDVI03623,19.824989,74.527838,2024-01-19,0.257,Sparse
NDVI03624,19.894882,74.512417,2017-02-26,-0.144,Bare/Water
NDVI03625,19.918089,74.387182,2023-11-17,0.325,Moderate
NDVI03626,19.860145,74.416787,2019-10-07,0.386,Moderate
NDVI03627,19.91914,74.542602,2024-07-14,0.528,Healthy
NDVI03628,19.887075,74.378173,2017-03-05,-0.158,Bare/Water
NDVI03629,19.853944,74.414306,2017-12-03,0.509,Healthy
NDVI03630,19.910137,74.598596,2021-10-14,0.374,Moderate
NDVI03631,19.930756,74.37138,2025-01-11,-0.106,Bare/Water
NDVI03632,19.922653,74.376905,2017-08-07,0.609,Healthy
NDVI03633,19.82058,74.488867,2021-04-01,0.221,Sparse
NDVI03634,19.831152,74.39654,2019-06-11,0.28,Sparse
NDVI03635,19.858576,74.47178,2018-02-18,-0.305,Bare/Water
NDVI03636,19.901017,74.478179,2022-06-25,0.516,Healthy
NDVI03637,19.840505,74.52009,2017-08-02,0.319,Moderate
NDVI03638,19.845342,74.377136,2023-05-23,0.288,Sparse
NDVI03639,19.923039,74.585783,2024-12-04,0.165,Sparse
NDVI03640,19.826833,74.587023,2023-09-09,0.586,Healthy
NDVI03641,19.948116,74.402568,2025-12-19,0.333,Moderate
NDVI03642,19.932959,74.560446,2024-01-19,0.145,Sparse
NDVI03643,19.857927,74.582942,2024-08-23,0.628,Healthy
NDVI03644,19.892408,74.50927,2026-04-07,0.08,Bare/Water
NDVI03645,19.949924,74.569156,2023-08-17,0.513,Healthy
NDVI03646,19.803154,74.441112,2019-11-09,0.286,Sparse
NDVI03647,19.929568,74.434907,2016-09-27,0.498,Moderate
NDVI03648,19.928933,74.572146,2020-05-06,0.274,Sparse
NDVI03649,19.863744,74.519102,2020-07-02,0.521,Healthy
NDVI03650,19.879672,74.357705,2020-09-02,0.543,Healthy
NDVI03651,19.91033,74.420453,2024-08-20,0.645,Healthy
NDVI03652,19.90525,74.496915,2021-10-10,0.69,Healthy
NDVI03653,19.910262,74.430823,2023-10-31,0.533,Healthy
NDVI03654,19.924369,74.521022,2016-11-16,0.456,Moderate
NDVI03655,19.809953,74.472872,2025-05-30,-0.021,Bare/Water
NDVI03656,19.834051,74.570907,2022-07-20,0.452,Moderate
NDVI03657,19.935409,74.596944,2023-10-18,0.683,Healthy
NDVI03658,19.919695,74.544132,2022-10-17,0.712,Very Healthy
NDVI03659,19.903281,74.546463,2022-11-15,0.288,Sparse
NDVI03660,19.861633,74.510339,2026-03-22,-0.257,Bare/Water
NDVI03661,19.805575,74.479126,2022-02-21,-0.008,Bare/Water
NDVI03662,19.909231,74.417801,2016-08-27,0.568,Healthy
NDVI03663,19.942502,74.484476,2024-11-20,0.294,Sparse
NDVI03664,19.876625,74.491778,2017-05-09,0.033,Bare/Water
NDVI03665,19.834077,74.377153,2024-06-05,0.292,Sparse
NDVI03666,19.84797,74.364573,2023-11-10,0.21,Sparse
NDVI03667,19.919606,74.380484,2025-05-25,0.243,Sparse
NDVI03668,19.88712,74.39737,2019-06-11,0.171,Sparse
NDVI03669,19.878087,74.420863,2022-03-04,-0.228,Bare/Water
NDVI03670,19.921638,74.426313,2018-09-14,0.639,Healthy
NDVI03671,19.844343,74.419232,2019-07-05,0.317,Moderate
NDVI03672,19.906959,74.569998,2018-07-01,0.409,Moderate
NDVI03673,19.802239,74.560564,2020-06-15,0.432,Moderate
NDVI03674,19.894649,74.379152,2022-07-29,0.615,Healthy
NDVI03675,19.810963,74.407145,2020-05-03,0.146,Sparse
NDVI03676,19.902372,74.59895,2023-03-14,-0.141,Bare/Water
NDVI03677,19.885036,74.394915,2025-11-18,0.358,Moderate
NDVI03678,19.841165,74.35507,2022-06-03,0.113,Sparse
NDVI03679,19.8343,74.375708,2018-03-26,-0.267,Bare/Water
NDVI03680,19.833862,74.494487,2024-08-29,0.449,Moderate
NDVI03681,19.817794,74.368941,2024-12-10,0.224,Sparse
NDVI03682,19.808255,74.370701,2022-03-08,-0.096,Bare/Water
NDVI03683,19.878462,74.548488,2016-12-14,0.343,Moderate
NDVI03684,19.840029,74.507844,2021-03-23,-0.376,Bare/Water
NDVI03685,19.888856,74.424535,2024-08-16,0.635,Healthy
NDVI03686,19.948673,74.43146,2018-07-16,0.594,Healthy
NDVI03687,19.872534,74.405883,2023-03-05,-0.204,Bare/Water
NDVI03688,19.939577,74.535313,2023-06-07,0.131,Sparse
NDVI03689,19.813102,74.403328,2019-09-26,0.562,Healthy
NDVI03690,19.826293,74.598347,2025-08-12,0.8,Very Healthy
NDVI03691,19.883074,74.455033,2024-07-19,0.435,Moderate
NDVI03692,19.893052,74.497232,2022-12-25,0.047,Bare/Water
NDVI03693,19.913641,74.363084,2021-01-20,-0.27,Bare/Water
NDVI03694,19.807063,74.532856,2022-11-10,0.122,Sparse
NDVI03695,19.879531,74.408694,2022-07-31,0.554,Healthy
NDVI03696,19.899783,74.587109,2019-12-02,0.253,Sparse
NDVI03697,19.898923,74.493529,2017-06-17,0.272,Sparse
NDVI03698,19.942323,74.465986,2023-08-17,0.549,Healthy
NDVI03699,19.908123,74.560279,2022-09-08,0.637,Healthy
NDVI03700,19.917964,74.559556,2024-11-28,0.372,Moderate
NDVI03701,19.940718,74.500817,2017-01-30,-0.087,Bare/Water
NDVI03702,19.880903,74.38589,2024-12-14,0.116,Sparse
NDVI03703,19.883549,74.529892,2024-01-01,0.17,Sparse
NDVI03704,19.942577,74.551831,2025-04-03,-0.17,Bare/Water
NDVI03705,19.920861,74.587014,2016-09-06,0.753,Very Healthy
NDVI03706,19.822366,74.443094,2021-02-08,-0.093,Bare/Water
NDVI03707,19.941142,74.450031,2021-10-10,0.41,Moderate
NDVI03708,19.838769,74.458321,2021-11-30,0.244,Sparse
NDVI03709,19.942988,74.577652,2020-10-24,0.491,Moderate
NDVI03710,19.908653,74.511172,2019-12-10,0.194,Sparse
NDVI03711,19.94528,74.483056,2018-11-08,0.426,Moderate
NDVI03712,19.838655,74.550801,2023-07-29,0.681,Healthy
NDVI03713,19.93909,74.491577,2020-05-05,0.061,Bare/Water
NDVI03714,19.824311,74.58701,2019-08-07,0.354,Moderate
NDVI03715,19.820858,74.419528,2016-10-29,0.428,Moderate
NDVI03716,19.862117,74.451588,2025-10-25,0.382,Moderate
NDVI03717,19.872726,74.426766,2023-10-12,0.613,Healthy
NDVI03718,19.8283,74.400834,2024-10-11,0.562,Healthy
NDVI03719,19.825484,74.496763,2018-06-05,0.21,Sparse
NDVI03720,19.923912,74.449741,2021-05-31,0.074,Bare/Water
NDVI03721,19.832942,74.360903,2017-10-03,0.436,Moderate
NDVI03722,19.895094,74.396061,2025-11-07,0.256,Sparse
NDVI03723,19.932011,74.554135,2018-12-07,0.18,Sparse
NDVI03724,19.849839,74.369993,2017-12-17,0.296,Sparse
NDVI03725,19.945394,74.519653,2021-05-14,0.109,Sparse
NDVI03726,19.860609,74.35398,2023-11-29,0.448,Moderate
NDVI03727,19.9155,74.412823,2023-08-13,0.614,Healthy
NDVI03728,19.906327,74.427384,2020-01-21,-0.155,Bare/Water
NDVI03729,19.886442,74.48459,2017-06-15,0.286,Sparse
NDVI03730,19.912061,74.379662,2021-03-12,-0.17,Bare/Water
NDVI03731,19.813825,74.505048,2024-08-04,0.765,Very Healthy
NDVI03732,19.861957,74.456763,2024-06-15,0.292,Sparse
NDVI03733,19.837572,74.369709,2017-03-07,-0.057,Bare/Water
NDVI03734,19.84758,74.396165,2023-07-30,0.422,Moderate
NDVI03735,19.830371,74.535116,2020-02-29,-0.232,Bare/Water
NDVI03736,19.902159,74.579923,2018-11-22,0.391,Moderate
NDVI03737,19.867402,74.461351,2019-01-23,-0.044,Bare/Water
NDVI03738,19.925335,74.385736,2025-09-14,0.75,Very Healthy
NDVI03739,19.805895,74.450782,2024-05-05,0.137,Sparse
NDVI03740,19.888313,74.444808,2026-06-18,0.576,Healthy
NDVI03741,19.898643,74.35305,2019-12-04,0.15,Sparse
NDVI03742,19.805152,74.594372,2021-07-16,0.545,Healthy
NDVI03743,19.94687,74.561667,2020-05-01,0.179,Sparse
NDVI03744,19.941446,74.526008,2023-04-30,0.164,Sparse
NDVI03745,19.885989,74.577098,2020-12-05,0.185,Sparse
NDVI03746,19.91327,74.563729,2018-07-29,0.577,Healthy
NDVI03747,19.810629,74.574724,2018-07-23,0.481,Moderate
NDVI03748,19.834632,74.355861,2016-09-24,0.328,Moderate
NDVI03749,19.863032,74.532804,2019-09-12,0.657,Healthy
NDVI03750,19.918489,74.530694,2021-09-03,0.526,Healthy
NDVI03751,19.902776,74.491555,2020-01-24,-0.079,Bare/Water
NDVI03752,19.89174,74.553122,2024-11-11,0.27,Sparse
NDVI03753,19.869648,74.517782,2019-08-30,0.449,Moderate
NDVI03754,19.92152,74.394601,2022-06-14,0.319,Moderate
NDVI03755,19.869056,74.433906,2017-01-19,0.001,Bare/Water
NDVI03756,19.849766,74.454602,2019-09-22,0.622,Healthy
NDVI03757,19.890009,74.355829,2023-06-06,0.197,Sparse
NDVI03758,19.8215,74.540016,2023-09-26,0.584,Healthy
NDVI03759,19.946472,74.548507,2018-07-18,0.476,Moderate
NDVI03760,19.852975,74.351439,2026-03-18,0.095,Bare/Water
NDVI03761,19.863749,74.524281,2021-09-14,0.705,Very Healthy
NDVI03762,19.890929,74.491225,2021-01-10,-0.016,Bare/Water
NDVI03763,19.942609,74.41719,2018-04-14,0.112,Sparse
NDVI03764,19.834729,74.462441,2026-05-06,0.249,Sparse
NDVI03765,19.920766,74.420675,2018-09-22,0.653,Healthy
NDVI03766,19.852235,74.592635,2023-02-17,-0.057,Bare/Water
NDVI03767,19.889991,74.421344,2017-04-07,-0.206,Bare/Water
NDVI03768,19.832431,74.590585,2018-05-24,0.234,Sparse
NDVI03769,19.835081,74.543385,2016-11-11,0.223,Sparse
NDVI03770,19.886691,74.534733,2024-05-17,0.07,Bare/Water
NDVI03771,19.888773,74.556483,2025-06-06,0.433,Moderate
NDVI03772,19.931202,74.409271,2024-10-04,0.625,Healthy
NDVI03773,19.830931,74.433824,2024-10-12,0.509,Healthy
NDVI03774,19.811073,74.498798,2024-06-01,0.302,Moderate
NDVI03775,19.901786,74.364852,2019-07-13,0.542,Healthy
NDVI03776,19.802364,74.538322,2022-04-07,-0.212,Bare/Water
NDVI03777,19.908989,74.36261,2018-04-19,0.046,Bare/Water
NDVI03778,19.940443,74.466818,2026-01-18,-0.181,Bare/Water
NDVI03779,19.854863,74.530364,2021-09-13,0.302,Moderate
NDVI03780,19.939454,74.464707,2019-02-27,-0.119,Bare/Water
NDVI03781,19.852477,74.442721,2022-06-21,0.593,Healthy
NDVI03782,19.841266,74.446151,2026-04-03,-0.053,Bare/Water
NDVI03783,19.927751,74.453046,2018-02-18,-0.089,Bare/Water
NDVI03784,19.930154,74.47441,2024-12-26,0.05,Bare/Water
NDVI03785,19.86851,74.421054,2019-01-16,-0.057,Bare/Water
NDVI03786,19.949058,74.417224,2019-02-02,-0.181,Bare/Water
NDVI03787,19.930286,74.57112,2021-12-04,0.328,Moderate
NDVI03788,19.856346,74.56697,2023-02-23,-0.086,Bare/Water
NDVI03789,19.90642,74.457928,2025-02-20,-0.121,Bare/Water
NDVI03790,19.940645,74.535259,2025-01-26,-0.16,Bare/Water
NDVI03791,19.83506,74.412976,2024-12-17,-0.017,Bare/Water
NDVI03792,19.886827,74.474954,2019-02-12,-0.154,Bare/Water
NDVI03793,19.846534,74.383807,2020-01-31,-0.028,Bare/Water
NDVI03794,19.865732,74.541369,2021-06-06,0.219,Sparse
NDVI03795,19.897716,74.415435,2024-04-23,0.172,Sparse
NDVI03796,19.826193,74.482624,2024-12-16,0.123,Sparse
NDVI03797,19.886481,74.524262,2022-09-27,0.747,Very Healthy
NDVI03798,19.886027,74.437944,2017-05-24,0.093,Bare/Water
NDVI03799,19.8629,74.364061,2022-02-06,-0.302,Bare/Water
NDVI03800,19.905635,74.599714,2017-04-02,-0.026,Bare/Water
NDVI03801,19.867064,74.565205,2025-07-10,0.408,Moderate
NDVI03802,19.834858,74.438265,2020-05-15,0.255,Sparse
NDVI03803,19.889999,74.542288,2021-09-26,0.314,Moderate
NDVI03804,19.877417,74.495696,2023-01-28,-0.022,Bare/Water
NDVI03805,19.887519,74.422892,2022-12-13,0.187,Sparse
NDVI03806,19.80426,74.38433,2020-04-09,-0.016,Bare/Water
NDVI03807,19.849944,74.547882,2023-04-24,-0.063,Bare/Water
NDVI03808,19.865119,74.514253,2023-08-16,0.608,Healthy
NDVI03809,19.92551,74.486295,2017-12-18,0.346,Moderate
NDVI03810,19.900737,74.439062,2018-06-03,0.288,Sparse
NDVI03811,19.927923,74.525509,2021-02-07,0.002,Bare/Water
NDVI03812,19.851656,74.561974,2019-12-12,0.122,Sparse
NDVI03813,19.811802,74.536154,2021-08-09,0.406,Moderate
NDVI03814,19.947599,74.476104,2020-03-06,-0.084,Bare/Water
NDVI03815,19.852312,74.384071,2019-09-21,0.535,Healthy
NDVI03816,19.918757,74.515143,2020-10-28,0.326,Moderate
NDVI03817,19.870663,74.442109,2018-04-14,-0.17,Bare/Water
NDVI03818,19.829035,74.58818,2022-12-05,0.077,Bare/Water
NDVI03819,19.813781,74.444221,2021-10-30,0.645,Healthy
NDVI03820,19.815173,74.542847,2019-11-02,0.438,Moderate
NDVI03821,19.808465,74.460326,2020-01-07,0.147,Sparse
NDVI03822,19.909614,74.460514,2022-09-15,0.483,Moderate
NDVI03823,19.840978,74.486347,2019-07-31,0.556,Healthy
NDVI03824,19.905391,74.471916,2025-06-09,0.307,Moderate
NDVI03825,19.888156,74.559866,2019-03-23,-0.047,Bare/Water
NDVI03826,19.867485,74.585545,2025-06-15,0.435,Moderate
NDVI03827,19.834679,74.390932,2019-11-15,0.407,Moderate
NDVI03828,19.925042,74.485713,2016-12-04,0.078,Bare/Water
NDVI03829,19.869853,74.566733,2023-05-28,0.272,Sparse
NDVI03830,19.861432,74.561221,2018-02-11,0.051,Bare/Water
NDVI03831,19.920669,74.409416,2024-08-17,0.547,Healthy
NDVI03832,19.8428,74.511245,2019-01-27,-0.045,Bare/Water
NDVI03833,19.828539,74.509714,2022-06-19,0.311,Moderate
NDVI03834,19.825372,74.584412,2021-12-13,0.347,Moderate
NDVI03835,19.865516,74.573795,2020-02-14,-0.057,Bare/Water
NDVI03836,19.877585,74.561722,2024-09-26,0.529,Healthy
NDVI03837,19.840052,74.555799,2026-01-14,0.072,Bare/Water
NDVI03838,19.860203,74.554088,2018-05-18,0.132,Sparse
NDVI03839,19.93334,74.422401,2025-02-28,0.094,Bare/Water
NDVI03840,19.802328,74.391626,2017-12-11,0.126,Sparse
NDVI03841,19.878385,74.471777,2020-01-14,0.005,Bare/Water
NDVI03842,19.829839,74.399906,2023-08-24,0.535,Healthy
NDVI03843,19.830687,74.480668,2018-01-11,0.154,Sparse
NDVI03844,19.946016,74.377761,2023-04-23,-0.078,Bare/Water
NDVI03845,19.873642,74.452263,2021-02-03,-0.059,Bare/Water
NDVI03846,19.875431,74.379314,2025-06-21,0.15,Sparse
NDVI03847,19.811455,74.456615,2022-06-13,0.309,Moderate
NDVI03848,19.937541,74.399897,2024-09-11,0.548,Healthy
NDVI03849,19.912066,74.443182,2021-05-25,0.08,Bare/Water
NDVI03850,19.815121,74.351243,2017-11-15,0.405,Moderate
NDVI03851,19.913365,74.385248,2017-07-19,0.485,Moderate
NDVI03852,19.845542,74.492033,2020-10-27,0.399,Moderate
NDVI03853,19.915323,74.47308,2026-05-19,0.157,Sparse
NDVI03854,19.937383,74.491049,2017-11-06,0.369,Moderate
NDVI03855,19.912209,74.42997,2017-09-28,0.606,Healthy
NDVI03856,19.848752,74.415584,2022-10-09,0.636,Healthy
NDVI03857,19.948008,74.574045,2023-04-17,0.031,Bare/Water
NDVI03858,19.832636,74.562985,2019-02-04,0.045,Bare/Water
NDVI03859,19.921427,74.488797,2025-08-24,0.667,Healthy
NDVI03860,19.881073,74.566116,2017-09-13,0.617,Healthy
NDVI03861,19.829602,74.416767,2021-06-26,0.448,Moderate
NDVI03862,19.871469,74.383197,2020-09-26,0.482,Moderate
NDVI03863,19.810171,74.434949,2022-03-26,-0.009,Bare/Water
NDVI03864,19.94218,74.454878,2025-12-29,0.005,Bare/Water
NDVI03865,19.941073,74.451123,2026-05-02,0.039,Bare/Water
NDVI03866,19.942185,74.465667,2026-03-19,0.12,Sparse
NDVI03867,19.867115,74.551932,2020-08-20,0.831,Very Healthy
NDVI03868,19.918531,74.571804,2022-03-19,0.019,Bare/Water
NDVI03869,19.85537,74.560042,2024-11-16,0.15,Sparse
NDVI03870,19.807012,74.503016,2026-06-29,0.338,Moderate
NDVI03871,19.806527,74.476453,2019-03-01,-0.266,Bare/Water
NDVI03872,19.906207,74.583096,2019-07-21,0.302,Moderate
NDVI03873,19.837528,74.359424,2016-08-28,0.662,Healthy
NDVI03874,19.929767,74.593217,2018-09-12,0.445,Moderate
NDVI03875,19.851092,74.590167,2020-05-06,0.086,Bare/Water
NDVI03876,19.934367,74.400364,2020-03-14,-0.004,Bare/Water
NDVI03877,19.872823,74.41166,2019-12-21,0.418,Moderate
NDVI03878,19.888336,74.350619,2018-02-08,-0.062,Bare/Water
NDVI03879,19.888269,74.478488,2023-10-10,0.634,Healthy
NDVI03880,19.901253,74.368495,2021-10-29,0.463,Moderate
NDVI03881,19.831852,74.431012,2020-11-17,0.284,Sparse
NDVI03882,19.899536,74.502543,2019-05-01,0.145,Sparse
NDVI03883,19.876436,74.413781,2024-05-19,0.217,Sparse
NDVI03884,19.946851,74.569786,2021-07-14,0.541,Healthy
NDVI03885,19.850839,74.358113,2019-01-16,-0.207,Bare/Water
NDVI03886,19.918483,74.431424,2019-02-21,-0.207,Bare/Water
NDVI03887,19.930627,74.387863,2021-11-16,0.143,Sparse
NDVI03888,19.897533,74.350638,2018-09-30,0.636,Healthy
NDVI03889,19.816956,74.470022,2024-12-07,0.146,Sparse
NDVI03890,19.939121,74.445888,2025-03-10,-0.262,Bare/Water
NDVI03891,19.905598,74.503413,2025-07-22,0.458,Moderate
NDVI03892,19.812004,74.438022,2021-07-22,0.477,Moderate
NDVI03893,19.898056,74.535026,2025-12-12,0.146,Sparse
NDVI03894,19.803259,74.360118,2019-06-03,0.307,Moderate
NDVI03895,19.922281,74.579253,2018-04-13,-0.134,Bare/Water
NDVI03896,19.801172,74.501727,2018-11-01,0.33,Moderate
NDVI03897,19.91144,74.45338,2019-10-01,0.514,Healthy
NDVI03898,19.861208,74.557313,2022-04-20,0.01,Bare/Water
NDVI03899,19.939743,74.534481,2018-04-22,0.19,Sparse
NDVI03900,19.8721,74.515627,2025-09-11,0.801,Very Healthy
NDVI03901,19.83222,74.39777,2016-10-12,0.465,Moderate
NDVI03902,19.90005,74.524189,2020-05-14,0.113,Sparse
NDVI03903,19.805298,74.409395,2022-06-24,0.234,Sparse
NDVI03904,19.903172,74.388049,2023-05-09,0.058,Bare/Water
NDVI03905,19.810138,74.45594,2021-06-07,0.488,Moderate
NDVI03906,19.84803,74.478509,2022-05-20,0.102,Sparse
NDVI03907,19.814829,74.409807,2022-04-22,-0.032,Bare/Water
NDVI03908,19.866574,74.518489,2023-04-22,-0.017,Bare/Water
NDVI03909,19.913954,74.495767,2020-01-10,0.013,Bare/Water
NDVI03910,19.905951,74.468792,2023-08-23,0.643,Healthy
NDVI03911,19.925225,74.396275,2025-03-23,-0.089,Bare/Water
NDVI03912,19.850719,74.394438,2025-09-08,0.727,Very Healthy
NDVI03913,19.808769,74.547595,2018-07-20,0.644,Healthy
NDVI03914,19.829688,74.446538,2020-06-12,0.505,Healthy
NDVI03915,19.906684,74.579585,2023-01-10,-0.122,Bare/Water
NDVI03916,19.939331,74.391598,2018-12-23,0.059,Bare/Water
NDVI03917,19.849614,74.537855,2025-07-28,0.582,Healthy
NDVI03918,19.824006,74.36388,2023-03-21,-0.159,Bare/Water
NDVI03919,19.893891,74.360448,2020-05-01,0.091,Bare/Water
NDVI03920,19.811236,74.588073,2018-05-19,0.072,Bare/Water
NDVI03921,19.916014,74.557758,2016-09-01,0.555,Healthy
NDVI03922,19.874109,74.427638,2022-06-01,0.251,Sparse
NDVI03923,19.830732,74.571047,2026-03-17,-0.142,Bare/Water
NDVI03924,19.907389,74.381727,2023-05-25,0.214,Sparse
NDVI03925,19.811149,74.598031,2018-08-01,0.691,Healthy
NDVI03926,19.819817,74.387414,2022-10-20,0.415,Moderate
NDVI03927,19.88998,74.536838,2018-04-04,-0.058,Bare/Water
NDVI03928,19.948372,74.517297,2022-10-28,0.614,Healthy
NDVI03929,19.855413,74.382636,2020-08-26,0.389,Moderate
NDVI03930,19.934984,74.367018,2025-11-13,0.401,Moderate
NDVI03931,19.903321,74.391935,2023-12-14,0.214,Sparse
NDVI03932,19.8535,74.45791,2023-01-26,-0.172,Bare/Water
NDVI03933,19.882337,74.506018,2026-02-22,-0.148,Bare/Water
NDVI03934,19.938686,74.37589,2019-08-20,0.614,Healthy
NDVI03935,19.874295,74.366253,2018-07-20,0.61,Healthy
NDVI03936,19.896914,74.517087,2025-12-12,0.233,Sparse
NDVI03937,19.900931,74.495886,2022-11-02,0.2,Sparse
NDVI03938,19.948105,74.556633,2024-06-20,0.222,Sparse
NDVI03939,19.917038,74.420142,2023-12-03,0.231,Sparse
NDVI03940,19.929953,74.520334,2017-06-19,0.407,Moderate
NDVI03941,19.921482,74.549813,2016-12-30,0.049,Bare/Water
NDVI03942,19.848636,74.514144,2018-08-19,0.687,Healthy
NDVI03943,19.857901,74.363494,2018-09-06,0.69,Healthy
NDVI03944,19.880024,74.359637,2020-10-17,0.46,Moderate
NDVI03945,19.805257,74.530636,2020-02-21,-0.049,Bare/Water
NDVI03946,19.886192,74.553683,2021-07-25,0.647,Healthy
NDVI03947,19.826619,74.596818,2025-09-11,0.802,Very Healthy
NDVI03948,19.881992,74.458596,2016-10-13,0.614,Healthy
NDVI03949,19.853492,74.569373,2024-03-26,-0.123,Bare/Water
NDVI03950,19.835001,74.499108,2018-04-04,-0.147,Bare/Water
NDVI03951,19.868766,74.481278,2019-04-27,0.095,Bare/Water
NDVI03952,19.901123,74.407816,2021-11-21,0.374,Moderate
NDVI03953,19.904426,74.413642,2022-09-06,0.787,Very Healthy
NDVI03954,19.936418,74.597089,2025-12-21,-0.098,Bare/Water
NDVI03955,19.918237,74.422367,2023-06-18,0.478,Moderate
NDVI03956,19.905398,74.472489,2018-08-15,0.593,Healthy
NDVI03957,19.859918,74.380984,2020-01-17,-0.125,Bare/Water
NDVI03958,19.926542,74.568437,2021-04-04,-0.036,Bare/Water
NDVI03959,19.899153,74.359201,2019-08-07,0.689,Healthy
NDVI03960,19.849921,74.452653,2022-12-06,0.377,Moderate
NDVI03961,19.856173,74.497956,2025-03-11,-0.23,Bare/Water
NDVI03962,19.823086,74.374946,2018-01-24,-0.023,Bare/Water
NDVI03963,19.863478,74.576886,2024-03-26,-0.198,Bare/Water
NDVI03964,19.860207,74.459347,2018-02-20,-0.156,Bare/Water
NDVI03965,19.939092,74.384942,2026-02-21,-0.129,Bare/Water
NDVI03966,19.864228,74.535685,2018-12-04,0.206,Sparse
NDVI03967,19.831131,74.436182,2018-04-15,-0.138,Bare/Water
NDVI03968,19.878636,74.440263,2020-10-09,0.449,Moderate
NDVI03969,19.900404,74.445051,2022-08-29,0.583,Healthy
NDVI03970,19.893214,74.507482,2022-09-09,0.581,Healthy
NDVI03971,19.826812,74.577976,2018-05-26,0.085,Bare/Water
NDVI03972,19.825457,74.548116,2017-04-23,-0.149,Bare/Water
NDVI03973,19.827977,74.570972,2025-06-26,0.59,Healthy
NDVI03974,19.87535,74.564288,2022-11-29,0.365,Moderate
NDVI03975,19.935044,74.488926,2023-04-02,-0.133,Bare/Water
NDVI03976,19.880548,74.496803,2020-01-01,0.353,Moderate
NDVI03977,19.811894,74.5345,2019-08-19,0.571,Healthy
NDVI03978,19.808057,74.525436,2023-01-16,0.072,Bare/Water
NDVI03979,19.900778,74.552784,2018-04-13,-0.056,Bare/Water
NDVI03980,19.879263,74.391088,2022-08-14,0.668,Healthy
NDVI03981,19.886102,74.4352,2022-12-04,0.187,Sparse
NDVI03982,19.837223,74.395724,2024-01-10,0.033,Bare/Water
NDVI03983,19.849771,74.531111,2024-03-31,0.029,Bare/Water
NDVI03984,19.849059,74.561999,2018-05-25,0.263,Sparse
NDVI03985,19.808779,74.508178,2022-05-03,-0.005,Bare/Water
NDVI03986,19.925805,74.551233,2025-05-24,0.458,Moderate
NDVI03987,19.870921,74.380521,2024-05-24,0.33,Moderate
NDVI03988,19.813166,74.375454,2024-01-02,0.104,Sparse
NDVI03989,19.846489,74.364236,2020-01-21,0.035,Bare/Water
NDVI03990,19.942735,74.518483,2017-04-20,0.021,Bare/Water
NDVI03991,19.87132,74.419762,2026-05-20,0.362,Moderate
NDVI03992,19.90289,74.565039,2021-07-07,0.148,Sparse
NDVI03993,19.949397,74.3928,2026-06-04,0.453,Moderate
NDVI03994,19.940335,74.524851,2018-07-15,0.491,Moderate
NDVI03995,19.851389,74.512879,2023-07-27,0.507,Healthy
NDVI03996,19.820664,74.460746,2026-02-21,-0.024,Bare/Water
NDVI03997,19.849371,74.547477,2026-02-21,0.046,Bare/Water
NDVI03998,19.85898,74.382263,2023-03-18,-0.262,Bare/Water
NDVI03999,19.888196,74.376986,2020-09-26,0.346,Moderate
NDVI04000,19.828563,74.436959,2022-10-18,0.559,Healthy
NDVI04001,19.94965,74.44836,2023-12-15,0.207,Sparse
NDVI04002,19.849951,74.368739,2017-03-14,-0.153,Bare/Water
NDVI04003,19.880085,74.457731,2017-08-12,0.632,Healthy
NDVI04004,19.915055,74.401242,2021-08-24,0.794,Very Healthy
NDVI04005,19.84414,74.56675,2019-08-21,0.733,Very Healthy
NDVI04006,19.907615,74.565241,2022-12-29,-0.05,Bare/Water
NDVI04007,19.903528,74.376769,2023-04-24,0.047,Bare/Water
NDVI04008,19.859514,74.549126,2016-10-24,0.346,Moderate
NDVI04009,19.914607,74.555485,2020-11-28,0.213,Sparse
NDVI04010,19.941272,74.514508,2024-05-29,0.25,Sparse
NDVI04011,19.810834,74.503567,2017-05-14,0.17,Sparse
NDVI04012,19.802606,74.53462,2016-11-07,0.339,Moderate
NDVI04013,19.89421,74.362324,2024-12-10,0.156,Sparse
NDVI04014,19.837926,74.415123,2020-08-13,0.461,Moderate
NDVI04015,19.934735,74.483769,2021-08-30,0.637,Healthy
NDVI04016,19.879131,74.496352,2023-07-07,0.434,Moderate
NDVI04017,19.922356,74.396593,2024-06-24,0.212,Sparse
NDVI04018,19.82258,74.59256,2021-10-04,0.61,Healthy
NDVI04019,19.898209,74.460426,2019-04-02,0.077,Bare/Water
NDVI04020,19.835111,74.446454,2021-11-15,0.216,Sparse
NDVI04021,19.8482,74.531408,2025-03-23,-0.04,Bare/Water
NDVI04022,19.895374,74.43902,2021-12-05,0.11,Sparse
NDVI04023,19.911475,74.598965,2023-05-01,0.276,Sparse
NDVI04024,19.891537,74.362642,2021-11-22,-0.114,Bare/Water
NDVI04025,19.826588,74.450236,2025-03-13,0.002,Bare/Water
NDVI04026,19.910103,74.448244,2017-10-13,0.264,Sparse
NDVI04027,19.89828,74.362272,2022-12-12,0.175,Sparse
NDVI04028,19.927697,74.488218,2023-05-31,0.303,Moderate
NDVI04029,19.835138,74.470052,2025-03-25,0.05,Bare/Water
NDVI04030,19.926715,74.57803,2019-08-20,0.68,Healthy
NDVI04031,19.917781,74.584652,2024-10-20,0.398,Moderate
NDVI04032,19.828703,74.581733,2019-05-16,0.209,Sparse
NDVI04033,19.913153,74.491455,2026-05-02,-0.096,Bare/Water
NDVI04034,19.931659,74.588306,2025-12-27,0.056,Bare/Water
NDVI04035,19.887354,74.465639,2021-06-01,0.126,Sparse
NDVI04036,19.927862,74.440065,2025-11-27,0.206,Sparse
NDVI04037,19.872755,74.443623,2025-06-13,0.583,Healthy
NDVI04038,19.830379,74.483521,2025-03-02,-0.214,Bare/Water
NDVI04039,19.901063,74.44306,2026-01-23,0.026,Bare/Water
NDVI04040,19.809748,74.451589,2026-03-01,-0.12,Bare/Water
NDVI04041,19.947363,74.441559,2020-11-29,0.281,Sparse
NDVI04042,19.946934,74.519862,2017-07-17,0.49,Moderate
NDVI04043,19.927513,74.542035,2025-11-29,0.528,Healthy
NDVI04044,19.869247,74.505867,2017-01-15,0.035,Bare/Water
NDVI04045,19.858628,74.550092,2024-04-03,-0.155,Bare/Water
NDVI04046,19.849678,74.489123,2017-05-24,0.045,Bare/Water
NDVI04047,19.949697,74.455248,2024-06-16,0.493,Moderate
NDVI04048,19.893314,74.354576,2022-12-22,0.08,Bare/Water
NDVI04049,19.942847,74.462663,2025-09-01,0.746,Very Healthy
NDVI04050,19.854081,74.486471,2023-08-21,0.794,Very Healthy
NDVI04051,19.885812,74.524938,2019-03-15,-0.074,Bare/Water
NDVI04052,19.918188,74.569856,2019-03-28,-0.097,Bare/Water
NDVI04053,19.840118,74.495163,2026-06-28,0.365,Moderate
NDVI04054,19.838383,74.360195,2018-05-28,0.205,Sparse
NDVI04055,19.93061,74.406992,2018-10-14,0.824,Very Healthy
NDVI04056,19.948953,74.425469,2017-01-12,-0.094,Bare/Water
NDVI04057,19.881073,74.540593,2026-02-01,-0.149,Bare/Water
NDVI04058,19.865585,74.539155,2022-11-01,0.598,Healthy
NDVI04059,19.935612,74.587247,2017-10-13,0.332,Moderate
NDVI04060,19.867502,74.377375,2020-04-12,0.031,Bare/Water
NDVI04061,19.898051,74.578545,2023-09-04,0.641,Healthy
NDVI04062,19.946606,74.40182,2017-07-09,0.533,Healthy
NDVI04063,19.915353,74.532599,2021-05-01,-0.07,Bare/Water
NDVI04064,19.877553,74.533518,2018-06-15,0.295,Sparse
NDVI04065,19.848299,74.394357,2022-11-07,0.358,Moderate
NDVI04066,19.858326,74.576695,2024-11-12,0.329,Moderate
NDVI04067,19.895206,74.557756,2023-06-25,0.633,Healthy
NDVI04068,19.849671,74.552765,2024-02-20,-0.05,Bare/Water
NDVI04069,19.92586,74.538948,2017-08-15,0.785,Very Healthy
NDVI04070,19.913199,74.569747,2023-10-31,0.244,Sparse
NDVI04071,19.868983,74.559879,2018-07-15,0.537,Healthy
NDVI04072,19.80025,74.514622,2025-12-24,0.063,Bare/Water
NDVI04073,19.9366,74.487308,2025-05-10,0.22,Sparse
NDVI04074,19.922833,74.519395,2026-01-19,0.081,Bare/Water
NDVI04075,19.941239,74.48342,2021-07-17,0.598,Healthy
NDVI04076,19.830314,74.582379,2017-08-06,0.635,Healthy
NDVI04077,19.880858,74.457509,2025-11-28,0.095,Bare/Water
NDVI04078,19.876355,74.411292,2021-03-30,-0.127,Bare/Water
NDVI04079,19.837005,74.514655,2021-05-21,0.048,Bare/Water
NDVI04080,19.927383,74.413905,2021-02-17,-0.146,Bare/Water
NDVI04081,19.914364,74.528644,2022-12-13,0.328,Moderate
NDVI04082,19.841377,74.533816,2018-09-22,0.531,Healthy
NDVI04083,19.832062,74.555625,2019-09-22,0.493,Moderate
NDVI04084,19.838953,74.369672,2025-11-14,0.183,Sparse
NDVI04085,19.923917,74.481066,2021-02-06,0.056,Bare/Water
NDVI04086,19.917783,74.414189,2017-08-18,0.629,Healthy
NDVI04087,19.865674,74.433564,2016-12-05,0.271,Sparse
NDVI04088,19.902264,74.445974,2016-10-21,0.419,Moderate
NDVI04089,19.809071,74.532923,2017-06-01,0.084,Bare/Water
NDVI04090,19.934162,74.564233,2020-01-11,0.053,Bare/Water
NDVI04091,19.919728,74.394838,2020-06-06,0.327,Moderate
NDVI04092,19.813598,74.372747,2024-05-15,0.051,Bare/Water
NDVI04093,19.813534,74.4407,2023-02-26,-0.045,Bare/Water
NDVI04094,19.923133,74.445522,2022-04-23,0.076,Bare/Water
NDVI04095,19.921507,74.370404,2016-09-16,0.67,Healthy
NDVI04096,19.808036,74.364801,2021-11-20,0.269,Sparse
NDVI04097,19.805822,74.37658,2019-03-01,0.029,Bare/Water
NDVI04098,19.840724,74.369477,2024-07-29,0.346,Moderate
NDVI04099,19.806807,74.441578,2018-05-16,0.125,Sparse
NDVI04100,19.86224,74.557218,2017-03-05,-0.07,Bare/Water
NDVI04101,19.906551,74.524989,2023-01-16,-0.023,Bare/Water
NDVI04102,19.933696,74.585103,2017-10-30,0.383,Moderate
NDVI04103,19.825054,74.461144,2019-05-09,0.1,Sparse
NDVI04104,19.925825,74.57999,2024-03-31,0.125,Sparse
NDVI04105,19.90542,74.47874,2016-10-30,0.414,Moderate
NDVI04106,19.820387,74.414464,2018-03-21,-0.018,Bare/Water
NDVI04107,19.834021,74.543048,2017-11-16,0.576,Healthy
NDVI04108,19.890547,74.540026,2024-04-25,0.278,Sparse
NDVI04109,19.830176,74.402044,2024-10-15,0.449,Moderate
NDVI04110,19.942367,74.547403,2024-03-16,-0.155,Bare/Water
NDVI04111,19.85938,74.354978,2025-04-05,0.133,Sparse
NDVI04112,19.835318,74.387343,2026-06-01,0.074,Bare/Water
NDVI04113,19.937408,74.58526,2017-01-02,-0.214,Bare/Water
NDVI04114,19.84678,74.594512,2019-11-26,0.23,Sparse
NDVI04115,19.804972,74.465254,2018-06-16,0.195,Sparse
NDVI04116,19.879393,74.506374,2025-01-12,0.012,Bare/Water
NDVI04117,19.855697,74.456476,2025-03-09,0.031,Bare/Water
NDVI04118,19.812639,74.435075,2017-09-14,0.719,Very Healthy
NDVI04119,19.813765,74.399116,2025-03-13,-0.057,Bare/Water
NDVI04120,19.856815,74.415811,2018-11-09,0.281,Sparse
NDVI04121,19.813215,74.385716,2025-12-31,0.136,Sparse
NDVI04122,19.821505,74.58932,2020-01-25,-0.021,Bare/Water
NDVI04123,19.916898,74.510304,2017-10-03,0.441,Moderate
NDVI04124,19.894019,74.365062,2023-09-10,0.437,Moderate
NDVI04125,19.884341,74.463573,2017-04-30,0.062,Bare/Water
NDVI04126,19.91848,74.464301,2022-01-10,0.098,Bare/Water
NDVI04127,19.859199,74.527595,2023-10-27,0.523,Healthy
NDVI04128,19.807173,74.565833,2018-01-13,-0.089,Bare/Water
NDVI04129,19.839163,74.386946,2019-08-30,0.536,Healthy
NDVI04130,19.843562,74.449405,2024-08-23,0.546,Healthy
NDVI04131,19.908932,74.383183,2020-02-17,-0.066,Bare/Water
NDVI04132,19.832491,74.39638,2019-01-18,0.121,Sparse
NDVI04133,19.846305,74.492589,2026-07-16,0.415,Moderate
NDVI04134,19.93625,74.475324,2026-07-27,0.366,Moderate
NDVI04135,19.825373,74.393362,2018-12-06,0.338,Moderate
NDVI04136,19.835954,74.575528,2026-06-24,0.288,Sparse
NDVI04137,19.812289,74.555475,2026-04-19,-0.089,Bare/Water
NDVI04138,19.874001,74.594149,2020-07-22,0.583,Healthy
NDVI04139,19.865504,74.412055,2022-07-20,0.464,Moderate
NDVI04140,19.901011,74.574345,2026-04-29,-0.21,Bare/Water
NDVI04141,19.849324,74.487432,2021-08-09,0.48,Moderate
NDVI04142,19.935368,74.471945,2020-05-14,0.06,Bare/Water
NDVI04143,19.930885,74.491981,2021-12-16,0.143,Sparse
NDVI04144,19.871842,74.503686,2020-02-10,0.013,Bare/Water
NDVI04145,19.817085,74.412801,2022-01-23,0.041,Bare/Water
NDVI04146,19.810459,74.461869,2019-07-01,0.421,Moderate
NDVI04147,19.862688,74.538388,2019-04-05,-0.337,Bare/Water
NDVI04148,19.921631,74.432819,2019-12-23,-0.012,Bare/Water
NDVI04149,19.832842,74.428555,2025-12-16,0.033,Bare/Water
NDVI04150,19.811177,74.385241,2022-11-29,0.175,Sparse
NDVI04151,19.90071,74.389112,2023-05-01,0.136,Sparse
NDVI04152,19.831949,74.498776,2020-08-22,0.595,Healthy
NDVI04153,19.894253,74.54936,2021-01-02,0.099,Bare/Water
NDVI04154,19.908141,74.419574,2022-08-08,0.739,Very Healthy
NDVI04155,19.87461,74.599004,2022-07-05,0.38,Moderate
NDVI04156,19.804685,74.382418,2024-02-18,-0.187,Bare/Water
NDVI04157,19.920638,74.534247,2023-03-27,0.004,Bare/Water
NDVI04158,19.831965,74.584657,2018-08-21,0.552,Healthy
NDVI04159,19.838013,74.379743,2026-01-01,0.136,Sparse
NDVI04160,19.947707,74.410976,2019-07-18,0.555,Healthy
NDVI04161,19.808396,74.463673,2018-04-10,-0.215,Bare/Water
NDVI04162,19.806242,74.449433,2021-04-01,-0.139,Bare/Water
NDVI04163,19.814445,74.375637,2017-01-04,0.187,Sparse
NDVI04164,19.910483,74.465381,2018-04-27,0.028,Bare/Water
NDVI04165,19.806565,74.528953,2024-09-14,0.427,Moderate
NDVI04166,19.835942,74.440547,2021-02-22,-0.089,Bare/Water
NDVI04167,19.820465,74.471638,2019-12-14,0.298,Sparse
NDVI04168,19.82845,74.548376,2019-11-27,0.28,Sparse
NDVI04169,19.849568,74.447958,2016-12-06,0.057,Bare/Water
NDVI04170,19.883143,74.459141,2026-03-01,-0.015,Bare/Water
NDVI04171,19.814226,74.386505,2023-08-12,0.456,Moderate
NDVI04172,19.822622,74.475396,2018-05-26,0.316,Moderate
NDVI04173,19.902465,74.45815,2020-05-25,0.163,Sparse
NDVI04174,19.928362,74.511222,2025-09-13,0.63,Healthy
NDVI04175,19.927536,74.59621,2023-07-15,0.539,Healthy
NDVI04176,19.853858,74.412011,2023-04-21,-0.177,Bare/Water
NDVI04177,19.856016,74.542956,2026-03-24,0.024,Bare/Water
NDVI04178,19.847686,74.420219,2022-07-09,0.343,Moderate
NDVI04179,19.878966,74.372761,2022-07-20,0.607,Healthy
NDVI04180,19.903803,74.593059,2016-10-18,0.468,Moderate
NDVI04181,19.839799,74.455281,2023-03-28,-0.245,Bare/Water
NDVI04182,19.883987,74.503046,2023-02-25,-0.022,Bare/Water
NDVI04183,19.840533,74.454298,2017-04-20,-0.007,Bare/Water
NDVI04184,19.80455,74.429953,2022-04-13,-0.076,Bare/Water
NDVI04185,19.913043,74.596722,2019-09-09,0.513,Healthy
NDVI04186,19.948164,74.559763,2024-02-20,-0.216,Bare/Water
NDVI04187,19.87089,74.580644,2017-03-11,-0.143,Bare/Water
NDVI04188,19.804362,74.504858,2017-04-20,0.189,Sparse
NDVI04189,19.845268,74.434011,2024-04-17,0.091,Bare/Water
NDVI04190,19.874911,74.550955,2017-03-20,-0.139,Bare/Water
NDVI04191,19.807836,74.548235,2020-02-07,-0.175,Bare/Water
NDVI04192,19.900458,74.59184,2023-01-24,-0.069,Bare/Water
NDVI04193,19.819427,74.530008,2017-07-26,0.456,Moderate
NDVI04194,19.823509,74.482312,2020-02-13,-0.224,Bare/Water
NDVI04195,19.894585,74.480505,2021-02-24,-0.227,Bare/Water
NDVI04196,19.884557,74.538041,2019-03-15,0.082,Bare/Water
NDVI04197,19.879842,74.558358,2026-02-21,-0.245,Bare/Water
NDVI04198,19.852829,74.408482,2021-02-24,-0.264,Bare/Water
NDVI04199,19.915778,74.557216,2022-10-04,0.558,Healthy
NDVI04200,19.871769,74.566765,2018-11-22,0.047,Bare/Water
NDVI04201,19.916356,74.588193,2018-04-01,-0.221,Bare/Water
NDVI04202,19.821918,74.571001,2017-01-16,0.017,Bare/Water
NDVI04203,19.942455,74.543299,2017-03-26,-0.282,Bare/Water
NDVI04204,19.89566,74.591826,2020-06-02,0.118,Sparse
NDVI04205,19.877086,74.499268,2022-08-29,0.663,Healthy
NDVI04206,19.801001,74.539959,2017-01-28,0.06,Bare/Water
NDVI04207,19.883286,74.368989,2022-02-13,0.014,Bare/Water
NDVI04208,19.870715,74.491856,2023-03-26,-0.037,Bare/Water
NDVI04209,19.81745,74.428361,2021-06-09,0.117,Sparse
NDVI04210,19.81331,74.370941,2017-09-11,0.606,Healthy
NDVI04211,19.912821,74.535051,2018-03-12,-0.008,Bare/Water
NDVI04212,19.802934,74.571954,2022-08-05,0.542,Healthy
NDVI04213,19.846108,74.480963,2024-06-24,0.225,Sparse
NDVI04214,19.886938,74.58877,2022-08-21,0.672,Healthy
NDVI04215,19.812798,74.412141,2021-10-23,0.573,Healthy
NDVI04216,19.895607,74.560264,2022-02-09,0.016,Bare/Water
NDVI04217,19.891427,74.488777,2019-01-09,-0.086,Bare/Water
NDVI04218,19.909021,74.540681,2023-02-25,-0.151,Bare/Water
NDVI04219,19.858649,74.443778,2026-04-22,0.053,Bare/Water
NDVI04220,19.804963,74.597788,2022-02-11,0.09,Bare/Water
NDVI04221,19.842862,74.530322,2024-07-15,0.45,Moderate
NDVI04222,19.942013,74.350704,2021-12-10,0.195,Sparse
NDVI04223,19.817552,74.401307,2024-01-14,0.092,Bare/Water
NDVI04224,19.874506,74.562507,2016-10-29,0.414,Moderate
NDVI04225,19.914132,74.360585,2024-05-15,0.134,Sparse
NDVI04226,19.878965,74.492008,2022-09-13,0.642,Healthy
NDVI04227,19.868766,74.371377,2024-02-07,-0.103,Bare/Water
NDVI04228,19.855205,74.441032,2025-02-06,0.126,Sparse
NDVI04229,19.891357,74.382642,2025-12-30,-0.014,Bare/Water
NDVI04230,19.81359,74.363976,2019-01-22,0.038,Bare/Water
NDVI04231,19.924632,74.502002,2025-04-18,0.137,Sparse
NDVI04232,19.945776,74.468653,2020-04-03,-0.047,Bare/Water
NDVI04233,19.900485,74.46889,2017-07-05,0.492,Moderate
NDVI04234,19.93017,74.5368,2022-05-01,0.098,Bare/Water
NDVI04235,19.932819,74.422947,2024-12-18,0.109,Sparse
NDVI04236,19.813426,74.358172,2026-06-09,0.203,Sparse
NDVI04237,19.900374,74.471284,2017-02-09,0.091,Bare/Water
NDVI04238,19.898888,74.358764,2019-07-25,0.698,Healthy
NDVI04239,19.90697,74.427726,2022-05-03,0.27,Sparse
NDVI04240,19.904434,74.361767,2025-12-22,0.231,Sparse
NDVI04241,19.900861,74.534347,2019-09-08,0.486,Moderate
NDVI04242,19.934664,74.478188,2024-10-26,0.401,Moderate
NDVI04243,19.869438,74.379221,2022-01-25,-0.095,Bare/Water
NDVI04244,19.85045,74.588776,2022-05-30,-0.003,Bare/Water
NDVI04245,19.887546,74.586067,2024-11-16,0.292,Sparse
NDVI04246,19.818015,74.469609,2022-03-31,-0.115,Bare/Water
NDVI04247,19.91568,74.517386,2016-09-02,0.619,Healthy
NDVI04248,19.928007,74.556202,2025-07-28,0.24,Sparse
NDVI04249,19.801672,74.395441,2016-09-01,0.585,Healthy
NDVI04250,19.874433,74.492514,2022-07-30,0.558,Healthy
NDVI04251,19.87424,74.512005,2023-11-12,0.215,Sparse
NDVI04252,19.927038,74.51143,2026-08-03,0.765,Very Healthy
NDVI04253,19.915598,74.502453,2021-12-06,0.098,Bare/Water
NDVI04254,19.842023,74.465639,2020-10-19,0.419,Moderate
NDVI04255,19.84047,74.583078,2025-01-19,0.219,Sparse
NDVI04256,19.829565,74.357688,2025-08-25,0.502,Healthy
NDVI04257,19.830708,74.4604,2022-07-27,0.538,Healthy
NDVI04258,19.887601,74.481442,2020-03-19,-0.004,Bare/Water
NDVI04259,19.949397,74.513542,2026-06-26,0.379,Moderate
NDVI04260,19.806094,74.506534,2020-01-28,-0.071,Bare/Water
NDVI04261,19.869257,74.449533,2021-04-22,-0.048,Bare/Water
NDVI04262,19.865748,74.546439,2021-09-26,0.556,Healthy
NDVI04263,19.898608,74.482059,2017-04-04,-0.116,Bare/Water
NDVI04264,19.944595,74.479946,2020-05-20,0.197,Sparse
NDVI04265,19.831007,74.395034,2018-03-07,-0.097,Bare/Water
NDVI04266,19.818116,74.411992,2021-12-21,0.243,Sparse
NDVI04267,19.816296,74.548679,2026-01-23,-0.213,Bare/Water
NDVI04268,19.924392,74.587557,2026-03-27,-0.033,Bare/Water
NDVI04269,19.884338,74.361415,2024-02-07,-0.222,Bare/Water
NDVI04270,19.896615,74.468837,2016-12-10,0.184,Sparse
NDVI04271,19.821267,74.586661,2023-05-06,0.133,Sparse
NDVI04272,19.91452,74.463708,2025-08-11,0.39,Moderate
NDVI04273,19.872856,74.556355,2023-06-09,0.245,Sparse
NDVI04274,19.822102,74.367521,2016-10-05,0.543,Healthy
NDVI04275,19.848343,74.594852,2020-12-21,0.046,Bare/Water
NDVI04276,19.866049,74.442197,2025-01-24,0.218,Sparse
NDVI04277,19.894229,74.389334,2024-04-05,-0.154,Bare/Water
NDVI04278,19.888606,74.529524,2021-10-14,0.383,Moderate
NDVI04279,19.808215,74.436931,2021-04-05,0.109,Sparse
NDVI04280,19.923505,74.568286,2020-03-19,0.071,Bare/Water
NDVI04281,19.849443,74.353814,2017-01-16,-0.038,Bare/Water
NDVI04282,19.948215,74.358382,2020-03-02,-0.14,Bare/Water
NDVI04283,19.809808,74.599243,2025-06-01,0.226,Sparse
NDVI04284,19.857385,74.391214,2016-12-27,0.227,Sparse
NDVI04285,19.885201,74.555511,2023-10-17,0.502,Healthy
NDVI04286,19.839866,74.573122,2017-10-30,0.395,Moderate
NDVI04287,19.946564,74.545062,2025-11-18,0.172,Sparse
NDVI04288,19.909242,74.438996,2021-05-07,0.1,Sparse
NDVI04289,19.922619,74.373839,2022-01-30,0.125,Sparse
NDVI04290,19.907973,74.561025,2024-03-31,0.013,Bare/Water
NDVI04291,19.872595,74.464069,2019-07-18,0.582,Healthy
NDVI04292,19.900178,74.495693,2017-01-02,-0.149,Bare/Water
NDVI04293,19.830839,74.369651,2022-08-29,0.529,Healthy
NDVI04294,19.924142,74.440333,2020-09-15,0.576,Healthy
NDVI04295,19.897451,74.564923,2018-02-01,0.093,Bare/Water
NDVI04296,19.809276,74.358359,2021-01-08,-0.002,Bare/Water
NDVI04297,19.882159,74.442162,2023-06-22,0.295,Sparse
NDVI04298,19.81081,74.4749,2024-07-09,0.373,Moderate
NDVI04299,19.94994,74.543701,2023-08-13,0.728,Very Healthy
NDVI04300,19.944872,74.537845,2023-11-01,0.488,Moderate
NDVI04301,19.816151,74.402264,2021-11-17,0.23,Sparse
NDVI04302,19.816071,74.497613,2019-11-22,0.233,Sparse
NDVI04303,19.823382,74.575153,2019-12-30,0.178,Sparse
NDVI04304,19.897369,74.396718,2019-05-29,0.071,Bare/Water
NDVI04305,19.863231,74.422311,2024-07-03,0.347,Moderate
NDVI04306,19.832568,74.506793,2022-07-13,0.745,Very Healthy
NDVI04307,19.921032,74.502921,2024-09-04,0.59,Healthy
NDVI04308,19.814015,74.375858,2018-02-04,0.199,Sparse
NDVI04309,19.904308,74.409033,2019-11-18,0.32,Moderate
NDVI04310,19.939124,74.35906,2026-03-26,0.234,Sparse
NDVI04311,19.890522,74.383295,2021-01-12,-0.126,Bare/Water
NDVI04312,19.855522,74.387976,2020-10-17,0.553,Healthy
NDVI04313,19.835066,74.544862,2024-03-08,-0.042,Bare/Water
NDVI04314,19.947304,74.451232,2024-08-15,0.629,Healthy
NDVI04315,19.847816,74.388578,2023-10-05,0.423,Moderate
NDVI04316,19.871249,74.596559,2024-07-12,0.444,Moderate
NDVI04317,19.810364,74.580121,2025-12-14,0.123,Sparse
NDVI04318,19.907874,74.441532,2020-10-23,0.427,Moderate
NDVI04319,19.834996,74.381054,2024-07-26,0.436,Moderate
NDVI04320,19.850984,74.507778,2020-10-29,0.466,Moderate
NDVI04321,19.905379,74.493825,2022-09-13,0.557,Healthy
NDVI04322,19.949347,74.364643,2026-04-01,-0.147,Bare/Water
NDVI04323,19.918179,74.37217,2019-06-25,0.369,Moderate
NDVI04324,19.914776,74.420514,2022-08-04,0.647,Healthy
NDVI04325,19.910803,74.510049,2017-07-14,0.483,Moderate
NDVI04326,19.945738,74.432328,2018-11-28,0.229,Sparse
NDVI04327,19.809803,74.385747,2019-04-18,-0.159,Bare/Water
NDVI04328,19.94215,74.465154,2023-01-29,-0.054,Bare/Water
NDVI04329,19.825145,74.589135,2025-09-27,0.715,Very Healthy
NDVI04330,19.839125,74.507591,2018-04-15,-0.104,Bare/Water
NDVI04331,19.80792,74.425134,2023-06-25,0.461,Moderate
NDVI04332,19.813757,74.425397,2017-11-04,0.306,Moderate
NDVI04333,19.824266,74.40679,2017-09-30,0.156,Sparse
NDVI04334,19.911828,74.431926,2017-03-25,0.076,Bare/Water
NDVI04335,19.893461,74.384388,2017-07-19,0.55,Healthy
NDVI04336,19.83752,74.420238,2026-03-12,-0.35,Bare/Water
NDVI04337,19.835794,74.523474,2026-05-15,0.028,Bare/Water
NDVI04338,19.94982,74.531292,2016-11-07,0.105,Sparse
NDVI04339,19.877511,74.489853,2026-02-16,-0.141,Bare/Water
NDVI04340,19.886796,74.515971,2017-09-26,0.534,Healthy
NDVI04341,19.949509,74.536713,2020-09-06,0.548,Healthy
NDVI04342,19.822412,74.420907,2025-07-19,0.421,Moderate
NDVI04343,19.936166,74.417453,2020-10-26,0.472,Moderate
NDVI04344,19.910732,74.505791,2022-06-22,0.249,Sparse
NDVI04345,19.904981,74.505602,2025-11-22,0.235,Sparse
NDVI04346,19.918479,74.585249,2020-11-16,0.276,Sparse
NDVI04347,19.831928,74.51767,2020-01-23,0.059,Bare/Water
NDVI04348,19.92833,74.425776,2020-05-31,0.258,Sparse
NDVI04349,19.847758,74.555565,2022-12-27,0.085,Bare/Water
NDVI04350,19.907613,74.479302,2021-06-21,0.359,Moderate
NDVI04351,19.944904,74.496102,2022-09-09,0.48,Moderate
NDVI04352,19.810057,74.406969,2020-05-29,0.105,Sparse
NDVI04353,19.80321,74.459095,2017-08-31,0.441,Moderate
NDVI04354,19.884152,74.395562,2026-07-05,0.511,Healthy
NDVI04355,19.859219,74.482876,2016-09-19,0.48,Moderate
NDVI04356,19.867601,74.501248,2022-11-12,0.313,Moderate
NDVI04357,19.941225,74.377155,2020-02-10,-0.083,Bare/Water
NDVI04358,19.861666,74.356526,2021-01-06,-0.098,Bare/Water
NDVI04359,19.866155,74.548029,2021-09-16,0.69,Healthy
NDVI04360,19.894358,74.594394,2020-10-28,0.281,Sparse
NDVI04361,19.948478,74.416795,2023-12-11,0.5,Healthy
NDVI04362,19.921662,74.371147,2019-07-07,0.511,Healthy
NDVI04363,19.834478,74.479572,2023-04-09,0.223,Sparse
NDVI04364,19.849743,74.365442,2019-01-22,-0.071,Bare/Water
NDVI04365,19.857346,74.365478,2018-10-22,0.299,Sparse
NDVI04366,19.859702,74.46083,2018-08-15,0.614,Healthy
NDVI04367,19.819562,74.575866,2020-03-06,-0.254,Bare/Water
NDVI04368,19.9026,74.403813,2022-09-24,0.619,Healthy
NDVI04369,19.899743,74.536726,2022-04-18,0.096,Bare/Water
NDVI04370,19.806475,74.566816,2017-06-18,0.341,Moderate
NDVI04371,19.926485,74.425027,2026-01-28,-0.067,Bare/Water
NDVI04372,19.930058,74.564027,2026-01-02,0.08,Bare/Water
NDVI04373,19.869498,74.584585,2023-01-29,0.077,Bare/Water
NDVI04374,19.823191,74.584324,2025-02-10,-0.157,Bare/Water
NDVI04375,19.916491,74.409398,2020-10-17,0.578,Healthy
NDVI04376,19.805029,74.466631,2023-06-06,0.396,Moderate
NDVI04377,19.930021,74.597136,2025-12-18,0.37,Moderate
NDVI04378,19.853071,74.421901,2019-01-12,-0.098,Bare/Water
NDVI04379,19.859335,74.363968,2025-02-04,-0.146,Bare/Water
NDVI04380,19.836988,74.486401,2023-06-09,0.342,Moderate
NDVI04381,19.846262,74.353247,2020-05-17,0.189,Sparse
NDVI04382,19.812155,74.357356,2022-06-01,0.179,Sparse
NDVI04383,19.893895,74.530233,2025-05-11,0.115,Sparse
NDVI04384,19.945807,74.392676,2020-12-31,0.157,Sparse
NDVI04385,19.866294,74.476759,2016-08-22,0.523,Healthy
NDVI04386,19.84514,74.42062,2016-12-23,-0.065,Bare/Water
NDVI04387,19.924072,74.52999,2017-03-19,-0.039,Bare/Water
NDVI04388,19.851693,74.491725,2021-04-10,-0.111,Bare/Water
NDVI04389,19.85017,74.428615,2017-12-17,0.211,Sparse
NDVI04390,19.813476,74.578398,2025-10-23,0.448,Moderate
NDVI04391,19.911612,74.426214,2025-04-10,0.125,Sparse
NDVI04392,19.81926,74.479853,2025-02-11,0.037,Bare/Water
NDVI04393,19.927048,74.492764,2021-08-24,0.561,Healthy
NDVI04394,19.884838,74.381481,2026-03-22,-0.348,Bare/Water
NDVI04395,19.9485,74.519042,2022-05-02,0.159,Sparse
NDVI04396,19.877651,74.457655,2025-06-23,0.345,Moderate
NDVI04397,19.925436,74.425596,2023-08-12,0.616,Healthy
NDVI04398,19.814416,74.575953,2020-07-28,0.695,Healthy
NDVI04399,19.850438,74.57217,2024-01-02,-0.039,Bare/Water
NDVI04400,19.878701,74.554231,2021-03-24,-0.26,Bare/Water
NDVI04401,19.827482,74.583392,2022-08-02,0.51,Healthy
NDVI04402,19.913133,74.580492,2022-02-23,-0.072,Bare/Water
NDVI04403,19.837201,74.59305,2025-06-14,0.266,Sparse
NDVI04404,19.841635,74.45563,2021-03-04,-0.117,Bare/Water
NDVI04405,19.832309,74.41214,2021-10-20,0.296,Sparse
NDVI04406,19.809073,74.439406,2025-04-23,-0.072,Bare/Water
NDVI04407,19.817126,74.506906,2023-01-23,0.024,Bare/Water
NDVI04408,19.850824,74.480817,2025-09-28,0.714,Very Healthy
NDVI04409,19.81695,74.366631,2026-07-30,0.341,Moderate
NDVI04410,19.802511,74.524453,2023-07-26,0.631,Healthy
NDVI04411,19.945982,74.4939,2022-08-24,0.531,Healthy
NDVI04412,19.924798,74.430374,2023-05-31,0.272,Sparse
NDVI04413,19.858705,74.387226,2022-10-29,0.352,Moderate
NDVI04414,19.93321,74.420349,2021-04-10,-0.21,Bare/Water
NDVI04415,19.897965,74.452062,2024-08-02,0.5,Healthy
NDVI04416,19.878203,74.360389,2020-01-30,0.094,Bare/Water
NDVI04417,19.852689,74.428803,2023-06-05,0.22,Sparse
NDVI04418,19.921306,74.391082,2021-12-04,0.372,Moderate
NDVI04419,19.849858,74.489734,2018-10-31,0.29,Sparse
NDVI04420,19.833023,74.413676,2022-01-08,0.173,Sparse
NDVI04421,19.939743,74.566701,2021-02-08,-0.331,Bare/Water
NDVI04422,19.939327,74.532082,2020-06-25,0.467,Moderate
NDVI04423,19.93032,74.41673,2024-12-26,0.174,Sparse
NDVI04424,19.844295,74.574593,2022-07-18,0.646,Healthy
NDVI04425,19.874385,74.562797,2020-11-19,0.479,Moderate
NDVI04426,19.945916,74.470631,2017-05-21,0.264,Sparse
NDVI04427,19.896842,74.379997,2017-07-11,0.46,Moderate
NDVI04428,19.902942,74.548582,2023-03-14,0.111,Sparse
NDVI04429,19.800735,74.369355,2017-10-16,0.588,Healthy
NDVI04430,19.897191,74.402729,2018-07-22,0.75,Very Healthy
NDVI04431,19.829515,74.463345,2020-09-06,0.473,Moderate
NDVI04432,19.866737,74.508231,2026-05-10,0.275,Sparse
NDVI04433,19.880172,74.355919,2024-06-29,0.428,Moderate
NDVI04434,19.871146,74.577529,2026-07-08,0.395,Moderate
NDVI04435,19.803943,74.534187,2017-12-03,0.307,Moderate
NDVI04436,19.913355,74.424331,2022-05-06,0.103,Sparse
NDVI04437,19.88439,74.424349,2022-02-23,0.098,Bare/Water
NDVI04438,19.881125,74.381042,2023-08-28,0.727,Very Healthy
NDVI04439,19.873223,74.494615,2021-10-04,0.629,Healthy
NDVI04440,19.841804,74.475344,2019-02-14,-0.247,Bare/Water
NDVI04441,19.897129,74.504033,2019-11-22,0.102,Sparse
NDVI04442,19.936633,74.594591,2025-02-15,0.012,Bare/Water
NDVI04443,19.938335,74.548182,2022-09-05,0.523,Healthy
NDVI04444,19.858418,74.433229,2025-05-25,0.104,Sparse
NDVI04445,19.834026,74.446298,2016-09-03,0.671,Healthy
NDVI04446,19.882861,74.408417,2025-12-28,-0.059,Bare/Water
NDVI04447,19.885302,74.367443,2022-08-19,0.55,Healthy
NDVI04448,19.937071,74.439993,2021-05-16,0.479,Moderate
NDVI04449,19.902385,74.420235,2021-01-29,0.017,Bare/Water
NDVI04450,19.905446,74.382205,2019-05-22,0.058,Bare/Water
NDVI04451,19.814667,74.479557,2017-04-10,0.066,Bare/Water
NDVI04452,19.807348,74.431911,2023-03-13,-0.185,Bare/Water
NDVI04453,19.845346,74.430952,2016-08-04,0.265,Sparse
NDVI04454,19.901521,74.424515,2021-12-21,0.234,Sparse
NDVI04455,19.887254,74.430194,2026-01-22,-0.207,Bare/Water
NDVI04456,19.83768,74.476432,2021-09-29,0.635,Healthy
NDVI04457,19.849598,74.369066,2021-08-08,0.522,Healthy
NDVI04458,19.888332,74.385906,2023-08-09,0.562,Healthy
NDVI04459,19.848381,74.39916,2026-02-22,0.013,Bare/Water
NDVI04460,19.843136,74.517915,2016-11-27,0.378,Moderate
NDVI04461,19.866946,74.565123,2024-05-10,0.235,Sparse
NDVI04462,19.800778,74.483017,2020-02-26,0.052,Bare/Water
NDVI04463,19.821566,74.359567,2020-11-15,0.305,Moderate
NDVI04464,19.867373,74.513323,2020-12-01,0.082,Bare/Water
NDVI04465,19.86201,74.533144,2018-04-08,-0.146,Bare/Water
NDVI04466,19.85579,74.481977,2019-02-09,-0.141,Bare/Water
NDVI04467,19.900253,74.418941,2025-05-07,-0.016,Bare/Water
NDVI04468,19.85936,74.397164,2023-11-15,0.421,Moderate
NDVI04469,19.933737,74.501235,2024-11-22,0.333,Moderate
NDVI04470,19.845612,74.487428,2019-07-23,0.735,Very Healthy
NDVI04471,19.916842,74.440737,2026-06-26,0.53,Healthy
NDVI04472,19.870071,74.594072,2023-10-06,0.468,Moderate
NDVI04473,19.866232,74.508233,2022-01-09,-0.033,Bare/Water
NDVI04474,19.94473,74.395885,2026-05-01,0.02,Bare/Water
NDVI04475,19.912202,74.46914,2017-08-21,0.687,Healthy
NDVI04476,19.948044,74.423974,2023-06-12,0.366,Moderate
NDVI04477,19.803966,74.425892,2021-07-11,0.45,Moderate
NDVI04478,19.862947,74.501079,2021-08-30,0.561,Healthy
NDVI04479,19.86017,74.479042,2020-11-25,0.332,Moderate
NDVI04480,19.934516,74.43212,2019-06-15,0.345,Moderate
NDVI04481,19.84779,74.462811,2024-10-21,0.388,Moderate
NDVI04482,19.948928,74.525292,2017-03-31,-0.131,Bare/Water
NDVI04483,19.931616,74.512688,2021-10-07,0.638,Healthy
NDVI04484,19.836641,74.591247,2022-03-18,-0.027,Bare/Water
NDVI04485,19.858586,74.426267,2016-10-01,0.42,Moderate
NDVI04486,19.907667,74.429424,2017-07-29,0.564,Healthy
NDVI04487,19.903352,74.369246,2022-11-21,0.148,Sparse
NDVI04488,19.915587,74.593711,2024-10-29,0.426,Moderate
NDVI04489,19.881577,74.570627,2025-08-31,0.541,Healthy
NDVI04490,19.836884,74.352927,2018-04-14,-0.072,Bare/Water
NDVI04491,19.836516,74.478194,2016-11-28,0.26,Sparse
NDVI04492,19.80015,74.474858,2018-12-06,0.431,Moderate
NDVI04493,19.833724,74.584428,2023-04-20,-0.196,Bare/Water
NDVI04494,19.837747,74.521136,2018-02-06,-0.168,Bare/Water
NDVI04495,19.854298,74.477767,2020-06-14,0.411,Moderate
NDVI04496,19.897312,74.415453,2017-05-08,-0.03,Bare/Water
NDVI04497,19.857574,74.531313,2023-03-08,-0.005,Bare/Water
NDVI04498,19.930805,74.529204,2018-12-21,0.108,Sparse
NDVI04499,19.868048,74.37082,2020-12-06,0.082,Bare/Water
NDVI04500,19.828075,74.393006,2016-10-08,0.556,Healthy
NDVI04501,19.876076,74.567783,2022-11-18,0.495,Moderate
NDVI04502,19.927496,74.457272,2020-05-11,0.23,Sparse
NDVI04503,19.809082,74.356571,2023-05-29,0.244,Sparse
NDVI04504,19.89531,74.587041,2016-12-02,0.248,Sparse
NDVI04505,19.925412,74.532893,2023-01-08,0.171,Sparse
NDVI04506,19.825655,74.466198,2021-09-13,0.558,Healthy
NDVI04507,19.809666,74.369449,2025-09-01,0.547,Healthy
NDVI04508,19.934342,74.394265,2019-01-15,0.077,Bare/Water
NDVI04509,19.891758,74.352976,2023-10-26,0.367,Moderate
NDVI04510,19.880933,74.355098,2019-03-30,-0.007,Bare/Water
NDVI04511,19.947962,74.438441,2021-02-16,0.01,Bare/Water
NDVI04512,19.932515,74.392354,2022-08-06,0.524,Healthy
NDVI04513,19.811914,74.464534,2021-03-23,-0.004,Bare/Water
NDVI04514,19.925774,74.428847,2017-12-10,0.187,Sparse
NDVI04515,19.870968,74.451738,2020-06-14,0.381,Moderate
NDVI04516,19.893026,74.439334,2023-12-12,0.417,Moderate
NDVI04517,19.942497,74.578512,2018-05-22,0.169,Sparse
NDVI04518,19.832503,74.415633,2025-07-07,0.602,Healthy
NDVI04519,19.878913,74.406519,2022-06-12,0.447,Moderate
NDVI04520,19.90089,74.581681,2017-06-04,0.391,Moderate
NDVI04521,19.898392,74.466318,2023-12-17,0.28,Sparse
NDVI04522,19.853877,74.506708,2023-11-06,0.34,Moderate
NDVI04523,19.915115,74.586096,2024-05-13,0.201,Sparse
NDVI04524,19.896306,74.396989,2019-10-02,0.605,Healthy
NDVI04525,19.87744,74.404363,2019-12-28,0.161,Sparse
NDVI04526,19.83453,74.528268,2020-08-15,0.687,Healthy
NDVI04527,19.907453,74.454928,2019-12-14,0.289,Sparse
NDVI04528,19.935656,74.464724,2026-06-27,-0.056,Bare/Water
NDVI04529,19.930907,74.411107,2018-05-22,0.245,Sparse
NDVI04530,19.926352,74.39858,2020-01-20,0.001,Bare/Water
NDVI04531,19.841348,74.588838,2020-07-19,0.343,Moderate
NDVI04532,19.914184,74.573857,2019-05-10,0.129,Sparse
NDVI04533,19.847857,74.355733,2025-07-28,0.162,Sparse
NDVI04534,19.871954,74.38972,2016-09-13,0.43,Moderate
NDVI04535,19.812036,74.424851,2017-08-23,0.376,Moderate
NDVI04536,19.837601,74.587974,2022-02-19,-0.204,Bare/Water
NDVI04537,19.931056,74.565643,2020-05-03,0.024,Bare/Water
NDVI04538,19.855548,74.50034,2018-08-25,0.554,Healthy
NDVI04539,19.903744,74.363121,2021-09-21,0.403,Moderate
NDVI04540,19.819705,74.572823,2019-06-14,0.597,Healthy
NDVI04541,19.859782,74.583113,2024-01-21,-0.065,Bare/Water
NDVI04542,19.866603,74.406612,2020-06-07,0.222,Sparse
NDVI04543,19.870451,74.446652,2020-06-23,0.41,Moderate
NDVI04544,19.84346,74.415126,2018-03-13,-0.061,Bare/Water
NDVI04545,19.897531,74.575391,2020-12-25,-0.014,Bare/Water
NDVI04546,19.906169,74.53552,2017-07-09,0.397,Moderate
NDVI04547,19.834652,74.512981,2026-05-20,0.281,Sparse
NDVI04548,19.883223,74.51171,2024-01-23,0.156,Sparse
NDVI04549,19.939364,74.363678,2017-01-30,-0.048,Bare/Water
NDVI04550,19.842903,74.472188,2020-09-13,0.687,Healthy
NDVI04551,19.926402,74.365958,2023-08-04,0.566,Healthy
NDVI04552,19.935504,74.402715,2024-10-15,0.535,Healthy
NDVI04553,19.928479,74.480526,2017-10-01,0.351,Moderate
NDVI04554,19.881225,74.352001,2017-05-11,0.006,Bare/Water
NDVI04555,19.843971,74.433813,2022-03-19,-0.085,Bare/Water
NDVI04556,19.849783,74.508165,2016-11-26,0.445,Moderate
NDVI04557,19.899317,74.425596,2016-10-06,0.525,Healthy
NDVI04558,19.89945,74.374154,2017-09-18,0.572,Healthy
NDVI04559,19.940017,74.380432,2017-01-18,-0.281,Bare/Water
NDVI04560,19.806492,74.4127,2022-11-21,0.257,Sparse
NDVI04561,19.935469,74.411603,2017-12-23,-0.145,Bare/Water
NDVI04562,19.916423,74.548487,2023-08-18,0.728,Very Healthy
NDVI04563,19.805487,74.57865,2017-01-09,0.068,Bare/Water
NDVI04564,19.877731,74.592767,2019-01-17,0.068,Bare/Water
NDVI04565,19.914114,74.541215,2017-08-16,0.612,Healthy
NDVI04566,19.820342,74.359475,2020-04-13,0.068,Bare/Water
NDVI04567,19.9035,74.378682,2025-07-25,0.451,Moderate
NDVI04568,19.916134,74.44269,2025-10-09,0.484,Moderate
NDVI04569,19.913956,74.592094,2018-07-02,0.294,Sparse
NDVI04570,19.92629,74.395728,2019-11-09,0.187,Sparse
NDVI04571,19.862467,74.593353,2021-01-19,0.14,Sparse
NDVI04572,19.842542,74.371108,2025-01-13,-0.217,Bare/Water
NDVI04573,19.842503,74.556459,2017-01-20,0.054,Bare/Water
NDVI04574,19.90484,74.440156,2020-12-21,0.259,Sparse
NDVI04575,19.943418,74.546821,2016-08-07,0.37,Moderate
NDVI04576,19.909295,74.557358,2017-11-12,0.499,Moderate
NDVI04577,19.858509,74.513926,2020-12-31,-0.043,Bare/Water
NDVI04578,19.88527,74.531043,2025-08-18,0.417,Moderate
NDVI04579,19.94295,74.461182,2018-04-15,0.027,Bare/Water
NDVI04580,19.860533,74.356528,2025-05-27,0.014,Bare/Water
NDVI04581,19.917116,74.40788,2019-08-11,0.504,Healthy
NDVI04582,19.890285,74.442886,2019-01-18,0.044,Bare/Water
NDVI04583,19.833851,74.356162,2022-01-28,-0.073,Bare/Water
NDVI04584,19.877074,74.372286,2018-04-17,-0.072,Bare/Water
NDVI04585,19.867087,74.450015,2023-07-20,0.554,Healthy
NDVI04586,19.898689,74.37238,2017-04-21,-0.124,Bare/Water
NDVI04587,19.823358,74.476643,2016-09-20,0.524,Healthy
NDVI04588,19.878817,74.424632,2022-02-22,-0.196,Bare/Water
NDVI04589,19.859259,74.404155,2021-04-25,-0.149,Bare/Water
NDVI04590,19.87571,74.565069,2018-03-10,-0.346,Bare/Water
NDVI04591,19.801273,74.471545,2023-08-04,0.685,Healthy
NDVI04592,19.892765,74.444236,2022-05-19,0.27,Sparse
NDVI04593,19.807219,74.460603,2026-06-13,0.28,Sparse
NDVI04594,19.946925,74.457699,2024-01-01,0.039,Bare/Water
NDVI04595,19.933581,74.379109,2019-03-11,-0.119,Bare/Water
NDVI04596,19.818025,74.524989,2024-06-21,0.493,Moderate
NDVI04597,19.904876,74.384873,2020-02-25,-0.069,Bare/Water
NDVI04598,19.876047,74.430454,2018-11-17,0.336,Moderate
NDVI04599,19.905035,74.394247,2024-09-16,0.72,Very Healthy
NDVI04600,19.87622,74.360819,2018-10-07,0.422,Moderate
NDVI04601,19.891289,74.558695,2024-04-23,0.057,Bare/Water
NDVI04602,19.871006,74.532558,2026-07-20,0.663,Healthy
NDVI04603,19.815808,74.461521,2024-10-30,0.67,Healthy
NDVI04604,19.836048,74.559133,2020-12-01,0.398,Moderate
NDVI04605,19.810818,74.571561,2024-04-29,-0.055,Bare/Water
NDVI04606,19.829176,74.578112,2022-04-17,-0.012,Bare/Water
NDVI04607,19.816053,74.43588,2021-05-31,0.397,Moderate
NDVI04608,19.947418,74.39328,2018-07-17,0.524,Healthy
NDVI04609,19.932612,74.366416,2021-01-25,0.185,Sparse
NDVI04610,19.93856,74.596498,2024-02-13,-0.086,Bare/Water
NDVI04611,19.807818,74.530119,2017-10-05,0.559,Healthy
NDVI04612,19.866067,74.575594,2024-08-26,0.72,Very Healthy
NDVI04613,19.885259,74.558092,2024-04-30,-0.042,Bare/Water
NDVI04614,19.902956,74.484305,2017-09-19,0.491,Moderate
NDVI04615,19.85318,74.587346,2020-06-27,0.407,Moderate
NDVI04616,19.935083,74.504671,2022-09-25,0.52,Healthy
NDVI04617,19.854034,74.570015,2022-07-01,0.212,Sparse
NDVI04618,19.935315,74.428631,2024-12-20,0.222,Sparse
NDVI04619,19.935589,74.53775,2024-10-02,0.352,Moderate
NDVI04620,19.898293,74.356315,2026-07-08,0.135,Sparse
NDVI04621,19.860321,74.440059,2022-08-01,0.788,Very Healthy
NDVI04622,19.80216,74.438716,2023-01-09,0.031,Bare/Water
NDVI04623,19.879935,74.510893,2020-07-22,0.361,Moderate
NDVI04624,19.85425,74.483898,2020-01-25,0.194,Sparse
NDVI04625,19.801494,74.534643,2023-07-27,0.609,Healthy
NDVI04626,19.939709,74.568052,2026-04-17,0.188,Sparse
NDVI04627,19.928548,74.432222,2021-12-17,0.331,Moderate
NDVI04628,19.880298,74.460624,2021-11-01,0.369,Moderate
NDVI04629,19.899385,74.422079,2016-10-16,0.28,Sparse
NDVI04630,19.918873,74.383561,2024-04-07,0.18,Sparse
NDVI04631,19.929502,74.541228,2021-09-30,0.486,Moderate
NDVI04632,19.838993,74.549959,2016-08-01,0.397,Moderate
NDVI04633,19.906533,74.551648,2026-07-13,0.707,Very Healthy
NDVI04634,19.825477,74.405611,2020-05-11,0.252,Sparse
NDVI04635,19.871589,74.388023,2018-09-03,0.543,Healthy
NDVI04636,19.889982,74.447927,2022-02-12,-0.05,Bare/Water
NDVI04637,19.861592,74.478319,2023-10-06,0.476,Moderate
NDVI04638,19.800763,74.451284,2022-01-05,-0.088,Bare/Water
NDVI04639,19.89949,74.431081,2020-10-31,0.29,Sparse
NDVI04640,19.89845,74.557567,2021-01-14,0.145,Sparse
NDVI04641,19.805398,74.527164,2017-06-16,0.145,Sparse
NDVI04642,19.851773,74.425754,2026-07-05,0.424,Moderate
NDVI04643,19.807317,74.558515,2023-02-24,-0.081,Bare/Water
NDVI04644,19.800559,74.532324,2025-04-26,-0.055,Bare/Water
NDVI04645,19.885694,74.52739,2021-01-07,0.176,Sparse
NDVI04646,19.840527,74.43395,2018-12-10,0.252,Sparse
NDVI04647,19.832703,74.418564,2017-07-11,0.298,Sparse
NDVI04648,19.831316,74.58468,2023-05-01,0.033,Bare/Water
NDVI04649,19.832325,74.474406,2026-02-01,-0.241,Bare/Water
NDVI04650,19.800521,74.393741,2019-06-16,0.426,Moderate
NDVI04651,19.939059,74.412137,2024-10-03,0.695,Healthy
NDVI04652,19.804092,74.504411,2024-09-04,0.628,Healthy
NDVI04653,19.927973,74.502543,2019-10-21,0.433,Moderate
NDVI04654,19.916837,74.509744,2024-09-11,0.465,Moderate
NDVI04655,19.923302,74.426183,2026-07-31,0.474,Moderate
NDVI04656,19.870249,74.374181,2018-11-26,0.481,Moderate
NDVI04657,19.929852,74.398991,2024-07-18,0.435,Moderate
NDVI04658,19.821951,74.535785,2021-09-18,0.588,Healthy
NDVI04659,19.913325,74.443741,2017-01-01,-0.15,Bare/Water
NDVI04660,19.866491,74.42726,2023-12-06,0.239,Sparse
NDVI04661,19.890859,74.426009,2022-10-13,0.426,Moderate
NDVI04662,19.807014,74.57692,2020-08-07,0.711,Very Healthy
NDVI04663,19.84709,74.514243,2025-03-30,-0.002,Bare/Water
NDVI04664,19.854726,74.539053,2019-12-25,-0.071,Bare/Water
NDVI04665,19.82021,74.492457,2022-10-10,0.257,Sparse
NDVI04666,19.932081,74.458671,2018-04-12,0.109,Sparse
NDVI04667,19.932742,74.463114,2019-04-30,-0.086,Bare/Water
NDVI04668,19.884321,74.555126,2021-06-04,0.577,Healthy
NDVI04669,19.840922,74.576216,2017-02-25,0.047,Bare/Water
NDVI04670,19.919345,74.518361,2018-01-13,-0.14,Bare/Water
NDVI04671,19.848023,74.515577,2018-07-21,0.458,Moderate
NDVI04672,19.903753,74.498228,2017-07-17,0.592,Healthy
NDVI04673,19.948257,74.3675,2018-10-05,0.472,Moderate
NDVI04674,19.881844,74.395744,2025-01-23,0.007,Bare/Water
NDVI04675,19.89687,74.412635,2020-12-23,0.137,Sparse
NDVI04676,19.801191,74.358395,2025-04-09,0.054,Bare/Water
NDVI04677,19.869272,74.391805,2022-06-03,0.413,Moderate
NDVI04678,19.84138,74.439259,2020-11-30,0.195,Sparse
NDVI04679,19.871032,74.454323,2025-03-14,-0.439,Bare/Water
NDVI04680,19.831108,74.561414,2018-01-03,0.095,Bare/Water
NDVI04681,19.833681,74.405468,2022-05-14,0.297,Sparse
NDVI04682,19.908044,74.503923,2022-01-29,0.119,Sparse
NDVI04683,19.892891,74.509282,2022-08-21,0.604,Healthy
NDVI04684,19.808132,74.553835,2025-01-10,0.111,Sparse
NDVI04685,19.838727,74.537988,2018-09-08,0.712,Very Healthy
NDVI04686,19.876019,74.453237,2016-09-28,0.457,Moderate
NDVI04687,19.865867,74.599551,2025-09-05,0.687,Healthy
NDVI04688,19.93251,74.509223,2018-12-26,-0.135,Bare/Water
NDVI04689,19.8248,74.395659,2016-12-02,0.065,Bare/Water
NDVI04690,19.942893,74.547416,2018-08-02,0.475,Moderate
NDVI04691,19.876599,74.351431,2025-05-12,0.223,Sparse
NDVI04692,19.880849,74.427817,2024-07-16,0.414,Moderate
NDVI04693,19.832172,74.400734,2019-05-27,0.209,Sparse
NDVI04694,19.902628,74.483586,2016-09-23,0.654,Healthy
NDVI04695,19.914992,74.388526,2016-10-17,0.748,Very Healthy
NDVI04696,19.822126,74.535756,2021-08-21,0.549,Healthy
NDVI04697,19.922537,74.397312,2017-03-31,-0.146,Bare/Water
NDVI04698,19.847506,74.505892,2017-02-07,-0.262,Bare/Water
NDVI04699,19.924811,74.404217,2025-06-07,0.418,Moderate
NDVI04700,19.830202,74.474879,2023-04-06,0.061,Bare/Water
NDVI04701,19.810063,74.557847,2018-09-07,0.598,Healthy
NDVI04702,19.851387,74.372455,2025-09-01,0.634,Healthy
NDVI04703,19.874437,74.356035,2022-09-01,0.53,Healthy
NDVI04704,19.811802,74.378249,2017-08-29,0.538,Healthy
NDVI04705,19.811261,74.564364,2026-02-06,-0.041,Bare/Water
NDVI04706,19.889853,74.392419,2020-05-30,0.248,Sparse
NDVI04707,19.918319,74.432957,2022-11-01,0.487,Moderate
NDVI04708,19.810195,74.554276,2019-08-23,0.48,Moderate
NDVI04709,19.894396,74.565708,2024-03-22,0.005,Bare/Water
NDVI04710,19.814334,74.454656,2022-10-23,0.467,Moderate
NDVI04711,19.824155,74.4352,2025-10-20,0.521,Healthy
NDVI04712,19.881897,74.362726,2020-12-24,0.057,Bare/Water
NDVI04713,19.836648,74.416888,2026-07-22,0.65,Healthy
NDVI04714,19.839283,74.42465,2017-03-04,0.081,Bare/Water
NDVI04715,19.859563,74.528703,2025-11-25,0.132,Sparse
NDVI04716,19.898476,74.493858,2026-06-23,0.383,Moderate
NDVI04717,19.87941,74.587967,2019-03-11,-0.069,Bare/Water
NDVI04718,19.93332,74.571373,2018-08-19,0.75,Very Healthy
NDVI04719,19.869094,74.410381,2021-08-13,0.71,Very Healthy
NDVI04720,19.918654,74.350508,2023-06-12,0.365,Moderate
NDVI04721,19.811889,74.50013,2018-04-10,0.114,Sparse
NDVI04722,19.802409,74.432268,2019-10-31,0.287,Sparse
NDVI04723,19.839275,74.510787,2021-02-05,-0.126,Bare/Water
NDVI04724,19.879012,74.357487,2019-08-14,0.53,Healthy
NDVI04725,19.820407,74.51983,2025-05-08,0.115,Sparse
NDVI04726,19.829567,74.579073,2024-02-24,-0.112,Bare/Water
NDVI04727,19.946357,74.486959,2020-01-31,-0.109,Bare/Water
NDVI04728,19.827652,74.391542,2020-06-18,0.144,Sparse
NDVI04729,19.883863,74.524446,2017-07-16,0.648,Healthy
NDVI04730,19.84795,74.444694,2016-08-11,0.612,Healthy
NDVI04731,19.945721,74.576929,2021-11-10,0.275,Sparse
NDVI04732,19.830596,74.538733,2022-02-27,-0.05,Bare/Water
NDVI04733,19.899512,74.361268,2019-06-25,0.395,Moderate
NDVI04734,19.842839,74.366379,2019-08-20,0.451,Moderate
NDVI04735,19.935039,74.592979,2019-03-29,-0.041,Bare/Water
NDVI04736,19.8664,74.51571,2017-11-27,0.273,Sparse
NDVI04737,19.915569,74.570218,2024-12-26,-0.123,Bare/Water
NDVI04738,19.92857,74.573573,2017-05-12,0.055,Bare/Water
NDVI04739,19.933316,74.516892,2018-03-20,-0.17,Bare/Water
NDVI04740,19.852956,74.591437,2023-05-07,0.161,Sparse
NDVI04741,19.857507,74.470045,2018-07-03,0.523,Healthy
NDVI04742,19.907237,74.518051,2019-06-09,0.318,Moderate
NDVI04743,19.832674,74.438241,2017-02-16,0.083,Bare/Water
NDVI04744,19.830799,74.504475,2024-07-09,0.506,Healthy
NDVI04745,19.905133,74.555228,2026-03-01,-0.05,Bare/Water
NDVI04746,19.833248,74.58396,2022-08-07,0.515,Healthy
NDVI04747,19.876105,74.415333,2018-02-15,-0.147,Bare/Water
NDVI04748,19.85721,74.386868,2018-05-11,0.119,Sparse
NDVI04749,19.916898,74.560246,2019-05-02,-0.208,Bare/Water
NDVI04750,19.848789,74.532664,2017-03-20,-0.013,Bare/Water
NDVI04751,19.907433,74.581582,2023-06-27,0.347,Moderate
NDVI04752,19.946897,74.478046,2020-01-16,0.005,Bare/Water
NDVI04753,19.910963,74.485059,2025-03-29,0.053,Bare/Water
NDVI04754,19.811992,74.503462,2018-02-10,-0.161,Bare/Water
NDVI04755,19.822113,74.487437,2021-10-11,0.729,Very Healthy
NDVI04756,19.946488,74.450257,2021-06-23,0.425,Moderate
NDVI04757,19.869279,74.409693,2019-12-31,0.238,Sparse
NDVI04758,19.819005,74.581808,2020-07-21,0.453,Moderate
NDVI04759,19.902814,74.598887,2023-03-09,-0.066,Bare/Water
NDVI04760,19.826776,74.57855,2022-10-31,0.453,Moderate
NDVI04761,19.938571,74.582511,2024-02-07,-0.188,Bare/Water
NDVI04762,19.846098,74.465777,2018-02-11,0.116,Sparse
NDVI04763,19.900421,74.562781,2020-10-07,0.723,Very Healthy
NDVI04764,19.807633,74.56581,2017-04-01,0.02,Bare/Water
NDVI04765,19.909974,74.535572,2023-03-28,-0.085,Bare/Water
NDVI04766,19.864965,74.495002,2017-01-20,0.025,Bare/Water
NDVI04767,19.899321,74.481487,2017-11-01,0.591,Healthy
NDVI04768,19.857654,74.39317,2023-01-31,0.155,Sparse
NDVI04769,19.887097,74.588519,2022-09-06,0.73,Very Healthy
NDVI04770,19.919054,74.436725,2021-04-20,0.114,Sparse
NDVI04771,19.911214,74.388313,2023-02-01,0.018,Bare/Water
NDVI04772,19.896244,74.406743,2026-03-02,-0.23,Bare/Water
NDVI04773,19.876091,74.401575,2020-06-30,0.422,Moderate
NDVI04774,19.903801,74.555516,2021-08-14,0.67,Healthy
NDVI04775,19.874036,74.376124,2023-08-07,0.57,Healthy
NDVI04776,19.825354,74.422516,2024-04-22,0.126,Sparse
NDVI04777,19.838205,74.409895,2018-06-30,0.396,Moderate
NDVI04778,19.857164,74.446191,2022-12-06,0.14,Sparse
NDVI04779,19.828368,74.558149,2017-09-01,0.421,Moderate
NDVI04780,19.917181,74.402196,2021-02-14,0.001,Bare/Water
NDVI04781,19.913523,74.3541,2023-12-27,-0.128,Bare/Water
NDVI04782,19.914768,74.482849,2022-02-08,-0.245,Bare/Water
NDVI04783,19.820369,74.379895,2020-11-09,0.261,Sparse
NDVI04784,19.922228,74.555204,2017-08-18,0.434,Moderate
NDVI04785,19.926599,74.411443,2017-09-16,0.363,Moderate
NDVI04786,19.829302,74.425962,2022-06-25,0.247,Sparse
NDVI04787,19.820471,74.429852,2022-10-17,0.288,Sparse
NDVI04788,19.817687,74.454291,2022-08-09,0.846,Very Healthy
NDVI04789,19.87162,74.523683,2026-05-13,0.259,Sparse
NDVI04790,19.874357,74.595228,2026-04-14,-0.148,Bare/Water
NDVI04791,19.846992,74.35773,2018-07-14,0.475,Moderate
NDVI04792,19.876488,74.484694,2026-04-04,-0.161,Bare/Water
NDVI04793,19.947757,74.513516,2024-01-07,0.313,Moderate
NDVI04794,19.943857,74.412286,2025-02-25,-0.1,Bare/Water
NDVI04795,19.884905,74.397201,2018-06-08,0.222,Sparse
NDVI04796,19.836154,74.512695,2018-02-12,-0.041,Bare/Water
NDVI04797,19.809974,74.599659,2018-08-30,0.601,Healthy
NDVI04798,19.894353,74.544175,2025-06-07,0.373,Moderate
NDVI04799,19.929827,74.581651,2017-09-14,0.597,Healthy
NDVI04800,19.804914,74.484624,2019-05-08,0.033,Bare/Water
NDVI04801,19.938177,74.416202,2021-10-27,0.363,Moderate
NDVI04802,19.820077,74.486762,2025-08-30,0.548,Healthy
NDVI04803,19.850272,74.351989,2019-07-06,0.424,Moderate
NDVI04804,19.925593,74.369167,2020-01-16,-0.085,Bare/Water
NDVI04805,19.873233,74.45057,2017-08-13,0.48,Moderate
NDVI04806,19.880204,74.492234,2018-08-05,0.413,Moderate
NDVI04807,19.860988,74.402261,2020-09-30,0.534,Healthy
NDVI04808,19.865332,74.584753,2017-05-05,-0.011,Bare/Water
NDVI04809,19.894595,74.4932,2022-12-31,0.074,Bare/Water
NDVI04810,19.904087,74.417257,2018-08-07,0.886,Very Healthy
NDVI04811,19.850623,74.36803,2026-06-16,0.407,Moderate
NDVI04812,19.856599,74.517575,2022-11-03,0.179,Sparse
NDVI04813,19.932002,74.565045,2023-04-16,0.277,Sparse
NDVI04814,19.937999,74.53257,2021-02-03,0.023,Bare/Water
NDVI04815,19.907635,74.510414,2020-02-01,-0.119,Bare/Water
NDVI04816,19.868677,74.538247,2025-02-14,0.015,Bare/Water
NDVI04817,19.883462,74.49759,2019-10-23,0.542,Healthy
NDVI04818,19.812955,74.599228,2021-03-09,-0.021,Bare/Water
NDVI04819,19.846204,74.51095,2021-05-27,0.363,Moderate
NDVI04820,19.931479,74.35128,2025-12-08,0.266,Sparse
NDVI04821,19.80897,74.444052,2018-12-15,0.269,Sparse
NDVI04822,19.921377,74.539519,2025-03-25,0.103,Sparse
NDVI04823,19.945118,74.570068,2026-07-16,0.644,Healthy
NDVI04824,19.854298,74.483883,2026-05-17,0.112,Sparse
NDVI04825,19.89927,74.394816,2021-09-17,0.359,Moderate
NDVI04826,19.865211,74.461031,2022-08-10,0.516,Healthy
NDVI04827,19.895372,74.519932,2024-06-10,0.316,Moderate
NDVI04828,19.852545,74.55944,2025-08-19,0.637,Healthy
NDVI04829,19.869331,74.592795,2023-08-02,0.816,Very Healthy
NDVI04830,19.853157,74.455873,2018-11-15,0.404,Moderate
NDVI04831,19.813624,74.586371,2021-07-03,0.315,Moderate
NDVI04832,19.924578,74.392939,2017-05-23,0.136,Sparse
NDVI04833,19.805993,74.520716,2022-12-13,0.108,Sparse
NDVI04834,19.935555,74.430241,2018-08-01,0.631,Healthy
NDVI04835,19.938322,74.368666,2020-03-23,-0.036,Bare/Water
NDVI04836,19.920715,74.478546,2020-02-07,0.002,Bare/Water
NDVI04837,19.89488,74.579331,2024-02-05,-0.034,Bare/Water
NDVI04838,19.923657,74.46506,2019-10-15,0.505,Healthy
NDVI04839,19.938507,74.491863,2017-11-03,0.444,Moderate
NDVI04840,19.941007,74.505079,2018-10-17,0.467,Moderate
NDVI04841,19.9391,74.502161,2021-12-14,0.389,Moderate
NDVI04842,19.849369,74.409939,2022-11-09,0.362,Moderate
NDVI04843,19.806284,74.478809,2023-02-19,-0.073,Bare/Water
NDVI04844,19.885042,74.381494,2026-03-25,-0.067,Bare/Water
NDVI04845,19.937797,74.362648,2022-10-06,0.601,Healthy
NDVI04846,19.909564,74.56656,2025-07-01,0.497,Moderate
NDVI04847,19.943596,74.427906,2016-12-03,0.138,Sparse
NDVI04848,19.911411,74.481121,2022-03-15,0.032,Bare/Water
NDVI04849,19.880386,74.553984,2022-03-01,-0.283,Bare/Water
NDVI04850,19.845683,74.584104,2025-06-11,0.474,Moderate
NDVI04851,19.829397,74.590292,2021-07-25,0.482,Moderate
NDVI04852,19.937841,74.570888,2026-05-01,0.134,Sparse
NDVI04853,19.902413,74.436453,2022-01-27,-0.255,Bare/Water
NDVI04854,19.801066,74.435521,2018-04-20,-0.04,Bare/Water
NDVI04855,19.842613,74.49846,2016-10-02,0.427,Moderate
NDVI04856,19.869624,74.485102,2019-07-05,0.527,Healthy
NDVI04857,19.801014,74.574538,2026-05-24,0.087,Bare/Water
NDVI04858,19.881582,74.352047,2021-12-27,0.021,Bare/Water
NDVI04859,19.903881,74.46557,2021-12-13,0.106,Sparse
NDVI04860,19.879962,74.386719,2022-10-25,0.422,Moderate
NDVI04861,19.818549,74.556355,2021-12-17,0.032,Bare/Water
NDVI04862,19.890155,74.548722,2018-09-02,0.642,Healthy
NDVI04863,19.938243,74.404325,2019-11-01,0.536,Healthy
NDVI04864,19.907206,74.358573,2020-01-17,0.1,Sparse
NDVI04865,19.829721,74.529188,2020-02-17,-0.165,Bare/Water
NDVI04866,19.85475,74.509804,2023-02-10,0.111,Sparse
NDVI04867,19.87342,74.529697,2018-06-16,0.322,Moderate
NDVI04868,19.807951,74.542736,2022-06-07,0.34,Moderate
NDVI04869,19.819945,74.471758,2025-06-30,0.335,Moderate
NDVI04870,19.886234,74.554408,2025-08-27,0.683,Healthy
NDVI04871,19.817294,74.458826,2017-12-05,0.313,Moderate
NDVI04872,19.854479,74.387673,2023-01-26,0.205,Sparse
NDVI04873,19.834219,74.419046,2024-01-27,0.048,Bare/Water
NDVI04874,19.909134,74.38976,2019-09-17,0.492,Moderate
NDVI04875,19.815398,74.49827,2024-11-22,0.208,Sparse
NDVI04876,19.841988,74.393135,2017-12-13,0.189,Sparse
NDVI04877,19.875825,74.447946,2019-06-13,0.231,Sparse
NDVI04878,19.901196,74.38811,2025-09-22,0.679,Healthy
NDVI04879,19.898573,74.508253,2017-08-11,0.646,Healthy
NDVI04880,19.822194,74.456459,2025-01-31,0.071,Bare/Water
NDVI04881,19.889854,74.488833,2021-12-29,0.04,Bare/Water
NDVI04882,19.898182,74.389769,2018-03-28,-0.043,Bare/Water
NDVI04883,19.936871,74.450846,2022-12-01,0.081,Bare/Water
NDVI04884,19.803052,74.509614,2016-11-21,0.361,Moderate
NDVI04885,19.911169,74.545669,2025-03-20,-0.197,Bare/Water
NDVI04886,19.939755,74.380619,2022-08-23,0.609,Healthy
NDVI04887,19.84451,74.59413,2023-02-21,-0.173,Bare/Water
NDVI04888,19.836476,74.531289,2020-09-26,0.646,Healthy
NDVI04889,19.917901,74.354501,2025-11-05,0.38,Moderate
NDVI04890,19.802553,74.513547,2017-04-03,-0.091,Bare/Water
NDVI04891,19.832485,74.415919,2017-11-17,0.365,Moderate
NDVI04892,19.92362,74.390624,2021-06-19,0.517,Healthy
NDVI04893,19.906468,74.531251,2019-02-11,-0.152,Bare/Water
NDVI04894,19.827924,74.564815,2024-02-13,-0.009,Bare/Water
NDVI04895,19.885807,74.417971,2019-06-13,0.38,Moderate
NDVI04896,19.89079,74.598352,2021-05-18,0.088,Bare/Water
NDVI04897,19.83728,74.487633,2024-09-22,0.334,Moderate
NDVI04898,19.945416,74.574631,2022-09-12,0.797,Very Healthy
NDVI04899,19.923721,74.548073,2021-11-13,0.21,Sparse
NDVI04900,19.837108,74.430885,2021-10-05,0.566,Healthy
NDVI04901,19.83406,74.377861,2023-07-24,0.577,Healthy
NDVI04902,19.881896,74.359607,2018-12-26,0.2,Sparse
NDVI04903,19.912335,74.467762,2023-03-08,-0.19,Bare/Water
NDVI04904,19.839254,74.510138,2017-05-12,0.225,Sparse
NDVI04905,19.895532,74.480329,2026-01-06,0.064,Bare/Water
NDVI04906,19.944524,74.475719,2024-01-23,0.033,Bare/Water
NDVI04907,19.878011,74.456006,2017-03-16,-0.281,Bare/Water
NDVI04908,19.863195,74.523419,2024-07-23,0.518,Healthy
NDVI04909,19.941616,74.385143,2021-04-16,0.165,Sparse
NDVI04910,19.908514,74.575403,2021-05-15,0.273,Sparse
NDVI04911,19.891376,74.573828,2016-10-02,0.648,Healthy
NDVI04912,19.921239,74.583295,2025-05-25,0.036,Bare/Water
NDVI04913,19.874829,74.598041,2020-06-21,0.355,Moderate
NDVI04914,19.823277,74.387602,2019-10-21,0.331,Moderate
NDVI04915,19.813097,74.567988,2020-11-16,0.409,Moderate
NDVI04916,19.918979,74.42499,2023-10-13,0.552,Healthy
NDVI04917,19.888318,74.426227,2024-07-12,0.434,Moderate
NDVI04918,19.880036,74.374659,2018-03-22,-0.321,Bare/Water
NDVI04919,19.922343,74.592707,2018-07-30,0.534,Healthy
NDVI04920,19.884674,74.510845,2020-11-14,0.323,Moderate
NDVI04921,19.932606,74.580094,2019-10-05,0.53,Healthy
NDVI04922,19.867876,74.588982,2024-03-14,-0.119,Bare/Water
NDVI04923,19.920339,74.500251,2025-10-05,0.607,Healthy
NDVI04924,19.937734,74.568328,2025-12-07,0.119,Sparse
NDVI04925,19.901837,74.574924,2021-05-25,0.16,Sparse
NDVI04926,19.897974,74.491842,2020-11-19,0.327,Moderate
NDVI04927,19.812276,74.576658,2021-05-15,0.19,Sparse
NDVI04928,19.901538,74.416474,2021-05-01,0.217,Sparse
NDVI04929,19.874912,74.45212,2018-03-13,-0.092,Bare/Water
NDVI04930,19.936632,74.501489,2026-05-28,0.216,Sparse
NDVI04931,19.91768,74.535237,2023-11-04,0.352,Moderate
NDVI04932,19.847842,74.59912,2017-01-06,0.09,Bare/Water
NDVI04933,19.917804,74.479518,2025-11-16,0.481,Moderate
NDVI04934,19.913709,74.528645,2018-07-06,0.461,Moderate
NDVI04935,19.902092,74.569105,2026-01-18,-0.046,Bare/Water
NDVI04936,19.943945,74.568294,2025-10-26,0.744,Very Healthy
NDVI04937,19.888611,74.452259,2019-10-23,0.483,Moderate
NDVI04938,19.908665,74.495422,2018-12-22,0.228,Sparse
NDVI04939,19.832598,74.466368,2018-01-21,0.078,Bare/Water
NDVI04940,19.943831,74.407847,2022-04-27,0.32,Moderate
NDVI04941,19.860496,74.589158,2020-11-15,0.428,Moderate
NDVI04942,19.856536,74.519706,2023-03-18,-0.236,Bare/Water
NDVI04943,19.811508,74.518712,2022-10-21,0.344,Moderate
NDVI04944,19.812799,74.524375,2021-12-21,0.167,Sparse
NDVI04945,19.896442,74.372234,2025-12-06,0.118,Sparse
NDVI04946,19.881723,74.438701,2025-04-07,-0.048,Bare/Water
NDVI04947,19.830319,74.409398,2023-02-26,-0.165,Bare/Water
NDVI04948,19.851941,74.378693,2021-04-17,0.064,Bare/Water
NDVI04949,19.877515,74.375662,2020-01-16,-0.142,Bare/Water
NDVI04950,19.812099,74.470172,2026-07-10,0.531,Healthy
NDVI04951,19.947117,74.532505,2022-04-13,0.068,Bare/Water
NDVI04952,19.846897,74.483293,2018-11-27,0.06,Bare/Water
NDVI04953,19.845056,74.458329,2025-12-20,-0.082,Bare/Water
NDVI04954,19.838434,74.561162,2020-12-21,0.197,Sparse
NDVI04955,19.896766,74.35556,2026-07-20,0.369,Moderate
NDVI04956,19.823783,74.364441,2019-08-02,0.69,Healthy
NDVI04957,19.946609,74.55157,2025-03-02,-0.036,Bare/Water
NDVI04958,19.912677,74.562099,2017-01-12,0.222,Sparse
NDVI04959,19.936384,74.572319,2020-04-29,-0.075,Bare/Water
NDVI04960,19.896794,74.39223,2025-04-13,-0.038,Bare/Water
NDVI04961,19.814953,74.410807,2020-01-08,0.189,Sparse
NDVI04962,19.804089,74.406765,2018-06-14,0.566,Healthy
NDVI04963,19.806746,74.569856,2025-01-05,-0.173,Bare/Water
NDVI04964,19.898321,74.503353,2022-04-22,0.047,Bare/Water
NDVI04965,19.80481,74.467065,2017-05-28,0.163,Sparse
NDVI04966,19.903343,74.400746,2019-02-10,-0.091,Bare/Water
NDVI04967,19.860605,74.478118,2019-12-04,0.191,Sparse
NDVI04968,19.94555,74.574916,2020-09-13,0.566,Healthy
NDVI04969,19.949108,74.580369,2020-01-13,-0.098,Bare/Water
NDVI04970,19.868399,74.467246,2022-09-22,0.607,Healthy
NDVI04971,19.940291,74.480932,2023-11-18,0.187,Sparse
NDVI04972,19.930368,74.433173,2023-11-01,0.475,Moderate
NDVI04973,19.922875,74.366784,2024-09-06,0.593,Healthy
NDVI04974,19.801244,74.430813,2023-01-15,0.164,Sparse
NDVI04975,19.885638,74.556975,2019-06-15,0.416,Moderate
NDVI04976,19.86741,74.568076,2018-08-03,0.395,Moderate
NDVI04977,19.841475,74.573529,2018-12-10,0.085,Bare/Water
NDVI04978,19.899585,74.449314,2021-01-19,-0.079,Bare/Water
NDVI04979,19.839595,74.41344,2021-06-10,0.23,Sparse
NDVI04980,19.843707,74.444306,2019-07-04,0.661,Healthy
NDVI04981,19.888192,74.403424,2020-02-03,-0.163,Bare/Water
NDVI04982,19.861071,74.381533,2021-09-26,0.404,Moderate
NDVI04983,19.907697,74.416386,2025-01-31,-0.007,Bare/Water
NDVI04984,19.890227,74.424715,2024-04-01,-0.004,Bare/Water
NDVI04985,19.908544,74.495267,2019-02-21,-0.183,Bare/Water
NDVI04986,19.887367,74.561765,2019-07-27,0.379,Moderate
NDVI04987,19.828818,74.505174,2025-03-22,-0.303,Bare/Water
NDVI04988,19.900083,74.556595,2019-07-14,0.238,Sparse
NDVI04989,19.843121,74.413314,2021-01-15,-0.237,Bare/Water
NDVI04990,19.870741,74.55984,2023-03-18,-0.148,Bare/Water
NDVI04991,19.824217,74.472975,2018-01-17,0.051,Bare/Water
NDVI04992,19.940042,74.598846,2022-12-31,-0.15,Bare/Water
NDVI04993,19.85928,74.551087,2018-07-24,0.619,Healthy
NDVI04994,19.864017,74.532803,2023-11-24,0.122,Sparse
NDVI04995,19.944093,74.524324,2018-02-17,-0.038,Bare/Water
NDVI04996,19.825365,74.360483,2021-11-19,0.295,Sparse
NDVI04997,19.843546,74.537497,2021-12-15,0.112,Sparse
NDVI04998,19.868827,74.447923,2025-01-17,-0.115,Bare/Water
NDVI04999,19.819198,74.549133,2016-09-02,0.662,Healthy
NDVI05000,19.928838,74.496123,2023-08-09,0.574,Healthy
NDVI05001,19.91422,74.587511,2019-09-21,0.88,Very Healthy
NDVI05002,19.872008,74.534264,2024-01-24,-0.196,Bare/Water
NDVI05003,19.882593,74.539278,2026-07-01,0.281,Sparse
NDVI05004,19.84714,74.583833,2018-07-30,0.572,Healthy
NDVI05005,19.804979,74.38541,2020-09-23,0.507,Healthy
NDVI05006,19.80028,74.432027,2024-05-18,0.214,Sparse
NDVI05007,19.925701,74.381291,2024-12-05,0.191,Sparse
NDVI05008,19.818756,74.369241,2025-09-14,0.577,Healthy
NDVI05009,19.825865,74.44315,2022-03-30,-0.275,Bare/Water
NDVI05010,19.824372,74.511954,2023-08-19,0.512,Healthy
NDVI05011,19.918977,74.391947,2017-11-17,0.396,Moderate
NDVI05012,19.870122,74.549359,2018-09-29,0.647,Healthy
NDVI05013,19.890574,74.464507,2020-02-09,-0.12,Bare/Water
NDVI05014,19.832957,74.353843,2017-10-04,0.682,Healthy
NDVI05015,19.886501,74.439163,2020-06-01,0.351,Moderate
NDVI05016,19.921347,74.512815,2016-11-30,0.196,Sparse
NDVI05017,19.930594,74.504708,2019-11-25,0.305,Moderate
NDVI05018,19.82753,74.424886,2020-02-01,-0.095,Bare/Water
NDVI05019,19.844892,74.519547,2025-10-24,0.508,Healthy
NDVI05020,19.881321,74.505285,2021-02-20,0.049,Bare/Water
NDVI05021,19.941746,74.453977,2017-09-24,0.471,Moderate
NDVI05022,19.801558,74.435453,2021-12-28,0.037,Bare/Water
NDVI05023,19.879275,74.587174,2024-05-05,-0.255,Bare/Water
NDVI05024,19.919034,74.585013,2024-04-06,-0.04,Bare/Water
NDVI05025,19.892035,74.594499,2021-05-28,0.444,Moderate
NDVI05026,19.895717,74.482042,2023-08-28,0.684,Healthy
NDVI05027,19.847364,74.548742,2017-08-12,0.472,Moderate
NDVI05028,19.93196,74.445808,2018-09-03,0.512,Healthy
NDVI05029,19.937017,74.439034,2019-07-24,0.633,Healthy
NDVI05030,19.915801,74.380196,2019-03-16,-0.092,Bare/Water
NDVI05031,19.838875,74.558281,2018-05-06,0.265,Sparse
NDVI05032,19.889336,74.435692,2021-12-09,0.213,Sparse
NDVI05033,19.85174,74.484652,2018-03-29,-0.014,Bare/Water
NDVI05034,19.911348,74.428166,2024-06-30,0.457,Moderate
NDVI05035,19.92586,74.456689,2026-08-03,0.615,Healthy
NDVI05036,19.826849,74.444835,2023-06-14,0.476,Moderate
NDVI05037,19.850891,74.390813,2025-03-05,-0.028,Bare/Water
NDVI05038,19.866186,74.451638,2021-02-13,-0.106,Bare/Water
NDVI05039,19.927157,74.469971,2025-03-01,0.035,Bare/Water
NDVI05040,19.813415,74.37548,2017-10-12,0.602,Healthy
NDVI05041,19.830084,74.564267,2018-05-14,0.063,Bare/Water
NDVI05042,19.817662,74.413729,2024-05-04,0.131,Sparse
NDVI05043,19.91699,74.383095,2022-06-15,0.354,Moderate
NDVI05044,19.946281,74.54592,2024-06-19,0.687,Healthy
NDVI05045,19.929983,74.369391,2025-03-20,0.066,Bare/Water
NDVI05046,19.818523,74.592231,2018-06-16,0.457,Moderate
NDVI05047,19.914411,74.352032,2016-10-22,0.591,Healthy
NDVI05048,19.944319,74.552506,2025-09-13,0.598,Healthy
NDVI05049,19.859939,74.386772,2022-08-14,0.4,Moderate
NDVI05050,19.918962,74.425949,2023-12-05,0.119,Sparse
NDVI05051,19.922258,74.574494,2020-06-29,0.378,Moderate
NDVI05052,19.877783,74.549355,2016-11-20,0.288,Sparse
NDVI05053,19.853439,74.449175,2021-04-26,-0.139,Bare/Water
NDVI05054,19.881034,74.589418,2016-08-03,0.537,Healthy
NDVI05055,19.89996,74.536513,2024-08-08,0.545,Healthy
NDVI05056,19.945857,74.355379,2018-12-10,0.143,Sparse
NDVI05057,19.915035,74.510574,2018-12-25,0.208,Sparse
NDVI05058,19.866876,74.391517,2018-04-24,-0.015,Bare/Water
NDVI05059,19.90308,74.378436,2019-01-15,-0.044,Bare/Water
NDVI05060,19.912955,74.501199,2026-04-07,-0.088,Bare/Water
NDVI05061,19.937716,74.382762,2024-02-17,-0.125,Bare/Water
NDVI05062,19.819667,74.35168,2019-05-12,0.231,Sparse
NDVI05063,19.929355,74.428392,2022-10-20,0.539,Healthy
NDVI05064,19.815241,74.546289,2025-10-14,0.502,Healthy
NDVI05065,19.931442,74.566376,2025-05-06,-0.056,Bare/Water
NDVI05066,19.869679,74.421385,2022-07-02,0.439,Moderate
NDVI05067,19.93415,74.375045,2023-09-08,0.484,Moderate
NDVI05068,19.809908,74.541216,2024-11-03,0.375,Moderate
NDVI05069,19.918063,74.422734,2019-07-07,0.261,Sparse
NDVI05070,19.841385,74.545108,2024-08-04,0.526,Healthy
NDVI05071,19.928648,74.402566,2023-10-19,0.732,Very Healthy
NDVI05072,19.849964,74.371037,2021-11-19,0.381,Moderate
NDVI05073,19.947086,74.527272,2023-02-10,0.068,Bare/Water
NDVI05074,19.875555,74.393756,2024-01-23,-0.036,Bare/Water
NDVI05075,19.828344,74.539224,2025-03-15,-0.097,Bare/Water
NDVI05076,19.809989,74.589064,2025-03-10,-0.156,Bare/Water
NDVI05077,19.908709,74.43291,2023-04-19,0.189,Sparse
NDVI05078,19.820219,74.508466,2019-11-22,0.269,Sparse
NDVI05079,19.892555,74.379927,2023-08-23,0.501,Healthy
NDVI05080,19.897264,74.372404,2017-09-02,0.529,Healthy
NDVI05081,19.860774,74.408072,2018-04-12,0.043,Bare/Water
NDVI05082,19.937025,74.365676,2016-11-24,0.321,Moderate
NDVI05083,19.845224,74.369246,2018-02-08,-0.084,Bare/Water
NDVI05084,19.880036,74.456565,2022-06-30,0.336,Moderate
NDVI05085,19.808931,74.472082,2025-04-10,0.064,Bare/Water
NDVI05086,19.922656,74.572509,2019-11-30,0.181,Sparse
NDVI05087,19.911921,74.597991,2025-12-15,0.107,Sparse
NDVI05088,19.866516,74.583688,2018-04-30,0.203,Sparse
NDVI05089,19.840156,74.488245,2021-10-14,0.52,Healthy
NDVI05090,19.836909,74.406637,2018-01-24,0.042,Bare/Water
NDVI05091,19.825916,74.513513,2025-09-05,0.606,Healthy
NDVI05092,19.839434,74.435186,2022-12-13,0.158,Sparse
NDVI05093,19.845536,74.577488,2017-02-14,-0.284,Bare/Water
NDVI05094,19.859964,74.544913,2024-07-23,0.581,Healthy
NDVI05095,19.878993,74.526071,2021-02-28,-0.088,Bare/Water
NDVI05096,19.858931,74.408223,2023-06-16,0.15,Sparse
NDVI05097,19.863096,74.387398,2022-07-06,0.432,Moderate
NDVI05098,19.813711,74.433198,2023-04-17,-0.173,Bare/Water
NDVI05099,19.838371,74.365263,2020-06-02,0.003,Bare/Water
NDVI05100,19.868098,74.57066,2022-08-27,0.488,Moderate
NDVI05101,19.851608,74.514858,2025-11-22,0.269,Sparse
NDVI05102,19.940027,74.387589,2021-11-23,0.218,Sparse
NDVI05103,19.840845,74.513397,2017-08-17,0.644,Healthy
NDVI05104,19.839291,74.35303,2023-01-10,0.049,Bare/Water
NDVI05105,19.886773,74.588151,2022-04-19,0.086,Bare/Water
NDVI05106,19.835824,74.353755,2022-08-30,0.58,Healthy
NDVI05107,19.907707,74.395638,2019-01-08,0.235,Sparse
NDVI05108,19.879386,74.384276,2018-04-18,0.094,Bare/Water
NDVI05109,19.839219,74.54665,2022-01-27,-0.069,Bare/Water
NDVI05110,19.911041,74.357373,2026-02-17,-0.081,Bare/Water
NDVI05111,19.834445,74.428996,2026-05-18,-0.012,Bare/Water
NDVI05112,19.806498,74.546567,2021-02-01,-0.163,Bare/Water
NDVI05113,19.893288,74.42428,2017-08-14,0.583,Healthy
NDVI05114,19.854447,74.518035,2022-06-10,0.258,Sparse
NDVI05115,19.849934,74.410281,2022-12-11,0.123,Sparse
NDVI05116,19.917498,74.384591,2024-02-10,-0.065,Bare/Water
NDVI05117,19.871512,74.506996,2020-06-21,0.282,Sparse
NDVI05118,19.823338,74.59666,2022-01-04,0.107,Sparse
NDVI05119,19.815273,74.365589,2021-05-16,0.162,Sparse
NDVI05120,19.846577,74.488486,2021-07-30,0.774,Very Healthy
NDVI05121,19.890477,74.367031,2020-11-22,0.192,Sparse
NDVI05122,19.909485,74.594776,2022-11-30,0.257,Sparse
NDVI05123,19.871637,74.397357,2017-08-16,0.713,Very Healthy
NDVI05124,19.836528,74.439166,2019-10-04,0.366,Moderate
NDVI05125,19.942446,74.562812,2020-02-01,0.315,Moderate
NDVI05126,19.821342,74.596566,2024-07-23,0.472,Moderate
NDVI05127,19.881229,74.571361,2018-06-26,0.675,Healthy
NDVI05128,19.863582,74.462231,2018-02-28,0.112,Sparse
NDVI05129,19.949329,74.510271,2018-05-03,0.109,Sparse
NDVI05130,19.895832,74.416093,2025-07-08,0.54,Healthy
NDVI05131,19.844076,74.512364,2024-08-25,0.422,Moderate
NDVI05132,19.865161,74.47261,2024-12-14,0.175,Sparse
NDVI05133,19.944972,74.487011,2026-02-03,-0.089,Bare/Water
NDVI05134,19.920134,74.502976,2019-06-01,0.149,Sparse
NDVI05135,19.88243,74.397733,2020-01-11,0.049,Bare/Water
NDVI05136,19.861332,74.591714,2018-04-06,-0.19,Bare/Water
NDVI05137,19.860801,74.58725,2020-02-16,0.204,Sparse
NDVI05138,19.883587,74.387747,2024-12-15,0.183,Sparse
NDVI05139,19.815604,74.435778,2020-11-13,0.369,Moderate
NDVI05140,19.823751,74.515793,2018-12-26,0.097,Bare/Water
NDVI05141,19.905926,74.463945,2025-09-15,0.511,Healthy
NDVI05142,19.810906,74.399531,2020-04-28,-0.077,Bare/Water
NDVI05143,19.81573,74.579817,2020-10-07,0.541,Healthy
NDVI05144,19.82402,74.513714,2022-06-14,0.471,Moderate
NDVI05145,19.911963,74.487445,2020-07-24,0.462,Moderate
NDVI05146,19.926499,74.464394,2017-05-05,0.188,Sparse
NDVI05147,19.858936,74.463793,2023-10-08,0.433,Moderate
NDVI05148,19.821722,74.506486,2024-06-12,0.55,Healthy
NDVI05149,19.904543,74.365783,2024-04-21,0.124,Sparse
NDVI05150,19.807086,74.571653,2017-09-11,0.562,Healthy
NDVI05151,19.805507,74.589947,2024-12-06,0.273,Sparse
NDVI05152,19.892441,74.487791,2020-02-22,-0.067,Bare/Water
NDVI05153,19.87217,74.454582,2026-04-22,-0.028,Bare/Water
NDVI05154,19.876162,74.538555,2022-11-10,0.189,Sparse
NDVI05155,19.809865,74.498346,2025-01-08,0.009,Bare/Water
NDVI05156,19.865717,74.508344,2022-09-23,0.605,Healthy
NDVI05157,19.949318,74.47063,2025-11-30,0.102,Sparse
NDVI05158,19.822416,74.545337,2023-02-09,-0.066,Bare/Water
NDVI05159,19.856861,74.48281,2017-03-24,-0.132,Bare/Water
NDVI05160,19.812653,74.494077,2020-02-27,0.023,Bare/Water
NDVI05161,19.818705,74.513703,2020-05-20,0.062,Bare/Water
NDVI05162,19.852621,74.555644,2023-05-28,0.151,Sparse
NDVI05163,19.84707,74.422462,2025-06-26,0.292,Sparse
NDVI05164,19.849104,74.579501,2017-06-24,0.111,Sparse
NDVI05165,19.926733,74.391077,2024-01-15,0.038,Bare/Water
NDVI05166,19.904124,74.557876,2026-07-20,0.485,Moderate
NDVI05167,19.831415,74.37378,2018-03-09,-0.074,Bare/Water
NDVI05168,19.942121,74.490987,2016-08-16,0.827,Very Healthy
NDVI05169,19.824876,74.472154,2026-03-20,0.002,Bare/Water
NDVI05170,19.83014,74.567487,2024-06-07,0.51,Healthy
NDVI05171,19.933057,74.581691,2018-01-27,-0.119,Bare/Water
NDVI05172,19.830272,74.43561,2019-10-29,0.484,Moderate
NDVI05173,19.815357,74.549747,2021-05-17,0.386,Moderate
NDVI05174,19.877769,74.47969,2017-09-25,0.662,Healthy
NDVI05175,19.947856,74.590019,2024-06-26,0.302,Moderate
NDVI05176,19.917382,74.447018,2021-10-02,0.441,Moderate
NDVI05177,19.825761,74.418578,2021-06-22,0.35,Moderate
NDVI05178,19.933555,74.37846,2023-03-05,0.001,Bare/Water
NDVI05179,19.828291,74.521322,2020-08-20,0.28,Sparse
NDVI05180,19.917063,74.358822,2023-08-03,0.699,Healthy
NDVI05181,19.916465,74.458344,2017-05-06,0.368,Moderate
NDVI05182,19.882058,74.364454,2025-10-08,0.764,Very Healthy
NDVI05183,19.893443,74.434794,2023-10-07,0.472,Moderate
NDVI05184,19.871077,74.452125,2018-03-28,-0.022,Bare/Water
NDVI05185,19.866386,74.533186,2021-06-29,0.35,Moderate
NDVI05186,19.840179,74.462179,2026-07-18,0.313,Moderate
NDVI05187,19.85777,74.463387,2022-08-26,0.718,Very Healthy
NDVI05188,19.835616,74.419933,2022-05-09,-0.063,Bare/Water
NDVI05189,19.931845,74.534838,2019-04-04,-0.078,Bare/Water
NDVI05190,19.849441,74.573394,2017-04-01,-0.119,Bare/Water
NDVI05191,19.836382,74.573974,2025-12-11,0.187,Sparse
NDVI05192,19.806344,74.351265,2020-03-19,-0.054,Bare/Water
NDVI05193,19.891427,74.532441,2021-06-23,0.451,Moderate
NDVI05194,19.879774,74.572223,2018-12-14,0.263,Sparse
NDVI05195,19.854518,74.404741,2023-11-28,0.227,Sparse
NDVI05196,19.839059,74.432377,2017-10-17,0.491,Moderate
NDVI05197,19.937669,74.380936,2024-12-01,0.245,Sparse
NDVI05198,19.841318,74.438548,2020-09-22,0.46,Moderate
NDVI05199,19.865912,74.377561,2023-08-05,0.658,Healthy
NDVI05200,19.84362,74.411462,2020-10-18,0.488,Moderate
NDVI05201,19.890614,74.590056,2018-06-18,0.427,Moderate
NDVI05202,19.878433,74.373224,2023-11-23,0.432,Moderate
NDVI05203,19.853564,74.526714,2020-06-22,0.376,Moderate
NDVI05204,19.941236,74.465203,2022-02-09,-0.068,Bare/Water
NDVI05205,19.921875,74.450458,2017-08-06,0.531,Healthy
NDVI05206,19.880092,74.442427,2021-02-19,-0.166,Bare/Water
NDVI05207,19.845623,74.422405,2017-08-19,0.634,Healthy
NDVI05208,19.809565,74.464908,2018-03-22,0.003,Bare/Water
NDVI05209,19.802462,74.374727,2019-11-03,0.179,Sparse
NDVI05210,19.848312,74.413086,2018-06-04,0.141,Sparse
NDVI05211,19.87566,74.499452,2024-05-03,0.332,Moderate
NDVI05212,19.803637,74.432346,2020-08-05,0.582,Healthy
NDVI05213,19.815337,74.467515,2017-01-04,0.014,Bare/Water
NDVI05214,19.849734,74.380753,2019-03-09,-0.178,Bare/Water
NDVI05215,19.921447,74.593664,2023-06-11,0.342,Moderate
NDVI05216,19.871109,74.464048,2024-01-10,-0.043,Bare/Water
NDVI05217,19.845068,74.547159,2018-06-22,0.538,Healthy
NDVI05218,19.942728,74.466926,2021-03-07,-0.333,Bare/Water
NDVI05219,19.921743,74.580501,2019-12-09,0.25,Sparse
NDVI05220,19.81781,74.52037,2020-11-08,0.167,Sparse
NDVI05221,19.918674,74.384924,2025-07-16,0.559,Healthy
NDVI05222,19.934322,74.524878,2020-02-17,-0.009,Bare/Water
NDVI05223,19.864398,74.586588,2021-01-27,0.113,Sparse
NDVI05224,19.92488,74.521827,2026-05-27,0.266,Sparse
NDVI05225,19.871303,74.527205,2019-10-21,0.544,Healthy
NDVI05226,19.904979,74.482,2017-12-19,-0.019,Bare/Water
NDVI05227,19.840605,74.570971,2021-11-13,0.239,Sparse
NDVI05228,19.821112,74.47448,2023-11-07,0.346,Moderate
NDVI05229,19.894336,74.38835,2018-11-16,0.379,Moderate
NDVI05230,19.889565,74.366564,2023-03-30,0.081,Bare/Water
NDVI05231,19.851073,74.395419,2021-02-07,-0.254,Bare/Water
NDVI05232,19.923191,74.449039,2021-12-14,0.295,Sparse
NDVI05233,19.808787,74.359749,2019-01-24,-0.161,Bare/Water
NDVI05234,19.888186,74.581821,2024-05-20,0.244,Sparse
NDVI05235,19.868612,74.490593,2026-02-17,-0.191,Bare/Water
NDVI05236,19.916454,74.367936,2017-11-11,0.186,Sparse
NDVI05237,19.833796,74.575198,2017-09-17,0.754,Very Healthy
NDVI05238,19.847897,74.576516,2019-04-23,-0.136,Bare/Water
NDVI05239,19.823425,74.352805,2022-10-09,0.482,Moderate
NDVI05240,19.842381,74.522693,2021-11-12,0.547,Healthy
NDVI05241,19.849139,74.436903,2025-03-29,-0.172,Bare/Water
NDVI05242,19.892448,74.474535,2025-08-20,0.565,Healthy
NDVI05243,19.838068,74.500545,2023-06-06,0.29,Sparse
NDVI05244,19.949092,74.534507,2025-09-10,0.48,Moderate
NDVI05245,19.843852,74.444547,2025-09-08,0.779,Very Healthy
NDVI05246,19.902217,74.414328,2017-07-04,0.715,Very Healthy
NDVI05247,19.947596,74.521286,2025-05-11,0.207,Sparse
NDVI05248,19.839852,74.579665,2023-06-20,0.59,Healthy
NDVI05249,19.86211,74.367747,2023-07-07,0.479,Moderate
NDVI05250,19.918776,74.377234,2020-08-30,0.639,Healthy
NDVI05251,19.894983,74.36113,2020-08-17,0.689,Healthy
NDVI05252,19.845928,74.576221,2022-03-11,-0.199,Bare/Water
NDVI05253,19.8365,74.536749,2024-10-29,0.274,Sparse
NDVI05254,19.923615,74.369352,2019-09-07,0.854,Very Healthy
NDVI05255,19.810231,74.561484,2019-02-13,-0.033,Bare/Water
NDVI05256,19.88418,74.4709,2021-04-18,0.053,Bare/Water
NDVI05257,19.828844,74.50724,2019-07-06,0.434,Moderate
NDVI05258,19.936653,74.433704,2026-01-30,0.076,Bare/Water
NDVI05259,19.926836,74.399341,2020-12-04,0.159,Sparse
NDVI05260,19.862313,74.414047,2024-04-16,-0.227,Bare/Water
NDVI05261,19.822315,74.554676,2019-02-01,-0.134,Bare/Water
NDVI05262,19.947882,74.372101,2026-02-27,0.093,Bare/Water
NDVI05263,19.939019,74.460948,2025-09-15,0.406,Moderate
NDVI05264,19.87311,74.464791,2022-08-12,0.562,Healthy
NDVI05265,19.936555,74.44918,2024-03-17,-0.184,Bare/Water
NDVI05266,19.882783,74.516844,2018-11-10,0.457,Moderate
NDVI05267,19.914439,74.480832,2025-01-16,0.048,Bare/Water
NDVI05268,19.945464,74.371647,2022-01-08,0.139,Sparse
NDVI05269,19.941782,74.556431,2019-03-25,-0.103,Bare/Water
NDVI05270,19.910817,74.4622,2023-09-26,0.621,Healthy
NDVI05271,19.880483,74.425734,2026-01-17,0.06,Bare/Water
NDVI05272,19.901446,74.465126,2020-03-19,-0.177,Bare/Water
NDVI05273,19.866757,74.51733,2021-01-02,0.231,Sparse
NDVI05274,19.819676,74.446597,2024-03-03,-0.04,Bare/Water
NDVI05275,19.92105,74.559289,2021-08-09,0.324,Moderate
NDVI05276,19.83135,74.5844,2025-05-26,0.303,Moderate
NDVI05277,19.932931,74.519508,2022-10-29,0.179,Sparse
NDVI05278,19.932504,74.404794,2016-08-18,0.472,Moderate
NDVI05279,19.869461,74.541996,2020-12-21,0.063,Bare/Water
NDVI05280,19.895522,74.495235,2016-11-10,0.209,Sparse
NDVI05281,19.8736,74.361038,2022-01-09,0.066,Bare/Water
NDVI05282,19.932223,74.522136,2026-06-25,0.5,Healthy
NDVI05283,19.8158,74.483137,2024-01-18,0.27,Sparse
NDVI05284,19.846092,74.405997,2018-07-18,0.445,Moderate
NDVI05285,19.844229,74.47506,2019-02-25,0.171,Sparse
NDVI05286,19.85727,74.469065,2018-05-08,0.149,Sparse
NDVI05287,19.913996,74.384849,2016-10-12,0.635,Healthy
NDVI05288,19.904769,74.408082,2023-03-12,0.077,Bare/Water
NDVI05289,19.823081,74.366501,2022-12-27,0.152,Sparse
NDVI05290,19.930657,74.438993,2019-09-27,0.744,Very Healthy
NDVI05291,19.879653,74.559644,2018-10-11,0.587,Healthy
NDVI05292,19.934744,74.455139,2021-01-26,-0.049,Bare/Water
NDVI05293,19.906727,74.468819,2018-03-14,0.036,Bare/Water
NDVI05294,19.82521,74.466849,2019-10-09,0.449,Moderate
NDVI05295,19.899192,74.573758,2023-05-02,0.267,Sparse
NDVI05296,19.810092,74.534421,2019-02-26,0.171,Sparse
NDVI05297,19.841989,74.461892,2025-11-29,0.277,Sparse
NDVI05298,19.927423,74.410469,2023-10-01,0.476,Moderate
NDVI05299,19.863348,74.476498,2020-07-06,0.409,Moderate
NDVI05300,19.812311,74.586315,2021-06-27,0.346,Moderate
NDVI05301,19.909133,74.490282,2026-01-28,0.241,Sparse
NDVI05302,19.830936,74.473827,2025-05-19,0.388,Moderate
NDVI05303,19.90369,74.593269,2023-10-27,0.49,Moderate
NDVI05304,19.909538,74.43222,2020-07-30,0.684,Healthy
NDVI05305,19.829263,74.580551,2025-06-24,0.346,Moderate
NDVI05306,19.912043,74.444386,2018-07-06,0.369,Moderate
NDVI05307,19.813766,74.414203,2019-01-15,-0.13,Bare/Water
NDVI05308,19.939922,74.470944,2017-03-30,-0.134,Bare/Water
NDVI05309,19.818067,74.482808,2026-03-03,-0.04,Bare/Water
NDVI05310,19.841991,74.498533,2021-10-27,0.563,Healthy
NDVI05311,19.926659,74.51713,2017-08-12,0.605,Healthy
NDVI05312,19.878435,74.392933,2022-02-03,-0.087,Bare/Water
NDVI05313,19.80885,74.448239,2021-07-29,0.494,Moderate
NDVI05314,19.866335,74.575743,2020-09-03,0.648,Healthy
NDVI05315,19.84553,74.404728,2021-10-24,0.347,Moderate
NDVI05316,19.92103,74.371564,2016-12-04,0.12,Sparse
NDVI05317,19.82246,74.440683,2025-09-01,0.696,Healthy
NDVI05318,19.902286,74.406818,2020-03-29,-0.117,Bare/Water
NDVI05319,19.822484,74.435465,2018-01-05,0.179,Sparse
NDVI05320,19.871009,74.426956,2021-04-01,-0.104,Bare/Water
NDVI05321,19.866496,74.4015,2017-07-05,0.429,Moderate
NDVI05322,19.911916,74.374089,2017-09-02,0.575,Healthy
NDVI05323,19.809063,74.421301,2021-01-22,-0.003,Bare/Water
NDVI05324,19.894472,74.468402,2021-09-06,0.604,Healthy
NDVI05325,19.833837,74.590455,2017-10-09,0.453,Moderate
NDVI05326,19.867017,74.560149,2016-11-11,0.229,Sparse
NDVI05327,19.81067,74.542349,2025-03-21,0.071,Bare/Water
NDVI05328,19.863338,74.417192,2026-06-29,0.309,Moderate
NDVI05329,19.901142,74.385313,2022-10-22,0.453,Moderate
NDVI05330,19.888029,74.488932,2023-07-05,0.498,Moderate
NDVI05331,19.889335,74.435794,2019-11-25,0.124,Sparse
NDVI05332,19.884543,74.361013,2024-01-07,-0.163,Bare/Water
NDVI05333,19.947091,74.586753,2018-04-23,0.083,Bare/Water
NDVI05334,19.907622,74.514781,2024-03-31,-0.127,Bare/Water
NDVI05335,19.829579,74.353643,2020-08-22,0.677,Healthy
NDVI05336,19.831321,74.485734,2024-09-07,0.496,Moderate
NDVI05337,19.873124,74.539989,2025-06-30,0.285,Sparse
NDVI05338,19.864286,74.486616,2024-02-29,-0.135,Bare/Water
NDVI05339,19.921018,74.47803,2025-03-05,-0.124,Bare/Water
NDVI05340,19.899675,74.51307,2023-01-15,0.066,Bare/Water
NDVI05341,19.924176,74.469406,2025-01-17,-0.114,Bare/Water
NDVI05342,19.930575,74.519843,2017-08-15,0.532,Healthy
NDVI05343,19.948339,74.582403,2017-09-30,0.575,Healthy
NDVI05344,19.918234,74.352454,2026-06-26,0.597,Healthy
NDVI05345,19.91756,74.49248,2016-12-10,0.126,Sparse
NDVI05346,19.828888,74.47442,2023-09-02,0.687,Healthy
NDVI05347,19.835943,74.46201,2022-07-09,0.359,Moderate
NDVI05348,19.818059,74.470465,2018-01-31,-0.12,Bare/Water
NDVI05349,19.849067,74.43476,2019-08-06,0.622,Healthy
NDVI05350,19.895457,74.373436,2024-09-10,0.627,Healthy
NDVI05351,19.874708,74.577396,2017-01-09,0.054,Bare/Water
NDVI05352,19.932326,74.542635,2017-01-31,-0.103,Bare/Water
NDVI05353,19.923349,74.435054,2017-05-26,0.195,Sparse
NDVI05354,19.834042,74.400644,2024-04-01,-0.091,Bare/Water
NDVI05355,19.801999,74.383831,2020-07-29,0.731,Very Healthy
NDVI05356,19.892379,74.445415,2020-01-14,0.29,Sparse
NDVI05357,19.912331,74.513597,2018-04-06,-0.184,Bare/Water
NDVI05358,19.815541,74.433984,2025-08-01,0.456,Moderate
NDVI05359,19.948756,74.557162,2021-04-01,-0.256,Bare/Water
NDVI05360,19.820685,74.572674,2026-01-18,-0.122,Bare/Water
NDVI05361,19.810908,74.491901,2022-02-03,-0.054,Bare/Water
NDVI05362,19.933382,74.364287,2025-02-13,-0.102,Bare/Water
NDVI05363,19.910825,74.447282,2024-05-09,0.148,Sparse
NDVI05364,19.928029,74.543407,2020-10-28,0.28,Sparse
NDVI05365,19.858091,74.52179,2019-03-22,0.015,Bare/Water
NDVI05366,19.817762,74.550981,2025-12-08,0.287,Sparse
NDVI05367,19.916908,74.506833,2022-03-16,-0.052,Bare/Water
NDVI05368,19.858925,74.529997,2024-06-13,0.201,Sparse
NDVI05369,19.803602,74.406393,2018-08-03,0.771,Very Healthy
NDVI05370,19.865107,74.577489,2023-04-23,-0.153,Bare/Water
NDVI05371,19.85259,74.580847,2020-05-28,0.348,Moderate
NDVI05372,19.876563,74.423445,2024-02-02,0.036,Bare/Water
NDVI05373,19.829461,74.543348,2019-02-16,-0.206,Bare/Water
NDVI05374,19.815809,74.461904,2024-08-01,0.597,Healthy
NDVI05375,19.913033,74.494986,2024-06-10,0.055,Bare/Water
NDVI05376,19.858056,74.480376,2026-01-20,0.171,Sparse
NDVI05377,19.806414,74.504792,2017-11-10,0.28,Sparse
NDVI05378,19.829184,74.378622,2026-07-23,0.58,Healthy
NDVI05379,19.850333,74.553714,2024-04-20,0.209,Sparse
NDVI05380,19.847258,74.559575,2018-12-17,0.162,Sparse
NDVI05381,19.934919,74.388621,2017-10-21,0.52,Healthy
NDVI05382,19.847407,74.476928,2018-02-22,-0.248,Bare/Water
NDVI05383,19.940405,74.596752,2017-02-24,-0.034,Bare/Water
NDVI05384,19.882403,74.582609,2023-07-14,0.385,Moderate
NDVI05385,19.875826,74.526639,2024-07-12,0.251,Sparse
NDVI05386,19.831034,74.412595,2021-03-12,0.016,Bare/Water
NDVI05387,19.834574,74.496904,2026-03-27,-0.007,Bare/Water
NDVI05388,19.908464,74.562092,2018-11-25,0.535,Healthy
NDVI05389,19.841246,74.460682,2019-10-12,0.382,Moderate
NDVI05390,19.934781,74.397142,2023-09-24,0.629,Healthy
NDVI05391,19.829803,74.40365,2025-07-11,0.415,Moderate
NDVI05392,19.854142,74.356735,2022-04-10,-0.008,Bare/Water
NDVI05393,19.873258,74.551187,2016-12-18,0.051,Bare/Water
NDVI05394,19.916544,74.443019,2025-03-15,-0.118,Bare/Water
NDVI05395,19.842078,74.45628,2023-12-18,0.248,Sparse
NDVI05396,19.891088,74.509987,2023-07-14,0.712,Very Healthy
NDVI05397,19.858253,74.470313,2025-08-24,0.642,Healthy
NDVI05398,19.826944,74.454164,2019-05-09,0.103,Sparse
NDVI05399,19.871057,74.576897,2018-01-02,0.017,Bare/Water
NDVI05400,19.904694,74.523005,2022-05-14,0.068,Bare/Water
NDVI05401,19.944147,74.462182,2022-08-21,0.538,Healthy
NDVI05402,19.808745,74.403104,2022-10-03,0.727,Very Healthy
NDVI05403,19.878451,74.506783,2026-07-01,0.391,Moderate
NDVI05404,19.923666,74.400009,2019-04-07,0.037,Bare/Water
NDVI05405,19.80893,74.597843,2026-07-16,0.624,Healthy
NDVI05406,19.946342,74.504916,2021-11-15,0.515,Healthy
NDVI05407,19.827582,74.478044,2025-01-21,-0.098,Bare/Water
NDVI05408,19.815439,74.515703,2022-08-13,0.615,Healthy
NDVI05409,19.831211,74.495121,2018-11-26,0.278,Sparse
NDVI05410,19.948328,74.406903,2024-02-13,0.054,Bare/Water
NDVI05411,19.827539,74.387692,2021-08-25,0.652,Healthy
NDVI05412,19.808228,74.427324,2023-11-25,0.194,Sparse
NDVI05413,19.850186,74.520884,2026-05-22,0.369,Moderate
NDVI05414,19.930982,74.583208,2023-03-30,-0.035,Bare/Water
NDVI05415,19.914988,74.501036,2024-02-28,-0.239,Bare/Water
NDVI05416,19.843017,74.359126,2018-03-20,0.05,Bare/Water
NDVI05417,19.898586,74.373736,2018-07-28,0.599,Healthy
NDVI05418,19.802877,74.389747,2017-10-30,0.341,Moderate
NDVI05419,19.873407,74.537426,2017-12-02,0.272,Sparse
NDVI05420,19.931904,74.571292,2018-08-24,0.522,Healthy
NDVI05421,19.894932,74.523476,2020-03-21,-0.196,Bare/Water
NDVI05422,19.916501,74.36486,2023-01-08,0.217,Sparse
NDVI05423,19.875401,74.424608,2023-08-13,0.432,Moderate
NDVI05424,19.911207,74.351097,2018-05-05,0.067,Bare/Water
NDVI05425,19.904566,74.425079,2024-03-17,0.022,Bare/Water
NDVI05426,19.890629,74.537629,2018-05-21,0.326,Moderate
NDVI05427,19.808987,74.595977,2024-12-28,0.111,Sparse
NDVI05428,19.913111,74.413849,2021-12-15,0.078,Bare/Water
NDVI05429,19.807572,74.571445,2021-06-23,0.31,Moderate
NDVI05430,19.851152,74.37427,2020-03-15,-0.18,Bare/Water
NDVI05431,19.879936,74.581429,2019-03-25,-0.112,Bare/Water
NDVI05432,19.948839,74.529262,2020-04-26,0.044,Bare/Water
NDVI05433,19.859747,74.514239,2023-05-07,0.372,Moderate
NDVI05434,19.937313,74.575074,2023-06-20,0.444,Moderate
NDVI05435,19.840658,74.573016,2026-05-24,0.125,Sparse
NDVI05436,19.855337,74.567761,2025-04-18,-0.141,Bare/Water
NDVI05437,19.89871,74.459672,2022-06-02,0.158,Sparse
NDVI05438,19.85712,74.471047,2021-06-20,0.441,Moderate
NDVI05439,19.848295,74.430911,2024-07-07,0.539,Healthy
NDVI05440,19.837459,74.554851,2024-11-02,0.428,Moderate
NDVI05441,19.863188,74.465084,2022-02-27,-0.088,Bare/Water
NDVI05442,19.827791,74.540354,2020-02-16,0.077,Bare/Water
NDVI05443,19.846941,74.426843,2023-06-13,0.267,Sparse
NDVI05444,19.850379,74.594606,2017-06-13,0.061,Bare/Water
NDVI05445,19.802332,74.589097,2026-06-16,0.303,Moderate
NDVI05446,19.864074,74.400056,2016-11-10,0.225,Sparse
NDVI05447,19.874081,74.551387,2020-12-15,0.091,Bare/Water
NDVI05448,19.801686,74.449715,2020-05-06,-0.092,Bare/Water
NDVI05449,19.946764,74.360196,2019-07-31,0.419,Moderate
NDVI05450,19.824229,74.422876,2020-09-29,0.675,Healthy
NDVI05451,19.906798,74.518934,2018-08-13,0.62,Healthy
NDVI05452,19.858723,74.510208,2017-01-22,-0.298,Bare/Water
NDVI05453,19.910301,74.482766,2020-06-14,0.421,Moderate
NDVI05454,19.858318,74.394322,2021-04-14,-0.031,Bare/Water
NDVI05455,19.948534,74.371107,2021-08-22,0.376,Moderate
NDVI05456,19.82724,74.37279,2022-12-17,0.076,Bare/Water
NDVI05457,19.871291,74.350091,2026-02-25,-0.045,Bare/Water
NDVI05458,19.892305,74.39845,2019-04-08,-0.131,Bare/Water
NDVI05459,19.825006,74.50365,2023-12-28,0.097,Bare/Water
NDVI05460,19.822606,74.410929,2020-01-19,-0.05,Bare/Water
NDVI05461,19.865078,74.44401,2022-01-19,-0.024,Bare/Water
NDVI05462,19.872853,74.568091,2022-03-22,-0.202,Bare/Water
NDVI05463,19.882908,74.352551,2021-08-26,0.635,Healthy
NDVI05464,19.902611,74.409331,2017-04-12,-0.0,Bare/Water
NDVI05465,19.863442,74.587316,2020-12-12,0.167,Sparse
NDVI05466,19.84069,74.437689,2024-03-28,-0.073,Bare/Water
NDVI05467,19.85145,74.588903,2024-01-21,-0.147,Bare/Water
NDVI05468,19.86925,74.478925,2024-12-04,0.03,Bare/Water
NDVI05469,19.871891,74.361852,2018-11-15,0.428,Moderate
NDVI05470,19.911472,74.478855,2020-06-28,0.313,Moderate
NDVI05471,19.841366,74.350674,2018-04-12,-0.032,Bare/Water
NDVI05472,19.934484,74.540753,2021-12-29,0.073,Bare/Water
NDVI05473,19.859575,74.521573,2017-08-15,0.571,Healthy
NDVI05474,19.941016,74.382738,2024-01-26,0.002,Bare/Water
NDVI05475,19.940485,74.525817,2024-01-03,-0.042,Bare/Water
NDVI05476,19.873894,74.584652,2020-12-13,0.06,Bare/Water
NDVI05477,19.904738,74.379339,2025-09-30,0.614,Healthy
NDVI05478,19.801803,74.507319,2023-03-23,0.011,Bare/Water
NDVI05479,19.848706,74.502909,2025-11-10,0.409,Moderate
NDVI05480,19.871119,74.532161,2023-03-06,-0.008,Bare/Water
NDVI05481,19.878044,74.429286,2018-06-16,0.325,Moderate
NDVI05482,19.807904,74.546164,2023-12-26,0.113,Sparse
NDVI05483,19.924925,74.385042,2022-07-27,0.43,Moderate
NDVI05484,19.843535,74.57874,2021-05-02,-0.1,Bare/Water
NDVI05485,19.809538,74.495338,2024-10-13,0.41,Moderate
NDVI05486,19.856947,74.470644,2024-07-29,0.56,Healthy
NDVI05487,19.907415,74.583321,2021-04-27,0.194,Sparse
NDVI05488,19.856256,74.570727,2019-12-29,0.115,Sparse
NDVI05489,19.848379,74.585545,2025-03-30,-0.053,Bare/Water
NDVI05490,19.94378,74.483418,2019-09-10,0.627,Healthy
NDVI05491,19.937731,74.404247,2019-12-20,0.129,Sparse
NDVI05492,19.848595,74.525531,2021-09-17,0.548,Healthy
NDVI05493,19.827266,74.54941,2025-08-10,0.567,Healthy
NDVI05494,19.806509,74.391457,2016-12-24,0.161,Sparse
NDVI05495,19.823128,74.426227,2020-10-20,0.468,Moderate
NDVI05496,19.92941,74.4659,2022-11-20,0.549,Healthy
NDVI05497,19.879876,74.513031,2016-12-09,0.15,Sparse
NDVI05498,19.859068,74.552159,2018-04-21,0.089,Bare/Water
NDVI05499,19.870237,74.579416,2016-11-09,0.564,Healthy
NDVI05500,19.87226,74.380419,2020-01-19,-0.069,Bare/Water
NDVI05501,19.890858,74.528085,2022-08-19,0.725,Very Healthy
NDVI05502,19.849117,74.524051,2023-02-13,0.066,Bare/Water
NDVI05503,19.851314,74.367656,2026-01-04,-0.0,Bare/Water
NDVI05504,19.849259,74.439444,2022-10-25,0.512,Healthy
NDVI05505,19.870058,74.360429,2020-01-21,0.079,Bare/Water
NDVI05506,19.859151,74.433015,2017-09-03,0.733,Very Healthy
NDVI05507,19.841841,74.538864,2026-05-17,0.073,Bare/Water
NDVI05508,19.880748,74.558958,2024-12-28,0.374,Moderate
NDVI05509,19.813688,74.393448,2023-08-01,0.545,Healthy
NDVI05510,19.894631,74.448495,2018-09-15,0.641,Healthy
NDVI05511,19.937972,74.351829,2021-12-20,0.165,Sparse
NDVI05512,19.939574,74.596528,2025-06-16,0.318,Moderate
NDVI05513,19.923701,74.403759,2026-07-19,0.531,Healthy
NDVI05514,19.830073,74.508987,2018-09-20,0.46,Moderate
NDVI05515,19.812048,74.598342,2025-11-12,0.521,Healthy
NDVI05516,19.800065,74.49884,2024-12-24,0.121,Sparse
NDVI05517,19.927162,74.534856,2025-07-18,0.772,Very Healthy
NDVI05518,19.84801,74.361591,2025-03-13,-0.068,Bare/Water
NDVI05519,19.91743,74.431587,2019-05-21,0.114,Sparse
NDVI05520,19.911216,74.39642,2021-03-14,-0.047,Bare/Water
NDVI05521,19.948583,74.422691,2017-02-27,-0.071,Bare/Water
NDVI05522,19.926887,74.585968,2025-09-04,0.612,Healthy
NDVI05523,19.926286,74.368832,2016-09-07,0.661,Healthy
NDVI05524,19.820788,74.436225,2025-11-05,0.418,Moderate
NDVI05525,19.85757,74.510147,2022-02-27,-0.148,Bare/Water
NDVI05526,19.801666,74.469517,2025-10-25,0.464,Moderate
NDVI05527,19.85911,74.448896,2018-11-12,0.455,Moderate
NDVI05528,19.948649,74.515803,2025-10-29,0.388,Moderate
NDVI05529,19.838587,74.511332,2022-04-26,0.234,Sparse
NDVI05530,19.829714,74.447615,2018-12-24,0.457,Moderate
NDVI05531,19.891193,74.494907,2017-12-13,0.176,Sparse
NDVI05532,19.802072,74.366949,2022-04-08,-0.242,Bare/Water
NDVI05533,19.914982,74.473196,2020-01-06,0.174,Sparse
NDVI05534,19.862058,74.5263,2022-09-29,0.535,Healthy
NDVI05535,19.918947,74.397217,2018-12-21,0.355,Moderate
NDVI05536,19.876431,74.482916,2017-09-03,0.535,Healthy
NDVI05537,19.907821,74.458665,2021-07-26,0.448,Moderate
NDVI05538,19.908718,74.595158,2020-03-04,-0.143,Bare/Water
NDVI05539,19.875496,74.3954,2023-06-20,0.319,Moderate
NDVI05540,19.883023,74.452827,2023-08-21,0.582,Healthy
NDVI05541,19.822317,74.587844,2020-04-02,0.121,Sparse
NDVI05542,19.931797,74.533071,2018-06-29,0.4,Moderate
NDVI05543,19.869702,74.424161,2021-01-05,0.15,Sparse
NDVI05544,19.948284,74.402447,2021-09-26,0.535,Healthy
NDVI05545,19.82062,74.57318,2025-07-13,0.571,Healthy
NDVI05546,19.916234,74.389397,2022-12-25,0.193,Sparse
NDVI05547,19.811768,74.375893,2017-07-09,0.353,Moderate
NDVI05548,19.883536,74.396001,2025-04-03,-0.233,Bare/Water
NDVI05549,19.892771,74.412173,2020-08-28,0.541,Healthy
NDVI05550,19.910122,74.443084,2022-08-23,0.498,Moderate
NDVI05551,19.917682,74.535368,2022-01-21,-0.146,Bare/Water
NDVI05552,19.817453,74.368972,2022-10-01,0.407,Moderate
NDVI05553,19.907895,74.589607,2017-12-31,-0.124,Bare/Water
NDVI05554,19.842085,74.570495,2023-03-17,0.01,Bare/Water
NDVI05555,19.820251,74.436946,2026-02-15,-0.108,Bare/Water
NDVI05556,19.898024,74.456182,2023-04-10,-0.027,Bare/Water
NDVI05557,19.885593,74.402513,2020-11-28,0.355,Moderate
NDVI05558,19.828836,74.489011,2017-05-18,0.287,Sparse
NDVI05559,19.884793,74.550719,2019-11-09,0.255,Sparse
NDVI05560,19.853931,74.547514,2021-02-07,-0.034,Bare/Water
NDVI05561,19.81495,74.408049,2016-09-20,0.723,Very Healthy
NDVI05562,19.915962,74.382246,2020-06-13,0.487,Moderate
NDVI05563,19.879207,74.586445,2019-05-16,0.33,Moderate
NDVI05564,19.807907,74.420484,2019-08-26,0.883,Very Healthy
NDVI05565,19.856053,74.574903,2018-09-25,0.754,Very Healthy
NDVI05566,19.839443,74.58275,2024-05-28,0.137,Sparse
NDVI05567,19.821028,74.506101,2017-09-08,0.644,Healthy
NDVI05568,19.811416,74.469385,2024-11-01,0.416,Moderate
NDVI05569,19.875534,74.516773,2020-08-17,0.708,Very Healthy
NDVI05570,19.943213,74.452569,2023-01-24,-0.082,Bare/Water
NDVI05571,19.830299,74.425424,2026-03-18,-0.178,Bare/Water
NDVI05572,19.842269,74.477226,2020-09-22,0.452,Moderate
NDVI05573,19.931554,74.502331,2018-03-12,-0.092,Bare/Water
NDVI05574,19.86403,74.520026,2021-04-25,-0.11,Bare/Water
NDVI05575,19.920089,74.469848,2024-04-27,-0.033,Bare/Water
NDVI05576,19.824621,74.45612,2026-05-03,-0.055,Bare/Water
NDVI05577,19.897568,74.376047,2024-06-02,0.338,Moderate
NDVI05578,19.876401,74.501486,2022-10-09,0.655,Healthy
NDVI05579,19.867471,74.549698,2022-11-02,0.119,Sparse
NDVI05580,19.913135,74.50705,2019-07-29,0.438,Moderate
NDVI05581,19.94503,74.527565,2021-08-25,0.7,Very Healthy
NDVI05582,19.925441,74.435054,2024-02-01,-0.106,Bare/Water
NDVI05583,19.865087,74.561612,2026-06-20,0.338,Moderate
NDVI05584,19.864647,74.530679,2026-05-09,0.251,Sparse
NDVI05585,19.925374,74.550544,2023-08-06,0.705,Very Healthy
NDVI05586,19.830028,74.365052,2021-01-31,0.011,Bare/Water
NDVI05587,19.863374,74.587085,2019-06-15,0.43,Moderate
NDVI05588,19.890693,74.36298,2024-01-27,-0.163,Bare/Water
NDVI05589,19.807775,74.523154,2025-09-07,0.711,Very Healthy
NDVI05590,19.925933,74.374929,2026-07-12,0.284,Sparse
NDVI05591,19.828958,74.582206,2025-09-11,0.571,Healthy
NDVI05592,19.92485,74.539758,2026-03-29,-0.053,Bare/Water
NDVI05593,19.846249,74.549202,2022-09-05,0.591,Healthy
NDVI05594,19.816849,74.563784,2025-12-05,0.104,Sparse
NDVI05595,19.880967,74.414373,2018-08-11,0.686,Healthy
NDVI05596,19.831737,74.460635,2023-06-24,0.278,Sparse
NDVI05597,19.851921,74.397017,2023-09-12,0.814,Very Healthy
NDVI05598,19.943831,74.376368,2025-12-17,0.371,Moderate
NDVI05599,19.808585,74.430376,2018-03-13,-0.213,Bare/Water
NDVI05600,19.949988,74.588553,2021-01-04,-0.178,Bare/Water
NDVI05601,19.944325,74.395115,2025-09-09,0.256,Sparse
NDVI05602,19.928165,74.373293,2021-03-22,0.135,Sparse
NDVI05603,19.827277,74.419159,2018-02-04,0.052,Bare/Water
NDVI05604,19.860817,74.556451,2021-07-04,0.376,Moderate
NDVI05605,19.896749,74.572928,2021-09-16,0.495,Moderate
NDVI05606,19.816076,74.551213,2023-02-22,-0.141,Bare/Water
NDVI05607,19.882976,74.382802,2024-07-06,0.515,Healthy
NDVI05608,19.819106,74.372227,2022-11-04,0.241,Sparse
NDVI05609,19.875165,74.58737,2021-09-25,0.66,Healthy
NDVI05610,19.820823,74.362822,2019-10-11,0.397,Moderate
NDVI05611,19.944751,74.433516,2025-10-17,0.603,Healthy
NDVI05612,19.867694,74.394789,2024-01-16,0.033,Bare/Water
NDVI05613,19.949757,74.4824,2024-08-08,0.695,Healthy
NDVI05614,19.8887,74.559075,2021-07-24,0.556,Healthy
NDVI05615,19.891729,74.411737,2016-09-24,0.381,Moderate
NDVI05616,19.867351,74.375889,2024-03-14,-0.291,Bare/Water
NDVI05617,19.804066,74.546591,2026-08-02,0.671,Healthy
NDVI05618,19.914202,74.392509,2018-01-20,0.044,Bare/Water
NDVI05619,19.8799,74.409326,2019-09-22,0.292,Sparse
NDVI05620,19.938096,74.580186,2023-05-29,0.363,Moderate
NDVI05621,19.802621,74.400691,2026-03-01,-0.161,Bare/Water
NDVI05622,19.900188,74.498872,2016-08-05,0.578,Healthy
NDVI05623,19.924813,74.512348,2023-05-09,0.17,Sparse
NDVI05624,19.905988,74.528199,2019-04-25,-0.052,Bare/Water
NDVI05625,19.889034,74.415802,2026-02-13,0.047,Bare/Water
NDVI05626,19.808572,74.360982,2023-02-05,-0.092,Bare/Water
NDVI05627,19.943577,74.481551,2023-05-23,0.185,Sparse
NDVI05628,19.870601,74.449304,2019-04-16,0.035,Bare/Water
NDVI05629,19.948862,74.365328,2021-05-07,-0.129,Bare/Water
NDVI05630,19.866384,74.399028,2016-12-06,0.249,Sparse
NDVI05631,19.91961,74.549144,2017-07-16,0.499,Moderate
NDVI05632,19.931599,74.537834,2020-05-15,0.174,Sparse
NDVI05633,19.896125,74.583995,2020-06-20,0.209,Sparse
NDVI05634,19.878529,74.543606,2021-06-03,0.425,Moderate
NDVI05635,19.936821,74.391039,2020-05-30,0.035,Bare/Water
NDVI05636,19.899167,74.411749,2018-01-07,-0.054,Bare/Water
NDVI05637,19.903033,74.507438,2021-10-11,0.504,Healthy
NDVI05638,19.932332,74.567099,2025-09-30,0.674,Healthy
NDVI05639,19.856459,74.477378,2026-05-17,0.255,Sparse
NDVI05640,19.945527,74.542515,2018-12-02,0.179,Sparse
NDVI05641,19.802715,74.554696,2022-05-09,0.191,Sparse
NDVI05642,19.882197,74.548556,2019-12-03,0.285,Sparse
NDVI05643,19.932198,74.390025,2017-02-02,-0.022,Bare/Water
NDVI05644,19.905785,74.455931,2022-10-13,0.222,Sparse
NDVI05645,19.804475,74.382264,2025-10-12,0.426,Moderate
NDVI05646,19.858928,74.56395,2024-12-06,0.285,Sparse
NDVI05647,19.885096,74.409076,2025-04-23,0.083,Bare/Water
NDVI05648,19.892931,74.407176,2023-01-11,-0.269,Bare/Water
NDVI05649,19.880249,74.432573,2017-06-18,0.29,Sparse
NDVI05650,19.817401,74.496706,2019-01-08,-0.002,Bare/Water
NDVI05651,19.877136,74.523751,2019-04-29,-0.098,Bare/Water
NDVI05652,19.827288,74.573494,2017-10-20,0.568,Healthy
NDVI05653,19.893321,74.387612,2019-07-31,0.389,Moderate
NDVI05654,19.915021,74.561108,2017-04-18,0.083,Bare/Water
NDVI05655,19.93345,74.357608,2024-05-01,0.124,Sparse
NDVI05656,19.902494,74.403984,2020-04-05,-0.013,Bare/Water
NDVI05657,19.83745,74.518161,2018-09-06,0.714,Very Healthy
NDVI05658,19.836123,74.366428,2023-09-20,0.158,Sparse
NDVI05659,19.930927,74.35862,2018-11-22,0.011,Bare/Water
NDVI05660,19.908562,74.517182,2023-08-06,0.638,Healthy
NDVI05661,19.937783,74.452505,2023-07-30,0.865,Very Healthy
NDVI05662,19.931085,74.514656,2022-11-29,0.249,Sparse
NDVI05663,19.853736,74.356728,2024-05-22,0.115,Sparse
NDVI05664,19.841082,74.426851,2019-09-13,0.64,Healthy
NDVI05665,19.897549,74.36084,2024-03-24,0.013,Bare/Water
NDVI05666,19.857359,74.522375,2018-12-16,0.253,Sparse
NDVI05667,19.908382,74.564433,2024-12-18,0.246,Sparse
NDVI05668,19.876205,74.548424,2024-10-30,0.527,Healthy
NDVI05669,19.836284,74.434299,2022-06-12,0.164,Sparse
NDVI05670,19.872002,74.522617,2016-12-09,0.26,Sparse
NDVI05671,19.888259,74.365484,2023-01-23,-0.028,Bare/Water
NDVI05672,19.895165,74.558544,2023-02-07,-0.192,Bare/Water
NDVI05673,19.867021,74.445371,2024-12-22,0.062,Bare/Water
NDVI05674,19.941616,74.417589,2020-08-26,0.636,Healthy
NDVI05675,19.930057,74.437555,2021-09-06,0.695,Healthy
NDVI05676,19.801622,74.544579,2021-01-22,-0.026,Bare/Water
NDVI05677,19.917814,74.546877,2020-11-24,0.165,Sparse
NDVI05678,19.949961,74.407619,2026-04-23,0.072,Bare/Water
NDVI05679,19.801859,74.405037,2021-05-14,0.054,Bare/Water
NDVI05680,19.80421,74.43379,2024-06-09,0.461,Moderate
NDVI05681,19.929962,74.433382,2016-09-29,0.506,Healthy
NDVI05682,19.825598,74.46916,2025-01-31,-0.176,Bare/Water
NDVI05683,19.851124,74.352272,2017-06-19,0.427,Moderate
NDVI05684,19.890505,74.453637,2025-12-13,0.09,Bare/Water
NDVI05685,19.923008,74.44408,2023-12-29,0.199,Sparse
NDVI05686,19.858563,74.597407,2018-10-01,0.5,Healthy
NDVI05687,19.806246,74.587272,2019-09-20,0.552,Healthy
NDVI05688,19.942062,74.491758,2018-05-23,0.161,Sparse
NDVI05689,19.917944,74.526901,2023-01-12,0.179,Sparse
NDVI05690,19.903055,74.507956,2025-06-13,0.405,Moderate
NDVI05691,19.894925,74.553559,2018-11-05,0.382,Moderate
NDVI05692,19.822615,74.355761,2025-04-22,-0.021,Bare/Water
NDVI05693,19.850217,74.529525,2017-03-15,0.015,Bare/Water
NDVI05694,19.878175,74.596498,2018-05-31,0.197,Sparse
NDVI05695,19.911602,74.369334,2017-10-25,0.368,Moderate
NDVI05696,19.937118,74.382746,2025-07-08,0.662,Healthy
NDVI05697,19.850405,74.411022,2017-01-25,-0.173,Bare/Water
NDVI05698,19.910855,74.583561,2024-02-28,-0.033,Bare/Water
NDVI05699,19.823307,74.447064,2021-07-10,0.369,Moderate
NDVI05700,19.9064,74.385184,2020-12-04,0.238,Sparse
NDVI05701,19.813248,74.475854,2025-04-24,-0.005,Bare/Water
NDVI05702,19.916789,74.580307,2019-01-21,0.042,Bare/Water
NDVI05703,19.895474,74.514299,2024-08-30,0.876,Very Healthy
NDVI05704,19.890324,74.378318,2023-03-21,-0.089,Bare/Water
NDVI05705,19.894581,74.434201,2025-09-08,0.535,Healthy
NDVI05706,19.85184,74.504384,2022-01-09,-0.0,Bare/Water
NDVI05707,19.871488,74.405134,2024-06-22,0.548,Healthy
NDVI05708,19.809012,74.364622,2021-11-09,0.213,Sparse
NDVI05709,19.888202,74.485396,2023-03-27,-0.042,Bare/Water
NDVI05710,19.841706,74.472445,2021-01-16,0.136,Sparse
NDVI05711,19.92403,74.515895,2023-09-26,0.468,Moderate
NDVI05712,19.891155,74.478736,2024-10-09,0.681,Healthy
NDVI05713,19.882825,74.504387,2019-12-19,0.284,Sparse
NDVI05714,19.899379,74.516012,2017-03-18,0.124,Sparse
NDVI05715,19.807954,74.531099,2024-11-30,0.261,Sparse
NDVI05716,19.882496,74.470201,2017-09-06,0.61,Healthy
NDVI05717,19.813233,74.383973,2026-02-10,-0.006,Bare/Water
NDVI05718,19.946119,74.536774,2019-03-22,-0.271,Bare/Water
NDVI05719,19.869913,74.419873,2019-03-23,-0.096,Bare/Water
NDVI05720,19.808615,74.468956,2017-07-04,0.396,Moderate
NDVI05721,19.935228,74.475155,2021-06-10,0.309,Moderate
NDVI05722,19.934543,74.549476,2018-12-24,0.043,Bare/Water
NDVI05723,19.814513,74.440008,2019-02-25,-0.163,Bare/Water
NDVI05724,19.866172,74.555965,2018-04-30,0.214,Sparse
NDVI05725,19.873401,74.354326,2018-04-18,0.068,Bare/Water
NDVI05726,19.821082,74.398882,2021-07-14,0.715,Very Healthy
NDVI05727,19.811358,74.543345,2026-06-23,0.544,Healthy
NDVI05728,19.829326,74.595086,2026-01-03,-0.008,Bare/Water
NDVI05729,19.928141,74.535187,2019-08-13,0.521,Healthy
NDVI05730,19.865549,74.475425,2023-05-09,0.013,Bare/Water
NDVI05731,19.933286,74.432958,2021-11-05,0.662,Healthy
NDVI05732,19.821076,74.463344,2024-03-20,0.013,Bare/Water
NDVI05733,19.863479,74.47648,2023-06-02,0.257,Sparse
NDVI05734,19.846219,74.513231,2021-07-02,0.489,Moderate
NDVI05735,19.896229,74.398454,2024-03-10,-0.06,Bare/Water
NDVI05736,19.810235,74.548332,2017-09-30,0.362,Moderate
NDVI05737,19.892928,74.511184,2024-11-11,0.302,Moderate
NDVI05738,19.81735,74.412458,2025-08-13,0.636,Healthy
NDVI05739,19.906947,74.411785,2024-09-19,0.373,Moderate
NDVI05740,19.935523,74.566203,2024-04-17,-0.015,Bare/Water
NDVI05741,19.888586,74.43997,2024-08-23,0.567,Healthy
NDVI05742,19.800163,74.492906,2022-03-31,0.153,Sparse
NDVI05743,19.876875,74.486407,2020-09-09,0.554,Healthy
NDVI05744,19.901307,74.49242,2026-03-22,0.098,Bare/Water
NDVI05745,19.873941,74.562409,2022-04-11,0.075,Bare/Water
NDVI05746,19.910197,74.35931,2024-08-15,0.523,Healthy
NDVI05747,19.823712,74.520593,2021-02-08,-0.024,Bare/Water
NDVI05748,19.940134,74.516423,2023-10-03,0.56,Healthy
NDVI05749,19.895518,74.421169,2019-06-08,0.359,Moderate
NDVI05750,19.927217,74.39374,2018-05-23,0.033,Bare/Water
NDVI05751,19.81712,74.377301,2024-01-14,-0.269,Bare/Water
NDVI05752,19.931885,74.512492,2023-03-21,-0.286,Bare/Water
NDVI05753,19.867708,74.352151,2024-09-26,0.407,Moderate
NDVI05754,19.803224,74.373938,2020-12-15,0.017,Bare/Water
NDVI05755,19.881746,74.587114,2018-03-05,-0.022,Bare/Water
NDVI05756,19.812411,74.508679,2024-01-14,0.01,Bare/Water
NDVI05757,19.876008,74.535445,2019-05-16,0.243,Sparse
NDVI05758,19.856301,74.417135,2017-01-28,-0.077,Bare/Water
NDVI05759,19.908654,74.473353,2018-11-11,0.307,Moderate
NDVI05760,19.917,74.477968,2017-04-14,-0.028,Bare/Water
NDVI05761,19.936769,74.384121,2018-03-21,-0.035,Bare/Water
NDVI05762,19.909889,74.371484,2017-05-18,0.202,Sparse
NDVI05763,19.891761,74.418335,2022-12-17,0.062,Bare/Water
NDVI05764,19.891456,74.469839,2020-01-26,-0.027,Bare/Water
NDVI05765,19.908943,74.591114,2019-07-09,0.341,Moderate
NDVI05766,19.818966,74.528945,2019-06-06,0.156,Sparse
NDVI05767,19.812783,74.541435,2020-10-12,0.459,Moderate
NDVI05768,19.921582,74.580173,2021-11-01,0.544,Healthy
NDVI05769,19.821415,74.429218,2019-11-01,0.319,Moderate
NDVI05770,19.837944,74.39604,2023-01-09,0.047,Bare/Water
NDVI05771,19.886056,74.484131,2023-03-08,0.054,Bare/Water
NDVI05772,19.815502,74.57646,2023-06-18,0.518,Healthy
NDVI05773,19.909676,74.440839,2025-10-17,0.446,Moderate
NDVI05774,19.915175,74.441143,2021-02-25,-0.289,Bare/Water
NDVI05775,19.879819,74.559259,2018-06-03,0.282,Sparse
NDVI05776,19.922962,74.414843,2022-05-17,0.202,Sparse
NDVI05777,19.868564,74.456149,2018-09-05,0.492,Moderate
NDVI05778,19.823714,74.446951,2025-03-14,0.181,Sparse
NDVI05779,19.873737,74.465191,2022-09-26,0.716,Very Healthy
NDVI05780,19.859777,74.563708,2022-06-09,0.31,Moderate
NDVI05781,19.823859,74.437359,2023-05-28,0.437,Moderate
NDVI05782,19.869925,74.38657,2020-06-30,0.351,Moderate
NDVI05783,19.869236,74.444363,2021-09-24,0.664,Healthy
NDVI05784,19.863001,74.510033,2025-07-24,0.496,Moderate
NDVI05785,19.910697,74.474372,2022-09-30,0.467,Moderate
NDVI05786,19.886181,74.577466,2021-08-05,0.538,Healthy
NDVI05787,19.877178,74.377932,2018-02-14,-0.244,Bare/Water
NDVI05788,19.829413,74.566449,2025-03-26,0.001,Bare/Water
NDVI05789,19.827184,74.383827,2020-06-30,0.504,Healthy
NDVI05790,19.844987,74.586661,2023-12-14,0.07,Bare/Water
NDVI05791,19.909311,74.560076,2018-03-03,0.084,Bare/Water
NDVI05792,19.894048,74.361898,2022-10-19,0.346,Moderate
NDVI05793,19.893298,74.407442,2024-05-28,0.247,Sparse
NDVI05794,19.916649,74.388446,2023-06-07,0.257,Sparse
NDVI05795,19.808774,74.405843,2023-05-10,0.022,Bare/Water
NDVI05796,19.925792,74.526105,2021-02-11,-0.088,Bare/Water
NDVI05797,19.862896,74.544447,2020-09-23,0.676,Healthy
NDVI05798,19.831151,74.552534,2022-10-07,0.485,Moderate
NDVI05799,19.838214,74.530809,2023-03-23,-0.078,Bare/Water
NDVI05800,19.880075,74.367988,2017-11-04,0.51,Healthy
NDVI05801,19.861947,74.477443,2018-05-20,0.234,Sparse
NDVI05802,19.81295,74.436799,2022-06-24,0.296,Sparse
NDVI05803,19.822527,74.516672,2023-01-03,0.036,Bare/Water
NDVI05804,19.925347,74.388387,2022-05-10,0.1,Sparse
NDVI05805,19.810481,74.583619,2020-03-28,-0.12,Bare/Water
NDVI05806,19.86894,74.370811,2020-01-01,0.122,Sparse
NDVI05807,19.830926,74.438115,2018-11-07,0.606,Healthy
NDVI05808,19.859101,74.472868,2018-03-13,-0.002,Bare/Water
NDVI05809,19.913135,74.583588,2022-04-03,-0.193,Bare/Water
NDVI05810,19.844393,74.587022,2019-08-22,0.42,Moderate
NDVI05811,19.942308,74.553935,2021-02-02,-0.17,Bare/Water
NDVI05812,19.885047,74.392403,2018-06-24,0.152,Sparse
NDVI05813,19.897166,74.492717,2023-09-07,0.573,Healthy
NDVI05814,19.871089,74.472484,2024-09-23,0.378,Moderate
NDVI05815,19.839884,74.44083,2024-02-17,-0.017,Bare/Water
NDVI05816,19.849951,74.447038,2021-11-12,0.459,Moderate
NDVI05817,19.948665,74.437765,2021-02-17,-0.061,Bare/Water
NDVI05818,19.805391,74.449043,2020-05-17,0.346,Moderate
NDVI05819,19.800345,74.54943,2024-05-12,0.078,Bare/Water
NDVI05820,19.846767,74.496611,2025-12-15,-0.096,Bare/Water
NDVI05821,19.818937,74.404702,2017-09-22,0.907,Very Healthy
NDVI05822,19.822053,74.382031,2025-07-10,0.635,Healthy
NDVI05823,19.883705,74.584144,2022-08-08,0.555,Healthy
NDVI05824,19.805679,74.403951,2017-12-12,0.201,Sparse
NDVI05825,19.886644,74.470899,2023-09-13,0.525,Healthy
NDVI05826,19.902479,74.40404,2025-08-02,0.636,Healthy
NDVI05827,19.871643,74.436944,2025-02-10,0.136,Sparse
NDVI05828,19.934395,74.541284,2019-06-15,0.229,Sparse
NDVI05829,19.83315,74.5666,2018-11-01,0.315,Moderate
NDVI05830,19.86957,74.543688,2025-09-22,0.597,Healthy
NDVI05831,19.886514,74.452335,2018-06-25,0.189,Sparse
NDVI05832,19.882547,74.466971,2016-12-04,0.285,Sparse
NDVI05833,19.937627,74.573095,2026-06-10,0.146,Sparse
NDVI05834,19.892918,74.356798,2021-10-29,0.336,Moderate
NDVI05835,19.869506,74.519656,2025-06-02,0.181,Sparse
NDVI05836,19.811086,74.350412,2025-09-01,0.47,Moderate
NDVI05837,19.863172,74.517991,2023-09-21,0.504,Healthy
NDVI05838,19.807384,74.415884,2023-05-07,0.319,Moderate
NDVI05839,19.916227,74.563802,2020-10-29,0.17,Sparse
NDVI05840,19.940952,74.506137,2017-08-04,0.51,Healthy
NDVI05841,19.900219,74.538969,2026-03-21,-0.381,Bare/Water
NDVI05842,19.902127,74.440962,2024-05-06,0.135,Sparse
NDVI05843,19.907839,74.350615,2021-09-20,0.664,Healthy
NDVI05844,19.922872,74.591021,2017-03-26,0.041,Bare/Water
NDVI05845,19.883731,74.519255,2025-04-14,0.032,Bare/Water
NDVI05846,19.805366,74.550596,2020-09-17,0.694,Healthy
NDVI05847,19.874939,74.38734,2024-01-14,-0.225,Bare/Water
NDVI05848,19.831348,74.498193,2016-11-30,0.154,Sparse
NDVI05849,19.834353,74.456155,2018-07-09,0.637,Healthy
NDVI05850,19.858472,74.482578,2020-10-26,0.572,Healthy
NDVI05851,19.880367,74.415187,2026-05-02,-0.042,Bare/Water
NDVI05852,19.918624,74.550939,2019-07-06,0.198,Sparse
NDVI05853,19.949801,74.450509,2020-09-26,0.714,Very Healthy
NDVI05854,19.881578,74.481132,2017-06-07,0.317,Moderate
NDVI05855,19.942613,74.388794,2026-01-09,-0.004,Bare/Water
NDVI05856,19.80741,74.501438,2022-12-31,-0.162,Bare/Water
NDVI05857,19.867705,74.380988,2023-08-23,0.555,Healthy
NDVI05858,19.827873,74.546449,2017-10-16,0.568,Healthy
NDVI05859,19.896074,74.471381,2025-12-12,0.179,Sparse
NDVI05860,19.878949,74.443409,2024-07-10,0.661,Healthy
NDVI05861,19.846283,74.413932,2017-08-17,0.471,Moderate
NDVI05862,19.842749,74.384989,2024-06-05,0.119,Sparse
NDVI05863,19.918051,74.513786,2020-11-28,0.183,Sparse
NDVI05864,19.91385,74.390558,2025-04-28,0.153,Sparse
NDVI05865,19.903553,74.403608,2025-02-05,-0.233,Bare/Water
NDVI05866,19.81702,74.491007,2026-05-28,0.243,Sparse
NDVI05867,19.811838,74.504595,2024-08-16,0.616,Healthy
NDVI05868,19.860227,74.433918,2019-08-10,0.806,Very Healthy
NDVI05869,19.821915,74.541431,2022-06-25,0.35,Moderate
NDVI05870,19.929016,74.417936,2019-04-24,-0.1,Bare/Water
NDVI05871,19.853799,74.572529,2018-08-19,0.559,Healthy
NDVI05872,19.933856,74.38736,2025-11-08,0.395,Moderate
NDVI05873,19.878585,74.490329,2017-10-29,0.232,Sparse
NDVI05874,19.853152,74.454584,2020-07-22,0.57,Healthy
NDVI05875,19.869386,74.584766,2017-08-07,0.564,Healthy
NDVI05876,19.809415,74.581712,2025-04-02,-0.124,Bare/Water
NDVI05877,19.936504,74.406286,2023-10-22,0.45,Moderate
NDVI05878,19.842834,74.357731,2026-07-03,0.352,Moderate
NDVI05879,19.807311,74.52186,2021-05-07,0.315,Moderate
NDVI05880,19.905425,74.410594,2016-10-04,0.432,Moderate
NDVI05881,19.936189,74.5742,2024-03-22,-0.206,Bare/Water
NDVI05882,19.804263,74.463619,2022-01-21,-0.159,Bare/Water
NDVI05883,19.805345,74.550904,2024-12-18,0.164,Sparse
NDVI05884,19.861717,74.544636,2022-10-22,0.623,Healthy
NDVI05885,19.923876,74.464494,2022-08-19,0.571,Healthy
NDVI05886,19.932482,74.358482,2024-12-31,-0.037,Bare/Water
NDVI05887,19.944974,74.5853,2016-08-30,0.516,Healthy
NDVI05888,19.942842,74.495949,2025-01-14,-0.056,Bare/Water
NDVI05889,19.943195,74.510743,2017-04-26,0.027,Bare/Water
NDVI05890,19.917535,74.590155,2021-12-03,0.294,Sparse
NDVI05891,19.872581,74.396726,2017-08-27,0.841,Very Healthy
NDVI05892,19.897665,74.490769,2022-09-12,0.722,Very Healthy
NDVI05893,19.947292,74.350313,2021-06-28,0.302,Moderate
NDVI05894,19.836953,74.555477,2017-07-29,0.436,Moderate
NDVI05895,19.851873,74.546869,2020-06-26,0.503,Healthy
NDVI05896,19.94451,74.41716,2024-05-21,0.153,Sparse
NDVI05897,19.932305,74.371728,2017-05-17,0.025,Bare/Water
NDVI05898,19.93529,74.493078,2022-06-07,0.217,Sparse
NDVI05899,19.835087,74.406899,2022-03-24,-0.185,Bare/Water
NDVI05900,19.865278,74.392511,2018-04-17,-0.046,Bare/Water
NDVI05901,19.927514,74.412638,2017-05-11,-0.063,Bare/Water
NDVI05902,19.936159,74.441677,2025-10-17,0.458,Moderate
NDVI05903,19.848117,74.369844,2016-08-08,0.452,Moderate
NDVI05904,19.885075,74.373214,2020-08-01,0.79,Very Healthy
NDVI05905,19.867047,74.59472,2018-10-05,0.356,Moderate
NDVI05906,19.867533,74.504607,2018-01-25,-0.083,Bare/Water
NDVI05907,19.915955,74.537931,2018-03-18,-0.232,Bare/Water
NDVI05908,19.927766,74.367377,2023-04-09,-0.04,Bare/Water
NDVI05909,19.898795,74.592374,2021-02-23,0.214,Sparse
NDVI05910,19.863918,74.585597,2019-07-07,0.229,Sparse
NDVI05911,19.856801,74.354027,2026-03-17,-0.127,Bare/Water
NDVI05912,19.914328,74.397484,2025-03-09,-0.231,Bare/Water
NDVI05913,19.832283,74.357379,2016-09-05,0.577,Healthy
NDVI05914,19.937921,74.530318,2017-10-10,0.623,Healthy
NDVI05915,19.864062,74.477381,2022-12-09,0.059,Bare/Water
NDVI05916,19.906802,74.464736,2023-09-09,0.662,Healthy
NDVI05917,19.82714,74.552263,2020-05-31,0.327,Moderate
NDVI05918,19.815401,74.382354,2021-06-28,0.376,Moderate
NDVI05919,19.911798,74.445301,2023-03-16,-0.007,Bare/Water
NDVI05920,19.932405,74.592878,2024-08-03,0.287,Sparse
NDVI05921,19.843265,74.562158,2019-04-10,-0.346,Bare/Water
NDVI05922,19.946048,74.58492,2023-09-16,0.74,Very Healthy
NDVI05923,19.86662,74.500037,2024-09-08,0.39,Moderate
NDVI05924,19.903556,74.378391,2017-08-30,0.65,Healthy
NDVI05925,19.861981,74.39413,2019-09-30,0.612,Healthy
NDVI05926,19.90138,74.431134,2017-08-23,0.453,Moderate
NDVI05927,19.90543,74.44881,2021-08-17,0.646,Healthy
NDVI05928,19.937531,74.467634,2020-05-20,0.183,Sparse
NDVI05929,19.836745,74.454626,2019-09-14,0.554,Healthy
NDVI05930,19.802033,74.387979,2022-07-11,0.533,Healthy
NDVI05931,19.939296,74.541472,2018-11-06,0.394,Moderate
NDVI05932,19.922022,74.516265,2025-02-12,-0.133,Bare/Water
NDVI05933,19.874255,74.444531,2025-07-19,0.404,Moderate
NDVI05934,19.933218,74.568273,2025-12-27,-0.255,Bare/Water
NDVI05935,19.90042,74.360759,2021-02-09,0.115,Sparse
NDVI05936,19.873739,74.358155,2023-08-07,0.638,Healthy
NDVI05937,19.82064,74.399967,2022-11-17,0.414,Moderate
NDVI05938,19.900306,74.439052,2019-02-20,-0.166,Bare/Water
NDVI05939,19.869386,74.58015,2021-03-31,-0.061,Bare/Water
NDVI05940,19.879025,74.532603,2020-01-25,0.129,Sparse
NDVI05941,19.868834,74.5603,2025-04-22,-0.121,Bare/Water
NDVI05942,19.891282,74.421612,2017-02-20,-0.371,Bare/Water
NDVI05943,19.857362,74.403503,2025-07-10,0.486,Moderate
NDVI05944,19.85382,74.548129,2021-03-14,0.059,Bare/Water
NDVI05945,19.88841,74.594044,2016-09-03,0.68,Healthy
NDVI05946,19.899477,74.425679,2025-06-28,0.431,Moderate
NDVI05947,19.879165,74.391979,2025-02-04,0.002,Bare/Water
NDVI05948,19.808719,74.440946,2019-09-08,0.713,Very Healthy
NDVI05949,19.844379,74.516016,2023-09-12,0.422,Moderate
NDVI05950,19.877998,74.367571,2017-12-18,-0.01,Bare/Water
NDVI05951,19.865664,74.354693,2023-08-22,0.666,Healthy
NDVI05952,19.816312,74.484794,2022-01-21,-0.128,Bare/Water
NDVI05953,19.896458,74.393902,2022-11-18,0.315,Moderate
NDVI05954,19.895878,74.376778,2021-10-17,0.435,Moderate
NDVI05955,19.886524,74.576764,2022-07-23,0.5,Healthy
NDVI05956,19.845351,74.361226,2022-01-14,-0.175,Bare/Water
NDVI05957,19.912569,74.396033,2018-08-02,0.59,Healthy
NDVI05958,19.909408,74.591315,2017-01-05,-0.155,Bare/Water
NDVI05959,19.85558,74.444831,2023-02-03,-0.146,Bare/Water
NDVI05960,19.843022,74.513615,2022-10-17,0.436,Moderate
NDVI05961,19.804404,74.377532,2018-05-20,0.129,Sparse
NDVI05962,19.802315,74.35402,2026-02-26,-0.201,Bare/Water
NDVI05963,19.909861,74.399148,2019-06-06,0.193,Sparse
NDVI05964,19.933381,74.470264,2021-11-10,0.423,Moderate
NDVI05965,19.882816,74.408856,2023-03-01,-0.097,Bare/Water
NDVI05966,19.82476,74.382512,2025-04-11,0.042,Bare/Water
NDVI05967,19.823728,74.549138,2024-01-11,0.075,Bare/Water
NDVI05968,19.893056,74.572621,2016-12-24,-0.014,Bare/Water
NDVI05969,19.830024,74.479152,2026-01-09,0.195,Sparse
NDVI05970,19.897779,74.481238,2026-03-11,-0.213,Bare/Water
NDVI05971,19.903384,74.422449,2019-10-28,0.415,Moderate
NDVI05972,19.89366,74.485665,2017-10-29,0.485,Moderate
NDVI05973,19.856194,74.434338,2019-04-28,0.04,Bare/Water
NDVI05974,19.918362,74.577162,2018-01-25,-0.02,Bare/Water
NDVI05975,19.810724,74.518741,2021-10-22,0.404,Moderate
NDVI05976,19.833886,74.365837,2024-05-12,0.134,Sparse
NDVI05977,19.873268,74.423309,2025-11-27,0.435,Moderate
NDVI05978,19.866022,74.470282,2025-07-25,0.428,Moderate
NDVI05979,19.877546,74.471512,2026-01-29,0.02,Bare/Water
NDVI05980,19.845583,74.516446,2021-05-17,0.155,Sparse
NDVI05981,19.829372,74.479506,2023-09-13,0.727,Very Healthy
NDVI05982,19.91834,74.459209,2018-03-30,-0.09,Bare/Water
NDVI05983,19.812432,74.543418,2024-12-16,0.06,Bare/Water
NDVI05984,19.864626,74.593692,2019-01-20,0.055,Bare/Water
NDVI05985,19.910344,74.377635,2016-10-03,0.643,Healthy
NDVI05986,19.889616,74.362953,2018-10-09,0.58,Healthy
NDVI05987,19.801201,74.451798,2026-04-17,0.131,Sparse
NDVI05988,19.869458,74.449413,2022-07-16,0.242,Sparse
NDVI05989,19.904955,74.416722,2026-03-01,0.025,Bare/Water
NDVI05990,19.850133,74.365449,2024-03-02,-0.094,Bare/Water
NDVI05991,19.933811,74.4811,2020-10-29,0.41,Moderate
NDVI05992,19.825878,74.514095,2017-06-02,0.313,Moderate
NDVI05993,19.853229,74.588186,2024-07-29,0.45,Moderate
NDVI05994,19.868901,74.489577,2024-08-23,0.55,Healthy
NDVI05995,19.853809,74.466147,2016-10-21,0.411,Moderate
NDVI05996,19.837833,74.431366,2017-12-25,-0.144,Bare/Water
NDVI05997,19.890637,74.403771,2022-04-27,-0.061,Bare/Water
NDVI05998,19.879162,74.442745,2018-12-04,0.223,Sparse
NDVI05999,19.895866,74.444909,2021-03-02,-0.018,Bare/Water
NDVI06000,19.864333,74.558715,2017-05-25,0.213,Sparse
NDVI06001,19.804812,74.513964,2023-07-21,0.543,Healthy
NDVI06002,19.949012,74.596317,2021-02-21,-0.1,Bare/Water
NDVI06003,19.818604,74.515502,2018-01-13,-0.176,Bare/Water
NDVI06004,19.93793,74.41261,2023-10-31,0.389,Moderate
NDVI06005,19.832182,74.426114,2022-11-07,0.428,Moderate
NDVI06006,19.868162,74.481016,2023-08-08,0.592,Healthy
NDVI06007,19.903368,74.553851,2024-03-05,0.002,Bare/Water
NDVI06008,19.882386,74.462891,2017-04-27,0.056,Bare/Water
NDVI06009,19.896779,74.577792,2021-01-20,0.139,Sparse
NDVI06010,19.889876,74.546871,2019-12-31,-0.042,Bare/Water
NDVI06011,19.839856,74.479247,2019-12-08,0.269,Sparse
NDVI06012,19.830159,74.423268,2016-12-03,0.33,Moderate
NDVI06013,19.932528,74.361313,2019-08-04,0.73,Very Healthy
NDVI06014,19.813876,74.545958,2026-07-04,0.401,Moderate
NDVI06015,19.848893,74.539526,2019-09-06,0.686,Healthy
NDVI06016,19.841773,74.390022,2022-08-04,0.632,Healthy
NDVI06017,19.905388,74.593099,2019-01-31,-0.071,Bare/Water
NDVI06018,19.80137,74.574879,2025-07-10,0.424,Moderate
NDVI06019,19.821174,74.59594,2021-08-30,0.598,Healthy
NDVI06020,19.858412,74.468705,2018-07-22,0.562,Healthy
NDVI06021,19.933756,74.486701,2021-12-30,0.182,Sparse
NDVI06022,19.835848,74.377942,2023-03-22,-0.011,Bare/Water
NDVI06023,19.882917,74.40229,2016-12-07,0.244,Sparse
NDVI06024,19.811543,74.454355,2018-02-21,-0.158,Bare/Water
NDVI06025,19.890128,74.353296,2025-10-19,0.443,Moderate
NDVI06026,19.927685,74.564073,2025-04-26,0.106,Sparse
NDVI06027,19.859316,74.564654,2026-05-27,0.137,Sparse
NDVI06028,19.891171,74.40946,2022-11-20,0.333,Moderate
NDVI06029,19.84393,74.400523,2019-02-16,-0.09,Bare/Water
NDVI06030,19.934186,74.555928,2024-07-17,0.697,Healthy
NDVI06031,19.824949,74.544912,2024-04-03,0.021,Bare/Water
NDVI06032,19.936925,74.383595,2018-09-06,0.42,Moderate
NDVI06033,19.858138,74.458581,2025-05-13,0.19,Sparse
NDVI06034,19.891512,74.365191,2023-10-02,0.69,Healthy
NDVI06035,19.889076,74.394392,2024-02-05,-0.051,Bare/Water
NDVI06036,19.878361,74.382319,2024-03-26,-0.129,Bare/Water
NDVI06037,19.91068,74.475643,2026-01-09,0.125,Sparse
NDVI06038,19.929883,74.574343,2018-03-11,-0.005,Bare/Water
NDVI06039,19.933835,74.435431,2022-09-06,0.623,Healthy
NDVI06040,19.914056,74.562721,2025-10-07,0.624,Healthy
NDVI06041,19.913387,74.458595,2020-04-06,0.105,Sparse
NDVI06042,19.84481,74.470482,2022-01-20,-0.161,Bare/Water
NDVI06043,19.908383,74.490339,2016-11-26,0.247,Sparse
NDVI06044,19.942377,74.386577,2022-11-19,0.269,Sparse
NDVI06045,19.832313,74.362166,2022-09-08,0.543,Healthy
NDVI06046,19.894965,74.425389,2019-12-12,0.104,Sparse
NDVI06047,19.929201,74.565038,2024-11-05,0.352,Moderate
NDVI06048,19.832471,74.3586,2024-06-03,0.042,Bare/Water
NDVI06049,19.896628,74.492336,2018-11-25,0.187,Sparse
NDVI06050,19.81784,74.596201,2017-11-15,0.49,Moderate
NDVI06051,19.879561,74.523422,2020-09-12,0.533,Healthy
NDVI06052,19.90391,74.503894,2020-02-22,-0.006,Bare/Water
NDVI06053,19.8338,74.446281,2023-04-03,0.191,Sparse
NDVI06054,19.937345,74.412239,2021-02-02,-0.084,Bare/Water
NDVI06055,19.930574,74.35964,2018-12-12,0.195,Sparse
NDVI06056,19.903476,74.530137,2025-06-09,0.474,Moderate
NDVI06057,19.940527,74.392956,2018-06-28,0.523,Healthy
NDVI06058,19.867986,74.502912,2017-08-11,0.528,Healthy
NDVI06059,19.861756,74.39195,2017-05-21,0.153,Sparse
NDVI06060,19.862311,74.506875,2016-11-16,0.621,Healthy
NDVI06061,19.834218,74.398145,2020-03-16,-0.074,Bare/Water
NDVI06062,19.853338,74.467407,2021-03-12,-0.308,Bare/Water
NDVI06063,19.878505,74.374848,2017-03-26,-0.149,Bare/Water
NDVI06064,19.933733,74.575107,2025-03-12,-0.113,Bare/Water
NDVI06065,19.851583,74.393751,2025-08-01,0.528,Healthy
NDVI06066,19.817824,74.544551,2024-05-07,0.183,Sparse
NDVI06067,19.94372,74.571373,2022-07-13,0.598,Healthy
NDVI06068,19.855888,74.386693,2023-02-23,-0.11,Bare/Water
NDVI06069,19.904695,74.505716,2017-09-29,0.329,Moderate
NDVI06070,19.838561,74.470726,2023-03-03,-0.223,Bare/Water
NDVI06071,19.865987,74.54272,2017-01-03,0.19,Sparse
NDVI06072,19.822514,74.491617,2022-12-12,0.094,Bare/Water
NDVI06073,19.834641,74.435889,2017-06-07,0.462,Moderate
NDVI06074,19.889711,74.393893,2021-01-29,-0.217,Bare/Water
NDVI06075,19.916346,74.376308,2025-12-23,0.201,Sparse
NDVI06076,19.806129,74.527034,2020-06-02,0.267,Sparse
NDVI06077,19.80909,74.354726,2019-09-21,0.483,Moderate
NDVI06078,19.948575,74.353566,2017-04-19,0.118,Sparse
NDVI06079,19.808427,74.582185,2016-10-15,0.392,Moderate
NDVI06080,19.813208,74.507266,2024-04-09,-0.02,Bare/Water
NDVI06081,19.859115,74.563381,2026-05-07,0.103,Sparse
NDVI06082,19.85946,74.476688,2018-05-01,0.066,Bare/Water
NDVI06083,19.863402,74.495841,2019-04-22,-0.014,Bare/Water
NDVI06084,19.864709,74.36529,2021-10-05,0.323,Moderate
NDVI06085,19.865839,74.396789,2021-11-06,0.297,Sparse
NDVI06086,19.884655,74.475207,2025-09-21,0.631,Healthy
NDVI06087,19.876353,74.528638,2025-03-04,-0.003,Bare/Water
NDVI06088,19.833435,74.432923,2020-05-20,-0.002,Bare/Water
NDVI06089,19.806367,74.478169,2025-06-29,0.351,Moderate
NDVI06090,19.81823,74.476998,2024-11-10,0.395,Moderate
NDVI06091,19.846615,74.446148,2023-09-01,0.435,Moderate
NDVI06092,19.801406,74.364491,2023-05-13,-0.071,Bare/Water
NDVI06093,19.92985,74.562247,2024-08-20,0.759,Very Healthy
NDVI06094,19.911401,74.438067,2021-12-17,0.287,Sparse
NDVI06095,19.882264,74.508206,2020-06-03,0.382,Moderate
NDVI06096,19.861534,74.584561,2021-12-14,0.019,Bare/Water
NDVI06097,19.819539,74.392326,2025-07-23,0.642,Healthy
NDVI06098,19.873418,74.436176,2018-01-08,0.087,Bare/Water
NDVI06099,19.890421,74.420707,2017-12-31,0.064,Bare/Water
NDVI06100,19.846042,74.55569,2026-05-13,0.425,Moderate
NDVI06101,19.897047,74.368428,2024-02-28,-0.066,Bare/Water
NDVI06102,19.806417,74.448302,2021-03-23,-0.079,Bare/Water
NDVI06103,19.891158,74.575846,2017-02-16,-0.188,Bare/Water
NDVI06104,19.866455,74.362968,2017-12-21,0.024,Bare/Water
NDVI06105,19.871336,74.554987,2018-05-12,0.203,Sparse
NDVI06106,19.827944,74.40249,2021-04-17,0.0,Bare/Water
NDVI06107,19.847036,74.503415,2024-06-06,0.406,Moderate
NDVI06108,19.86745,74.435919,2020-07-29,0.699,Healthy
NDVI06109,19.812496,74.387393,2021-02-11,0.126,Sparse
NDVI06110,19.87819,74.45997,2020-11-03,0.489,Moderate
NDVI06111,19.804007,74.374058,2025-07-13,0.452,Moderate
NDVI06112,19.830916,74.434846,2025-12-31,-0.024,Bare/Water
NDVI06113,19.882686,74.560954,2024-03-21,-0.261,Bare/Water
NDVI06114,19.947529,74.436011,2024-08-28,0.736,Very Healthy
NDVI06115,19.845903,74.455918,2019-07-09,0.624,Healthy
NDVI06116,19.907565,74.482289,2024-01-14,0.169,Sparse
NDVI06117,19.862616,74.505446,2021-02-12,0.004,Bare/Water
NDVI06118,19.914521,74.441524,2021-06-19,0.201,Sparse
NDVI06119,19.830409,74.36528,2024-08-22,0.692,Healthy
NDVI06120,19.824787,74.464896,2023-09-20,0.629,Healthy
NDVI06121,19.807185,74.577493,2018-05-24,0.219,Sparse
NDVI06122,19.945524,74.39652,2023-08-19,0.638,Healthy
NDVI06123,19.887872,74.504998,2022-08-06,0.503,Healthy
NDVI06124,19.907333,74.377786,2025-12-20,0.216,Sparse
NDVI06125,19.905356,74.591812,2025-01-05,0.037,Bare/Water
NDVI06126,19.834669,74.504803,2024-03-22,0.06,Bare/Water
NDVI06127,19.80342,74.506028,2018-11-11,0.26,Sparse
NDVI06128,19.801156,74.576641,2025-01-23,0.204,Sparse
NDVI06129,19.807003,74.478402,2017-11-07,0.209,Sparse
NDVI06130,19.818811,74.417851,2016-10-19,0.398,Moderate
NDVI06131,19.924486,74.51337,2021-08-08,0.512,Healthy
NDVI06132,19.949828,74.388515,2017-10-22,0.556,Healthy
NDVI06133,19.834433,74.459585,2026-05-09,-0.002,Bare/Water
NDVI06134,19.843438,74.489213,2021-07-24,0.532,Healthy
NDVI06135,19.808635,74.440146,2020-08-24,0.799,Very Healthy
NDVI06136,19.86689,74.350675,2019-09-05,0.685,Healthy
NDVI06137,19.823466,74.538295,2026-07-06,0.53,Healthy
NDVI06138,19.897266,74.530853,2017-10-01,0.608,Healthy
NDVI06139,19.894745,74.47582,2019-02-11,-0.107,Bare/Water
NDVI06140,19.82603,74.362139,2019-05-27,0.041,Bare/Water
NDVI06141,19.917022,74.501376,2018-04-23,-0.069,Bare/Water
NDVI06142,19.902139,74.46472,2026-03-08,-0.14,Bare/Water
NDVI06143,19.826842,74.381625,2023-09-19,0.591,Healthy
NDVI06144,19.944917,74.45999,2019-01-11,0.214,Sparse
NDVI06145,19.913068,74.449795,2024-11-24,0.106,Sparse
NDVI06146,19.848259,74.353641,2019-08-10,0.763,Very Healthy
NDVI06147,19.859851,74.554621,2023-08-31,0.647,Healthy
NDVI06148,19.830506,74.38136,2019-12-16,0.145,Sparse
NDVI06149,19.923041,74.537945,2024-01-26,-0.072,Bare/Water
NDVI06150,19.827138,74.535757,2023-05-23,0.301,Moderate
NDVI06151,19.833663,74.549763,2020-03-12,0.066,Bare/Water
NDVI06152,19.846537,74.527568,2022-04-18,0.09,Bare/Water
NDVI06153,19.83167,74.527616,2017-01-28,0.008,Bare/Water
NDVI06154,19.827802,74.414241,2025-02-05,-0.309,Bare/Water
NDVI06155,19.925863,74.459768,2026-06-03,0.265,Sparse
NDVI06156,19.940701,74.429762,2018-06-17,0.444,Moderate
NDVI06157,19.898251,74.369997,2021-01-06,-0.109,Bare/Water
NDVI06158,19.840074,74.483491,2026-07-14,0.393,Moderate
NDVI06159,19.844523,74.392363,2022-01-12,0.049,Bare/Water
NDVI06160,19.813239,74.365274,2017-02-25,-0.031,Bare/Water
NDVI06161,19.923874,74.521894,2020-11-04,0.21,Sparse
NDVI06162,19.924116,74.455051,2019-11-04,0.42,Moderate
NDVI06163,19.883777,74.58161,2019-09-02,0.521,Healthy
NDVI06164,19.865183,74.520809,2019-09-07,0.518,Healthy
NDVI06165,19.919117,74.432143,2022-01-04,0.145,Sparse
NDVI06166,19.805146,74.402703,2025-05-08,0.164,Sparse
NDVI06167,19.928827,74.385707,2022-11-12,0.327,Moderate
NDVI06168,19.939059,74.462455,2026-03-29,-0.23,Bare/Water
NDVI06169,19.831556,74.531889,2020-09-24,0.545,Healthy
NDVI06170,19.85721,74.395379,2025-08-26,0.397,Moderate
NDVI06171,19.899306,74.469343,2024-12-10,0.207,Sparse
NDVI06172,19.91472,74.376357,2020-08-16,0.61,Healthy
NDVI06173,19.904886,74.564205,2020-09-02,0.422,Moderate
NDVI06174,19.923086,74.523687,2020-08-28,0.639,Healthy
NDVI06175,19.867601,74.482531,2017-12-16,0.223,Sparse
NDVI06176,19.878929,74.529801,2021-05-10,0.129,Sparse
NDVI06177,19.855023,74.56492,2018-07-19,0.627,Healthy
NDVI06178,19.883417,74.35345,2023-03-16,-0.097,Bare/Water
NDVI06179,19.811546,74.473249,2017-09-08,0.72,Very Healthy
NDVI06180,19.945305,74.47644,2017-06-23,0.305,Moderate
NDVI06181,19.914084,74.571417,2017-02-09,0.017,Bare/Water
NDVI06182,19.856563,74.370568,2018-09-15,0.664,Healthy
NDVI06183,19.827551,74.378016,2024-03-21,0.11,Sparse
NDVI06184,19.91817,74.504861,2020-01-22,0.072,Bare/Water
NDVI06185,19.906524,74.518047,2025-08-24,0.65,Healthy
NDVI06186,19.828594,74.588695,2025-06-30,0.476,Moderate
NDVI06187,19.949864,74.405032,2017-10-10,0.39,Moderate
NDVI06188,19.932882,74.577806,2024-12-20,0.198,Sparse
NDVI06189,19.810456,74.375137,2021-05-12,0.464,Moderate
NDVI06190,19.817654,74.464615,2018-08-13,0.621,Healthy
NDVI06191,19.900921,74.549683,2019-10-11,0.546,Healthy
NDVI06192,19.880563,74.380392,2018-04-24,0.191,Sparse
NDVI06193,19.947331,74.500207,2023-07-22,0.297,Sparse
NDVI06194,19.897244,74.479952,2021-01-20,-0.266,Bare/Water
NDVI06195,19.862979,74.58485,2025-05-27,0.26,Sparse
NDVI06196,19.936668,74.575972,2018-08-24,0.43,Moderate
NDVI06197,19.83954,74.372421,2026-07-22,0.461,Moderate
NDVI06198,19.892741,74.549709,2018-06-04,0.219,Sparse
NDVI06199,19.84578,74.444854,2020-05-17,0.246,Sparse
NDVI06200,19.816231,74.555046,2022-08-03,0.525,Healthy
NDVI06201,19.912709,74.377217,2020-05-14,-0.024,Bare/Water
NDVI06202,19.831323,74.423771,2020-05-08,0.023,Bare/Water
NDVI06203,19.853683,74.415186,2018-10-24,0.501,Healthy
NDVI06204,19.841328,74.391385,2018-02-06,-0.103,Bare/Water
NDVI06205,19.828272,74.463353,2021-12-15,0.135,Sparse
NDVI06206,19.845627,74.369997,2017-05-20,-0.041,Bare/Water
NDVI06207,19.940007,74.554218,2023-10-02,0.57,Healthy
NDVI06208,19.900383,74.534015,2020-08-05,0.585,Healthy
NDVI06209,19.939112,74.412457,2025-10-08,0.333,Moderate
NDVI06210,19.944813,74.573357,2020-02-21,-0.325,Bare/Water
NDVI06211,19.888094,74.416647,2024-03-26,-0.091,Bare/Water
NDVI06212,19.825481,74.413126,2017-09-14,0.728,Very Healthy
NDVI06213,19.92306,74.375882,2022-01-29,-0.087,Bare/Water
NDVI06214,19.850166,74.479387,2022-08-01,0.563,Healthy
NDVI06215,19.833073,74.493476,2025-07-15,0.582,Healthy
NDVI06216,19.878056,74.566923,2025-09-25,0.417,Moderate
NDVI06217,19.806958,74.452001,2016-10-17,0.536,Healthy
NDVI06218,19.920123,74.466697,2025-09-04,0.591,Healthy
NDVI06219,19.829253,74.456544,2026-04-14,0.071,Bare/Water
NDVI06220,19.833878,74.406568,2019-06-17,0.337,Moderate
NDVI06221,19.849367,74.510469,2016-11-02,0.443,Moderate
NDVI06222,19.904889,74.575881,2016-12-22,0.256,Sparse
NDVI06223,19.842597,74.481629,2025-06-06,0.182,Sparse
NDVI06224,19.838513,74.435766,2018-12-07,0.171,Sparse
NDVI06225,19.8748,74.440556,2023-07-31,0.451,Moderate
NDVI06226,19.886749,74.538477,2019-06-12,0.334,Moderate
NDVI06227,19.808198,74.504226,2024-03-28,0.108,Sparse
NDVI06228,19.858412,74.597333,2023-12-16,0.008,Bare/Water
NDVI06229,19.841908,74.590623,2018-01-16,-0.134,Bare/Water
NDVI06230,19.910263,74.465426,2021-08-19,0.534,Healthy
NDVI06231,19.873133,74.430654,2018-12-11,0.267,Sparse
NDVI06232,19.819354,74.392526,2018-10-06,0.596,Healthy
NDVI06233,19.803163,74.452892,2021-01-17,0.035,Bare/Water
NDVI06234,19.910043,74.438056,2025-10-22,0.423,Moderate
NDVI06235,19.916942,74.440938,2023-09-24,0.661,Healthy
NDVI06236,19.823415,74.417826,2024-04-05,-0.061,Bare/Water
NDVI06237,19.818473,74.518549,2019-04-10,-0.1,Bare/Water
NDVI06238,19.812255,74.457512,2025-10-09,0.319,Moderate
NDVI06239,19.816664,74.59203,2018-10-10,0.407,Moderate
NDVI06240,19.918189,74.518561,2016-09-24,0.653,Healthy
NDVI06241,19.833948,74.519636,2026-06-10,0.177,Sparse
NDVI06242,19.914451,74.370077,2018-01-21,-0.004,Bare/Water
NDVI06243,19.845197,74.593338,2018-03-21,-0.038,Bare/Water
NDVI06244,19.827557,74.417412,2022-03-20,-0.216,Bare/Water
NDVI06245,19.863394,74.429363,2019-07-20,0.534,Healthy
NDVI06246,19.82358,74.52809,2024-05-12,0.061,Bare/Water
NDVI06247,19.812113,74.458478,2023-09-07,0.69,Healthy
NDVI06248,19.922045,74.363611,2017-02-21,-0.348,Bare/Water
NDVI06249,19.939032,74.569266,2017-06-20,0.638,Healthy
NDVI06250,19.809298,74.36885,2017-10-20,0.377,Moderate
NDVI06251,19.922903,74.56995,2019-07-21,0.465,Moderate
NDVI06252,19.8351,74.373216,2026-01-24,0.037,Bare/Water
NDVI06253,19.877272,74.53842,2018-10-02,0.545,Healthy
NDVI06254,19.907368,74.577189,2023-09-05,0.638,Healthy
NDVI06255,19.81237,74.561472,2017-11-08,0.351,Moderate
NDVI06256,19.869723,74.418904,2018-04-12,0.356,Moderate
NDVI06257,19.81063,74.456831,2025-06-28,0.385,Moderate
NDVI06258,19.887273,74.484518,2023-07-28,0.635,Healthy
NDVI06259,19.811726,74.407401,2018-09-17,0.603,Healthy
NDVI06260,19.833385,74.426,2025-03-25,-0.168,Bare/Water
NDVI06261,19.845454,74.556786,2019-12-03,0.322,Moderate
NDVI06262,19.826996,74.36909,2020-07-17,0.361,Moderate
NDVI06263,19.873239,74.377597,2020-03-07,-0.06,Bare/Water
NDVI06264,19.91874,74.55342,2026-03-19,-0.064,Bare/Water
NDVI06265,19.856186,74.558474,2026-05-30,0.454,Moderate
NDVI06266,19.86603,74.592553,2025-11-21,0.179,Sparse
NDVI06267,19.84354,74.42819,2017-11-21,0.203,Sparse
NDVI06268,19.825973,74.539441,2021-01-15,-0.095,Bare/Water
NDVI06269,19.926667,74.427959,2026-07-03,0.432,Moderate
NDVI06270,19.802498,74.478251,2021-07-18,0.705,Very Healthy
NDVI06271,19.836483,74.503022,2018-02-06,0.103,Sparse
NDVI06272,19.944608,74.489987,2018-04-26,0.134,Sparse
NDVI06273,19.91719,74.392349,2022-07-13,0.466,Moderate
NDVI06274,19.82277,74.563257,2022-10-19,0.573,Healthy
NDVI06275,19.839386,74.363856,2026-01-17,-0.018,Bare/Water
NDVI06276,19.831518,74.453446,2026-05-12,0.2,Sparse
NDVI06277,19.899439,74.413651,2026-07-09,0.507,Healthy
NDVI06278,19.831909,74.52391,2021-10-24,0.386,Moderate
NDVI06279,19.867532,74.384242,2018-01-17,-0.3,Bare/Water
NDVI06280,19.806296,74.531715,2024-07-11,0.436,Moderate
NDVI06281,19.888414,74.371506,2021-08-09,0.496,Moderate
NDVI06282,19.803234,74.557064,2025-08-14,0.586,Healthy
NDVI06283,19.809821,74.468777,2020-09-30,0.577,Healthy
NDVI06284,19.888027,74.434671,2017-04-28,-0.074,Bare/Water
NDVI06285,19.906571,74.579519,2019-12-26,0.191,Sparse
NDVI06286,19.928266,74.498761,2025-04-27,0.036,Bare/Water
NDVI06287,19.904836,74.495666,2016-10-11,0.587,Healthy
NDVI06288,19.823297,74.538602,2017-10-20,0.606,Healthy
NDVI06289,19.804891,74.421195,2022-01-08,-0.087,Bare/Water
NDVI06290,19.847716,74.410252,2021-08-28,0.855,Very Healthy
NDVI06291,19.81826,74.416184,2025-07-02,0.187,Sparse
NDVI06292,19.873158,74.405421,2022-03-07,-0.269,Bare/Water
NDVI06293,19.869375,74.383704,2018-10-11,0.409,Moderate
NDVI06294,19.895741,74.553284,2023-03-01,-0.096,Bare/Water
NDVI06295,19.867916,74.37993,2017-01-23,0.041,Bare/Water
NDVI06296,19.817227,74.514208,2020-07-15,0.442,Moderate
NDVI06297,19.81483,74.49687,2018-07-08,0.475,Moderate
NDVI06298,19.887288,74.379084,2017-09-11,0.658,Healthy
NDVI06299,19.918353,74.399731,2024-05-08,0.077,Bare/Water
NDVI06300,19.945527,74.512697,2026-01-17,-0.141,Bare/Water
NDVI06301,19.813082,74.483068,2022-03-30,-0.102,Bare/Water
NDVI06302,19.818969,74.49845,2018-05-19,0.088,Bare/Water
NDVI06303,19.867105,74.556936,2021-09-21,0.627,Healthy
NDVI06304,19.916453,74.44304,2019-08-29,0.608,Healthy
NDVI06305,19.934447,74.462871,2017-05-05,0.2,Sparse
NDVI06306,19.937731,74.45032,2025-10-06,0.605,Healthy
NDVI06307,19.819558,74.406548,2019-11-02,0.647,Healthy
NDVI06308,19.849455,74.560114,2023-10-03,0.281,Sparse
NDVI06309,19.809841,74.530533,2026-03-22,0.045,Bare/Water
NDVI06310,19.865178,74.358125,2023-08-31,0.513,Healthy
NDVI06311,19.828728,74.378112,2017-11-05,0.312,Moderate
NDVI06312,19.932783,74.47586,2024-09-19,0.542,Healthy
NDVI06313,19.845974,74.463684,2019-11-22,0.328,Moderate
NDVI06314,19.880722,74.491163,2022-03-16,-0.073,Bare/Water
NDVI06315,19.94676,74.475061,2023-06-08,0.339,Moderate
NDVI06316,19.934338,74.491041,2019-09-01,0.398,Moderate
NDVI06317,19.949331,74.528542,2022-07-12,0.364,Moderate
NDVI06318,19.881634,74.551066,2026-03-31,0.073,Bare/Water
NDVI06319,19.827422,74.412986,2025-03-16,-0.222,Bare/Water
NDVI06320,19.907626,74.466042,2026-06-15,0.291,Sparse
NDVI06321,19.935451,74.559762,2019-11-03,0.458,Moderate
NDVI06322,19.911389,74.588751,2016-12-06,0.031,Bare/Water
NDVI06323,19.916339,74.534302,2024-07-17,0.556,Healthy
NDVI06324,19.801147,74.566306,2019-08-15,0.681,Healthy
NDVI06325,19.930036,74.363453,2023-12-03,0.311,Moderate
NDVI06326,19.873565,74.409041,2026-06-28,0.53,Healthy
NDVI06327,19.845817,74.375331,2026-04-22,-0.276,Bare/Water
NDVI06328,19.85369,74.557491,2021-06-16,0.384,Moderate
NDVI06329,19.893501,74.476994,2025-05-31,0.551,Healthy
NDVI06330,19.842501,74.520939,2022-05-30,0.231,Sparse
NDVI06331,19.81823,74.470055,2024-09-21,0.584,Healthy
NDVI06332,19.925568,74.38604,2021-01-27,-0.117,Bare/Water
NDVI06333,19.878242,74.54325,2021-11-16,0.138,Sparse
NDVI06334,19.873134,74.571867,2021-05-28,0.326,Moderate
NDVI06335,19.841228,74.395781,2018-07-01,0.281,Sparse
NDVI06336,19.807995,74.489507,2023-06-19,0.344,Moderate
NDVI06337,19.809379,74.470456,2022-10-28,0.467,Moderate
NDVI06338,19.860944,74.484749,2019-10-10,0.635,Healthy
NDVI06339,19.932963,74.552928,2026-03-04,0.151,Sparse
NDVI06340,19.941873,74.358905,2024-08-29,0.676,Healthy
NDVI06341,19.94158,74.448019,2020-11-19,0.259,Sparse
NDVI06342,19.910182,74.376551,2025-08-16,0.308,Moderate
NDVI06343,19.888165,74.454834,2022-11-13,0.379,Moderate
NDVI06344,19.846307,74.521686,2024-12-16,0.069,Bare/Water
NDVI06345,19.843178,74.531732,2019-12-23,0.006,Bare/Water
NDVI06346,19.936284,74.509661,2018-02-12,-0.082,Bare/Water
NDVI06347,19.887853,74.490457,2018-03-22,0.021,Bare/Water
NDVI06348,19.926847,74.412488,2021-07-11,0.619,Healthy
NDVI06349,19.913277,74.428088,2021-11-12,0.231,Sparse
NDVI06350,19.948487,74.497718,2020-02-29,-0.078,Bare/Water
NDVI06351,19.906826,74.571675,2026-05-05,0.249,Sparse
NDVI06352,19.873223,74.513618,2019-07-02,0.535,Healthy
NDVI06353,19.841171,74.53717,2021-04-05,-0.116,Bare/Water
NDVI06354,19.812679,74.395589,2021-06-30,0.367,Moderate
NDVI06355,19.948968,74.559336,2018-12-31,0.094,Bare/Water
NDVI06356,19.942802,74.403461,2021-07-31,0.726,Very Healthy
NDVI06357,19.94644,74.53551,2026-06-13,0.427,Moderate
NDVI06358,19.937912,74.466537,2017-09-11,0.874,Very Healthy
NDVI06359,19.867836,74.484768,2022-11-08,0.335,Moderate
NDVI06360,19.858505,74.583746,2023-12-13,0.27,Sparse
NDVI06361,19.889295,74.583372,2026-06-29,0.314,Moderate
NDVI06362,19.820774,74.589172,2021-10-06,0.497,Moderate
NDVI06363,19.816717,74.37589,2022-10-03,0.5,Healthy
NDVI06364,19.868007,74.520947,2019-06-07,0.285,Sparse
NDVI06365,19.885972,74.373543,2021-09-23,0.854,Very Healthy
NDVI06366,19.887744,74.505649,2019-02-25,-0.111,Bare/Water
NDVI06367,19.914944,74.529694,2025-01-06,-0.035,Bare/Water
NDVI06368,19.831572,74.360282,2018-12-04,-0.028,Bare/Water
NDVI06369,19.848163,74.37494,2020-04-21,0.005,Bare/Water
NDVI06370,19.859253,74.569578,2022-08-26,0.487,Moderate
NDVI06371,19.887676,74.563149,2017-01-08,0.401,Moderate
NDVI06372,19.940474,74.502358,2024-08-06,0.52,Healthy
NDVI06373,19.813173,74.529801,2020-11-03,0.374,Moderate
NDVI06374,19.914878,74.544754,2026-05-31,0.156,Sparse
NDVI06375,19.853015,74.572461,2024-09-05,0.512,Healthy
NDVI06376,19.833676,74.505942,2022-11-03,0.688,Healthy
NDVI06377,19.803255,74.400671,2018-10-14,0.576,Healthy
NDVI06378,19.817127,74.46838,2020-11-13,0.225,Sparse
NDVI06379,19.812652,74.433431,2017-10-26,0.591,Healthy
NDVI06380,19.906727,74.488199,2020-06-21,0.208,Sparse
NDVI06381,19.928123,74.466383,2024-03-10,-0.024,Bare/Water
NDVI06382,19.803416,74.435536,2023-06-16,0.267,Sparse
NDVI06383,19.805981,74.436885,2017-03-11,-0.034,Bare/Water
NDVI06384,19.858498,74.552626,2026-07-02,0.341,Moderate
NDVI06385,19.905512,74.570872,2019-01-13,0.108,Sparse
NDVI06386,19.927047,74.45369,2017-03-15,0.078,Bare/Water
NDVI06387,19.936848,74.565761,2018-06-21,0.316,Moderate
NDVI06388,19.839034,74.496109,2025-12-25,0.029,Bare/Water
NDVI06389,19.924617,74.537434,2017-07-23,0.495,Moderate
NDVI06390,19.82626,74.400844,2026-01-22,-0.142,Bare/Water
NDVI06391,19.892623,74.520112,2018-10-04,0.302,Moderate
NDVI06392,19.838612,74.553941,2019-05-16,0.001,Bare/Water
NDVI06393,19.85591,74.448907,2019-03-23,0.11,Sparse
NDVI06394,19.944581,74.409237,2019-06-27,0.29,Sparse
NDVI06395,19.889784,74.531086,2020-08-13,0.656,Healthy
NDVI06396,19.866951,74.558119,2021-10-17,0.666,Healthy
NDVI06397,19.919883,74.482115,2020-04-17,-0.113,Bare/Water
NDVI06398,19.858672,74.436731,2019-02-18,-0.12,Bare/Water
NDVI06399,19.908026,74.452761,2017-02-01,0.01,Bare/Water
NDVI06400,19.897191,74.478768,2025-12-28,0.031,Bare/Water
NDVI06401,19.851422,74.585003,2019-07-06,0.26,Sparse
NDVI06402,19.893147,74.499758,2018-08-21,0.514,Healthy
NDVI06403,19.856785,74.397628,2022-05-24,0.131,Sparse
NDVI06404,19.818918,74.458506,2020-09-04,0.608,Healthy
NDVI06405,19.927768,74.354126,2025-08-31,0.594,Healthy
NDVI06406,19.898945,74.482023,2021-08-24,0.741,Very Healthy
NDVI06407,19.900905,74.386408,2024-09-24,0.613,Healthy
NDVI06408,19.935532,74.454702,2018-07-29,0.253,Sparse
NDVI06409,19.831007,74.537695,2024-09-03,0.69,Healthy
NDVI06410,19.906989,74.39478,2024-06-11,0.264,Sparse
NDVI06411,19.810211,74.354306,2020-01-08,-0.051,Bare/Water
NDVI06412,19.892456,74.357188,2017-07-27,0.651,Healthy
NDVI06413,19.88216,74.419525,2020-12-01,0.33,Moderate
NDVI06414,19.849445,74.36559,2018-11-17,0.345,Moderate
NDVI06415,19.820351,74.527845,2020-12-15,0.157,Sparse
NDVI06416,19.865054,74.414041,2026-01-04,-0.077,Bare/Water
NDVI06417,19.882139,74.369793,2024-10-21,0.379,Moderate
NDVI06418,19.897054,74.397918,2026-07-08,0.402,Moderate
NDVI06419,19.866751,74.497432,2018-01-13,0.07,Bare/Water
NDVI06420,19.872323,74.380799,2022-08-06,0.639,Healthy
NDVI06421,19.87095,74.568511,2017-10-15,0.575,Healthy
NDVI06422,19.896537,74.472999,2021-10-21,0.459,Moderate
NDVI06423,19.843931,74.530641,2020-09-30,0.339,Moderate
NDVI06424,19.891991,74.42508,2018-11-02,0.495,Moderate
NDVI06425,19.911633,74.52917,2018-12-03,0.075,Bare/Water
NDVI06426,19.856572,74.516639,2020-10-28,0.401,Moderate
NDVI06427,19.870948,74.367728,2017-10-26,0.352,Moderate
NDVI06428,19.829349,74.544065,2021-02-20,-0.072,Bare/Water
NDVI06429,19.922477,74.514206,2020-11-18,0.486,Moderate
NDVI06430,19.824053,74.417914,2020-06-14,0.35,Moderate
NDVI06431,19.877234,74.466959,2024-03-25,-0.04,Bare/Water
NDVI06432,19.847186,74.488299,2019-12-04,0.171,Sparse
NDVI06433,19.810359,74.459646,2024-06-08,0.265,Sparse
NDVI06434,19.853029,74.59298,2017-02-09,-0.124,Bare/Water
NDVI06435,19.814002,74.404212,2024-07-14,0.453,Moderate
NDVI06436,19.872547,74.39611,2021-05-22,0.137,Sparse
NDVI06437,19.824468,74.468278,2016-12-30,0.119,Sparse
NDVI06438,19.858136,74.486014,2019-07-21,0.463,Moderate
NDVI06439,19.897665,74.537988,2022-12-07,0.247,Sparse
NDVI06440,19.813617,74.517376,2020-04-03,0.094,Bare/Water
NDVI06441,19.864996,74.48853,2025-09-20,0.58,Healthy
NDVI06442,19.82744,74.581182,2018-06-19,0.366,Moderate
NDVI06443,19.867747,74.410829,2022-05-26,0.173,Sparse
NDVI06444,19.936752,74.552686,2018-08-01,0.476,Moderate
NDVI06445,19.848364,74.364258,2024-11-29,0.161,Sparse
NDVI06446,19.869085,74.491674,2022-09-09,0.654,Healthy
NDVI06447,19.850616,74.433425,2018-12-08,0.219,Sparse
NDVI06448,19.857155,74.466249,2022-05-05,0.207,Sparse
NDVI06449,19.812661,74.370226,2021-06-22,0.542,Healthy
NDVI06450,19.929001,74.492605,2021-10-06,0.608,Healthy
NDVI06451,19.897788,74.398566,2023-03-09,-0.154,Bare/Water
NDVI06452,19.842398,74.516941,2019-11-04,0.543,Healthy
NDVI06453,19.838498,74.403599,2016-12-13,0.36,Moderate
NDVI06454,19.832681,74.55225,2017-09-20,0.59,Healthy
NDVI06455,19.815558,74.359013,2026-01-16,0.098,Bare/Water
NDVI06456,19.835245,74.35012,2016-11-07,0.466,Moderate
NDVI06457,19.826807,74.520565,2023-02-07,-0.257,Bare/Water
NDVI06458,19.879391,74.463939,2025-12-04,0.158,Sparse
NDVI06459,19.913614,74.399014,2024-10-26,0.595,Healthy
NDVI06460,19.899264,74.544676,2020-02-26,-0.075,Bare/Water
NDVI06461,19.922678,74.534218,2019-07-06,0.497,Moderate
NDVI06462,19.804434,74.564823,2021-12-13,0.036,Bare/Water
NDVI06463,19.914139,74.56194,2025-09-29,0.519,Healthy
NDVI06464,19.852491,74.599495,2021-12-02,0.536,Healthy
NDVI06465,19.8952,74.598353,2019-08-01,0.487,Moderate
NDVI06466,19.911122,74.572038,2022-02-18,-0.088,Bare/Water
NDVI06467,19.841483,74.594409,2018-01-21,-0.136,Bare/Water
NDVI06468,19.807174,74.477917,2023-11-29,0.335,Moderate
NDVI06469,19.901839,74.379515,2024-03-25,-0.04,Bare/Water
NDVI06470,19.886805,74.374007,2023-09-01,0.543,Healthy
NDVI06471,19.829689,74.429348,2025-08-10,0.807,Very Healthy
NDVI06472,19.811053,74.495626,2024-01-19,0.123,Sparse
NDVI06473,19.904491,74.414193,2026-02-13,0.006,Bare/Water
NDVI06474,19.830709,74.594231,2023-07-02,0.485,Moderate
NDVI06475,19.836986,74.509095,2017-01-08,0.046,Bare/Water
NDVI06476,19.830282,74.489058,2018-09-24,0.818,Very Healthy
NDVI06477,19.816594,74.517817,2021-08-25,0.589,Healthy
NDVI06478,19.935463,74.534325,2023-10-25,0.563,Healthy
NDVI06479,19.918229,74.460982,2024-03-04,-0.155,Bare/Water
NDVI06480,19.883136,74.384781,2024-09-07,0.59,Healthy
NDVI06481,19.816964,74.594151,2016-12-03,0.175,Sparse
NDVI06482,19.81595,74.436777,2023-08-11,0.693,Healthy
NDVI06483,19.932275,74.523762,2018-03-20,-0.145,Bare/Water
NDVI06484,19.895084,74.396188,2024-08-26,0.613,Healthy
NDVI06485,19.81605,74.420131,2019-08-22,0.513,Healthy
NDVI06486,19.845753,74.386774,2026-05-23,0.202,Sparse
NDVI06487,19.90794,74.449217,2025-09-08,0.314,Moderate
NDVI06488,19.897163,74.52507,2024-01-15,0.011,Bare/Water
NDVI06489,19.835594,74.4419,2026-01-16,-0.127,Bare/Water
NDVI06490,19.945718,74.494877,2018-06-18,0.34,Moderate
NDVI06491,19.850698,74.470938,2021-04-29,0.164,Sparse
NDVI06492,19.898626,74.520907,2019-05-28,0.358,Moderate
NDVI06493,19.948056,74.462207,2021-05-10,-0.03,Bare/Water
NDVI06494,19.868382,74.589054,2023-02-18,-0.103,Bare/Water
NDVI06495,19.876582,74.533831,2021-04-17,-0.149,Bare/Water
NDVI06496,19.8264,74.592866,2019-01-07,-0.082,Bare/Water
NDVI06497,19.819511,74.529915,2024-08-13,0.451,Moderate
NDVI06498,19.830706,74.572288,2017-08-02,0.677,Healthy
NDVI06499,19.808096,74.553476,2025-12-29,-0.282,Bare/Water
NDVI06500,19.917665,74.442803,2021-10-14,0.49,Moderate
NDVI06501,19.883815,74.3924,2020-12-24,0.126,Sparse
NDVI06502,19.852176,74.432243,2018-08-28,0.818,Very Healthy
NDVI06503,19.830595,74.484255,2016-08-06,0.64,Healthy
NDVI06504,19.934539,74.575789,2024-12-17,0.021,Bare/Water
NDVI06505,19.85445,74.502922,2023-09-07,0.656,Healthy
NDVI06506,19.870188,74.577348,2023-08-27,0.595,Healthy
NDVI06507,19.858941,74.365912,2017-06-25,0.325,Moderate
NDVI06508,19.860309,74.35399,2019-01-06,0.028,Bare/Water
NDVI06509,19.921733,74.54653,2018-11-22,0.028,Bare/Water
NDVI06510,19.811179,74.594458,2022-01-31,0.053,Bare/Water
NDVI06511,19.908085,74.545437,2020-05-06,0.095,Bare/Water
NDVI06512,19.860635,74.551023,2026-07-17,0.615,Healthy
NDVI06513,19.829731,74.473097,2025-07-23,0.399,Moderate
NDVI06514,19.805966,74.530321,2017-06-15,0.302,Moderate
NDVI06515,19.882774,74.545744,2017-12-28,0.15,Sparse
NDVI06516,19.933811,74.455156,2020-11-20,0.49,Moderate
NDVI06517,19.867963,74.410022,2018-07-05,0.577,Healthy
NDVI06518,19.887447,74.597996,2018-11-15,0.314,Moderate
NDVI06519,19.869946,74.527067,2020-02-08,0.073,Bare/Water
NDVI06520,19.871216,74.375466,2019-05-18,0.081,Bare/Water
NDVI06521,19.915721,74.535874,2021-10-04,0.724,Very Healthy
NDVI06522,19.829265,74.39516,2021-05-02,0.14,Sparse
NDVI06523,19.912176,74.591851,2020-10-25,0.357,Moderate
NDVI06524,19.910842,74.502558,2023-09-29,0.436,Moderate
NDVI06525,19.893129,74.483676,2018-11-08,0.269,Sparse
NDVI06526,19.947404,74.379618,2026-05-01,0.051,Bare/Water
NDVI06527,19.907253,74.517894,2018-10-10,0.549,Healthy
NDVI06528,19.810729,74.528223,2025-12-17,0.228,Sparse
NDVI06529,19.907241,74.415134,2019-11-23,0.104,Sparse
NDVI06530,19.892041,74.530285,2022-03-06,-0.16,Bare/Water
NDVI06531,19.942721,74.441697,2024-02-01,0.073,Bare/Water
NDVI06532,19.809341,74.355624,2020-12-07,0.138,Sparse
NDVI06533,19.933471,74.400557,2018-01-05,0.031,Bare/Water
NDVI06534,19.832513,74.369724,2024-05-25,0.206,Sparse
NDVI06535,19.861195,74.423271,2017-05-28,0.349,Moderate
NDVI06536,19.837865,74.374381,2022-07-19,0.273,Sparse
NDVI06537,19.82391,74.483066,2019-05-17,0.359,Moderate
NDVI06538,19.910978,74.492693,2020-06-28,0.323,Moderate
NDVI06539,19.916458,74.371186,2023-06-09,0.127,Sparse
NDVI06540,19.940437,74.367109,2021-08-04,0.566,Healthy
NDVI06541,19.884666,74.390312,2023-02-25,-0.196,Bare/Water
NDVI06542,19.943244,74.424858,2019-10-01,0.478,Moderate
NDVI06543,19.831846,74.541972,2023-07-18,0.608,Healthy
NDVI06544,19.800737,74.45889,2024-04-09,-0.033,Bare/Water
NDVI06545,19.802684,74.357583,2019-09-28,0.449,Moderate
NDVI06546,19.813346,74.588381,2025-01-29,-0.1,Bare/Water
NDVI06547,19.820053,74.401458,2020-08-20,0.646,Healthy
NDVI06548,19.946067,74.478035,2022-03-20,0.129,Sparse
NDVI06549,19.876731,74.358839,2016-12-16,0.241,Sparse
NDVI06550,19.887083,74.502607,2019-12-03,0.416,Moderate
NDVI06551,19.935354,74.414182,2020-06-15,0.369,Moderate
NDVI06552,19.845981,74.497233,2024-04-29,0.308,Moderate
NDVI06553,19.930029,74.390183,2026-07-16,0.483,Moderate
NDVI06554,19.91024,74.381673,2018-05-02,0.427,Moderate
NDVI06555,19.906346,74.585411,2021-10-24,0.261,Sparse
NDVI06556,19.907369,74.40682,2023-07-07,0.401,Moderate
NDVI06557,19.92322,74.536288,2026-05-19,0.203,Sparse
NDVI06558,19.948119,74.383307,2021-10-10,0.443,Moderate
NDVI06559,19.884724,74.586873,2025-01-02,0.126,Sparse
NDVI06560,19.924415,74.408476,2017-06-09,0.288,Sparse
NDVI06561,19.883156,74.484189,2018-05-18,-0.017,Bare/Water
NDVI06562,19.949904,74.446951,2019-02-20,-0.091,Bare/Water
NDVI06563,19.9352,74.51595,2017-03-09,-0.275,Bare/Water
NDVI06564,19.843381,74.560455,2025-04-01,0.102,Sparse
NDVI06565,19.801286,74.597429,2022-11-10,0.452,Moderate
NDVI06566,19.831385,74.523621,2025-06-13,0.356,Moderate
NDVI06567,19.843917,74.533304,2022-11-25,0.167,Sparse
NDVI06568,19.888703,74.382742,2022-09-18,0.677,Healthy
NDVI06569,19.888482,74.444362,2021-03-28,-0.033,Bare/Water
NDVI06570,19.912015,74.431362,2024-08-07,0.592,Healthy
NDVI06571,19.8611,74.468436,2022-04-28,-0.042,Bare/Water
NDVI06572,19.92136,74.449797,2023-01-01,-0.052,Bare/Water
NDVI06573,19.887819,74.492814,2025-03-07,-0.156,Bare/Water
NDVI06574,19.900497,74.42877,2026-04-29,-0.051,Bare/Water
NDVI06575,19.935353,74.519795,2022-02-05,-0.001,Bare/Water
NDVI06576,19.941466,74.48073,2019-12-28,0.216,Sparse
NDVI06577,19.867403,74.58818,2018-01-04,0.026,Bare/Water
NDVI06578,19.906902,74.538137,2017-07-21,0.563,Healthy
NDVI06579,19.898221,74.385782,2025-04-05,-0.123,Bare/Water
NDVI06580,19.943653,74.513021,2019-08-31,0.559,Healthy
NDVI06581,19.914736,74.540944,2016-08-22,0.509,Healthy
NDVI06582,19.89074,74.548594,2021-04-13,-0.16,Bare/Water
NDVI06583,19.821819,74.592673,2022-05-09,0.139,Sparse
NDVI06584,19.868982,74.369298,2022-02-15,-0.098,Bare/Water
NDVI06585,19.803318,74.583061,2023-11-07,0.555,Healthy
NDVI06586,19.899858,74.457377,2018-07-27,0.507,Healthy
NDVI06587,19.850859,74.570694,2021-03-11,0.016,Bare/Water
NDVI06588,19.864253,74.560178,2021-06-26,0.302,Moderate
NDVI06589,19.892793,74.514002,2025-11-26,0.271,Sparse
NDVI06590,19.847926,74.530086,2021-05-06,-0.02,Bare/Water
NDVI06591,19.90131,74.412001,2025-02-25,-0.199,Bare/Water
NDVI06592,19.851848,74.387887,2022-05-16,0.269,Sparse
NDVI06593,19.850771,74.580041,2020-11-01,0.457,Moderate
NDVI06594,19.821426,74.433698,2023-06-26,0.41,Moderate
NDVI06595,19.814689,74.359772,2017-04-08,0.012,Bare/Water
NDVI06596,19.892229,74.594037,2025-11-04,0.425,Moderate
NDVI06597,19.902514,74.474475,2025-01-03,0.193,Sparse
NDVI06598,19.869384,74.564075,2017-11-08,0.329,Moderate
NDVI06599,19.92487,74.355559,2017-07-21,0.468,Moderate
NDVI06600,19.826261,74.394909,2025-03-31,-0.111,Bare/Water
NDVI06601,19.846803,74.373426,2025-12-18,0.165,Sparse
NDVI06602,19.804646,74.526946,2021-01-12,-0.025,Bare/Water
NDVI06603,19.883029,74.588565,2017-03-23,0.006,Bare/Water
NDVI06604,19.824317,74.413125,2024-01-10,0.162,Sparse
NDVI06605,19.904829,74.353619,2026-01-14,-0.055,Bare/Water
NDVI06606,19.90856,74.421378,2016-10-01,0.734,Very Healthy
NDVI06607,19.9229,74.370642,2023-04-07,-0.267,Bare/Water
NDVI06608,19.816767,74.355917,2020-08-24,0.715,Very Healthy
NDVI06609,19.894328,74.407504,2024-09-29,0.757,Very Healthy
NDVI06610,19.934059,74.476331,2017-09-19,0.617,Healthy
NDVI06611,19.843418,74.429098,2024-12-04,0.15,Sparse
NDVI06612,19.927508,74.579204,2020-04-15,0.06,Bare/Water
NDVI06613,19.928798,74.570052,2024-08-16,0.581,Healthy
NDVI06614,19.909193,74.457035,2021-09-17,0.449,Moderate
NDVI06615,19.856219,74.448891,2021-01-02,0.133,Sparse
NDVI06616,19.811528,74.536014,2023-08-22,0.644,Healthy
NDVI06617,19.811782,74.519846,2019-09-28,0.519,Healthy
NDVI06618,19.92883,74.432761,2026-04-08,0.016,Bare/Water
NDVI06619,19.903942,74.457558,2026-02-18,0.042,Bare/Water
NDVI06620,19.942814,74.528211,2020-06-19,0.47,Moderate
NDVI06621,19.804958,74.522342,2020-04-06,0.01,Bare/Water
NDVI06622,19.815404,74.497026,2023-12-23,0.114,Sparse
NDVI06623,19.839099,74.426346,2023-03-08,-0.064,Bare/Water
NDVI06624,19.825526,74.360665,2025-09-18,0.65,Healthy
NDVI06625,19.903606,74.376163,2025-06-23,0.394,Moderate
NDVI06626,19.875077,74.542811,2020-08-05,0.707,Very Healthy
NDVI06627,19.850351,74.422036,2019-12-20,0.219,Sparse
NDVI06628,19.887342,74.535752,2018-02-28,-0.282,Bare/Water
NDVI06629,19.825127,74.357732,2026-05-22,0.28,Sparse
NDVI06630,19.857924,74.485825,2021-03-28,-0.043,Bare/Water
NDVI06631,19.81777,74.379325,2023-12-26,0.154,Sparse
NDVI06632,19.859553,74.37826,2020-06-25,0.481,Moderate
NDVI06633,19.869467,74.45512,2026-04-08,-0.079,Bare/Water
NDVI06634,19.871257,74.53561,2019-08-31,0.557,Healthy
NDVI06635,19.803282,74.421023,2025-12-29,0.024,Bare/Water
NDVI06636,19.884436,74.363186,2020-10-25,0.359,Moderate
NDVI06637,19.903245,74.364256,2025-03-28,-0.067,Bare/Water
NDVI06638,19.940927,74.578498,2025-07-24,0.498,Moderate
NDVI06639,19.88617,74.564434,2016-10-19,0.536,Healthy
NDVI06640,19.839822,74.475902,2020-08-18,0.596,Healthy
NDVI06641,19.824942,74.478514,2018-05-05,-0.165,Bare/Water
NDVI06642,19.823626,74.51275,2024-11-14,0.238,Sparse
NDVI06643,19.89486,74.393688,2025-09-12,0.707,Very Healthy
NDVI06644,19.937596,74.560629,2017-06-13,0.368,Moderate
NDVI06645,19.846156,74.378466,2019-10-13,0.54,Healthy
NDVI06646,19.826347,74.597653,2022-08-16,0.568,Healthy
NDVI06647,19.857124,74.444763,2018-04-09,0.254,Sparse
NDVI06648,19.944898,74.493144,2019-11-25,0.116,Sparse
NDVI06649,19.830722,74.584247,2024-05-04,0.105,Sparse
NDVI06650,19.90332,74.511144,2016-09-19,0.579,Healthy
NDVI06651,19.917683,74.495788,2024-07-23,0.46,Moderate
NDVI06652,19.828546,74.352205,2017-02-10,-0.108,Bare/Water
NDVI06653,19.818707,74.478657,2019-05-21,0.126,Sparse
NDVI06654,19.928909,74.458513,2020-05-07,-0.013,Bare/Water
NDVI06655,19.944972,74.357214,2024-12-31,0.159,Sparse
NDVI06656,19.850431,74.580214,2024-07-03,0.395,Moderate
NDVI06657,19.945281,74.562143,2019-03-01,0.042,Bare/Water
NDVI06658,19.937629,74.477019,2021-05-25,0.278,Sparse
NDVI06659,19.852053,74.494114,2022-08-24,0.41,Moderate
NDVI06660,19.941207,74.460854,2026-04-04,0.118,Sparse
NDVI06661,19.885887,74.551508,2025-09-09,0.588,Healthy
NDVI06662,19.941037,74.5029,2022-01-02,0.013,Bare/Water
NDVI06663,19.818062,74.375837,2023-04-01,-0.071,Bare/Water
NDVI06664,19.857769,74.594144,2026-06-17,0.259,Sparse
NDVI06665,19.920864,74.570856,2020-02-16,-0.245,Bare/Water
NDVI06666,19.944137,74.379801,2016-08-25,0.684,Healthy
NDVI06667,19.801911,74.369167,2019-06-27,0.409,Moderate
NDVI06668,19.851348,74.587676,2018-09-25,0.49,Moderate
NDVI06669,19.835033,74.511421,2024-05-10,0.002,Bare/Water
NDVI06670,19.918377,74.482444,2016-12-27,0.086,Bare/Water
NDVI06671,19.943494,74.371349,2017-09-18,0.632,Healthy
NDVI06672,19.920281,74.536508,2021-10-03,0.603,Healthy
NDVI06673,19.847632,74.503782,2025-07-10,0.421,Moderate
NDVI06674,19.93339,74.530721,2023-06-08,0.215,Sparse
NDVI06675,19.914603,74.515399,2019-09-06,0.485,Moderate
NDVI06676,19.836764,74.441779,2026-01-16,-0.308,Bare/Water
NDVI06677,19.911586,74.476903,2016-10-15,0.343,Moderate
NDVI06678,19.817489,74.599634,2019-12-17,0.076,Bare/Water
NDVI06679,19.801157,74.593301,2025-11-13,0.367,Moderate
NDVI06680,19.857589,74.553057,2023-02-22,-0.084,Bare/Water
NDVI06681,19.819155,74.547848,2017-10-19,0.595,Healthy
NDVI06682,19.82664,74.575167,2025-12-01,0.146,Sparse
NDVI06683,19.854754,74.59824,2017-05-17,0.097,Bare/Water
NDVI06684,19.889118,74.534196,2021-09-01,0.495,Moderate
NDVI06685,19.863138,74.409256,2020-06-20,0.394,Moderate
NDVI06686,19.852929,74.365536,2026-05-17,-0.123,Bare/Water
NDVI06687,19.885137,74.377917,2021-10-18,0.265,Sparse
NDVI06688,19.884112,74.404808,2023-10-02,0.654,Healthy
NDVI06689,19.863362,74.503149,2024-02-24,-0.162,Bare/Water
NDVI06690,19.941331,74.426852,2019-11-12,0.124,Sparse
NDVI06691,19.875006,74.459704,2024-05-31,0.373,Moderate
NDVI06692,19.944379,74.41018,2022-11-01,0.389,Moderate
NDVI06693,19.933433,74.436976,2017-03-18,0.009,Bare/Water
NDVI06694,19.831971,74.391996,2017-09-18,0.608,Healthy
NDVI06695,19.846239,74.490196,2022-11-21,0.511,Healthy
NDVI06696,19.903448,74.477083,2018-09-22,0.572,Healthy
NDVI06697,19.876027,74.431278,2019-10-02,0.52,Healthy
NDVI06698,19.805543,74.367142,2020-04-25,-0.036,Bare/Water
NDVI06699,19.820411,74.380497,2021-12-14,0.211,Sparse
NDVI06700,19.861393,74.480341,2024-04-28,0.079,Bare/Water
NDVI06701,19.888891,74.416675,2023-04-25,0.107,Sparse
NDVI06702,19.813408,74.361978,2023-06-01,0.257,Sparse
NDVI06703,19.827213,74.377934,2022-10-16,0.595,Healthy
NDVI06704,19.919194,74.406024,2026-05-21,0.291,Sparse
NDVI06705,19.946543,74.501808,2020-09-26,0.518,Healthy
NDVI06706,19.912884,74.414847,2020-10-18,0.538,Healthy
NDVI06707,19.89093,74.552532,2018-08-24,0.544,Healthy
NDVI06708,19.844859,74.369692,2021-01-13,0.106,Sparse
NDVI06709,19.892572,74.518186,2021-11-14,0.405,Moderate
NDVI06710,19.901151,74.386355,2019-12-30,0.348,Moderate
NDVI06711,19.828824,74.587003,2020-11-25,0.06,Bare/Water
NDVI06712,19.89492,74.482767,2019-03-21,-0.311,Bare/Water
NDVI06713,19.945184,74.512136,2020-12-10,0.181,Sparse
NDVI06714,19.844072,74.556193,2017-11-09,0.27,Sparse
NDVI06715,19.833776,74.565289,2023-07-01,0.467,Moderate
NDVI06716,19.862905,74.452758,2017-12-05,0.074,Bare/Water
NDVI06717,19.82366,74.551579,2019-03-19,-0.043,Bare/Water
NDVI06718,19.81226,74.357526,2019-03-02,0.07,Bare/Water
NDVI06719,19.908994,74.48312,2017-01-25,0.016,Bare/Water
NDVI06720,19.942852,74.537805,2025-04-10,-0.037,Bare/Water
NDVI06721,19.820682,74.475785,2021-09-07,0.616,Healthy
NDVI06722,19.936112,74.526928,2018-12-20,0.233,Sparse
NDVI06723,19.893634,74.535411,2021-03-29,-0.219,Bare/Water
NDVI06724,19.811102,74.427977,2023-07-10,0.653,Healthy
NDVI06725,19.944082,74.554374,2022-02-26,-0.034,Bare/Water
NDVI06726,19.825102,74.440179,2025-12-02,0.106,Sparse
NDVI06727,19.912764,74.419529,2023-12-19,0.074,Bare/Water
NDVI06728,19.948514,74.51482,2022-01-30,-0.127,Bare/Water
NDVI06729,19.896263,74.403597,2019-11-14,0.094,Bare/Water
NDVI06730,19.8007,74.393888,2021-12-23,-0.046,Bare/Water
NDVI06731,19.807541,74.371451,2022-03-29,-0.185,Bare/Water
NDVI06732,19.875479,74.369495,2020-09-14,0.819,Very Healthy
NDVI06733,19.872994,74.378891,2018-10-27,0.411,Moderate
NDVI06734,19.944472,74.389141,2025-05-20,0.082,Bare/Water
NDVI06735,19.937193,74.577662,2017-12-01,0.195,Sparse
NDVI06736,19.888088,74.54449,2023-11-18,0.189,Sparse
NDVI06737,19.896543,74.351719,2025-08-17,0.564,Healthy
NDVI06738,19.828454,74.59959,2017-12-22,-0.097,Bare/Water
NDVI06739,19.873086,74.398889,2017-01-22,0.02,Bare/Water
NDVI06740,19.870453,74.430905,2017-08-08,0.603,Healthy
NDVI06741,19.842085,74.443278,2019-12-26,0.179,Sparse
NDVI06742,19.918358,74.397542,2023-01-30,-0.165,Bare/Water
NDVI06743,19.816987,74.585495,2024-12-04,0.253,Sparse
NDVI06744,19.920417,74.539075,2021-06-04,0.171,Sparse
NDVI06745,19.898498,74.535102,2016-11-09,0.137,Sparse
NDVI06746,19.866855,74.454422,2016-12-08,0.048,Bare/Water
NDVI06747,19.876789,74.434879,2024-10-01,0.633,Healthy
NDVI06748,19.805477,74.351678,2022-08-10,0.563,Healthy
NDVI06749,19.919664,74.427603,2025-05-13,0.283,Sparse
NDVI06750,19.927587,74.544131,2017-03-21,-0.142,Bare/Water
NDVI06751,19.922529,74.595851,2018-12-20,0.089,Bare/Water
NDVI06752,19.882666,74.599043,2021-04-09,-0.043,Bare/Water
NDVI06753,19.806815,74.508344,2016-09-15,0.487,Moderate
NDVI06754,19.842617,74.593008,2018-07-21,0.313,Moderate
NDVI06755,19.949726,74.467578,2026-04-23,0.048,Bare/Water
NDVI06756,19.888609,74.578584,2023-08-20,0.779,Very Healthy
NDVI06757,19.937608,74.413361,2023-01-19,-0.246,Bare/Water
NDVI06758,19.879707,74.435407,2016-09-11,0.644,Healthy
NDVI06759,19.932561,74.447543,2020-07-07,0.626,Healthy
NDVI06760,19.908202,74.35417,2018-04-01,-0.017,Bare/Water
NDVI06761,19.849674,74.533438,2023-01-20,-0.114,Bare/Water
NDVI06762,19.897669,74.494034,2024-10-17,0.397,Moderate
NDVI06763,19.942345,74.478698,2022-06-28,0.405,Moderate
NDVI06764,19.909288,74.58762,2021-08-15,0.72,Very Healthy
NDVI06765,19.919576,74.363878,2024-11-04,0.448,Moderate
NDVI06766,19.824859,74.492705,2018-07-28,0.563,Healthy
NDVI06767,19.862238,74.384245,2022-08-22,0.543,Healthy
NDVI06768,19.840409,74.479779,2017-01-06,0.07,Bare/Water
NDVI06769,19.82137,74.499323,2025-02-07,-0.043,Bare/Water
NDVI06770,19.94587,74.560514,2019-05-28,-0.084,Bare/Water
NDVI06771,19.831832,74.573428,2017-04-14,0.121,Sparse
NDVI06772,19.82343,74.553785,2021-08-20,0.6,Healthy
NDVI06773,19.831703,74.523006,2023-01-01,0.249,Sparse
NDVI06774,19.917316,74.375671,2021-03-20,-0.027,Bare/Water
NDVI06775,19.819981,74.499614,2024-03-18,-0.013,Bare/Water
NDVI06776,19.939672,74.378927,2020-01-13,-0.019,Bare/Water
NDVI06777,19.909781,74.510992,2023-08-18,0.607,Healthy
NDVI06778,19.85899,74.525224,2018-05-08,0.304,Moderate
NDVI06779,19.851176,74.522995,2016-10-02,0.594,Healthy
NDVI06780,19.850617,74.462987,2020-01-22,0.056,Bare/Water
NDVI06781,19.83372,74.529902,2024-05-01,-0.036,Bare/Water
NDVI06782,19.872448,74.457969,2022-06-11,0.263,Sparse
NDVI06783,19.812785,74.471216,2024-07-24,0.507,Healthy
NDVI06784,19.881643,74.421896,2016-09-24,0.611,Healthy
NDVI06785,19.876151,74.571943,2019-11-28,0.068,Bare/Water
NDVI06786,19.815456,74.589498,2018-06-12,0.074,Bare/Water
NDVI06787,19.838532,74.421388,2020-07-06,0.43,Moderate
NDVI06788,19.852546,74.376864,2016-09-14,0.52,Healthy
NDVI06789,19.926061,74.386983,2021-12-27,0.09,Bare/Water
NDVI06790,19.929424,74.424787,2017-03-31,-0.082,Bare/Water
NDVI06791,19.930875,74.496927,2023-07-06,0.389,Moderate
NDVI06792,19.826847,74.410919,2024-04-08,-0.186,Bare/Water
NDVI06793,19.855582,74.529291,2021-04-21,0.062,Bare/Water
NDVI06794,19.912083,74.476044,2018-04-04,-0.059,Bare/Water
NDVI06795,19.868427,74.555815,2017-06-13,0.464,Moderate
NDVI06796,19.926089,74.583398,2020-09-26,0.623,Healthy
NDVI06797,19.91667,74.49825,2023-12-25,0.288,Sparse
NDVI06798,19.862616,74.431282,2025-03-04,-0.004,Bare/Water
NDVI06799,19.819145,74.452995,2016-12-10,0.004,Bare/Water
NDVI06800,19.937323,74.522063,2024-08-30,0.438,Moderate
NDVI06801,19.91667,74.50548,2021-02-12,0.009,Bare/Water
NDVI06802,19.865178,74.358201,2017-02-22,-0.41,Bare/Water
NDVI06803,19.890634,74.353883,2023-08-29,0.71,Very Healthy
NDVI06804,19.923657,74.37205,2026-07-22,0.279,Sparse
NDVI06805,19.887266,74.351126,2026-05-28,0.103,Sparse
NDVI06806,19.938581,74.392478,2021-02-19,-0.122,Bare/Water
NDVI06807,19.853099,74.599334,2025-01-01,0.205,Sparse
NDVI06808,19.880388,74.354952,2022-11-24,0.272,Sparse
NDVI06809,19.83687,74.46347,2018-06-24,0.296,Sparse
NDVI06810,19.935793,74.390419,2019-09-01,0.642,Healthy
NDVI06811,19.921692,74.414271,2019-07-23,0.608,Healthy
NDVI06812,19.832107,74.383636,2024-06-08,0.287,Sparse
NDVI06813,19.869136,74.545702,2020-04-27,0.26,Sparse
NDVI06814,19.869196,74.429316,2023-01-18,-0.033,Bare/Water
NDVI06815,19.861335,74.397826,2018-06-13,0.455,Moderate
NDVI06816,19.827119,74.391886,2020-12-14,0.169,Sparse
NDVI06817,19.899845,74.556744,2025-10-27,0.465,Moderate
NDVI06818,19.914585,74.475799,2016-10-29,0.481,Moderate
NDVI06819,19.86337,74.479709,2020-02-23,-0.056,Bare/Water
NDVI06820,19.914789,74.387182,2022-11-24,0.107,Sparse
NDVI06821,19.83333,74.567085,2022-03-06,-0.053,Bare/Water
NDVI06822,19.843332,74.422243,2025-08-01,0.438,Moderate
NDVI06823,19.917277,74.498822,2016-12-26,0.095,Bare/Water
NDVI06824,19.890275,74.576082,2022-02-07,-0.094,Bare/Water
NDVI06825,19.891191,74.529445,2023-01-03,-0.087,Bare/Water
NDVI06826,19.931459,74.50018,2021-08-28,0.569,Healthy
NDVI06827,19.917757,74.403176,2019-08-06,0.67,Healthy
NDVI06828,19.91663,74.56913,2025-11-25,0.393,Moderate
NDVI06829,19.880395,74.407403,2022-12-18,0.108,Sparse
NDVI06830,19.806699,74.381298,2026-06-16,0.216,Sparse
NDVI06831,19.862023,74.589334,2025-02-25,-0.067,Bare/Water
NDVI06832,19.930916,74.370176,2019-02-14,-0.095,Bare/Water
NDVI06833,19.847129,74.363448,2021-07-27,0.342,Moderate
NDVI06834,19.904073,74.442835,2017-05-17,-0.051,Bare/Water
NDVI06835,19.919391,74.525815,2024-05-15,0.122,Sparse
NDVI06836,19.827768,74.456464,2019-12-06,0.236,Sparse
NDVI06837,19.906279,74.430437,2024-05-07,0.165,Sparse
NDVI06838,19.883894,74.483449,2023-03-13,-0.144,Bare/Water
NDVI06839,19.90859,74.520503,2025-01-27,-0.032,Bare/Water
NDVI06840,19.899966,74.567015,2025-12-09,0.309,Moderate
NDVI06841,19.948894,74.434566,2019-10-20,0.411,Moderate
NDVI06842,19.920726,74.418939,2024-08-18,0.811,Very Healthy
NDVI06843,19.928777,74.573387,2024-11-04,0.285,Sparse
NDVI06844,19.835606,74.525962,2026-07-01,0.529,Healthy
NDVI06845,19.830458,74.463047,2020-03-23,-0.158,Bare/Water
NDVI06846,19.929169,74.472601,2025-03-25,-0.181,Bare/Water
NDVI06847,19.940755,74.373296,2026-03-02,-0.075,Bare/Water
NDVI06848,19.825421,74.541132,2019-12-27,-0.112,Bare/Water
NDVI06849,19.821876,74.572554,2023-03-17,-0.094,Bare/Water
NDVI06850,19.81347,74.403341,2017-09-14,0.464,Moderate
NDVI06851,19.813019,74.489226,2020-02-28,-0.024,Bare/Water
NDVI06852,19.899497,74.573024,2017-10-22,0.714,Very Healthy
NDVI06853,19.916295,74.4643,2019-05-27,0.276,Sparse
NDVI06854,19.803555,74.53352,2023-06-15,0.332,Moderate
NDVI06855,19.88593,74.570303,2020-01-31,-0.244,Bare/Water
NDVI06856,19.911644,74.512561,2023-10-05,0.62,Healthy
NDVI06857,19.820667,74.379378,2020-07-25,0.338,Moderate
NDVI06858,19.861499,74.507419,2017-05-18,0.327,Moderate
NDVI06859,19.864189,74.488056,2020-10-02,0.382,Moderate
NDVI06860,19.806793,74.514917,2026-06-19,0.374,Moderate
NDVI06861,19.821189,74.414771,2020-12-11,-0.052,Bare/Water
NDVI06862,19.918908,74.45307,2023-12-03,0.007,Bare/Water
NDVI06863,19.824257,74.593597,2020-08-05,0.505,Healthy
NDVI06864,19.846343,74.592043,2025-10-01,0.586,Healthy
NDVI06865,19.904165,74.388988,2022-12-05,0.175,Sparse
NDVI06866,19.849573,74.4763,2017-04-07,-0.128,Bare/Water
NDVI06867,19.907953,74.498655,2022-12-16,0.067,Bare/Water
NDVI06868,19.945919,74.58592,2024-05-03,0.202,Sparse
NDVI06869,19.93033,74.405589,2018-10-15,0.41,Moderate
NDVI06870,19.836313,74.354098,2025-07-08,0.411,Moderate
NDVI06871,19.893665,74.459986,2022-09-23,0.509,Healthy
NDVI06872,19.934484,74.472179,2026-03-18,0.026,Bare/Water
NDVI06873,19.806633,74.573779,2025-08-16,0.578,Healthy
NDVI06874,19.893553,74.572399,2023-12-06,0.149,Sparse
NDVI06875,19.889455,74.421184,2018-04-12,0.153,Sparse
NDVI06876,19.90565,74.419754,2017-03-28,-0.122,Bare/Water
NDVI06877,19.942685,74.499697,2022-06-30,0.393,Moderate
NDVI06878,19.805179,74.437864,2021-02-20,-0.012,Bare/Water
NDVI06879,19.81681,74.461627,2023-10-06,0.524,Healthy
NDVI06880,19.923908,74.528733,2026-05-31,0.361,Moderate
NDVI06881,19.945902,74.374533,2018-09-14,0.499,Moderate
NDVI06882,19.833028,74.350444,2022-12-06,0.248,Sparse
NDVI06883,19.939886,74.396895,2022-04-08,-0.115,Bare/Water
NDVI06884,19.916887,74.490335,2020-07-07,0.489,Moderate
NDVI06885,19.904959,74.426789,2025-01-05,-0.025,Bare/Water
NDVI06886,19.902486,74.360423,2024-05-15,0.273,Sparse
NDVI06887,19.842199,74.42589,2020-09-28,0.492,Moderate
NDVI06888,19.918219,74.459991,2022-11-05,0.333,Moderate
NDVI06889,19.860582,74.425739,2023-05-19,0.127,Sparse
NDVI06890,19.904297,74.553908,2024-02-23,-0.071,Bare/Water
NDVI06891,19.941736,74.417594,2024-08-30,0.627,Healthy
NDVI06892,19.809861,74.558891,2019-10-14,0.263,Sparse
NDVI06893,19.930826,74.529069,2018-11-28,0.203,Sparse
NDVI06894,19.884858,74.442138,2020-04-17,-0.033,Bare/Water
NDVI06895,19.849648,74.438442,2024-03-14,0.03,Bare/Water
NDVI06896,19.80911,74.532639,2017-09-30,0.599,Healthy
NDVI06897,19.936808,74.476464,2025-06-19,0.266,Sparse
NDVI06898,19.806143,74.362849,2018-12-21,0.072,Bare/Water
NDVI06899,19.848148,74.373175,2022-02-09,-0.083,Bare/Water
NDVI06900,19.92037,74.422334,2024-11-20,0.295,Sparse
NDVI06901,19.84753,74.487202,2026-08-01,0.614,Healthy
NDVI06902,19.93184,74.368778,2023-08-02,0.527,Healthy
NDVI06903,19.940597,74.412158,2022-12-11,0.2,Sparse
NDVI06904,19.897742,74.509544,2018-08-14,0.466,Moderate
NDVI06905,19.800744,74.569824,2022-04-11,0.012,Bare/Water
NDVI06906,19.873915,74.474996,2023-04-27,0.099,Bare/Water
NDVI06907,19.848806,74.543918,2020-08-14,0.656,Healthy
NDVI06908,19.843571,74.533518,2024-02-01,-0.066,Bare/Water
NDVI06909,19.829235,74.490396,2017-03-17,-0.168,Bare/Water
NDVI06910,19.826178,74.484255,2017-08-26,0.951,Very Healthy
NDVI06911,19.860967,74.385089,2024-08-30,0.502,Healthy
NDVI06912,19.88277,74.412308,2021-11-13,0.478,Moderate
NDVI06913,19.876838,74.3682,2026-08-05,0.494,Moderate
NDVI06914,19.843188,74.373095,2021-01-16,0.05,Bare/Water
NDVI06915,19.917137,74.499202,2017-06-18,0.364,Moderate
NDVI06916,19.925042,74.373419,2019-08-20,0.545,Healthy
NDVI06917,19.893986,74.535491,2017-12-20,0.099,Bare/Water
NDVI06918,19.925365,74.58765,2025-11-07,0.295,Sparse
NDVI06919,19.811823,74.591309,2019-05-21,0.155,Sparse
NDVI06920,19.875265,74.481992,2021-12-12,0.055,Bare/Water
NDVI06921,19.8159,74.559586,2022-12-09,0.273,Sparse
NDVI06922,19.900064,74.469732,2021-07-29,0.586,Healthy
NDVI06923,19.827425,74.42805,2020-03-07,0.021,Bare/Water
NDVI06924,19.824794,74.36249,2025-01-28,-0.266,Bare/Water
NDVI06925,19.836279,74.384066,2022-04-01,-0.019,Bare/Water
NDVI06926,19.85048,74.561533,2017-10-23,0.378,Moderate
NDVI06927,19.861381,74.425961,2019-04-12,0.141,Sparse
NDVI06928,19.848291,74.577921,2023-03-11,0.0,Bare/Water
NDVI06929,19.846302,74.461718,2022-09-16,0.572,Healthy
NDVI06930,19.863378,74.559061,2018-05-01,0.225,Sparse
NDVI06931,19.910762,74.374617,2023-06-09,0.313,Moderate
NDVI06932,19.887833,74.478975,2018-09-28,0.725,Very Healthy
NDVI06933,19.84084,74.547856,2018-10-19,0.574,Healthy
NDVI06934,19.838717,74.370974,2017-01-18,0.008,Bare/Water
NDVI06935,19.822136,74.514526,2019-11-02,0.455,Moderate
NDVI06936,19.903745,74.416725,2025-05-14,-0.045,Bare/Water
NDVI06937,19.846013,74.503715,2020-05-13,0.399,Moderate
NDVI06938,19.928099,74.380427,2020-03-17,0.056,Bare/Water
NDVI06939,19.868274,74.494386,2017-08-14,0.566,Healthy
NDVI06940,19.90945,74.504555,2024-06-02,0.127,Sparse
NDVI06941,19.914074,74.406482,2021-04-15,0.134,Sparse
NDVI06942,19.800817,74.368443,2022-04-15,0.043,Bare/Water
NDVI06943,19.920343,74.366716,2026-07-23,0.687,Healthy
NDVI06944,19.941301,74.594142,2025-05-17,0.129,Sparse
NDVI06945,19.87522,74.408179,2024-06-10,0.291,Sparse
NDVI06946,19.862421,74.377355,2019-02-05,-0.291,Bare/Water
NDVI06947,19.885623,74.487489,2017-01-03,0.054,Bare/Water
NDVI06948,19.899746,74.422211,2017-06-22,0.304,Moderate
NDVI06949,19.835142,74.515341,2022-02-22,-0.166,Bare/Water
NDVI06950,19.832995,74.552335,2025-01-10,-0.024,Bare/Water
NDVI06951,19.81192,74.365237,2023-02-21,-0.169,Bare/Water
NDVI06952,19.809295,74.559988,2021-07-20,0.468,Moderate
NDVI06953,19.902583,74.56969,2023-06-27,0.548,Healthy
NDVI06954,19.863294,74.521337,2021-09-01,0.687,Healthy
NDVI06955,19.858702,74.364759,2021-11-13,0.308,Moderate
NDVI06956,19.84664,74.378017,2023-12-19,0.262,Sparse
NDVI06957,19.921696,74.483231,2019-04-06,-0.22,Bare/Water
NDVI06958,19.867978,74.542407,2021-12-20,-0.039,Bare/Water
NDVI06959,19.828917,74.440366,2018-01-02,0.22,Sparse
NDVI06960,19.848652,74.489093,2025-10-24,0.516,Healthy
NDVI06961,19.826038,74.441154,2020-11-25,0.412,Moderate
NDVI06962,19.915607,74.502875,2025-11-20,0.365,Moderate
NDVI06963,19.947335,74.556941,2019-09-17,0.713,Very Healthy
NDVI06964,19.866709,74.549889,2024-06-12,0.137,Sparse
NDVI06965,19.906562,74.475138,2023-09-30,0.515,Healthy
NDVI06966,19.89676,74.408988,2018-06-07,0.15,Sparse
NDVI06967,19.806518,74.534071,2023-08-14,0.465,Moderate
NDVI06968,19.862726,74.533795,2021-08-25,0.425,Moderate
NDVI06969,19.85844,74.527229,2019-12-21,0.089,Bare/Water
NDVI06970,19.867329,74.577758,2020-09-06,0.547,Healthy
NDVI06971,19.832369,74.41288,2017-11-21,0.069,Bare/Water
NDVI06972,19.843923,74.573142,2020-02-02,-0.093,Bare/Water
NDVI06973,19.866533,74.557374,2021-03-05,-0.121,Bare/Water
NDVI06974,19.862501,74.568282,2016-09-23,0.46,Moderate
NDVI06975,19.85582,74.547714,2021-08-09,0.581,Healthy
NDVI06976,19.81559,74.498263,2021-11-09,0.322,Moderate
NDVI06977,19.925762,74.368181,2016-10-31,0.529,Healthy
NDVI06978,19.851675,74.542608,2025-11-29,0.314,Moderate
NDVI06979,19.854086,74.509069,2018-05-30,0.464,Moderate
NDVI06980,19.827317,74.36923,2023-01-10,-0.125,Bare/Water
NDVI06981,19.867222,74.385361,2020-09-03,0.441,Moderate
NDVI06982,19.912665,74.44063,2016-10-02,0.487,Moderate
NDVI06983,19.832085,74.383165,2017-03-12,-0.097,Bare/Water
NDVI06984,19.926763,74.562329,2022-03-22,0.058,Bare/Water
NDVI06985,19.860651,74.507745,2024-10-16,0.665,Healthy
NDVI06986,19.867136,74.547347,2018-02-06,-0.138,Bare/Water
NDVI06987,19.938418,74.39889,2023-12-14,0.159,Sparse
NDVI06988,19.887844,74.386137,2017-05-21,0.174,Sparse
NDVI06989,19.94493,74.386215,2025-04-25,0.218,Sparse
NDVI06990,19.828736,74.563395,2020-08-30,0.47,Moderate
NDVI06991,19.871978,74.426313,2022-07-13,0.371,Moderate
NDVI06992,19.859801,74.46284,2024-10-27,0.465,Moderate
NDVI06993,19.868803,74.589362,2023-01-08,0.124,Sparse
NDVI06994,19.804961,74.352286,2021-11-11,0.319,Moderate
NDVI06995,19.824067,74.358384,2018-12-10,0.434,Moderate
NDVI06996,19.928401,74.517585,2023-07-06,0.501,Healthy
NDVI06997,19.814647,74.539418,2024-04-25,0.166,Sparse
NDVI06998,19.858637,74.535607,2020-04-23,0.069,Bare/Water
NDVI06999,19.875092,74.405484,2023-07-31,0.42,Moderate
NDVI07000,19.918306,74.3898,2023-02-02,0.024,Bare/Water
NDVI07001,19.890785,74.36808,2020-07-11,0.338,Moderate
NDVI07002,19.820486,74.538644,2022-06-10,0.568,Healthy
NDVI07003,19.877167,74.508608,2018-01-18,-0.009,Bare/Water
NDVI07004,19.914573,74.43797,2016-11-25,0.311,Moderate
NDVI07005,19.911761,74.486312,2023-10-27,0.339,Moderate
NDVI07006,19.819455,74.39283,2022-09-01,0.618,Healthy
NDVI07007,19.903902,74.49167,2025-03-10,-0.005,Bare/Water
NDVI07008,19.862006,74.498384,2025-03-27,0.004,Bare/Water
NDVI07009,19.845574,74.516357,2021-02-10,0.282,Sparse
NDVI07010,19.802494,74.481302,2026-06-27,0.417,Moderate
NDVI07011,19.821482,74.536955,2026-06-04,0.166,Sparse
NDVI07012,19.940513,74.54271,2023-02-14,-0.042,Bare/Water
NDVI07013,19.821025,74.595066,2020-06-19,0.386,Moderate
NDVI07014,19.906591,74.366442,2025-05-17,0.15,Sparse
NDVI07015,19.863229,74.567909,2026-07-21,0.584,Healthy
NDVI07016,19.864073,74.399133,2020-03-17,-0.008,Bare/Water
NDVI07017,19.860528,74.428202,2024-07-13,0.618,Healthy
NDVI07018,19.879889,74.520876,2017-04-15,0.033,Bare/Water
NDVI07019,19.808578,74.393474,2016-09-07,0.552,Healthy
NDVI07020,19.861593,74.534588,2024-11-29,0.514,Healthy
NDVI07021,19.836589,74.463725,2019-03-06,-0.196,Bare/Water
NDVI07022,19.808579,74.526214,2025-04-17,0.179,Sparse
NDVI07023,19.811445,74.521713,2016-12-21,0.112,Sparse
NDVI07024,19.906994,74.412598,2023-02-12,0.003,Bare/Water
NDVI07025,19.842885,74.487122,2017-04-22,-0.025,Bare/Water
NDVI07026,19.871858,74.511961,2022-06-23,0.455,Moderate
NDVI07027,19.895054,74.353337,2016-10-27,0.448,Moderate
NDVI07028,19.882489,74.496149,2023-01-10,-0.254,Bare/Water
NDVI07029,19.929371,74.394076,2026-06-20,0.345,Moderate
NDVI07030,19.872041,74.494294,2020-06-19,0.375,Moderate
NDVI07031,19.841949,74.428744,2023-03-09,0.08,Bare/Water
NDVI07032,19.845861,74.473113,2018-06-16,0.45,Moderate
NDVI07033,19.876206,74.475954,2023-06-20,0.345,Moderate
NDVI07034,19.823792,74.515594,2026-01-02,0.293,Sparse
NDVI07035,19.808023,74.521163,2020-08-19,0.666,Healthy
NDVI07036,19.90317,74.471637,2026-06-25,0.165,Sparse
NDVI07037,19.88274,74.444599,2021-04-25,0.039,Bare/Water
NDVI07038,19.890927,74.513872,2022-09-06,0.555,Healthy
NDVI07039,19.855464,74.503832,2022-09-19,0.534,Healthy
NDVI07040,19.815987,74.520088,2025-06-29,0.329,Moderate
NDVI07041,19.936816,74.50859,2019-06-25,0.5,Healthy
NDVI07042,19.833898,74.377015,2018-10-01,0.504,Healthy
NDVI07043,19.916563,74.456123,2020-11-25,0.292,Sparse
NDVI07044,19.826217,74.594927,2020-09-01,0.465,Moderate
NDVI07045,19.844621,74.427577,2016-10-18,0.475,Moderate
NDVI07046,19.865981,74.578876,2021-06-15,0.349,Moderate
NDVI07047,19.919957,74.531791,2023-11-16,0.356,Moderate
NDVI07048,19.885869,74.534807,2016-10-04,0.634,Healthy
NDVI07049,19.846071,74.378478,2022-08-15,0.394,Moderate
NDVI07050,19.826352,74.381006,2024-09-21,0.62,Healthy
NDVI07051,19.814822,74.416944,2019-07-25,0.469,Moderate
NDVI07052,19.944041,74.451162,2019-04-11,-0.048,Bare/Water
NDVI07053,19.80789,74.39288,2019-05-05,0.601,Healthy
NDVI07054,19.94806,74.559033,2025-10-08,0.437,Moderate
NDVI07055,19.848145,74.456435,2020-04-06,0.285,Sparse
NDVI07056,19.852123,74.384849,2020-02-26,-0.218,Bare/Water
NDVI07057,19.935109,74.372298,2022-09-06,0.498,Moderate
NDVI07058,19.932019,74.454073,2017-01-17,0.032,Bare/Water
NDVI07059,19.87503,74.517404,2018-12-11,0.285,Sparse
NDVI07060,19.928921,74.351769,2016-12-31,0.154,Sparse
NDVI07061,19.877946,74.584252,2018-10-30,0.482,Moderate
NDVI07062,19.882951,74.485318,2025-11-10,0.375,Moderate
NDVI07063,19.857182,74.499754,2017-07-18,0.55,Healthy
NDVI07064,19.933644,74.591161,2020-10-30,0.457,Moderate
NDVI07065,19.880262,74.571226,2016-10-03,0.581,Healthy
NDVI07066,19.837296,74.559299,2020-03-21,-0.317,Bare/Water
NDVI07067,19.886051,74.575129,2019-01-10,-0.063,Bare/Water
NDVI07068,19.818568,74.443645,2021-12-20,-0.026,Bare/Water
NDVI07069,19.876928,74.413451,2021-07-10,0.575,Healthy
NDVI07070,19.889814,74.492075,2016-10-08,0.558,Healthy
NDVI07071,19.838414,74.536419,2018-05-01,-0.073,Bare/Water
NDVI07072,19.909516,74.359492,2022-09-15,0.674,Healthy
NDVI07073,19.945878,74.469543,2026-06-03,0.016,Bare/Water
NDVI07074,19.88144,74.579081,2017-01-31,-0.2,Bare/Water
NDVI07075,19.838709,74.500613,2019-09-14,0.804,Very Healthy
NDVI07076,19.922954,74.552425,2019-05-03,0.083,Bare/Water
NDVI07077,19.814003,74.512574,2017-09-22,0.539,Healthy
NDVI07078,19.906845,74.469962,2023-12-05,0.15,Sparse
NDVI07079,19.833018,74.37692,2025-11-04,0.471,Moderate
NDVI07080,19.924383,74.39299,2026-01-09,0.002,Bare/Water
NDVI07081,19.815622,74.424462,2024-05-16,0.219,Sparse
NDVI07082,19.863181,74.498088,2026-04-15,0.152,Sparse
NDVI07083,19.876418,74.389969,2022-04-04,0.02,Bare/Water
NDVI07084,19.871612,74.55685,2024-07-18,0.409,Moderate
NDVI07085,19.861414,74.597108,2024-02-12,-0.292,Bare/Water
NDVI07086,19.920151,74.478191,2020-06-30,0.497,Moderate
NDVI07087,19.80397,74.571402,2018-08-31,0.527,Healthy
NDVI07088,19.826764,74.485944,2018-07-10,0.775,Very Healthy
NDVI07089,19.892422,74.477002,2019-10-01,0.58,Healthy
NDVI07090,19.837446,74.500886,2019-11-18,0.247,Sparse
NDVI07091,19.823694,74.465426,2019-05-07,0.142,Sparse
NDVI07092,19.890095,74.542916,2026-03-06,0.004,Bare/Water
NDVI07093,19.811547,74.495355,2021-07-30,0.584,Healthy
NDVI07094,19.807577,74.533795,2023-02-11,-0.072,Bare/Water
NDVI07095,19.944133,74.360042,2026-03-08,0.052,Bare/Water
NDVI07096,19.942903,74.435888,2020-09-09,0.679,Healthy
NDVI07097,19.850525,74.463673,2023-06-04,0.23,Sparse
NDVI07098,19.93351,74.545024,2025-08-16,0.679,Healthy
NDVI07099,19.893709,74.508867,2024-12-23,0.329,Moderate
NDVI07100,19.882365,74.375304,2017-09-14,0.557,Healthy
NDVI07101,19.822802,74.490451,2023-07-06,0.682,Healthy
NDVI07102,19.938359,74.448523,2016-10-29,0.543,Healthy
NDVI07103,19.897076,74.424149,2019-12-09,0.081,Bare/Water
NDVI07104,19.815128,74.556584,2021-03-19,-0.163,Bare/Water
NDVI07105,19.831278,74.531713,2018-12-06,0.237,Sparse
NDVI07106,19.879683,74.583037,2020-07-28,0.546,Healthy
NDVI07107,19.944903,74.555392,2026-03-16,0.21,Sparse
NDVI07108,19.876446,74.588054,2019-02-19,-0.066,Bare/Water
NDVI07109,19.931406,74.582866,2025-06-13,0.34,Moderate
NDVI07110,19.839088,74.544184,2023-01-14,-0.167,Bare/Water
NDVI07111,19.836688,74.371718,2018-02-19,0.048,Bare/Water
NDVI07112,19.835099,74.475481,2023-05-28,0.085,Bare/Water
NDVI07113,19.804813,74.390567,2026-08-01,0.484,Moderate
NDVI07114,19.916581,74.450077,2026-01-17,0.142,Sparse
NDVI07115,19.936579,74.518848,2022-05-22,0.338,Moderate
NDVI07116,19.846987,74.433151,2021-01-24,0.066,Bare/Water
NDVI07117,19.896453,74.560064,2016-08-24,0.573,Healthy
NDVI07118,19.86179,74.381381,2017-10-25,0.238,Sparse
NDVI07119,19.892704,74.416354,2018-11-26,0.122,Sparse
NDVI07120,19.817708,74.537553,2022-05-15,0.084,Bare/Water
NDVI07121,19.903959,74.540519,2019-04-13,-0.024,Bare/Water
NDVI07122,19.900499,74.512016,2018-08-12,0.782,Very Healthy
NDVI07123,19.804705,74.440833,2020-05-23,0.363,Moderate
NDVI07124,19.949904,74.447539,2025-06-12,0.122,Sparse
NDVI07125,19.91692,74.453565,2023-07-26,0.44,Moderate
NDVI07126,19.940366,74.589002,2019-11-21,0.479,Moderate
NDVI07127,19.910806,74.389947,2022-07-02,0.48,Moderate
NDVI07128,19.895107,74.35651,2026-01-24,-0.098,Bare/Water
NDVI07129,19.945704,74.598857,2021-12-10,0.297,Sparse
NDVI07130,19.868158,74.497322,2024-03-30,-0.072,Bare/Water
NDVI07131,19.903408,74.467221,2021-05-29,0.106,Sparse
NDVI07132,19.831584,74.498386,2020-11-14,0.261,Sparse
NDVI07133,19.83591,74.508925,2025-02-18,-0.162,Bare/Water
NDVI07134,19.939167,74.518603,2022-02-10,0.183,Sparse
NDVI07135,19.854576,74.47052,2018-01-05,-0.193,Bare/Water
NDVI07136,19.804441,74.536506,2020-04-17,-0.146,Bare/Water
NDVI07137,19.884092,74.366471,2026-05-22,0.104,Sparse
NDVI07138,19.88701,74.566765,2024-12-24,0.051,Bare/Water
NDVI07139,19.912352,74.497368,2018-05-19,0.355,Moderate
NDVI07140,19.804703,74.594186,2018-01-13,-0.222,Bare/Water
NDVI07141,19.814482,74.42919,2021-05-15,0.05,Bare/Water
NDVI07142,19.936167,74.373514,2026-07-24,0.517,Healthy
NDVI07143,19.840272,74.370347,2019-09-26,0.418,Moderate
NDVI07144,19.893644,74.480123,2017-02-10,0.035,Bare/Water
NDVI07145,19.838391,74.450745,2025-04-05,-0.116,Bare/Water
NDVI07146,19.83445,74.353419,2026-06-20,0.374,Moderate
NDVI07147,19.907934,74.400947,2017-08-26,0.546,Healthy
NDVI07148,19.868324,74.534618,2023-12-10,0.243,Sparse
NDVI07149,19.938855,74.35382,2020-04-19,-0.006,Bare/Water
NDVI07150,19.846873,74.361574,2020-10-24,0.308,Moderate
NDVI07151,19.865733,74.569136,2026-01-05,0.079,Bare/Water
NDVI07152,19.909112,74.568909,2021-06-06,0.185,Sparse
NDVI07153,19.905861,74.587027,2024-04-06,-0.071,Bare/Water
NDVI07154,19.876326,74.532663,2018-07-04,0.545,Healthy
NDVI07155,19.897581,74.467154,2017-01-21,-0.142,Bare/Water
NDVI07156,19.922715,74.425839,2019-06-08,0.109,Sparse
NDVI07157,19.827457,74.440225,2018-07-26,0.794,Very Healthy
NDVI07158,19.893832,74.435873,2023-04-24,0.083,Bare/Water
NDVI07159,19.881342,74.498133,2023-09-01,0.94,Very Healthy
NDVI07160,19.812481,74.392107,2016-11-29,0.198,Sparse
NDVI07161,19.919656,74.516799,2019-09-06,0.575,Healthy
NDVI07162,19.854544,74.47483,2020-11-11,0.267,Sparse
NDVI07163,19.856518,74.409839,2016-10-31,0.272,Sparse
NDVI07164,19.811494,74.565893,2019-09-14,0.501,Healthy
NDVI07165,19.855395,74.558119,2023-03-30,-0.082,Bare/Water
NDVI07166,19.926583,74.375934,2017-07-09,0.626,Healthy
NDVI07167,19.892232,74.471318,2019-03-16,-0.048,Bare/Water
NDVI07168,19.826658,74.521227,2017-11-18,0.339,Moderate
NDVI07169,19.878444,74.41131,2023-06-18,0.388,Moderate
NDVI07170,19.937084,74.574646,2017-02-25,-0.121,Bare/Water
NDVI07171,19.896005,74.369147,2024-05-20,0.209,Sparse
NDVI07172,19.83133,74.596771,2022-10-16,0.445,Moderate
NDVI07173,19.923547,74.373429,2022-11-01,0.412,Moderate
NDVI07174,19.863236,74.355702,2023-04-21,-0.086,Bare/Water
NDVI07175,19.815451,74.553304,2024-08-22,0.582,Healthy
NDVI07176,19.903099,74.406829,2024-02-27,-0.556,Bare/Water
NDVI07177,19.800752,74.441961,2020-01-09,0.005,Bare/Water
NDVI07178,19.845387,74.599193,2026-05-11,0.34,Moderate
NDVI07179,19.875923,74.368309,2021-12-19,0.126,Sparse
NDVI07180,19.805174,74.525718,2021-07-13,0.49,Moderate
NDVI07181,19.858745,74.539674,2020-12-21,0.029,Bare/Water
NDVI07182,19.816599,74.447259,2025-10-05,0.428,Moderate
NDVI07183,19.887607,74.431389,2020-06-06,0.383,Moderate
NDVI07184,19.93043,74.388076,2020-11-05,0.645,Healthy
NDVI07185,19.916725,74.596357,2023-02-09,-0.127,Bare/Water
NDVI07186,19.834548,74.38467,2018-12-26,0.235,Sparse
NDVI07187,19.941433,74.391196,2025-10-04,0.539,Healthy
NDVI07188,19.817053,74.394192,2019-10-10,0.472,Moderate
NDVI07189,19.882433,74.529595,2023-03-03,-0.139,Bare/Water
NDVI07190,19.890154,74.53717,2018-06-26,0.48,Moderate
NDVI07191,19.843084,74.518195,2025-04-17,-0.067,Bare/Water
NDVI07192,19.894902,74.387311,2019-01-02,-0.041,Bare/Water
NDVI07193,19.920808,74.353617,2019-10-04,0.55,Healthy
NDVI07194,19.943959,74.511331,2020-03-15,-0.163,Bare/Water
NDVI07195,19.858046,74.546808,2017-11-12,0.166,Sparse
NDVI07196,19.94433,74.352555,2022-02-11,-0.132,Bare/Water
NDVI07197,19.823901,74.442114,2026-04-20,-0.18,Bare/Water
NDVI07198,19.87324,74.432607,2017-11-30,0.279,Sparse
NDVI07199,19.845003,74.378222,2024-01-02,0.171,Sparse
NDVI07200,19.928543,74.359114,2017-01-23,-0.205,Bare/Water
NDVI07201,19.862177,74.594395,2018-04-19,-0.235,Bare/Water
NDVI07202,19.896906,74.595892,2024-09-24,0.775,Very Healthy
NDVI07203,19.893871,74.484109,2019-06-12,0.057,Bare/Water
NDVI07204,19.80025,74.533966,2020-03-01,0.023,Bare/Water
NDVI07205,19.873231,74.434575,2025-12-19,0.123,Sparse
NDVI07206,19.925633,74.390785,2021-03-29,-0.136,Bare/Water
NDVI07207,19.833787,74.567788,2018-11-16,0.094,Bare/Water
NDVI07208,19.88876,74.403753,2017-12-29,-0.009,Bare/Water
NDVI07209,19.893092,74.574131,2017-11-03,0.483,Moderate
NDVI07210,19.840653,74.540089,2022-05-29,0.252,Sparse
NDVI07211,19.866259,74.359691,2016-11-30,0.221,Sparse
NDVI07212,19.806702,74.516031,2023-02-26,-0.053,Bare/Water
NDVI07213,19.841965,74.545855,2016-09-27,0.472,Moderate
NDVI07214,19.805652,74.54019,2024-05-14,0.166,Sparse
NDVI07215,19.933966,74.560529,2019-12-15,0.093,Bare/Water
NDVI07216,19.919175,74.469608,2023-01-03,-0.069,Bare/Water
NDVI07217,19.836359,74.444712,2019-02-10,-0.111,Bare/Water
NDVI07218,19.917147,74.387187,2025-11-20,0.385,Moderate
NDVI07219,19.84267,74.569057,2024-11-08,0.365,Moderate
NDVI07220,19.925164,74.411474,2021-03-06,0.082,Bare/Water
NDVI07221,19.875414,74.444693,2020-12-29,-0.028,Bare/Water
NDVI07222,19.915168,74.518567,2019-12-19,0.151,Sparse
NDVI07223,19.825382,74.394438,2019-11-22,0.344,Moderate
NDVI07224,19.872858,74.389321,2022-03-08,-0.087,Bare/Water
NDVI07225,19.851338,74.489372,2018-11-10,0.254,Sparse
NDVI07226,19.833301,74.380902,2018-07-19,0.453,Moderate
NDVI07227,19.943935,74.569059,2021-08-04,0.403,Moderate
NDVI07228,19.883204,74.531499,2022-02-27,-0.094,Bare/Water
NDVI07229,19.816821,74.358136,2025-11-04,0.347,Moderate
NDVI07230,19.800623,74.404122,2019-11-04,0.398,Moderate
NDVI07231,19.944592,74.440071,2026-04-14,0.044,Bare/Water
NDVI07232,19.871659,74.560275,2022-11-02,0.226,Sparse
NDVI07233,19.91631,74.400097,2019-06-22,0.44,Moderate
NDVI07234,19.830533,74.588519,2022-07-26,0.532,Healthy
NDVI07235,19.910291,74.574867,2024-02-03,0.201,Sparse
NDVI07236,19.938881,74.516038,2017-12-10,0.257,Sparse
NDVI07237,19.841875,74.371896,2021-05-13,-0.08,Bare/Water
NDVI07238,19.938572,74.558574,2019-08-01,0.612,Healthy
NDVI07239,19.840911,74.591244,2020-08-24,0.537,Healthy
NDVI07240,19.865171,74.518256,2017-02-23,-0.232,Bare/Water
NDVI07241,19.949837,74.547636,2022-01-17,-0.004,Bare/Water
NDVI07242,19.925762,74.387487,2021-12-03,0.162,Sparse
NDVI07243,19.859882,74.399303,2022-11-11,0.283,Sparse
NDVI07244,19.869891,74.442604,2022-08-27,0.475,Moderate
NDVI07245,19.900966,74.367608,2023-12-03,0.125,Sparse
NDVI07246,19.9248,74.521654,2020-09-01,0.502,Healthy
NDVI07247,19.855985,74.561687,2021-05-29,0.144,Sparse
NDVI07248,19.911069,74.465957,2026-07-11,0.379,Moderate
NDVI07249,19.917007,74.558117,2018-12-09,0.317,Moderate
NDVI07250,19.857156,74.534446,2019-08-20,0.669,Healthy
NDVI07251,19.863679,74.495179,2019-07-05,0.678,Healthy
NDVI07252,19.935242,74.589371,2019-08-07,0.621,Healthy
NDVI07253,19.862886,74.57889,2023-06-11,0.215,Sparse
NDVI07254,19.904431,74.494425,2021-04-16,0.003,Bare/Water
NDVI07255,19.829692,74.401562,2023-08-05,0.526,Healthy
NDVI07256,19.864284,74.514788,2024-10-26,0.408,Moderate
NDVI07257,19.866411,74.583816,2024-02-03,-0.062,Bare/Water
NDVI07258,19.888154,74.517442,2025-10-05,0.624,Healthy
NDVI07259,19.941102,74.395378,2021-09-01,0.547,Healthy
NDVI07260,19.815626,74.536412,2024-03-02,-0.17,Bare/Water
NDVI07261,19.817016,74.580639,2021-01-02,0.034,Bare/Water
NDVI07262,19.906435,74.49561,2025-06-06,0.115,Sparse
NDVI07263,19.882771,74.559106,2017-01-04,-0.179,Bare/Water
NDVI07264,19.899327,74.580364,2017-03-07,-0.201,Bare/Water
NDVI07265,19.864347,74.498576,2019-05-24,0.217,Sparse
NDVI07266,19.906161,74.482335,2024-06-14,0.436,Moderate
NDVI07267,19.819487,74.424598,2020-03-11,-0.029,Bare/Water
NDVI07268,19.92227,74.439685,2017-06-13,0.348,Moderate
NDVI07269,19.858644,74.459865,2025-09-13,0.666,Healthy
NDVI07270,19.817669,74.453501,2022-06-09,0.187,Sparse
NDVI07271,19.929362,74.371435,2025-12-17,-0.089,Bare/Water
NDVI07272,19.926634,74.392972,2022-03-13,-0.279,Bare/Water
NDVI07273,19.940389,74.398442,2022-11-07,0.633,Healthy
NDVI07274,19.871899,74.464691,2017-03-11,-0.198,Bare/Water
NDVI07275,19.834439,74.502925,2024-11-13,0.482,Moderate
NDVI07276,19.864674,74.557021,2017-04-13,-0.052,Bare/Water
NDVI07277,19.882293,74.472422,2021-07-31,0.544,Healthy
NDVI07278,19.891382,74.380234,2017-05-16,0.071,Bare/Water
NDVI07279,19.92854,74.376111,2017-07-31,0.667,Healthy
NDVI07280,19.881379,74.489089,2024-05-07,0.113,Sparse
NDVI07281,19.904704,74.494078,2017-12-16,0.186,Sparse
NDVI07282,19.943435,74.516361,2022-05-15,0.101,Sparse
NDVI07283,19.874667,74.508153,2021-10-18,0.528,Healthy
NDVI07284,19.816629,74.524157,2024-12-18,0.172,Sparse
NDVI07285,19.890698,74.44805,2017-09-17,0.524,Healthy
NDVI07286,19.853165,74.52504,2023-06-16,0.139,Sparse
NDVI07287,19.828788,74.520068,2021-05-30,0.165,Sparse
NDVI07288,19.877125,74.535311,2023-02-03,-0.141,Bare/Water
NDVI07289,19.829334,74.446807,2026-07-20,0.535,Healthy
NDVI07290,19.840854,74.46072,2017-04-11,-0.042,Bare/Water
NDVI07291,19.904506,74.538505,2023-01-19,-0.04,Bare/Water
NDVI07292,19.807409,74.583897,2017-01-06,-0.032,Bare/Water
NDVI07293,19.932638,74.563769,2017-09-29,0.37,Moderate
NDVI07294,19.889934,74.403649,2016-11-04,0.623,Healthy
NDVI07295,19.948964,74.366124,2024-06-06,0.356,Moderate
NDVI07296,19.846577,74.362596,2019-04-25,0.138,Sparse
NDVI07297,19.877273,74.534268,2020-11-20,0.294,Sparse
NDVI07298,19.940373,74.424418,2025-12-21,0.267,Sparse
NDVI07299,19.817268,74.490788,2018-12-04,0.373,Moderate
NDVI07300,19.899917,74.546079,2020-12-23,0.099,Bare/Water
NDVI07301,19.867626,74.363953,2023-06-21,0.215,Sparse
NDVI07302,19.926808,74.465938,2019-11-06,0.405,Moderate
NDVI07303,19.827891,74.533774,2025-12-07,0.193,Sparse
NDVI07304,19.812591,74.436085,2018-01-17,0.075,Bare/Water
NDVI07305,19.915599,74.495852,2023-01-25,-0.184,Bare/Water
NDVI07306,19.91639,74.449566,2018-05-19,-0.133,Bare/Water
NDVI07307,19.864132,74.364599,2026-02-02,0.191,Sparse
NDVI07308,19.834056,74.574354,2025-01-09,0.116,Sparse
NDVI07309,19.901273,74.509821,2022-08-14,0.406,Moderate
NDVI07310,19.833618,74.371924,2024-11-01,0.376,Moderate
NDVI07311,19.851231,74.586581,2021-01-17,0.22,Sparse
NDVI07312,19.834082,74.392971,2026-06-19,0.428,Moderate
NDVI07313,19.948003,74.551028,2020-12-08,0.257,Sparse
NDVI07314,19.865332,74.495054,2023-10-07,0.772,Very Healthy
NDVI07315,19.886061,74.529526,2018-06-16,0.58,Healthy
NDVI07316,19.801896,74.380957,2023-06-28,0.527,Healthy
NDVI07317,19.909537,74.556814,2021-03-21,-0.164,Bare/Water
NDVI07318,19.877378,74.584984,2019-12-19,0.39,Moderate
NDVI07319,19.844749,74.596945,2019-08-29,0.487,Moderate
NDVI07320,19.863889,74.396293,2019-05-18,0.245,Sparse
NDVI07321,19.816217,74.459793,2017-11-05,0.424,Moderate
NDVI07322,19.831146,74.511365,2026-05-04,0.32,Moderate
NDVI07323,19.939256,74.564905,2023-05-02,0.004,Bare/Water
NDVI07324,19.890386,74.359615,2024-06-12,0.32,Moderate
NDVI07325,19.884446,74.409351,2020-06-04,0.385,Moderate
NDVI07326,19.897229,74.599373,2025-12-08,0.236,Sparse
NDVI07327,19.829038,74.513861,2026-04-07,-0.061,Bare/Water
NDVI07328,19.917026,74.385162,2021-11-24,0.181,Sparse
NDVI07329,19.938669,74.384322,2020-01-01,-0.017,Bare/Water
NDVI07330,19.848281,74.426552,2022-06-21,0.463,Moderate
NDVI07331,19.816375,74.541791,2022-10-28,0.541,Healthy
NDVI07332,19.87094,74.557461,2017-03-10,-0.053,Bare/Water
NDVI07333,19.803157,74.501452,2019-02-12,-0.01,Bare/Water
NDVI07334,19.862137,74.546771,2019-10-01,0.434,Moderate
NDVI07335,19.822009,74.509428,2018-09-05,0.62,Healthy
NDVI07336,19.824697,74.437946,2017-12-18,0.294,Sparse
NDVI07337,19.861684,74.583802,2026-05-27,0.166,Sparse
NDVI07338,19.864171,74.457335,2019-12-16,0.272,Sparse
NDVI07339,19.825321,74.573324,2018-03-04,-0.203,Bare/Water
NDVI07340,19.940758,74.361153,2019-09-30,0.588,Healthy
NDVI07341,19.87636,74.463473,2022-04-07,-0.062,Bare/Water
NDVI07342,19.855761,74.375682,2019-07-06,0.415,Moderate
NDVI07343,19.81387,74.578717,2019-08-28,0.423,Moderate
NDVI07344,19.924746,74.536804,2024-11-03,0.538,Healthy
NDVI07345,19.882552,74.468705,2025-02-16,-0.13,Bare/Water
NDVI07346,19.938688,74.447716,2017-10-08,0.754,Very Healthy
NDVI07347,19.893528,74.467089,2024-08-24,0.615,Healthy
NDVI07348,19.840699,74.504584,2019-12-08,0.455,Moderate
NDVI07349,19.819151,74.576468,2020-09-29,0.429,Moderate
NDVI07350,19.893874,74.540628,2018-09-08,0.475,Moderate
NDVI07351,19.811128,74.477676,2024-02-13,-0.127,Bare/Water
NDVI07352,19.874578,74.590858,2020-10-02,0.529,Healthy
NDVI07353,19.89432,74.553755,2019-12-31,0.016,Bare/Water
NDVI07354,19.870184,74.488605,2018-07-07,0.234,Sparse
NDVI07355,19.856366,74.47672,2021-05-05,0.133,Sparse
NDVI07356,19.863111,74.405262,2024-04-20,-0.074,Bare/Water
NDVI07357,19.886082,74.417662,2022-10-03,0.47,Moderate
NDVI07358,19.844882,74.511777,2024-08-27,0.786,Very Healthy
NDVI07359,19.892114,74.392972,2021-09-29,0.432,Moderate
NDVI07360,19.823012,74.489182,2019-06-15,0.385,Moderate
NDVI07361,19.898103,74.568769,2020-01-06,-0.048,Bare/Water
NDVI07362,19.803969,74.455582,2025-09-24,0.639,Healthy
NDVI07363,19.911983,74.356731,2023-07-19,0.476,Moderate
NDVI07364,19.940479,74.361846,2017-07-12,0.578,Healthy
NDVI07365,19.90155,74.470491,2017-04-30,0.206,Sparse
NDVI07366,19.938979,74.595246,2025-10-25,0.328,Moderate
NDVI07367,19.836351,74.49392,2023-02-21,-0.349,Bare/Water
NDVI07368,19.878945,74.506286,2018-12-04,0.299,Sparse
NDVI07369,19.808914,74.598668,2022-11-27,0.166,Sparse
NDVI07370,19.86078,74.359949,2018-06-06,0.245,Sparse
NDVI07371,19.865864,74.381326,2019-09-15,0.426,Moderate
NDVI07372,19.855655,74.505254,2019-09-03,0.566,Healthy
NDVI07373,19.825141,74.391484,2023-08-08,0.465,Moderate
NDVI07374,19.918775,74.568812,2020-06-26,0.389,Moderate
NDVI07375,19.878352,74.47084,2022-09-30,0.756,Very Healthy
NDVI07376,19.899231,74.394441,2019-08-17,0.451,Moderate
NDVI07377,19.817631,74.555198,2018-02-04,-0.098,Bare/Water
NDVI07378,19.892684,74.361597,2019-05-28,0.454,Moderate
NDVI07379,19.896557,74.477062,2024-03-18,0.105,Sparse
NDVI07380,19.888974,74.451581,2019-03-10,-0.103,Bare/Water
NDVI07381,19.936859,74.409605,2021-05-15,0.11,Sparse
NDVI07382,19.902408,74.549408,2023-04-09,0.011,Bare/Water
NDVI07383,19.859512,74.562182,2017-01-27,-0.041,Bare/Water
NDVI07384,19.865869,74.520964,2018-11-24,0.429,Moderate
NDVI07385,19.84194,74.477104,2023-05-14,-0.06,Bare/Water
NDVI07386,19.851728,74.502231,2021-10-20,0.468,Moderate
NDVI07387,19.889679,74.582182,2024-12-20,0.128,Sparse
NDVI07388,19.86822,74.385849,2021-11-29,0.259,Sparse
NDVI07389,19.893474,74.562714,2022-08-29,0.422,Moderate
NDVI07390,19.945426,74.560016,2020-11-11,0.287,Sparse
NDVI07391,19.800635,74.448687,2017-09-10,0.574,Healthy
NDVI07392,19.936571,74.49769,2018-08-02,0.553,Healthy
NDVI07393,19.842765,74.494717,2021-06-27,0.417,Moderate
NDVI07394,19.945728,74.459688,2025-08-20,0.593,Healthy
NDVI07395,19.914696,74.445519,2019-06-14,0.408,Moderate
NDVI07396,19.875926,74.389157,2021-02-15,-0.21,Bare/Water
NDVI07397,19.877307,74.591977,2019-08-05,0.648,Healthy
NDVI07398,19.821107,74.588141,2018-02-04,-0.057,Bare/Water
NDVI07399,19.934205,74.493237,2019-05-22,0.208,Sparse
NDVI07400,19.866295,74.402048,2020-09-23,0.446,Moderate
NDVI07401,19.934127,74.556935,2025-03-14,-0.159,Bare/Water
NDVI07402,19.830176,74.559457,2016-08-15,0.795,Very Healthy
NDVI07403,19.9269,74.411293,2016-10-28,0.316,Moderate
NDVI07404,19.87216,74.560452,2021-10-12,0.498,Moderate
NDVI07405,19.808963,74.402253,2026-04-30,-0.049,Bare/Water
NDVI07406,19.853271,74.406508,2023-12-24,0.007,Bare/Water
NDVI07407,19.835948,74.461961,2020-08-20,0.564,Healthy
NDVI07408,19.916253,74.578144,2024-02-29,-0.108,Bare/Water
NDVI07409,19.878591,74.356765,2021-01-06,0.059,Bare/Water
NDVI07410,19.916629,74.51724,2021-12-27,-0.175,Bare/Water
NDVI07411,19.827802,74.506056,2025-08-17,0.49,Moderate
NDVI07412,19.819083,74.469821,2023-08-29,0.432,Moderate
NDVI07413,19.801493,74.495541,2020-02-29,-0.05,Bare/Water
NDVI07414,19.91267,74.498071,2024-05-06,-0.047,Bare/Water
NDVI07415,19.875054,74.416421,2024-02-16,-0.001,Bare/Water
NDVI07416,19.940144,74.418556,2017-08-22,0.669,Healthy
NDVI07417,19.930903,74.418824,2020-08-02,0.537,Healthy
NDVI07418,19.912975,74.366649,2018-03-22,-0.155,Bare/Water
NDVI07419,19.913719,74.396142,2018-08-30,0.54,Healthy
NDVI07420,19.802413,74.491949,2026-07-29,0.261,Sparse
NDVI07421,19.890867,74.495836,2025-09-22,0.514,Healthy
NDVI07422,19.924976,74.596908,2025-03-24,-0.205,Bare/Water
NDVI07423,19.847845,74.354189,2024-01-06,-0.025,Bare/Water
NDVI07424,19.844487,74.384814,2017-06-16,0.134,Sparse
NDVI07425,19.86649,74.40429,2018-05-24,0.135,Sparse
NDVI07426,19.852098,74.571768,2025-03-12,-0.016,Bare/Water
NDVI07427,19.806467,74.384713,2024-02-27,-0.304,Bare/Water
NDVI07428,19.893714,74.541495,2025-08-29,0.599,Healthy
NDVI07429,19.877554,74.444776,2019-06-28,0.601,Healthy
NDVI07430,19.945309,74.491939,2020-05-31,0.342,Moderate
NDVI07431,19.937618,74.551343,2019-04-09,-0.111,Bare/Water
NDVI07432,19.881684,74.51987,2018-01-02,0.063,Bare/Water
NDVI07433,19.894182,74.434768,2019-05-10,0.193,Sparse
NDVI07434,19.904578,74.356798,2023-08-21,0.605,Healthy
NDVI07435,19.940709,74.523418,2020-08-31,0.731,Very Healthy
NDVI07436,19.872335,74.452734,2021-07-24,0.484,Moderate
NDVI07437,19.842784,74.513589,2020-02-15,-0.028,Bare/Water
NDVI07438,19.846712,74.447908,2025-09-28,0.386,Moderate
NDVI07439,19.831922,74.578026,2020-05-20,0.182,Sparse
NDVI07440,19.908672,74.555384,2019-01-02,-0.143,Bare/Water
NDVI07441,19.898886,74.553503,2017-10-21,0.492,Moderate
NDVI07442,19.80514,74.525876,2017-01-08,-0.117,Bare/Water
NDVI07443,19.816278,74.457057,2023-11-08,0.363,Moderate
NDVI07444,19.851228,74.400992,2017-07-12,0.571,Healthy
NDVI07445,19.872799,74.411672,2024-11-28,0.229,Sparse
NDVI07446,19.8698,74.596462,2024-11-23,0.134,Sparse
NDVI07447,19.803218,74.577831,2018-07-17,0.323,Moderate
NDVI07448,19.927315,74.506418,2026-04-04,-0.213,Bare/Water
NDVI07449,19.813758,74.420072,2018-03-16,-0.176,Bare/Water
NDVI07450,19.877226,74.434391,2017-04-13,0.095,Bare/Water
NDVI07451,19.890225,74.542641,2025-09-21,0.506,Healthy
NDVI07452,19.944696,74.471473,2022-09-04,0.656,Healthy
NDVI07453,19.821395,74.441785,2020-11-04,0.482,Moderate
NDVI07454,19.910409,74.367963,2017-01-17,0.098,Bare/Water
NDVI07455,19.934442,74.386187,2021-01-12,-0.093,Bare/Water
NDVI07456,19.807469,74.422717,2026-07-15,0.436,Moderate
NDVI07457,19.801618,74.590515,2022-09-26,0.605,Healthy
NDVI07458,19.936216,74.439901,2026-01-07,0.264,Sparse
NDVI07459,19.909557,74.521112,2023-05-03,0.169,Sparse
NDVI07460,19.829853,74.467414,2017-01-12,-0.174,Bare/Water
NDVI07461,19.945714,74.356097,2020-04-29,0.075,Bare/Water
NDVI07462,19.859325,74.579871,2019-03-21,0.074,Bare/Water
NDVI07463,19.857579,74.518262,2023-06-22,0.195,Sparse
NDVI07464,19.900839,74.571117,2026-05-02,0.169,Sparse
NDVI07465,19.892494,74.571169,2022-06-29,0.402,Moderate
NDVI07466,19.930618,74.446506,2017-12-07,-0.046,Bare/Water
NDVI07467,19.846301,74.38211,2022-12-15,0.234,Sparse
NDVI07468,19.833055,74.485972,2019-04-19,0.164,Sparse
NDVI07469,19.813655,74.440238,2017-07-25,0.547,Healthy
NDVI07470,19.94473,74.407281,2021-06-21,0.276,Sparse
NDVI07471,19.895776,74.460111,2020-08-15,0.415,Moderate
NDVI07472,19.898883,74.369838,2022-12-29,0.134,Sparse
NDVI07473,19.864048,74.578844,2020-07-22,0.839,Very Healthy
NDVI07474,19.89629,74.521281,2025-11-14,0.412,Moderate
NDVI07475,19.871228,74.379011,2025-02-22,0.122,Sparse
NDVI07476,19.842011,74.566777,2025-06-11,0.243,Sparse
NDVI07477,19.857305,74.380412,2020-01-07,-0.091,Bare/Water
NDVI07478,19.878407,74.35264,2025-02-19,-0.23,Bare/Water
NDVI07479,19.933093,74.527389,2017-10-16,0.484,Moderate
NDVI07480,19.813741,74.472209,2023-02-21,0.031,Bare/Water
NDVI07481,19.94582,74.421567,2016-12-01,0.396,Moderate
NDVI07482,19.863068,74.468376,2022-05-21,-0.109,Bare/Water
NDVI07483,19.932427,74.360871,2019-03-21,-0.36,Bare/Water
NDVI07484,19.809695,74.37567,2025-01-05,0.051,Bare/Water
NDVI07485,19.872752,74.496072,2024-10-19,0.542,Healthy
NDVI07486,19.881663,74.374349,2021-03-12,0.003,Bare/Water
NDVI07487,19.888097,74.385281,2023-06-09,0.21,Sparse
NDVI07488,19.908729,74.470791,2020-08-11,0.661,Healthy
NDVI07489,19.85662,74.446011,2018-08-13,0.572,Healthy
NDVI07490,19.916191,74.508305,2019-08-05,0.633,Healthy
NDVI07491,19.842837,74.40324,2024-02-04,-0.168,Bare/Water
NDVI07492,19.940548,74.362884,2021-03-17,-0.138,Bare/Water
NDVI07493,19.835774,74.460776,2021-07-25,0.48,Moderate
NDVI07494,19.942167,74.412368,2016-11-25,0.298,Sparse
NDVI07495,19.924497,74.449556,2026-01-29,0.037,Bare/Water
NDVI07496,19.813372,74.413183,2022-10-16,0.457,Moderate
NDVI07497,19.840279,74.545846,2019-09-02,0.451,Moderate
NDVI07498,19.880572,74.412424,2021-09-10,0.737,Very Healthy
NDVI07499,19.891267,74.410603,2024-04-22,0.089,Bare/Water
NDVI07500,19.889308,74.383157,2018-11-14,0.125,Sparse
NDVI07501,19.891183,74.512427,2024-03-17,0.088,Bare/Water
NDVI07502,19.876504,74.415666,2020-10-19,0.593,Healthy
NDVI07503,19.870067,74.389172,2026-07-04,0.321,Moderate
NDVI07504,19.926246,74.536764,2023-06-24,0.615,Healthy
NDVI07505,19.894335,74.475766,2022-10-04,0.365,Moderate
NDVI07506,19.831528,74.473338,2022-09-12,0.591,Healthy
NDVI07507,19.85474,74.365153,2018-01-17,-0.005,Bare/Water
NDVI07508,19.944367,74.453473,2024-03-04,-0.254,Bare/Water
NDVI07509,19.870485,74.568106,2017-07-15,0.603,Healthy
NDVI07510,19.895796,74.558955,2019-08-02,0.444,Moderate
NDVI07511,19.83321,74.498086,2026-03-15,-0.053,Bare/Water
NDVI07512,19.848156,74.505596,2026-05-24,0.212,Sparse
NDVI07513,19.82033,74.576601,2018-03-17,-0.015,Bare/Water
NDVI07514,19.920645,74.589967,2021-11-17,0.244,Sparse
NDVI07515,19.937519,74.40027,2023-12-24,-0.078,Bare/Water
NDVI07516,19.891074,74.48056,2021-07-13,0.484,Moderate
NDVI07517,19.848315,74.359758,2023-01-26,-0.095,Bare/Water
NDVI07518,19.877986,74.450835,2023-10-26,0.334,Moderate
NDVI07519,19.849143,74.479813,2016-12-28,-0.098,Bare/Water
NDVI07520,19.814006,74.592162,2026-07-13,0.456,Moderate
NDVI07521,19.931021,74.480012,2019-09-18,0.444,Moderate
NDVI07522,19.906668,74.578749,2026-03-01,-0.008,Bare/Water
NDVI07523,19.922843,74.453697,2021-05-26,0.127,Sparse
NDVI07524,19.861715,74.474138,2024-07-21,0.644,Healthy
NDVI07525,19.873983,74.461479,2019-02-22,-0.08,Bare/Water
NDVI07526,19.885984,74.407028,2026-07-16,0.378,Moderate
NDVI07527,19.829314,74.51262,2021-08-22,0.808,Very Healthy
NDVI07528,19.87336,74.574875,2026-02-13,-0.011,Bare/Water
NDVI07529,19.898315,74.442611,2021-06-03,0.119,Sparse
NDVI07530,19.824892,74.474662,2024-07-10,0.54,Healthy
NDVI07531,19.828532,74.509825,2016-12-23,0.076,Bare/Water
NDVI07532,19.82101,74.457561,2019-09-25,0.602,Healthy
NDVI07533,19.939754,74.466077,2021-10-04,0.344,Moderate
NDVI07534,19.886123,74.562774,2020-06-17,0.31,Moderate
NDVI07535,19.922697,74.413031,2022-06-06,0.149,Sparse
NDVI07536,19.935458,74.549287,2018-06-05,0.209,Sparse
NDVI07537,19.937971,74.404315,2016-10-01,0.471,Moderate
NDVI07538,19.836076,74.370302,2023-06-13,0.36,Moderate
NDVI07539,19.82065,74.369034,2026-01-20,-0.058,Bare/Water
NDVI07540,19.902636,74.453909,2025-06-21,0.239,Sparse
NDVI07541,19.807168,74.409613,2025-02-26,-0.076,Bare/Water
NDVI07542,19.882886,74.362567,2018-05-05,0.12,Sparse
NDVI07543,19.853615,74.400957,2023-01-10,0.074,Bare/Water
NDVI07544,19.863248,74.576896,2018-12-21,0.185,Sparse
NDVI07545,19.943755,74.586007,2017-03-08,-0.143,Bare/Water
NDVI07546,19.855537,74.561181,2017-07-18,0.601,Healthy
NDVI07547,19.949106,74.588478,2020-03-18,-0.096,Bare/Water
NDVI07548,19.915434,74.473325,2025-03-17,0.062,Bare/Water
NDVI07549,19.864371,74.540272,2024-06-24,0.274,Sparse
NDVI07550,19.846055,74.523928,2026-02-07,-0.357,Bare/Water
NDVI07551,19.851115,74.472078,2018-01-18,0.202,Sparse
NDVI07552,19.930521,74.35539,2022-06-06,0.286,Sparse
NDVI07553,19.873559,74.585982,2019-11-28,0.377,Moderate
NDVI07554,19.933495,74.459505,2024-08-24,0.492,Moderate
NDVI07555,19.809248,74.49035,2022-04-30,0.106,Sparse
NDVI07556,19.817148,74.499164,2024-04-25,0.042,Bare/Water
NDVI07557,19.867681,74.549015,2024-02-12,-0.275,Bare/Water
NDVI07558,19.81817,74.529543,2019-09-21,0.692,Healthy
NDVI07559,19.86241,74.405551,2024-04-15,0.088,Bare/Water
NDVI07560,19.863102,74.553783,2019-09-28,0.529,Healthy
NDVI07561,19.823136,74.535036,2021-10-22,0.488,Moderate
NDVI07562,19.93248,74.451214,2016-10-14,0.465,Moderate
NDVI07563,19.833514,74.572368,2020-09-02,0.49,Moderate
NDVI07564,19.843383,74.46986,2017-09-04,0.625,Healthy
NDVI07565,19.895419,74.434669,2026-04-14,-0.045,Bare/Water
NDVI07566,19.81566,74.358764,2022-01-26,-0.062,Bare/Water
NDVI07567,19.812307,74.440439,2022-07-11,0.591,Healthy
NDVI07568,19.918967,74.507745,2023-09-17,0.84,Very Healthy
NDVI07569,19.916983,74.424393,2020-02-15,-0.293,Bare/Water
NDVI07570,19.872261,74.521749,2025-11-05,0.481,Moderate
NDVI07571,19.848988,74.521193,2020-05-29,0.156,Sparse
NDVI07572,19.922769,74.588534,2017-06-13,0.255,Sparse
NDVI07573,19.910819,74.535778,2017-08-25,0.553,Healthy
NDVI07574,19.814916,74.354808,2018-08-21,0.964,Very Healthy
NDVI07575,19.930766,74.351678,2025-10-07,0.744,Very Healthy
NDVI07576,19.822536,74.424118,2024-05-18,0.234,Sparse
NDVI07577,19.944362,74.546044,2017-06-09,0.641,Healthy
NDVI07578,19.855656,74.389101,2020-02-22,-0.236,Bare/Water
NDVI07579,19.897998,74.587347,2024-02-22,-0.023,Bare/Water
NDVI07580,19.807401,74.534392,2019-08-23,0.814,Very Healthy
NDVI07581,19.945691,74.431008,2026-05-21,0.144,Sparse
NDVI07582,19.891959,74.39072,2023-06-25,0.566,Healthy
NDVI07583,19.895461,74.490091,2023-05-11,0.217,Sparse
NDVI07584,19.840571,74.415573,2026-01-14,-0.14,Bare/Water
NDVI07585,19.899165,74.52327,2021-01-18,0.004,Bare/Water
NDVI07586,19.913445,74.435908,2020-04-09,-0.023,Bare/Water
NDVI07587,19.868982,74.418574,2023-05-19,0.381,Moderate
NDVI07588,19.830091,74.483759,2023-04-22,-0.01,Bare/Water
NDVI07589,19.877764,74.5376,2025-05-20,0.111,Sparse
NDVI07590,19.892548,74.541019,2019-02-07,-0.075,Bare/Water
NDVI07591,19.886441,74.570764,2025-11-07,0.483,Moderate
NDVI07592,19.806276,74.528106,2023-01-29,0.06,Bare/Water
NDVI07593,19.87042,74.415579,2017-04-28,0.049,Bare/Water
NDVI07594,19.804471,74.389976,2020-04-08,0.011,Bare/Water
NDVI07595,19.805865,74.532895,2020-10-09,0.505,Healthy
NDVI07596,19.801952,74.533516,2024-05-23,0.232,Sparse
NDVI07597,19.919873,74.547685,2018-01-28,0.082,Bare/Water
NDVI07598,19.926431,74.571519,2022-01-03,0.11,Sparse
NDVI07599,19.939216,74.388379,2024-09-22,0.695,Healthy
NDVI07600,19.908353,74.575227,2026-06-13,0.276,Sparse
NDVI07601,19.847471,74.395781,2023-05-16,0.022,Bare/Water
NDVI07602,19.881838,74.480222,2019-01-17,-0.072,Bare/Water
NDVI07603,19.918736,74.552046,2023-08-31,0.4,Moderate
NDVI07604,19.926453,74.391588,2017-10-21,0.414,Moderate
NDVI07605,19.828625,74.442064,2019-11-01,0.331,Moderate
NDVI07606,19.865987,74.426272,2022-04-09,-0.069,Bare/Water
NDVI07607,19.895792,74.412943,2023-05-11,0.071,Bare/Water
NDVI07608,19.866397,74.553185,2022-08-08,0.56,Healthy
NDVI07609,19.881729,74.360104,2017-06-01,0.416,Moderate
NDVI07610,19.94676,74.402004,2017-03-14,-0.086,Bare/Water
NDVI07611,19.915228,74.517238,2016-10-28,0.262,Sparse
NDVI07612,19.831956,74.511467,2018-12-18,0.06,Bare/Water
NDVI07613,19.809623,74.508392,2023-07-02,0.464,Moderate
NDVI07614,19.937168,74.423521,2017-10-06,0.29,Sparse
NDVI07615,19.84187,74.418532,2024-10-01,0.482,Moderate
NDVI07616,19.941947,74.530957,2018-04-23,0.101,Sparse
NDVI07617,19.819424,74.537326,2023-03-17,0.003,Bare/Water
NDVI07618,19.825917,74.445395,2020-04-18,0.158,Sparse
NDVI07619,19.877081,74.577112,2025-05-14,0.313,Moderate
NDVI07620,19.885499,74.540754,2018-10-20,0.307,Moderate
NDVI07621,19.80247,74.51938,2016-08-30,0.535,Healthy
NDVI07622,19.835238,74.449825,2025-01-22,-0.033,Bare/Water
NDVI07623,19.850145,74.417124,2022-03-18,-0.281,Bare/Water
NDVI07624,19.814101,74.543766,2024-07-30,0.678,Healthy
NDVI07625,19.91985,74.387559,2019-04-28,0.007,Bare/Water
NDVI07626,19.904592,74.535312,2019-06-08,0.319,Moderate
NDVI07627,19.850768,74.481108,2019-04-23,0.128,Sparse
NDVI07628,19.80931,74.448313,2018-12-14,0.185,Sparse
NDVI07629,19.910621,74.536394,2016-09-29,0.557,Healthy
NDVI07630,19.853637,74.396782,2019-06-16,0.328,Moderate
NDVI07631,19.867546,74.360729,2024-02-11,0.06,Bare/Water
NDVI07632,19.85154,74.447356,2017-06-13,0.428,Moderate
NDVI07633,19.855023,74.556349,2020-06-09,0.468,Moderate
NDVI07634,19.858638,74.489206,2025-09-23,0.657,Healthy
NDVI07635,19.931959,74.575594,2025-07-10,0.539,Healthy
NDVI07636,19.946928,74.469421,2024-09-28,0.418,Moderate
NDVI07637,19.896449,74.568939,2023-07-31,0.504,Healthy
NDVI07638,19.861028,74.460104,2023-03-20,-0.096,Bare/Water
NDVI07639,19.814789,74.412834,2023-08-19,0.813,Very Healthy
NDVI07640,19.847966,74.592503,2025-07-09,0.483,Moderate
NDVI07641,19.914853,74.51938,2018-01-18,-0.175,Bare/Water
NDVI07642,19.860687,74.560301,2020-12-25,0.038,Bare/Water
NDVI07643,19.846635,74.54386,2021-08-28,0.415,Moderate
NDVI07644,19.928871,74.353683,2017-06-21,0.108,Sparse
NDVI07645,19.845849,74.528418,2018-07-08,0.416,Moderate
NDVI07646,19.859765,74.416888,2018-05-15,0.241,Sparse
NDVI07647,19.807536,74.558855,2024-01-24,0.085,Bare/Water
NDVI07648,19.865464,74.47998,2020-03-30,-0.067,Bare/Water
NDVI07649,19.849434,74.371084,2020-05-12,0.165,Sparse
NDVI07650,19.85065,74.459099,2022-06-13,0.161,Sparse
NDVI07651,19.822391,74.383234,2019-10-12,0.672,Healthy
NDVI07652,19.807786,74.498128,2017-04-24,-0.075,Bare/Water
NDVI07653,19.803667,74.485533,2020-02-22,-0.171,Bare/Water
NDVI07654,19.844119,74.571948,2019-08-20,0.63,Healthy
NDVI07655,19.815014,74.410016,2024-01-16,-0.081,Bare/Water
NDVI07656,19.893615,74.441887,2022-06-30,0.444,Moderate
NDVI07657,19.916769,74.385809,2019-05-23,0.211,Sparse
NDVI07658,19.906593,74.527507,2026-03-21,-0.019,Bare/Water
NDVI07659,19.823722,74.453542,2023-09-26,0.705,Very Healthy
NDVI07660,19.813981,74.492049,2017-09-15,0.521,Healthy
NDVI07661,19.871286,74.472261,2022-04-05,-0.006,Bare/Water
NDVI07662,19.810418,74.554416,2018-06-12,0.287,Sparse
NDVI07663,19.899214,74.549998,2019-02-16,-0.215,Bare/Water
NDVI07664,19.838269,74.560988,2025-06-27,0.37,Moderate
NDVI07665,19.836786,74.523836,2025-03-13,0.054,Bare/Water
NDVI07666,19.918666,74.417731,2017-08-07,0.516,Healthy
NDVI07667,19.883092,74.512501,2022-12-09,0.204,Sparse
NDVI07668,19.843884,74.465001,2022-05-03,0.284,Sparse
NDVI07669,19.837172,74.517472,2019-11-28,0.228,Sparse
NDVI07670,19.933058,74.464383,2019-08-07,0.528,Healthy
NDVI07671,19.801117,74.354908,2023-09-23,0.452,Moderate
NDVI07672,19.931567,74.411283,2021-12-23,0.179,Sparse
NDVI07673,19.865069,74.415628,2024-05-06,0.2,Sparse
NDVI07674,19.814728,74.529051,2017-03-18,-0.107,Bare/Water
NDVI07675,19.934487,74.455249,2026-01-09,0.003,Bare/Water
NDVI07676,19.896357,74.520298,2023-11-28,0.369,Moderate
NDVI07677,19.913958,74.481878,2024-04-05,-0.011,Bare/Water
NDVI07678,19.874266,74.584582,2023-04-03,-0.224,Bare/Water
NDVI07679,19.883084,74.372017,2021-07-18,0.509,Healthy
NDVI07680,19.81266,74.59852,2023-05-18,0.171,Sparse
NDVI07681,19.908961,74.378116,2025-08-13,0.56,Healthy
NDVI07682,19.937419,74.480079,2022-06-11,0.41,Moderate
NDVI07683,19.831952,74.453482,2017-12-17,0.294,Sparse
NDVI07684,19.838618,74.385151,2017-11-10,0.34,Moderate
NDVI07685,19.857498,74.556539,2016-11-18,0.237,Sparse
NDVI07686,19.888683,74.458858,2024-06-26,0.459,Moderate
NDVI07687,19.918559,74.55689,2025-06-16,0.383,Moderate
NDVI07688,19.819521,74.428381,2024-09-29,0.45,Moderate
NDVI07689,19.899819,74.577589,2020-10-04,0.657,Healthy
NDVI07690,19.898015,74.542649,2017-03-07,-0.255,Bare/Water
NDVI07691,19.895395,74.357913,2019-11-23,0.339,Moderate
NDVI07692,19.850537,74.39224,2022-07-21,0.338,Moderate
NDVI07693,19.842224,74.477675,2022-03-13,0.223,Sparse
NDVI07694,19.825575,74.491421,2019-07-20,0.395,Moderate
NDVI07695,19.841393,74.355912,2023-03-08,-0.111,Bare/Water
NDVI07696,19.858513,74.502532,2024-07-24,0.702,Very Healthy
NDVI07697,19.866295,74.471444,2017-05-24,0.39,Moderate
NDVI07698,19.830604,74.434028,2025-12-14,0.087,Bare/Water
NDVI07699,19.813692,74.588026,2023-10-29,0.541,Healthy
NDVI07700,19.866554,74.461656,2019-05-18,0.332,Moderate
NDVI07701,19.831593,74.543977,2025-04-14,-0.239,Bare/Water
NDVI07702,19.941195,74.538779,2026-03-24,-0.107,Bare/Water
NDVI07703,19.803952,74.350477,2019-12-26,0.133,Sparse
NDVI07704,19.942244,74.486289,2018-11-20,0.533,Healthy
NDVI07705,19.82612,74.498712,2026-01-12,0.064,Bare/Water
NDVI07706,19.874552,74.456601,2020-09-16,0.49,Moderate
NDVI07707,19.934992,74.556361,2024-02-21,-0.366,Bare/Water
NDVI07708,19.934825,74.352571,2020-11-08,0.516,Healthy
NDVI07709,19.889524,74.57134,2018-02-28,0.11,Sparse
NDVI07710,19.821337,74.46369,2020-05-15,0.332,Moderate
NDVI07711,19.851656,74.556858,2024-02-15,-0.025,Bare/Water
NDVI07712,19.879165,74.452575,2025-02-24,-0.122,Bare/Water
NDVI07713,19.842176,74.597857,2020-10-15,0.569,Healthy
NDVI07714,19.835056,74.516189,2016-09-28,0.682,Healthy
NDVI07715,19.929105,74.594471,2026-03-08,-0.284,Bare/Water
NDVI07716,19.941231,74.392367,2018-09-07,0.363,Moderate
NDVI07717,19.893589,74.376447,2026-06-14,0.182,Sparse
NDVI07718,19.842086,74.578704,2021-11-02,0.489,Moderate
NDVI07719,19.898693,74.421156,2025-09-20,0.455,Moderate
NDVI07720,19.915047,74.402455,2021-01-25,-0.085,Bare/Water
NDVI07721,19.936759,74.39174,2020-04-24,0.074,Bare/Water
NDVI07722,19.893392,74.489514,2026-07-10,0.623,Healthy
NDVI07723,19.815972,74.489065,2017-09-09,0.764,Very Healthy
NDVI07724,19.86488,74.412702,2019-12-01,0.296,Sparse
NDVI07725,19.889005,74.469093,2018-01-24,0.235,Sparse
NDVI07726,19.919677,74.379201,2019-02-22,-0.181,Bare/Water
NDVI07727,19.936473,74.493018,2019-12-08,0.212,Sparse
NDVI07728,19.89379,74.418045,2021-09-07,0.426,Moderate
NDVI07729,19.861087,74.470214,2017-09-26,0.687,Healthy
NDVI07730,19.856711,74.51287,2022-08-09,0.5,Healthy
NDVI07731,19.824537,74.369035,2016-10-20,0.443,Moderate
NDVI07732,19.824526,74.370456,2024-12-16,0.083,Bare/Water
NDVI07733,19.836397,74.578155,2016-11-12,0.305,Moderate
NDVI07734,19.898226,74.437199,2022-07-29,0.581,Healthy
NDVI07735,19.930378,74.570604,2026-05-03,0.126,Sparse
NDVI07736,19.941834,74.595154,2025-08-02,0.518,Healthy
NDVI07737,19.855886,74.554868,2021-04-12,-0.194,Bare/Water
NDVI07738,19.927629,74.396325,2019-11-27,0.498,Moderate
NDVI07739,19.8417,74.536364,2025-11-02,0.395,Moderate
NDVI07740,19.948441,74.551792,2025-03-10,-0.127,Bare/Water
NDVI07741,19.87183,74.358399,2019-03-17,-0.258,Bare/Water
NDVI07742,19.835341,74.539934,2017-12-06,0.224,Sparse
NDVI07743,19.890189,74.376898,2025-07-01,0.358,Moderate
NDVI07744,19.929486,74.426857,2016-11-18,0.391,Moderate
NDVI07745,19.863489,74.473432,2018-03-25,-0.261,Bare/Water
NDVI07746,19.869691,74.588665,2022-11-27,0.254,Sparse
NDVI07747,19.949857,74.550146,2017-07-22,0.384,Moderate
NDVI07748,19.832328,74.483575,2023-11-08,0.43,Moderate
NDVI07749,19.927667,74.492531,2016-09-20,0.696,Healthy
NDVI07750,19.927297,74.380734,2022-11-29,0.218,Sparse
NDVI07751,19.861312,74.440923,2022-07-06,0.539,Healthy
NDVI07752,19.904469,74.374057,2016-11-16,0.203,Sparse
NDVI07753,19.842229,74.407535,2024-02-20,-0.378,Bare/Water
NDVI07754,19.880216,74.522083,2019-11-09,0.392,Moderate
NDVI07755,19.941137,74.3768,2021-12-15,0.272,Sparse
NDVI07756,19.832564,74.449825,2024-02-28,-0.184,Bare/Water
NDVI07757,19.891192,74.419343,2020-03-10,-0.186,Bare/Water
NDVI07758,19.900444,74.454266,2024-01-28,-0.06,Bare/Water
NDVI07759,19.801071,74.502043,2022-04-06,0.107,Sparse
NDVI07760,19.845506,74.461044,2018-03-08,-0.09,Bare/Water
NDVI07761,19.823427,74.382223,2019-08-04,0.69,Healthy
NDVI07762,19.945002,74.541288,2023-01-12,0.085,Bare/Water
NDVI07763,19.896989,74.398421,2016-11-06,0.399,Moderate
NDVI07764,19.860873,74.54112,2024-12-25,0.166,Sparse
NDVI07765,19.836945,74.49409,2021-09-26,0.656,Healthy
NDVI07766,19.91143,74.481095,2022-05-29,0.358,Moderate
NDVI07767,19.911195,74.381715,2017-01-25,-0.181,Bare/Water
NDVI07768,19.943365,74.530904,2022-08-27,0.479,Moderate
NDVI07769,19.833866,74.520751,2018-05-09,0.054,Bare/Water
NDVI07770,19.834609,74.508073,2022-02-18,-0.197,Bare/Water
NDVI07771,19.834802,74.433927,2023-10-30,0.264,Sparse
NDVI07772,19.908251,74.420432,2024-01-31,-0.321,Bare/Water
NDVI07773,19.869351,74.573919,2020-10-25,0.434,Moderate
NDVI07774,19.939412,74.599085,2023-10-31,0.078,Bare/Water
NDVI07775,19.8506,74.368354,2016-08-25,0.632,Healthy
NDVI07776,19.916719,74.507404,2019-04-02,-0.24,Bare/Water
NDVI07777,19.901512,74.390245,2017-11-22,0.726,Very Healthy
NDVI07778,19.839772,74.455584,2022-10-04,0.661,Healthy
NDVI07779,19.906547,74.393298,2022-09-22,0.377,Moderate
NDVI07780,19.882307,74.554995,2018-05-09,0.257,Sparse
NDVI07781,19.87817,74.354452,2019-11-24,0.556,Healthy
NDVI07782,19.922676,74.501307,2020-09-01,0.522,Healthy
NDVI07783,19.946344,74.567686,2017-03-25,-0.045,Bare/Water
NDVI07784,19.904591,74.465983,2017-10-31,0.474,Moderate
NDVI07785,19.94913,74.403131,2025-05-28,0.319,Moderate
NDVI07786,19.899882,74.518404,2024-07-31,0.474,Moderate
NDVI07787,19.919962,74.593644,2023-12-21,0.183,Sparse
NDVI07788,19.848752,74.552613,2020-03-13,0.106,Sparse
NDVI07789,19.909018,74.437876,2024-04-27,-0.065,Bare/Water
NDVI07790,19.817475,74.540196,2023-10-14,0.457,Moderate
NDVI07791,19.903819,74.414644,2020-07-19,0.583,Healthy
NDVI07792,19.858366,74.511191,2026-03-23,-0.074,Bare/Water
NDVI07793,19.860757,74.398045,2021-01-09,0.127,Sparse
NDVI07794,19.885739,74.511641,2022-05-08,-0.119,Bare/Water
NDVI07795,19.863467,74.379583,2020-03-18,-0.007,Bare/Water
NDVI07796,19.843713,74.354493,2019-03-08,-0.145,Bare/Water
NDVI07797,19.815684,74.504371,2021-02-24,0.067,Bare/Water
NDVI07798,19.8444,74.366812,2021-02-25,-0.139,Bare/Water
NDVI07799,19.946269,74.508773,2018-07-30,0.732,Very Healthy
NDVI07800,19.930597,74.532567,2022-12-16,0.26,Sparse
NDVI07801,19.800232,74.596392,2025-09-23,0.799,Very Healthy
NDVI07802,19.825877,74.515044,2024-03-09,0.031,Bare/Water
NDVI07803,19.909087,74.528351,2021-02-07,-0.036,Bare/Water
NDVI07804,19.806687,74.39702,2023-03-25,-0.208,Bare/Water
NDVI07805,19.800762,74.411099,2017-01-08,-0.078,Bare/Water
NDVI07806,19.811703,74.553148,2018-11-26,0.06,Bare/Water
NDVI07807,19.91925,74.391033,2021-02-01,0.067,Bare/Water
NDVI07808,19.815843,74.467626,2019-11-28,0.253,Sparse
NDVI07809,19.886761,74.391167,2026-05-22,0.387,Moderate
NDVI07810,19.809636,74.55358,2023-12-21,0.166,Sparse
NDVI07811,19.920196,74.427178,2024-08-29,0.6,Healthy
NDVI07812,19.880109,74.496071,2019-11-05,0.48,Moderate
NDVI07813,19.938825,74.563596,2023-10-23,0.505,Healthy
NDVI07814,19.914075,74.390513,2016-12-20,-0.036,Bare/Water
NDVI07815,19.820311,74.413084,2020-10-23,0.231,Sparse
NDVI07816,19.803054,74.459148,2016-08-24,0.699,Healthy
NDVI07817,19.910922,74.483872,2024-05-15,-0.039,Bare/Water
NDVI07818,19.941208,74.350742,2020-04-27,0.143,Sparse
NDVI07819,19.880736,74.589559,2022-04-23,-0.004,Bare/Water
NDVI07820,19.821548,74.589033,2022-05-14,0.17,Sparse
NDVI07821,19.885817,74.543681,2020-09-28,0.65,Healthy
NDVI07822,19.813368,74.485257,2020-07-13,0.437,Moderate
NDVI07823,19.84985,74.551792,2021-08-12,0.573,Healthy
NDVI07824,19.899351,74.488509,2023-10-05,0.502,Healthy
NDVI07825,19.803935,74.394267,2017-06-08,0.385,Moderate
NDVI07826,19.837011,74.390023,2024-08-21,0.533,Healthy
NDVI07827,19.802699,74.427291,2017-02-09,-0.13,Bare/Water
NDVI07828,19.819755,74.361036,2018-02-08,-0.176,Bare/Water
NDVI07829,19.858631,74.558533,2025-04-02,-0.138,Bare/Water
NDVI07830,19.940388,74.598706,2023-08-18,0.719,Very Healthy
NDVI07831,19.930542,74.571385,2021-05-14,0.084,Bare/Water
NDVI07832,19.821807,74.449395,2026-05-01,0.177,Sparse
NDVI07833,19.931206,74.413747,2025-06-30,0.288,Sparse
NDVI07834,19.823786,74.543338,2022-02-07,-0.115,Bare/Water
NDVI07835,19.883942,74.475112,2020-01-03,0.041,Bare/Water
NDVI07836,19.885064,74.352698,2017-01-09,0.081,Bare/Water
NDVI07837,19.833082,74.409807,2021-03-13,-0.173,Bare/Water
NDVI07838,19.829564,74.413092,2022-09-28,0.502,Healthy
NDVI07839,19.896113,74.55114,2023-10-05,0.417,Moderate
NDVI07840,19.922586,74.585864,2026-04-22,0.025,Bare/Water
NDVI07841,19.899517,74.490605,2020-10-26,0.246,Sparse
NDVI07842,19.921603,74.567799,2021-04-19,0.199,Sparse
NDVI07843,19.927921,74.477858,2025-05-18,0.217,Sparse
NDVI07844,19.811353,74.496079,2022-01-01,-0.046,Bare/Water
NDVI07845,19.834273,74.500424,2017-03-13,-0.153,Bare/Water
NDVI07846,19.876751,74.363576,2017-09-11,0.641,Healthy
NDVI07847,19.842408,74.534143,2017-09-04,0.802,Very Healthy
NDVI07848,19.916646,74.385156,2022-02-07,-0.045,Bare/Water
NDVI07849,19.830851,74.395932,2018-12-22,0.107,Sparse
NDVI07850,19.945952,74.426625,2020-05-19,0.161,Sparse
NDVI07851,19.927929,74.476419,2024-03-10,-0.109,Bare/Water
NDVI07852,19.823433,74.448089,2022-04-22,0.018,Bare/Water
NDVI07853,19.871027,74.576255,2024-09-12,0.535,Healthy
NDVI07854,19.81271,74.408176,2016-08-24,0.277,Sparse
NDVI07855,19.828118,74.57451,2020-03-16,-0.165,Bare/Water
NDVI07856,19.895118,74.437166,2022-06-13,0.5,Healthy
NDVI07857,19.815495,74.413637,2018-10-11,0.281,Sparse
NDVI07858,19.910539,74.39591,2018-05-24,0.273,Sparse
NDVI07859,19.802447,74.358121,2025-06-07,0.19,Sparse
NDVI07860,19.807941,74.525092,2023-09-05,0.756,Very Healthy
NDVI07861,19.886892,74.450793,2025-02-09,0.018,Bare/Water
NDVI07862,19.82375,74.508771,2023-02-24,0.194,Sparse
NDVI07863,19.885561,74.527428,2026-07-27,0.691,Healthy
NDVI07864,19.876347,74.491843,2023-10-02,0.508,Healthy
NDVI07865,19.913439,74.567114,2018-09-20,0.754,Very Healthy
NDVI07866,19.909164,74.50522,2019-12-29,0.015,Bare/Water
NDVI07867,19.846284,74.512647,2023-08-26,0.617,Healthy
NDVI07868,19.932618,74.522883,2022-03-02,-0.223,Bare/Water
NDVI07869,19.903759,74.47797,2023-06-15,0.174,Sparse
NDVI07870,19.822667,74.576912,2026-07-20,0.548,Healthy
NDVI07871,19.948189,74.541649,2019-05-28,0.29,Sparse
NDVI07872,19.940091,74.469797,2026-06-23,0.321,Moderate
NDVI07873,19.821259,74.447679,2023-09-20,0.677,Healthy
NDVI07874,19.859311,74.367897,2025-10-20,0.536,Healthy
NDVI07875,19.939102,74.545864,2023-10-31,0.466,Moderate
NDVI07876,19.831059,74.538153,2019-02-24,-0.291,Bare/Water
NDVI07877,19.85692,74.59113,2024-02-04,0.079,Bare/Water
NDVI07878,19.928611,74.450903,2023-06-18,0.226,Sparse
NDVI07879,19.911681,74.423791,2017-04-15,0.05,Bare/Water
NDVI07880,19.897265,74.464996,2025-02-17,-0.085,Bare/Water
NDVI07881,19.913788,74.384859,2025-07-02,0.458,Moderate
NDVI07882,19.814952,74.458042,2023-01-25,0.007,Bare/Water
NDVI07883,19.817601,74.350067,2019-06-13,0.291,Sparse
NDVI07884,19.898767,74.565964,2023-04-11,0.037,Bare/Water
NDVI07885,19.809883,74.350172,2022-07-20,0.419,Moderate
NDVI07886,19.806053,74.461762,2019-12-22,-0.095,Bare/Water
NDVI07887,19.821837,74.460734,2017-11-24,0.197,Sparse
NDVI07888,19.862587,74.351365,2023-09-04,0.686,Healthy
NDVI07889,19.924798,74.456953,2016-09-04,0.586,Healthy
NDVI07890,19.939263,74.356049,2025-04-14,-0.05,Bare/Water
NDVI07891,19.811963,74.384179,2019-02-04,0.097,Bare/Water
NDVI07892,19.937827,74.417235,2024-04-17,0.117,Sparse
NDVI07893,19.885681,74.388592,2022-02-03,-0.001,Bare/Water
NDVI07894,19.940964,74.490202,2017-12-28,-0.098,Bare/Water
NDVI07895,19.878568,74.545945,2021-04-12,0.161,Sparse
NDVI07896,19.824247,74.54593,2024-09-10,0.709,Very Healthy
NDVI07897,19.833884,74.480951,2025-09-06,0.568,Healthy
NDVI07898,19.93261,74.435596,2025-06-29,0.377,Moderate
NDVI07899,19.931519,74.537965,2017-11-18,0.282,Sparse
NDVI07900,19.934019,74.537078,2023-05-27,0.291,Sparse
NDVI07901,19.894449,74.576422,2018-07-07,0.36,Moderate
NDVI07902,19.946905,74.359294,2022-10-24,0.454,Moderate
NDVI07903,19.822966,74.477185,2018-05-26,0.202,Sparse
NDVI07904,19.830276,74.405776,2025-07-05,0.408,Moderate
NDVI07905,19.835256,74.482238,2022-04-18,-0.133,Bare/Water
NDVI07906,19.913896,74.45807,2024-03-13,-0.127,Bare/Water
NDVI07907,19.835549,74.52429,2020-07-04,0.375,Moderate
NDVI07908,19.864665,74.501447,2019-01-20,-0.222,Bare/Water
NDVI07909,19.875718,74.483412,2021-06-01,0.151,Sparse
NDVI07910,19.892898,74.459687,2018-04-15,0.034,Bare/Water
NDVI07911,19.90506,74.365121,2024-12-09,0.208,Sparse
NDVI07912,19.937057,74.355504,2018-10-31,0.318,Moderate
NDVI07913,19.813828,74.473349,2023-06-30,0.434,Moderate
NDVI07914,19.806258,74.43807,2023-02-03,-0.111,Bare/Water
NDVI07915,19.939905,74.360799,2024-06-17,0.126,Sparse
NDVI07916,19.821132,74.477196,2016-12-09,0.528,Healthy
NDVI07917,19.902313,74.459732,2022-08-15,0.508,Healthy
NDVI07918,19.943745,74.498252,2022-06-11,0.416,Moderate
NDVI07919,19.842812,74.473056,2024-04-27,0.046,Bare/Water
NDVI07920,19.839901,74.372884,2023-03-26,-0.136,Bare/Water
NDVI07921,19.830328,74.592572,2017-04-12,0.146,Sparse
NDVI07922,19.916978,74.491659,2021-08-07,0.591,Healthy
NDVI07923,19.937673,74.579124,2016-12-05,0.118,Sparse
NDVI07924,19.890177,74.441053,2024-04-24,-0.386,Bare/Water
NDVI07925,19.803417,74.506565,2025-01-26,-0.171,Bare/Water
NDVI07926,19.814007,74.507274,2017-05-10,0.118,Sparse
NDVI07927,19.894084,74.448836,2021-11-18,0.293,Sparse
NDVI07928,19.879269,74.388615,2020-09-12,0.748,Very Healthy
NDVI07929,19.809016,74.418199,2019-11-04,0.267,Sparse
NDVI07930,19.859842,74.432583,2025-02-19,-0.005,Bare/Water
NDVI07931,19.887572,74.458518,2019-05-25,0.273,Sparse
NDVI07932,19.870311,74.383224,2022-12-18,0.247,Sparse
NDVI07933,19.882863,74.450673,2024-03-27,-0.289,Bare/Water
NDVI07934,19.937544,74.531472,2018-10-28,0.385,Moderate
NDVI07935,19.92185,74.472315,2025-05-02,0.072,Bare/Water
NDVI07936,19.859941,74.365874,2019-09-10,0.402,Moderate
NDVI07937,19.843954,74.40749,2020-12-06,0.216,Sparse
NDVI07938,19.889062,74.546356,2026-02-01,-0.15,Bare/Water
NDVI07939,19.806536,74.443188,2021-10-04,0.438,Moderate
NDVI07940,19.839413,74.493887,2019-09-13,0.503,Healthy
NDVI07941,19.933626,74.353563,2018-04-24,-0.066,Bare/Water
NDVI07942,19.833153,74.511742,2024-09-25,0.412,Moderate
NDVI07943,19.802398,74.442606,2023-07-20,0.542,Healthy
NDVI07944,19.808487,74.428705,2023-09-10,0.446,Moderate
NDVI07945,19.833527,74.534725,2019-01-04,0.06,Bare/Water
NDVI07946,19.929832,74.506543,2018-04-22,-0.07,Bare/Water
NDVI07947,19.877385,74.576314,2020-03-18,-0.109,Bare/Water
NDVI07948,19.85748,74.428588,2019-05-04,0.253,Sparse
NDVI07949,19.838673,74.410352,2022-01-21,0.038,Bare/Water
NDVI07950,19.919015,74.455673,2026-07-24,0.518,Healthy
NDVI07951,19.812473,74.559248,2020-02-14,-0.122,Bare/Water
NDVI07952,19.937774,74.524763,2024-01-08,0.044,Bare/Water
NDVI07953,19.892431,74.552306,2022-07-18,0.335,Moderate
NDVI07954,19.840135,74.5928,2025-12-09,0.247,Sparse
NDVI07955,19.91957,74.477115,2022-12-26,0.043,Bare/Water
NDVI07956,19.924418,74.533431,2017-02-03,-0.231,Bare/Water
NDVI07957,19.928104,74.425415,2024-01-09,-0.1,Bare/Water
NDVI07958,19.92381,74.483386,2017-01-26,-0.149,Bare/Water
NDVI07959,19.814067,74.47334,2025-12-26,0.247,Sparse
NDVI07960,19.858777,74.548218,2021-03-07,-0.206,Bare/Water
NDVI07961,19.925523,74.5606,2023-10-18,0.521,Healthy
NDVI07962,19.860603,74.374082,2020-01-27,-0.204,Bare/Water
NDVI07963,19.941235,74.572765,2022-12-06,0.209,Sparse
NDVI07964,19.926726,74.508541,2016-08-05,0.583,Healthy
NDVI07965,19.824579,74.598822,2021-02-07,-0.128,Bare/Water
NDVI07966,19.907317,74.411452,2019-10-08,0.44,Moderate
NDVI07967,19.909323,74.518331,2018-10-03,0.669,Healthy
NDVI07968,19.933251,74.468292,2020-07-16,0.515,Healthy
NDVI07969,19.948344,74.588195,2024-02-08,-0.051,Bare/Water
NDVI07970,19.877828,74.556207,2020-06-24,0.504,Healthy
NDVI07971,19.806125,74.510075,2022-10-25,0.253,Sparse
NDVI07972,19.832484,74.479154,2025-10-11,0.639,Healthy
NDVI07973,19.860081,74.387881,2026-04-11,0.002,Bare/Water
NDVI07974,19.948864,74.54277,2024-02-14,-0.11,Bare/Water
NDVI07975,19.814071,74.388831,2022-08-09,0.593,Healthy
NDVI07976,19.833819,74.599523,2022-04-06,0.129,Sparse
NDVI07977,19.894654,74.371877,2020-10-26,0.293,Sparse
NDVI07978,19.899734,74.367592,2021-08-31,0.687,Healthy
NDVI07979,19.904424,74.419831,2024-07-17,0.325,Moderate
NDVI07980,19.802937,74.551461,2024-02-18,-0.371,Bare/Water
NDVI07981,19.939243,74.397279,2019-08-07,0.566,Healthy
NDVI07982,19.829929,74.469311,2020-06-26,0.423,Moderate
NDVI07983,19.861946,74.535363,2021-10-01,0.575,Healthy
NDVI07984,19.912666,74.519852,2022-10-19,0.729,Very Healthy
NDVI07985,19.930603,74.500335,2018-12-07,0.287,Sparse
NDVI07986,19.881883,74.487078,2017-03-21,0.016,Bare/Water
NDVI07987,19.847916,74.582476,2017-09-01,0.724,Very Healthy
NDVI07988,19.930808,74.43436,2021-10-03,0.655,Healthy
NDVI07989,19.858468,74.514828,2018-06-16,0.357,Moderate
NDVI07990,19.856823,74.505153,2023-01-11,0.13,Sparse
NDVI07991,19.832018,74.54325,2025-07-10,0.352,Moderate
NDVI07992,19.929515,74.355962,2024-10-24,0.595,Healthy
NDVI07993,19.912491,74.417482,2025-07-22,0.516,Healthy
NDVI07994,19.932157,74.352592,2023-07-28,0.587,Healthy
NDVI07995,19.86115,74.47032,2022-07-10,0.673,Healthy
NDVI07996,19.885498,74.400233,2022-11-15,0.245,Sparse
NDVI07997,19.826411,74.393412,2017-01-02,0.284,Sparse
NDVI07998,19.905665,74.456565,2017-12-25,0.166,Sparse
NDVI07999,19.914984,74.454421,2021-10-30,0.517,Healthy
NDVI08000,19.920437,74.500836,2017-07-03,0.494,Moderate
NDVI08001,19.819886,74.394662,2020-08-23,0.57,Healthy
NDVI08002,19.883989,74.545223,2025-06-06,0.271,Sparse
NDVI08003,19.903056,74.447896,2022-07-20,0.631,Healthy
NDVI08004,19.88923,74.527949,2025-12-01,0.373,Moderate
NDVI08005,19.811832,74.357138,2020-03-28,-0.035,Bare/Water
NDVI08006,19.867833,74.569537,2018-01-25,-0.168,Bare/Water
NDVI08007,19.800146,74.357556,2017-06-15,0.582,Healthy
NDVI08008,19.887994,74.546719,2025-06-09,0.535,Healthy
NDVI08009,19.844844,74.358629,2020-01-26,-0.028,Bare/Water
NDVI08010,19.852825,74.599489,2026-04-21,0.01,Bare/Water
NDVI08011,19.851956,74.364078,2020-03-26,-0.223,Bare/Water
NDVI08012,19.905508,74.477456,2021-07-23,0.438,Moderate
NDVI08013,19.88909,74.533664,2023-11-26,0.391,Moderate
NDVI08014,19.838192,74.51072,2026-06-24,0.55,Healthy
NDVI08015,19.927274,74.41533,2021-10-24,0.326,Moderate
NDVI08016,19.884444,74.472137,2019-11-20,0.536,Healthy
NDVI08017,19.92602,74.551596,2019-12-05,0.046,Bare/Water
NDVI08018,19.838312,74.379875,2024-05-04,0.015,Bare/Water
NDVI08019,19.920076,74.403924,2017-06-20,0.653,Healthy
NDVI08020,19.917409,74.541296,2025-01-25,-0.013,Bare/Water
NDVI08021,19.940659,74.3818,2024-05-30,0.496,Moderate
NDVI08022,19.885587,74.526247,2024-10-20,0.393,Moderate
NDVI08023,19.919909,74.406738,2024-06-24,0.511,Healthy
NDVI08024,19.938326,74.464401,2017-04-07,-0.057,Bare/Water
NDVI08025,19.824431,74.372085,2024-01-24,-0.125,Bare/Water
NDVI08026,19.902264,74.499968,2020-05-05,-0.014,Bare/Water
NDVI08027,19.864424,74.369171,2023-07-16,0.552,Healthy
NDVI08028,19.913258,74.526563,2019-03-08,0.108,Sparse
NDVI08029,19.809571,74.36123,2022-07-18,0.563,Healthy
NDVI08030,19.941167,74.423749,2017-10-19,0.171,Sparse
NDVI08031,19.879293,74.456476,2023-03-23,-0.16,Bare/Water
NDVI08032,19.911448,74.383582,2019-02-16,0.14,Sparse
NDVI08033,19.851789,74.438559,2021-02-01,-0.087,Bare/Water
NDVI08034,19.921401,74.397093,2024-04-11,0.032,Bare/Water
NDVI08035,19.906951,74.415159,2020-03-30,-0.034,Bare/Water
NDVI08036,19.844988,74.370009,2020-02-23,-0.07,Bare/Water
NDVI08037,19.889799,74.589856,2026-06-02,0.19,Sparse
NDVI08038,19.891266,74.373259,2018-04-04,-0.082,Bare/Water
NDVI08039,19.810538,74.481303,2022-10-02,0.453,Moderate
NDVI08040,19.823747,74.508333,2026-07-25,0.455,Moderate
NDVI08041,19.803576,74.524819,2019-04-26,0.13,Sparse
NDVI08042,19.864282,74.477223,2023-05-24,0.18,Sparse
NDVI08043,19.820049,74.533382,2019-10-02,0.604,Healthy
NDVI08044,19.949054,74.399004,2024-11-22,0.265,Sparse
NDVI08045,19.855672,74.446297,2016-09-17,0.494,Moderate
NDVI08046,19.805522,74.475544,2019-05-13,0.217,Sparse
NDVI08047,19.900379,74.463715,2020-05-09,0.234,Sparse
NDVI08048,19.837877,74.472409,2021-01-24,-0.197,Bare/Water
NDVI08049,19.90597,74.507494,2026-01-01,0.157,Sparse
NDVI08050,19.869858,74.378914,2018-12-24,0.089,Bare/Water
NDVI08051,19.801143,74.356877,2024-10-26,0.411,Moderate
NDVI08052,19.870712,74.576412,2018-03-13,-0.298,Bare/Water
NDVI08053,19.869528,74.505986,2025-08-26,0.563,Healthy
NDVI08054,19.817127,74.592234,2026-07-10,0.778,Very Healthy
NDVI08055,19.818416,74.48274,2023-05-17,0.095,Bare/Water
NDVI08056,19.844503,74.527164,2022-03-04,-0.191,Bare/Water
NDVI08057,19.838302,74.562054,2018-05-13,0.122,Sparse
NDVI08058,19.94938,74.439939,2022-07-12,0.465,Moderate
NDVI08059,19.866882,74.510346,2023-10-10,0.361,Moderate
NDVI08060,19.864925,74.542245,2023-12-22,-0.22,Bare/Water
NDVI08061,19.8565,74.412521,2026-03-17,0.037,Bare/Water
NDVI08062,19.821924,74.478063,2017-08-11,0.49,Moderate
NDVI08063,19.863749,74.467759,2021-01-26,0.108,Sparse
NDVI08064,19.812882,74.451498,2021-09-23,0.54,Healthy
NDVI08065,19.912837,74.464049,2017-06-11,0.449,Moderate
NDVI08066,19.828568,74.457455,2017-07-13,0.574,Healthy
NDVI08067,19.836495,74.538544,2021-09-07,0.624,Healthy
NDVI08068,19.833771,74.460685,2017-11-27,0.068,Bare/Water
NDVI08069,19.868265,74.481733,2024-06-13,0.261,Sparse
NDVI08070,19.863347,74.551906,2018-03-26,-0.06,Bare/Water
NDVI08071,19.800535,74.448663,2019-04-08,-0.199,Bare/Water
NDVI08072,19.930587,74.418352,2018-10-10,0.402,Moderate
NDVI08073,19.896725,74.529642,2019-08-30,0.502,Healthy
NDVI08074,19.92935,74.440049,2018-11-02,0.364,Moderate
NDVI08075,19.849239,74.470898,2019-08-09,0.636,Healthy
NDVI08076,19.819325,74.353982,2025-06-01,0.223,Sparse
NDVI08077,19.920932,74.427507,2023-10-18,0.37,Moderate
NDVI08078,19.822997,74.442628,2019-08-16,0.525,Healthy
NDVI08079,19.942012,74.508764,2020-09-05,0.489,Moderate
NDVI08080,19.825916,74.414048,2021-06-03,0.374,Moderate
NDVI08081,19.948068,74.40929,2024-04-11,0.144,Sparse
NDVI08082,19.84028,74.594549,2018-05-07,0.278,Sparse
NDVI08083,19.948725,74.398227,2018-09-21,0.646,Healthy
NDVI08084,19.931812,74.350025,2019-04-08,-0.078,Bare/Water
NDVI08085,19.862166,74.363545,2024-02-29,-0.064,Bare/Water
NDVI08086,19.827044,74.375787,2021-11-07,0.28,Sparse
NDVI08087,19.857735,74.577086,2021-07-26,0.6,Healthy
NDVI08088,19.80505,74.358781,2021-11-04,0.558,Healthy
NDVI08089,19.831854,74.580563,2021-04-24,-0.032,Bare/Water
NDVI08090,19.933464,74.424764,2020-05-23,0.299,Sparse
NDVI08091,19.899417,74.582334,2020-02-18,-0.383,Bare/Water
NDVI08092,19.814809,74.446571,2019-11-10,0.285,Sparse
NDVI08093,19.817118,74.39083,2023-05-02,0.157,Sparse
NDVI08094,19.941136,74.358306,2017-03-29,-0.037,Bare/Water
NDVI08095,19.816448,74.587216,2016-12-30,0.169,Sparse
NDVI08096,19.915004,74.47788,2019-11-30,0.192,Sparse
NDVI08097,19.892229,74.372915,2017-06-25,0.416,Moderate
NDVI08098,19.885569,74.495385,2018-07-31,0.708,Very Healthy
NDVI08099,19.826641,74.428821,2016-08-16,0.582,Healthy
NDVI08100,19.894896,74.58289,2021-11-23,0.368,Moderate
NDVI08101,19.802688,74.545575,2019-01-17,-0.004,Bare/Water
NDVI08102,19.810993,74.463626,2025-09-04,0.75,Very Healthy
NDVI08103,19.937675,74.51366,2018-07-06,0.626,Healthy
NDVI08104,19.883583,74.46245,2018-07-31,0.446,Moderate
NDVI08105,19.817147,74.470333,2026-01-10,0.198,Sparse
NDVI08106,19.811277,74.55371,2019-07-02,0.563,Healthy
NDVI08107,19.930959,74.584524,2023-10-30,0.607,Healthy
NDVI08108,19.809625,74.432367,2023-12-16,0.265,Sparse
NDVI08109,19.852452,74.461528,2022-06-28,0.426,Moderate
NDVI08110,19.893883,74.589182,2017-08-25,0.464,Moderate
NDVI08111,19.830395,74.397394,2020-06-30,0.538,Healthy
NDVI08112,19.871551,74.533008,2021-08-04,0.477,Moderate
NDVI08113,19.908451,74.527988,2023-03-01,-0.018,Bare/Water
NDVI08114,19.827009,74.581839,2022-07-14,0.702,Very Healthy
NDVI08115,19.933006,74.544382,2020-02-27,-0.159,Bare/Water
NDVI08116,19.890003,74.493005,2025-01-17,0.151,Sparse
NDVI08117,19.894064,74.450996,2019-03-21,-0.181,Bare/Water
NDVI08118,19.845381,74.584765,2021-08-18,0.611,Healthy
NDVI08119,19.941447,74.419294,2019-09-09,0.462,Moderate
NDVI08120,19.921598,74.58745,2024-12-10,-0.025,Bare/Water
NDVI08121,19.852152,74.585468,2026-02-14,-0.323,Bare/Water
NDVI08122,19.881318,74.520164,2026-04-25,0.101,Sparse
NDVI08123,19.943021,74.569986,2016-09-22,0.541,Healthy
NDVI08124,19.885431,74.543607,2018-04-10,0.009,Bare/Water
NDVI08125,19.844844,74.543618,2018-01-09,0.156,Sparse
NDVI08126,19.887014,74.533098,2020-05-05,0.083,Bare/Water
NDVI08127,19.877991,74.370135,2023-05-27,0.36,Moderate
NDVI08128,19.808273,74.501734,2024-11-04,0.481,Moderate
NDVI08129,19.930814,74.356769,2020-02-29,-0.018,Bare/Water
NDVI08130,19.946288,74.411288,2020-10-14,0.752,Very Healthy
NDVI08131,19.934222,74.477929,2021-05-05,0.293,Sparse
NDVI08132,19.896388,74.414127,2020-04-11,0.167,Sparse
NDVI08133,19.838218,74.494733,2020-05-25,0.459,Moderate
NDVI08134,19.835638,74.49947,2025-07-15,0.567,Healthy
NDVI08135,19.913695,74.451784,2017-01-26,-0.11,Bare/Water
NDVI08136,19.920454,74.48056,2026-06-11,0.186,Sparse
NDVI08137,19.903326,74.561402,2018-07-20,0.394,Moderate
NDVI08138,19.830506,74.550236,2023-01-13,0.022,Bare/Water
NDVI08139,19.923465,74.396097,2025-11-02,0.403,Moderate
NDVI08140,19.847947,74.586878,2026-07-16,0.455,Moderate
NDVI08141,19.800287,74.575224,2016-08-06,0.49,Moderate
NDVI08142,19.882344,74.529194,2026-03-27,-0.02,Bare/Water
NDVI08143,19.867137,74.384463,2023-02-18,-0.019,Bare/Water
NDVI08144,19.934355,74.445405,2018-04-15,-0.117,Bare/Water
NDVI08145,19.902011,74.497677,2017-01-18,-0.007,Bare/Water
NDVI08146,19.875324,74.572689,2018-08-03,0.544,Healthy
NDVI08147,19.935875,74.567775,2021-05-16,0.373,Moderate
NDVI08148,19.841204,74.529501,2019-01-22,-0.035,Bare/Water
NDVI08149,19.847692,74.502385,2018-03-19,-0.189,Bare/Water
NDVI08150,19.801805,74.405569,2018-12-16,0.134,Sparse
NDVI08151,19.853675,74.588497,2021-07-21,0.415,Moderate
NDVI08152,19.832551,74.560774,2023-03-21,0.055,Bare/Water
NDVI08153,19.846395,74.534505,2019-03-25,-0.061,Bare/Water
NDVI08154,19.810044,74.419986,2019-11-30,0.24,Sparse
NDVI08155,19.941869,74.439017,2020-01-02,0.161,Sparse
NDVI08156,19.816552,74.52038,2023-10-02,0.737,Very Healthy
NDVI08157,19.908811,74.468332,2018-04-22,0.14,Sparse
NDVI08158,19.842648,74.495292,2025-05-18,0.188,Sparse
NDVI08159,19.832757,74.597053,2019-08-12,0.554,Healthy
NDVI08160,19.924373,74.404378,2020-08-19,0.724,Very Healthy
NDVI08161,19.821881,74.362663,2024-10-22,0.525,Healthy
NDVI08162,19.837635,74.408843,2016-09-06,0.607,Healthy
NDVI08163,19.937218,74.425322,2016-08-28,0.488,Moderate
NDVI08164,19.905221,74.405217,2018-04-07,-0.001,Bare/Water
NDVI08165,19.891002,74.414606,2022-07-10,0.733,Very Healthy
NDVI08166,19.814288,74.400944,2024-05-25,0.34,Moderate
NDVI08167,19.868967,74.489112,2017-04-08,-0.082,Bare/Water
NDVI08168,19.932707,74.548616,2022-11-04,0.121,Sparse
NDVI08169,19.850178,74.401262,2020-05-24,0.287,Sparse
NDVI08170,19.867313,74.429306,2018-10-30,0.355,Moderate
NDVI08171,19.865371,74.452032,2024-10-16,0.395,Moderate
NDVI08172,19.821307,74.409697,2025-09-14,0.522,Healthy
NDVI08173,19.844311,74.355118,2026-06-11,0.259,Sparse
NDVI08174,19.853649,74.457647,2020-02-18,-0.004,Bare/Water
NDVI08175,19.853689,74.508789,2017-12-04,0.18,Sparse
NDVI08176,19.857197,74.445486,2019-06-30,0.267,Sparse
NDVI08177,19.912294,74.473551,2019-08-06,0.751,Very Healthy
NDVI08178,19.896169,74.586481,2018-12-04,0.209,Sparse
NDVI08179,19.843829,74.385015,2022-03-15,0.043,Bare/Water
NDVI08180,19.885012,74.517408,2017-05-07,0.067,Bare/Water
NDVI08181,19.93393,74.401047,2017-06-30,0.568,Healthy
NDVI08182,19.880234,74.47633,2017-07-31,0.53,Healthy
NDVI08183,19.861137,74.437098,2025-11-14,0.17,Sparse
NDVI08184,19.887042,74.559469,2026-04-21,0.119,Sparse
NDVI08185,19.885674,74.558447,2020-11-27,0.274,Sparse
NDVI08186,19.90653,74.372466,2020-10-04,0.805,Very Healthy
NDVI08187,19.825812,74.558959,2023-04-06,-0.058,Bare/Water
NDVI08188,19.815225,74.43167,2019-05-04,0.038,Bare/Water
NDVI08189,19.807454,74.459182,2017-11-08,0.398,Moderate
NDVI08190,19.816597,74.432976,2021-06-30,0.327,Moderate
NDVI08191,19.884664,74.484994,2026-06-15,0.345,Moderate
NDVI08192,19.948448,74.553722,2020-03-24,0.064,Bare/Water
NDVI08193,19.944766,74.397984,2022-08-31,0.521,Healthy
NDVI08194,19.832468,74.593068,2022-11-19,0.208,Sparse
NDVI08195,19.804064,74.550676,2018-11-05,0.44,Moderate
NDVI08196,19.900471,74.350729,2020-06-08,0.327,Moderate
NDVI08197,19.818331,74.356276,2016-09-08,0.569,Healthy
NDVI08198,19.826625,74.398879,2017-03-05,-0.3,Bare/Water
NDVI08199,19.892721,74.504619,2017-07-22,0.715,Very Healthy
NDVI08200,19.922136,74.572915,2019-03-13,-0.012,Bare/Water
NDVI08201,19.933779,74.593585,2024-03-18,-0.194,Bare/Water
NDVI08202,19.903108,74.433844,2024-06-27,0.412,Moderate
NDVI08203,19.907613,74.564825,2017-08-14,0.596,Healthy
NDVI08204,19.912996,74.393807,2019-02-25,-0.16,Bare/Water
NDVI08205,19.829919,74.517761,2024-02-12,0.025,Bare/Water
NDVI08206,19.948606,74.571595,2021-12-27,0.123,Sparse
NDVI08207,19.905781,74.55336,2024-03-01,-0.01,Bare/Water
NDVI08208,19.878035,74.4422,2022-08-13,0.384,Moderate
NDVI08209,19.802261,74.513302,2020-11-11,0.502,Healthy
NDVI08210,19.917201,74.36598,2026-07-06,0.459,Moderate
NDVI08211,19.819765,74.369245,2024-03-15,-0.123,Bare/Water
NDVI08212,19.83503,74.43825,2023-03-29,0.019,Bare/Water
NDVI08213,19.840158,74.426112,2016-11-30,0.196,Sparse
NDVI08214,19.915018,74.388992,2021-08-10,0.783,Very Healthy
NDVI08215,19.875671,74.42268,2021-02-19,-0.005,Bare/Water
NDVI08216,19.813447,74.490973,2018-03-07,0.079,Bare/Water
NDVI08217,19.900077,74.379002,2022-03-12,-0.211,Bare/Water
NDVI08218,19.821107,74.524754,2019-02-12,0.019,Bare/Water
NDVI08219,19.881256,74.588293,2018-03-09,-0.281,Bare/Water
NDVI08220,19.828446,74.461399,2023-10-06,0.416,Moderate
NDVI08221,19.900178,74.548391,2019-01-26,-0.02,Bare/Water
NDVI08222,19.848628,74.544575,2021-07-05,0.412,Moderate
NDVI08223,19.912445,74.499026,2020-09-03,0.713,Very Healthy
NDVI08224,19.827657,74.36494,2020-04-24,0.002,Bare/Water
NDVI08225,19.943624,74.38059,2020-07-26,0.763,Very Healthy
NDVI08226,19.847007,74.423654,2022-01-30,-0.11,Bare/Water
NDVI08227,19.87401,74.396072,2022-05-11,0.048,Bare/Water
NDVI08228,19.875003,74.452155,2023-01-31,-0.08,Bare/Water
NDVI08229,19.871441,74.453859,2019-08-22,0.563,Healthy
NDVI08230,19.885477,74.558326,2022-05-22,0.064,Bare/Water
NDVI08231,19.838678,74.480723,2024-08-10,0.562,Healthy
NDVI08232,19.845634,74.457661,2020-04-28,0.007,Bare/Water
NDVI08233,19.812064,74.505537,2019-08-16,0.57,Healthy
NDVI08234,19.881306,74.459089,2019-04-13,-0.09,Bare/Water
NDVI08235,19.890109,74.364332,2017-05-28,0.105,Sparse
NDVI08236,19.819821,74.517769,2023-03-29,0.033,Bare/Water
NDVI08237,19.804904,74.487079,2017-01-22,0.078,Bare/Water
NDVI08238,19.890162,74.517865,2024-08-31,0.589,Healthy
NDVI08239,19.923642,74.564258,2024-12-02,0.408,Moderate
NDVI08240,19.824734,74.394702,2018-10-05,0.487,Moderate
NDVI08241,19.857619,74.378993,2019-08-08,0.587,Healthy
NDVI08242,19.940542,74.448494,2019-05-31,-0.091,Bare/Water
NDVI08243,19.861696,74.556591,2026-03-19,0.204,Sparse
NDVI08244,19.804657,74.422961,2017-07-08,0.378,Moderate
NDVI08245,19.901622,74.418804,2021-07-26,0.325,Moderate
NDVI08246,19.916215,74.362855,2020-10-30,0.271,Sparse
NDVI08247,19.941354,74.499386,2023-07-21,0.664,Healthy
NDVI08248,19.883537,74.497242,2016-09-30,0.519,Healthy
NDVI08249,19.806204,74.415923,2018-04-16,-0.209,Bare/Water
NDVI08250,19.868826,74.452991,2023-03-05,-0.306,Bare/Water
NDVI08251,19.819124,74.419204,2021-01-12,0.038,Bare/Water
NDVI08252,19.843966,74.56978,2019-03-17,-0.001,Bare/Water
NDVI08253,19.878368,74.381573,2025-06-19,0.189,Sparse
NDVI08254,19.886977,74.539464,2023-10-29,0.541,Healthy
NDVI08255,19.847497,74.586638,2023-03-28,0.164,Sparse
NDVI08256,19.862191,74.584081,2026-07-06,0.675,Healthy
NDVI08257,19.80523,74.495341,2021-08-03,0.656,Healthy
NDVI08258,19.873656,74.505879,2022-08-24,0.719,Very Healthy
NDVI08259,19.907005,74.358199,2023-06-26,0.29,Sparse
NDVI08260,19.942547,74.40043,2023-05-08,0.14,Sparse
NDVI08261,19.809024,74.570139,2024-05-12,0.18,Sparse
NDVI08262,19.870367,74.594913,2026-07-31,0.634,Healthy
NDVI08263,19.884417,74.444294,2018-10-16,0.565,Healthy
NDVI08264,19.872175,74.417278,2018-11-20,0.37,Moderate
NDVI08265,19.806578,74.579905,2020-09-26,0.528,Healthy
NDVI08266,19.883383,74.432151,2017-12-11,0.294,Sparse
NDVI08267,19.907193,74.485367,2019-05-01,0.101,Sparse
NDVI08268,19.849727,74.437213,2018-04-02,-0.058,Bare/Water
NDVI08269,19.937701,74.3757,2023-05-07,0.098,Bare/Water
NDVI08270,19.85466,74.481196,2020-09-01,0.558,Healthy
NDVI08271,19.944543,74.382356,2022-06-02,0.363,Moderate
NDVI08272,19.940569,74.466435,2025-08-24,0.516,Healthy
NDVI08273,19.848963,74.52377,2017-07-03,0.324,Moderate
NDVI08274,19.921471,74.479211,2023-02-04,0.18,Sparse
NDVI08275,19.866514,74.583355,2024-06-19,0.372,Moderate
NDVI08276,19.930326,74.543054,2021-09-20,0.649,Healthy
NDVI08277,19.856112,74.353047,2019-08-17,0.546,Healthy
NDVI08278,19.840197,74.534494,2023-10-10,0.42,Moderate
NDVI08279,19.867083,74.447875,2022-06-15,0.281,Sparse
NDVI08280,19.932882,74.539167,2026-06-28,0.456,Moderate
NDVI08281,19.809096,74.546141,2016-11-28,0.242,Sparse
NDVI08282,19.891617,74.428439,2017-12-26,0.092,Bare/Water
NDVI08283,19.948737,74.417039,2025-11-03,0.36,Moderate
NDVI08284,19.917382,74.563712,2022-03-18,-0.416,Bare/Water
NDVI08285,19.862402,74.495642,2019-06-05,0.329,Moderate
NDVI08286,19.940971,74.501024,2023-07-14,0.651,Healthy
NDVI08287,19.933573,74.530674,2025-05-27,0.263,Sparse
NDVI08288,19.885898,74.423297,2018-11-21,0.279,Sparse
NDVI08289,19.884126,74.357724,2017-04-12,-0.037,Bare/Water
NDVI08290,19.932855,74.462288,2019-08-27,0.922,Very Healthy
NDVI08291,19.856892,74.516532,2018-05-18,0.003,Bare/Water
NDVI08292,19.878457,74.400271,2021-05-09,0.27,Sparse
NDVI08293,19.832276,74.424703,2022-12-22,0.069,Bare/Water
NDVI08294,19.929145,74.573476,2017-02-17,0.006,Bare/Water
NDVI08295,19.888875,74.398243,2019-03-25,-0.252,Bare/Water
NDVI08296,19.822473,74.466872,2020-03-16,0.102,Sparse
NDVI08297,19.892629,74.498236,2016-09-28,0.641,Healthy
NDVI08298,19.934904,74.530217,2023-12-04,0.263,Sparse
NDVI08299,19.907071,74.368214,2020-06-02,0.147,Sparse
NDVI08300,19.823344,74.497538,2016-12-26,0.097,Bare/Water
NDVI08301,19.897516,74.574486,2020-09-06,0.583,Healthy
NDVI08302,19.943357,74.487331,2022-12-30,0.159,Sparse
NDVI08303,19.909663,74.46439,2021-10-04,0.627,Healthy
NDVI08304,19.923731,74.352228,2020-10-19,0.518,Healthy
NDVI08305,19.8972,74.400231,2021-01-28,0.167,Sparse
NDVI08306,19.874406,74.465979,2019-05-08,0.293,Sparse
NDVI08307,19.875316,74.376317,2025-02-26,0.04,Bare/Water
NDVI08308,19.875927,74.356141,2018-03-29,0.147,Sparse
NDVI08309,19.853332,74.484128,2021-10-04,0.584,Healthy
NDVI08310,19.875367,74.52026,2020-12-28,-0.007,Bare/Water
NDVI08311,19.859509,74.485488,2024-03-25,-0.244,Bare/Water
NDVI08312,19.915349,74.493876,2023-08-15,0.322,Moderate
NDVI08313,19.83765,74.485275,2023-06-01,0.313,Moderate
NDVI08314,19.839891,74.529834,2022-09-02,0.672,Healthy
NDVI08315,19.815735,74.548264,2022-01-16,0.123,Sparse
NDVI08316,19.903929,74.506866,2016-10-17,0.427,Moderate
NDVI08317,19.872016,74.443644,2020-07-01,0.542,Healthy
NDVI08318,19.922135,74.533017,2017-05-21,0.4,Moderate
NDVI08319,19.909102,74.5964,2021-07-24,0.415,Moderate
NDVI08320,19.854515,74.396233,2024-04-20,0.126,Sparse
NDVI08321,19.861284,74.540154,2019-03-05,-0.183,Bare/Water
NDVI08322,19.918707,74.500174,2017-08-04,0.507,Healthy
NDVI08323,19.810464,74.471787,2024-01-29,0.079,Bare/Water
NDVI08324,19.939438,74.571786,2021-07-17,0.533,Healthy
NDVI08325,19.896204,74.442454,2017-10-21,0.66,Healthy
NDVI08326,19.933978,74.398438,2023-09-18,0.675,Healthy
NDVI08327,19.920461,74.410056,2020-07-11,0.23,Sparse
NDVI08328,19.88334,74.426219,2024-09-09,0.619,Healthy
NDVI08329,19.864323,74.484251,2016-12-11,0.278,Sparse
NDVI08330,19.904658,74.519606,2022-04-16,-0.035,Bare/Water
NDVI08331,19.88557,74.493977,2021-12-24,0.033,Bare/Water
NDVI08332,19.830148,74.402239,2021-07-03,0.637,Healthy
NDVI08333,19.929318,74.504993,2019-03-22,-0.125,Bare/Water
NDVI08334,19.842342,74.393083,2018-11-25,0.39,Moderate
NDVI08335,19.892279,74.463182,2021-02-08,-0.107,Bare/Water
NDVI08336,19.913651,74.597294,2017-06-26,0.628,Healthy
NDVI08337,19.948865,74.396304,2025-06-21,0.338,Moderate
NDVI08338,19.905906,74.453453,2022-01-22,-0.077,Bare/Water
NDVI08339,19.943225,74.396913,2026-01-28,-0.324,Bare/Water
NDVI08340,19.935655,74.58919,2025-01-21,-0.186,Bare/Water
NDVI08341,19.838675,74.401452,2020-02-24,-0.15,Bare/Water
NDVI08342,19.949331,74.452752,2016-10-30,0.297,Sparse
NDVI08343,19.82377,74.542212,2022-04-08,-0.137,Bare/Water
NDVI08344,19.89468,74.518354,2019-01-14,0.11,Sparse
NDVI08345,19.926129,74.421131,2023-09-08,0.637,Healthy
NDVI08346,19.926452,74.526013,2023-12-24,0.14,Sparse
NDVI08347,19.908882,74.428279,2025-07-21,0.674,Healthy
NDVI08348,19.949054,74.541657,2023-10-11,0.354,Moderate
NDVI08349,19.861976,74.367873,2025-01-17,0.218,Sparse
NDVI08350,19.81755,74.457493,2017-12-09,0.093,Bare/Water
NDVI08351,19.893458,74.402413,2019-05-31,0.212,Sparse
NDVI08352,19.804276,74.593336,2024-04-06,0.099,Bare/Water
NDVI08353,19.921075,74.594885,2021-08-29,0.489,Moderate
NDVI08354,19.819704,74.362346,2021-01-04,-0.079,Bare/Water
NDVI08355,19.86764,74.562296,2021-07-31,0.687,Healthy
NDVI08356,19.844081,74.438191,2022-11-15,0.268,Sparse
NDVI08357,19.848816,74.538585,2022-09-08,0.543,Healthy
NDVI08358,19.854948,74.567111,2018-05-25,0.354,Moderate
NDVI08359,19.949146,74.507314,2024-04-15,0.045,Bare/Water
NDVI08360,19.886128,74.580609,2020-03-12,-0.194,Bare/Water
NDVI08361,19.870806,74.555579,2019-05-01,0.027,Bare/Water
NDVI08362,19.898392,74.362973,2022-12-05,0.013,Bare/Water
NDVI08363,19.813955,74.528651,2021-09-23,0.651,Healthy
NDVI08364,19.803317,74.461699,2021-06-23,0.438,Moderate
NDVI08365,19.818139,74.554906,2024-04-12,-0.021,Bare/Water
NDVI08366,19.948189,74.599344,2016-12-20,0.27,Sparse
NDVI08367,19.94355,74.411328,2025-01-21,0.042,Bare/Water
NDVI08368,19.866363,74.527733,2018-05-23,0.171,Sparse
NDVI08369,19.905783,74.508943,2017-02-27,-0.122,Bare/Water
NDVI08370,19.890373,74.575222,2019-05-25,0.361,Moderate
NDVI08371,19.806321,74.387334,2025-09-15,0.581,Healthy
NDVI08372,19.87043,74.39709,2016-08-31,0.751,Very Healthy
NDVI08373,19.807233,74.571343,2025-05-28,0.266,Sparse
NDVI08374,19.851809,74.59687,2017-06-01,0.177,Sparse
NDVI08375,19.896714,74.393397,2018-10-05,0.537,Healthy
NDVI08376,19.85863,74.366508,2023-01-10,0.029,Bare/Water
NDVI08377,19.881324,74.484237,2023-07-31,0.705,Very Healthy
NDVI08378,19.895578,74.481166,2016-10-29,0.357,Moderate
NDVI08379,19.879167,74.568496,2021-12-11,0.219,Sparse
NDVI08380,19.878949,74.521514,2026-05-26,-0.001,Bare/Water
NDVI08381,19.923906,74.468059,2020-01-18,-0.194,Bare/Water
NDVI08382,19.923306,74.505918,2025-08-26,0.582,Healthy
NDVI08383,19.88398,74.372677,2017-10-10,0.489,Moderate
NDVI08384,19.9349,74.43858,2017-05-12,0.042,Bare/Water
NDVI08385,19.856994,74.595916,2024-12-07,0.16,Sparse
NDVI08386,19.901312,74.591304,2022-06-11,0.465,Moderate
NDVI08387,19.806253,74.52473,2023-12-25,0.052,Bare/Water
NDVI08388,19.865327,74.355914,2023-01-23,-0.137,Bare/Water
NDVI08389,19.92652,74.48279,2026-02-28,-0.021,Bare/Water
NDVI08390,19.917049,74.450754,2021-07-14,0.584,Healthy
NDVI08391,19.912464,74.500599,2021-12-31,0.156,Sparse
NDVI08392,19.91419,74.520063,2021-11-04,0.528,Healthy
NDVI08393,19.848582,74.428025,2020-08-08,0.487,Moderate
NDVI08394,19.820078,74.521724,2026-03-09,-0.121,Bare/Water
NDVI08395,19.929607,74.557109,2019-03-06,-0.091,Bare/Water
NDVI08396,19.890969,74.481854,2019-09-19,0.744,Very Healthy
NDVI08397,19.891134,74.447092,2020-01-14,-0.01,Bare/Water
NDVI08398,19.841534,74.386507,2020-12-27,0.228,Sparse
NDVI08399,19.81525,74.449291,2025-05-09,0.073,Bare/Water
NDVI08400,19.896448,74.368196,2023-08-18,0.713,Very Healthy
NDVI08401,19.823193,74.561231,2018-02-22,-0.045,Bare/Water
NDVI08402,19.844667,74.576204,2021-02-21,-0.223,Bare/Water
NDVI08403,19.94075,74.526782,2025-07-28,0.657,Healthy
NDVI08404,19.875137,74.42375,2026-02-04,-0.041,Bare/Water
NDVI08405,19.940846,74.387141,2021-09-22,0.674,Healthy
NDVI08406,19.931869,74.509161,2025-11-05,0.287,Sparse
NDVI08407,19.86371,74.37354,2020-11-24,0.13,Sparse
NDVI08408,19.857155,74.428437,2025-03-25,0.08,Bare/Water
NDVI08409,19.883177,74.588571,2016-11-30,0.404,Moderate
NDVI08410,19.929124,74.424348,2019-10-24,0.619,Healthy
NDVI08411,19.915873,74.400234,2022-04-28,0.033,Bare/Water
NDVI08412,19.879337,74.40911,2016-12-11,0.121,Sparse
NDVI08413,19.906374,74.490993,2020-08-06,0.368,Moderate
NDVI08414,19.826506,74.488701,2021-04-02,-0.109,Bare/Water
NDVI08415,19.937867,74.37859,2025-06-20,0.475,Moderate
NDVI08416,19.916235,74.527873,2023-01-31,-0.089,Bare/Water
NDVI08417,19.850394,74.575256,2018-07-06,0.676,Healthy
NDVI08418,19.840663,74.446587,2020-10-04,0.644,Healthy
NDVI08419,19.858975,74.505081,2019-11-22,0.363,Moderate
NDVI08420,19.894183,74.491523,2017-05-14,0.089,Bare/Water
NDVI08421,19.832177,74.526999,2017-10-20,0.231,Sparse
NDVI08422,19.899758,74.578806,2021-09-22,0.576,Healthy
NDVI08423,19.91597,74.390503,2022-10-25,0.277,Sparse
NDVI08424,19.865771,74.554699,2021-11-05,0.456,Moderate
NDVI08425,19.919055,74.419893,2018-04-17,-0.066,Bare/Water
NDVI08426,19.828404,74.357389,2020-09-09,0.703,Very Healthy
NDVI08427,19.80152,74.373496,2018-11-22,0.219,Sparse
NDVI08428,19.935702,74.37163,2019-09-23,0.699,Healthy
NDVI08429,19.860521,74.599543,2023-08-03,0.544,Healthy
NDVI08430,19.839501,74.467823,2019-08-14,0.587,Healthy
NDVI08431,19.825931,74.529055,2019-04-01,0.0,Bare/Water
NDVI08432,19.936229,74.416832,2018-10-06,0.713,Very Healthy
NDVI08433,19.893833,74.452359,2019-03-23,-0.109,Bare/Water
NDVI08434,19.820669,74.558615,2017-02-21,-0.179,Bare/Water
NDVI08435,19.848633,74.467452,2022-06-09,0.258,Sparse
NDVI08436,19.930208,74.470483,2025-01-29,0.025,Bare/Water
NDVI08437,19.863369,74.351766,2017-12-11,0.216,Sparse
NDVI08438,19.840827,74.368035,2026-01-16,0.175,Sparse
NDVI08439,19.804454,74.359301,2019-02-05,-0.052,Bare/Water
NDVI08440,19.906999,74.431717,2022-08-25,0.601,Healthy
NDVI08441,19.921101,74.372277,2018-05-25,0.236,Sparse
NDVI08442,19.880031,74.434858,2021-01-14,-0.31,Bare/Water
NDVI08443,19.839345,74.545544,2025-05-27,0.272,Sparse
NDVI08444,19.821233,74.547998,2019-06-06,0.073,Bare/Water
NDVI08445,19.848208,74.483552,2020-07-25,0.626,Healthy
NDVI08446,19.917214,74.59487,2025-08-28,0.47,Moderate
NDVI08447,19.857988,74.491825,2020-08-13,0.739,Very Healthy
NDVI08448,19.902067,74.444242,2022-11-09,0.29,Sparse
NDVI08449,19.868137,74.478801,2024-12-27,0.061,Bare/Water
NDVI08450,19.8726,74.46876,2024-06-09,0.473,Moderate
NDVI08451,19.903175,74.589808,2020-03-24,0.064,Bare/Water
NDVI08452,19.909497,74.423195,2016-11-28,0.413,Moderate
NDVI08453,19.880336,74.408211,2017-10-04,0.483,Moderate
NDVI08454,19.90327,74.417421,2021-02-22,-0.058,Bare/Water
NDVI08455,19.844834,74.536438,2020-04-23,0.127,Sparse
NDVI08456,19.855752,74.5348,2025-02-04,-0.13,Bare/Water
NDVI08457,19.884255,74.368146,2019-03-01,-0.061,Bare/Water
NDVI08458,19.820242,74.479725,2024-12-05,0.071,Bare/Water
NDVI08459,19.922893,74.56491,2026-01-01,0.08,Bare/Water
NDVI08460,19.808415,74.4691,2021-08-04,0.446,Moderate
NDVI08461,19.807324,74.454723,2018-08-18,0.452,Moderate
NDVI08462,19.900763,74.506728,2019-08-12,0.699,Healthy
NDVI08463,19.837138,74.4925,2021-10-17,0.365,Moderate
NDVI08464,19.931747,74.48655,2022-02-07,-0.088,Bare/Water
NDVI08465,19.80035,74.373277,2026-03-14,-0.089,Bare/Water
NDVI08466,19.942049,74.373177,2024-07-03,0.519,Healthy
NDVI08467,19.901789,74.540048,2022-09-09,0.503,Healthy
NDVI08468,19.836081,74.545783,2022-10-19,0.542,Healthy
NDVI08469,19.904753,74.461881,2023-12-15,0.406,Moderate
NDVI08470,19.928549,74.521511,2024-09-07,0.41,Moderate
NDVI08471,19.924138,74.55612,2025-04-24,0.028,Bare/Water
NDVI08472,19.904899,74.364355,2019-04-25,0.071,Bare/Water
NDVI08473,19.809912,74.567701,2019-02-13,-0.254,Bare/Water
NDVI08474,19.829121,74.376935,2019-08-22,0.716,Very Healthy
NDVI08475,19.886203,74.426064,2017-10-10,0.637,Healthy
NDVI08476,19.870904,74.379684,2020-05-01,0.026,Bare/Water
NDVI08477,19.873411,74.462255,2017-02-24,-0.211,Bare/Water
NDVI08478,19.84995,74.511749,2021-09-22,0.376,Moderate
NDVI08479,19.928015,74.394009,2019-03-05,-0.111,Bare/Water
NDVI08480,19.889434,74.397588,2021-03-22,0.105,Sparse
NDVI08481,19.858764,74.453207,2025-07-27,0.496,Moderate
NDVI08482,19.859126,74.551823,2017-10-19,0.365,Moderate
NDVI08483,19.884501,74.483353,2025-09-11,0.531,Healthy
NDVI08484,19.846013,74.569782,2021-06-25,0.323,Moderate
NDVI08485,19.873179,74.439114,2021-12-28,0.093,Bare/Water
NDVI08486,19.943105,74.500947,2017-03-14,-0.02,Bare/Water
NDVI08487,19.949975,74.429278,2022-07-06,0.442,Moderate
NDVI08488,19.877677,74.36484,2025-09-17,0.696,Healthy
NDVI08489,19.815191,74.466449,2020-08-13,0.546,Healthy
NDVI08490,19.939546,74.360427,2026-06-08,0.134,Sparse
NDVI08491,19.809965,74.413828,2017-03-17,-0.206,Bare/Water
NDVI08492,19.857093,74.43635,2024-04-06,0.016,Bare/Water
NDVI08493,19.910441,74.397659,2018-03-31,0.036,Bare/Water
NDVI08494,19.813581,74.35567,2020-05-12,0.204,Sparse
NDVI08495,19.927113,74.421371,2020-06-21,0.388,Moderate
NDVI08496,19.919796,74.440214,2020-03-10,-0.054,Bare/Water
NDVI08497,19.897416,74.459981,2020-02-07,-0.099,Bare/Water
NDVI08498,19.84556,74.465358,2016-08-10,0.508,Healthy
NDVI08499,19.911686,74.525607,2016-09-20,0.548,Healthy
NDVI08500,19.833738,74.405264,2022-08-17,0.455,Moderate
NDVI08501,19.923922,74.489202,2018-08-30,0.725,Very Healthy
NDVI08502,19.876382,74.447564,2023-11-19,0.168,Sparse
NDVI08503,19.9419,74.436833,2024-06-04,0.201,Sparse
NDVI08504,19.933359,74.591476,2025-04-25,0.121,Sparse
NDVI08505,19.943456,74.591359,2016-09-25,0.514,Healthy
NDVI08506,19.911872,74.487267,2026-04-13,-0.032,Bare/Water
NDVI08507,19.874066,74.458057,2022-11-26,0.291,Sparse
NDVI08508,19.815269,74.550798,2018-09-22,0.568,Healthy
NDVI08509,19.803958,74.358871,2021-07-24,0.676,Healthy
NDVI08510,19.873565,74.488964,2021-05-14,0.01,Bare/Water
NDVI08511,19.886611,74.393764,2022-02-14,0.142,Sparse
NDVI08512,19.819131,74.357169,2024-07-16,0.34,Moderate
NDVI08513,19.850632,74.520332,2016-10-16,0.441,Moderate
NDVI08514,19.909308,74.591226,2017-12-01,0.24,Sparse
NDVI08515,19.850254,74.38171,2021-03-31,-0.178,Bare/Water
NDVI08516,19.839773,74.436798,2021-06-22,0.194,Sparse
NDVI08517,19.824533,74.505561,2026-05-15,0.158,Sparse
NDVI08518,19.936988,74.492205,2018-04-29,0.191,Sparse
NDVI08519,19.913223,74.578673,2020-08-24,0.607,Healthy
NDVI08520,19.936718,74.373522,2020-03-07,0.153,Sparse
NDVI08521,19.859849,74.426192,2022-11-19,0.472,Moderate
NDVI08522,19.939182,74.476835,2021-11-30,0.289,Sparse
NDVI08523,19.861062,74.507703,2025-07-06,0.577,Healthy
NDVI08524,19.830367,74.447281,2019-02-21,-0.148,Bare/Water
NDVI08525,19.868414,74.533035,2020-02-24,-0.029,Bare/Water
NDVI08526,19.890451,74.422973,2017-06-13,0.092,Bare/Water
NDVI08527,19.813503,74.589646,2016-11-11,0.331,Moderate
NDVI08528,19.800352,74.438417,2021-11-20,0.289,Sparse
NDVI08529,19.884199,74.460609,2018-11-18,0.271,Sparse
NDVI08530,19.803465,74.377262,2024-05-25,0.216,Sparse
NDVI08531,19.912084,74.591211,2018-03-30,-0.158,Bare/Water
NDVI08532,19.824674,74.472551,2020-02-14,0.003,Bare/Water
NDVI08533,19.878022,74.574365,2018-08-18,0.667,Healthy
NDVI08534,19.930454,74.573407,2025-12-01,0.246,Sparse
NDVI08535,19.874597,74.364027,2024-07-15,0.523,Healthy
NDVI08536,19.81597,74.548906,2017-12-10,0.199,Sparse
NDVI08537,19.814105,74.561399,2016-08-21,0.528,Healthy
NDVI08538,19.939046,74.51589,2024-06-05,0.409,Moderate
NDVI08539,19.882826,74.502229,2023-07-13,0.575,Healthy
NDVI08540,19.811329,74.505703,2017-12-05,0.281,Sparse
NDVI08541,19.824723,74.499463,2023-08-31,0.299,Sparse
NDVI08542,19.945265,74.396386,2017-10-06,0.642,Healthy
NDVI08543,19.815603,74.456286,2017-07-09,0.487,Moderate
NDVI08544,19.80533,74.532205,2022-09-07,0.764,Very Healthy
NDVI08545,19.830966,74.413929,2021-05-02,-0.119,Bare/Water
NDVI08546,19.81,74.365711,2016-12-19,0.126,Sparse
NDVI08547,19.865565,74.563455,2019-06-08,0.482,Moderate
NDVI08548,19.924224,74.517472,2025-12-25,0.192,Sparse
NDVI08549,19.886971,74.388729,2020-12-23,0.268,Sparse
NDVI08550,19.813567,74.435531,2021-07-17,0.524,Healthy
NDVI08551,19.813286,74.552002,2021-06-10,0.171,Sparse
NDVI08552,19.834359,74.598806,2024-10-21,0.631,Healthy
NDVI08553,19.803261,74.515947,2017-08-26,0.726,Very Healthy
NDVI08554,19.883767,74.452547,2019-02-26,-0.209,Bare/Water
NDVI08555,19.842363,74.515001,2018-04-13,0.031,Bare/Water
NDVI08556,19.870979,74.48504,2018-08-27,0.337,Moderate
NDVI08557,19.921135,74.565165,2016-08-18,0.697,Healthy
NDVI08558,19.84679,74.490846,2021-08-22,0.474,Moderate
NDVI08559,19.879039,74.378116,2025-08-29,0.645,Healthy
NDVI08560,19.942902,74.573971,2021-01-03,0.056,Bare/Water
NDVI08561,19.804138,74.478201,2018-10-23,0.496,Moderate
NDVI08562,19.861344,74.444995,2021-03-10,-0.063,Bare/Water
NDVI08563,19.857678,74.5029,2025-11-26,0.115,Sparse
NDVI08564,19.871048,74.468168,2022-11-07,0.239,Sparse
NDVI08565,19.804947,74.550388,2023-09-01,0.608,Healthy
NDVI08566,19.882433,74.452127,2021-07-20,0.742,Very Healthy
NDVI08567,19.872265,74.403124,2017-09-17,0.36,Moderate
NDVI08568,19.945343,74.55813,2018-12-24,-0.01,Bare/Water
NDVI08569,19.949025,74.513647,2017-03-24,-0.227,Bare/Water
NDVI08570,19.886223,74.59804,2026-01-22,-0.038,Bare/Water
NDVI08571,19.861349,74.464823,2023-06-06,0.305,Moderate
NDVI08572,19.911006,74.513686,2022-07-25,0.599,Healthy
NDVI08573,19.854238,74.481996,2019-12-25,0.294,Sparse
NDVI08574,19.807544,74.589627,2017-06-26,0.283,Sparse
NDVI08575,19.915655,74.3718,2017-11-24,0.203,Sparse
NDVI08576,19.824487,74.579068,2019-05-30,0.315,Moderate
NDVI08577,19.938702,74.579494,2023-12-27,-0.239,Bare/Water
NDVI08578,19.864903,74.562645,2021-08-24,0.819,Very Healthy
NDVI08579,19.92594,74.402879,2019-04-17,-0.14,Bare/Water
NDVI08580,19.849053,74.535438,2022-01-06,0.04,Bare/Water
NDVI08581,19.94742,74.382588,2025-03-22,0.065,Bare/Water
NDVI08582,19.94563,74.540186,2018-05-25,0.064,Bare/Water
NDVI08583,19.880583,74.566312,2018-11-22,0.401,Moderate
NDVI08584,19.939858,74.416279,2026-05-21,0.111,Sparse
NDVI08585,19.856638,74.481137,2024-12-29,0.133,Sparse
NDVI08586,19.87417,74.484837,2021-06-14,0.432,Moderate
NDVI08587,19.947016,74.489259,2018-12-17,-0.042,Bare/Water
NDVI08588,19.901668,74.555399,2023-11-01,0.375,Moderate
NDVI08589,19.820418,74.439331,2025-08-30,0.394,Moderate
NDVI08590,19.94061,74.566054,2025-12-31,0.02,Bare/Water
NDVI08591,19.861181,74.577692,2016-10-03,0.672,Healthy
NDVI08592,19.890706,74.536128,2019-02-06,0.022,Bare/Water
NDVI08593,19.93197,74.448057,2016-09-14,0.484,Moderate
NDVI08594,19.847068,74.474251,2024-06-09,0.257,Sparse
NDVI08595,19.919044,74.539536,2018-07-03,0.348,Moderate
NDVI08596,19.939553,74.459807,2023-01-04,0.235,Sparse
NDVI08597,19.805074,74.394416,2017-10-11,0.246,Sparse
NDVI08598,19.887431,74.367582,2020-01-20,-0.103,Bare/Water
NDVI08599,19.870489,74.590976,2022-03-12,-0.154,Bare/Water
NDVI08600,19.898739,74.382266,2021-01-12,-0.04,Bare/Water
NDVI08601,19.838749,74.473086,2020-07-02,0.461,Moderate
NDVI08602,19.822166,74.517298,2019-05-22,0.113,Sparse
NDVI08603,19.819728,74.594499,2025-09-29,0.511,Healthy
NDVI08604,19.877434,74.4955,2024-09-10,0.705,Very Healthy
NDVI08605,19.873605,74.566541,2017-02-04,-0.14,Bare/Water
NDVI08606,19.932438,74.455487,2020-02-22,0.016,Bare/Water
NDVI08607,19.941923,74.358645,2021-09-15,0.472,Moderate
NDVI08608,19.872951,74.460461,2021-06-10,0.222,Sparse
NDVI08609,19.883213,74.51666,2018-01-03,-0.013,Bare/Water
NDVI08610,19.809366,74.39801,2019-12-21,0.007,Bare/Water
NDVI08611,19.92789,74.524335,2024-01-20,-0.073,Bare/Water
NDVI08612,19.93154,74.563312,2017-06-17,0.4,Moderate
NDVI08613,19.801108,74.553821,2023-08-06,0.56,Healthy
NDVI08614,19.817486,74.497096,2017-04-09,-0.07,Bare/Water
NDVI08615,19.889937,74.573083,2024-07-11,0.549,Healthy
NDVI08616,19.862046,74.557582,2024-02-13,-0.182,Bare/Water
NDVI08617,19.856306,74.561162,2019-06-30,0.314,Moderate
NDVI08618,19.80275,74.558852,2018-05-04,0.103,Sparse
NDVI08619,19.941816,74.517214,2022-01-23,0.116,Sparse
NDVI08620,19.874932,74.509218,2017-11-09,0.218,Sparse
NDVI08621,19.807547,74.453205,2025-12-15,0.142,Sparse
NDVI08622,19.949259,74.589883,2016-11-16,0.266,Sparse
NDVI08623,19.931448,74.527913,2018-09-29,0.694,Healthy
NDVI08624,19.857877,74.391177,2017-05-03,0.003,Bare/Water
NDVI08625,19.847563,74.545788,2018-12-28,0.232,Sparse
NDVI08626,19.824142,74.418183,2025-02-16,-0.133,Bare/Water
NDVI08627,19.801823,74.470785,2018-12-12,0.348,Moderate
NDVI08628,19.820845,74.598182,2020-12-27,0.137,Sparse
NDVI08629,19.865562,74.464488,2025-04-10,-0.091,Bare/Water
NDVI08630,19.801588,74.555116,2021-02-02,0.207,Sparse
NDVI08631,19.918297,74.381804,2024-10-30,0.366,Moderate
NDVI08632,19.846783,74.46585,2023-11-25,0.294,Sparse
NDVI08633,19.925027,74.386503,2025-02-28,-0.294,Bare/Water
NDVI08634,19.924748,74.530886,2017-11-16,0.269,Sparse
NDVI08635,19.87039,74.482145,2021-01-23,-0.06,Bare/Water
NDVI08636,19.910495,74.40934,2022-10-15,0.559,Healthy
NDVI08637,19.886144,74.53306,2021-08-27,0.679,Healthy
NDVI08638,19.916682,74.503702,2025-09-09,0.445,Moderate
NDVI08639,19.829312,74.482258,2025-04-05,-0.178,Bare/Water
NDVI08640,19.89823,74.489247,2020-08-10,0.691,Healthy
NDVI08641,19.803376,74.506562,2023-03-23,-0.025,Bare/Water
NDVI08642,19.910096,74.533659,2024-04-04,0.048,Bare/Water
NDVI08643,19.910161,74.464169,2020-09-20,0.588,Healthy
NDVI08644,19.819626,74.37605,2026-02-10,-0.101,Bare/Water
NDVI08645,19.837881,74.593164,2017-03-19,0.0,Bare/Water
NDVI08646,19.820217,74.568568,2023-04-15,0.034,Bare/Water
NDVI08647,19.855503,74.484941,2022-10-25,0.266,Sparse
NDVI08648,19.916964,74.430022,2022-10-10,0.579,Healthy
NDVI08649,19.874096,74.423505,2022-03-12,-0.126,Bare/Water
NDVI08650,19.936238,74.391256,2024-11-12,0.17,Sparse
NDVI08651,19.866865,74.577164,2021-01-04,-0.034,Bare/Water
NDVI08652,19.932841,74.490713,2022-05-27,0.118,Sparse
NDVI08653,19.851011,74.4448,2024-02-25,-0.315,Bare/Water
NDVI08654,19.940259,74.386381,2017-12-07,0.119,Sparse
NDVI08655,19.824078,74.428052,2021-03-12,-0.346,Bare/Water
NDVI08656,19.859401,74.543229,2016-11-08,0.375,Moderate
NDVI08657,19.89481,74.391477,2020-11-06,0.387,Moderate
NDVI08658,19.803455,74.390308,2017-04-03,-0.035,Bare/Water
NDVI08659,19.931358,74.518201,2024-01-11,0.121,Sparse
NDVI08660,19.872193,74.465435,2022-05-19,0.091,Bare/Water
NDVI08661,19.825908,74.434467,2020-07-23,0.454,Moderate
NDVI08662,19.804273,74.575438,2022-02-23,-0.052,Bare/Water
NDVI08663,19.86351,74.559889,2018-07-17,0.361,Moderate
NDVI08664,19.831705,74.513081,2022-03-31,-0.278,Bare/Water
NDVI08665,19.915407,74.507075,2016-11-03,0.61,Healthy
NDVI08666,19.811957,74.453485,2026-02-25,-0.281,Bare/Water
NDVI08667,19.894794,74.468317,2021-04-09,0.017,Bare/Water
NDVI08668,19.882931,74.567902,2025-05-31,0.284,Sparse
NDVI08669,19.857751,74.507387,2016-11-10,0.424,Moderate
NDVI08670,19.909571,74.420359,2016-12-10,0.523,Healthy
NDVI08671,19.853501,74.513039,2018-10-30,0.354,Moderate
NDVI08672,19.947686,74.582044,2019-02-22,0.174,Sparse
NDVI08673,19.925189,74.592097,2018-04-10,-0.013,Bare/Water
NDVI08674,19.8667,74.428851,2022-04-11,0.1,Sparse
NDVI08675,19.824251,74.579743,2025-10-21,0.471,Moderate
NDVI08676,19.915325,74.47373,2024-03-19,-0.053,Bare/Water
NDVI08677,19.829996,74.478402,2025-08-04,0.796,Very Healthy
NDVI08678,19.818889,74.411935,2022-08-24,0.844,Very Healthy
NDVI08679,19.890639,74.378079,2024-01-09,-0.077,Bare/Water
NDVI08680,19.830341,74.356487,2025-10-23,0.261,Sparse
NDVI08681,19.850403,74.407576,2025-02-06,-0.274,Bare/Water
NDVI08682,19.92371,74.554014,2024-05-02,0.021,Bare/Water
NDVI08683,19.944955,74.35899,2020-11-30,0.215,Sparse
NDVI08684,19.898769,74.421097,2019-04-10,0.041,Bare/Water
NDVI08685,19.932707,74.504593,2020-02-16,0.151,Sparse
NDVI08686,19.814907,74.530559,2017-06-26,0.228,Sparse
NDVI08687,19.80819,74.462495,2018-06-29,0.626,Healthy
NDVI08688,19.889843,74.547653,2019-03-04,-0.149,Bare/Water
NDVI08689,19.907887,74.503654,2019-06-09,0.282,Sparse
NDVI08690,19.896119,74.551725,2018-03-20,-0.163,Bare/Water
NDVI08691,19.836764,74.579774,2021-11-28,0.239,Sparse
NDVI08692,19.840966,74.355207,2019-02-05,-0.287,Bare/Water
NDVI08693,19.815015,74.361889,2024-04-03,0.084,Bare/Water
NDVI08694,19.857796,74.44017,2022-09-20,0.758,Very Healthy
NDVI08695,19.922317,74.421725,2020-08-30,0.508,Healthy
NDVI08696,19.921164,74.541819,2023-10-03,0.593,Healthy
NDVI08697,19.803426,74.380649,2023-12-03,-0.035,Bare/Water
NDVI08698,19.915614,74.352692,2024-02-06,-0.182,Bare/Water
NDVI08699,19.823347,74.504004,2017-04-22,0.217,Sparse
NDVI08700,19.827892,74.587036,2021-11-16,0.359,Moderate
NDVI08701,19.805462,74.388588,2024-06-10,0.261,Sparse
NDVI08702,19.837867,74.538774,2020-08-18,0.412,Moderate
NDVI08703,19.889114,74.456695,2020-06-24,0.389,Moderate
NDVI08704,19.823717,74.514426,2017-03-03,-0.165,Bare/Water
NDVI08705,19.901371,74.517163,2020-10-16,0.573,Healthy
NDVI08706,19.83894,74.387841,2021-10-13,0.523,Healthy
NDVI08707,19.898085,74.402063,2019-05-20,0.293,Sparse
NDVI08708,19.832053,74.53044,2023-02-17,0.04,Bare/Water
NDVI08709,19.94886,74.411809,2025-04-19,-0.079,Bare/Water
NDVI08710,19.881514,74.491136,2020-06-07,0.288,Sparse
NDVI08711,19.842705,74.437,2019-02-27,0.038,Bare/Water
NDVI08712,19.934794,74.518409,2024-08-12,0.628,Healthy
NDVI08713,19.851208,74.542162,2017-04-04,0.096,Bare/Water
NDVI08714,19.857035,74.465234,2025-04-17,0.498,Moderate
NDVI08715,19.942891,74.501271,2017-12-18,0.109,Sparse
NDVI08716,19.844489,74.450982,2019-07-19,0.505,Healthy
NDVI08717,19.888412,74.449472,2021-09-05,0.669,Healthy
NDVI08718,19.853372,74.583968,2020-10-17,0.389,Moderate
NDVI08719,19.921937,74.542862,2017-09-23,0.616,Healthy
NDVI08720,19.843427,74.472154,2018-08-19,0.631,Healthy
NDVI08721,19.949159,74.437488,2020-11-18,0.15,Sparse
NDVI08722,19.881773,74.548972,2020-12-26,0.137,Sparse
NDVI08723,19.949803,74.365322,2021-01-31,0.183,Sparse
NDVI08724,19.905622,74.420263,2025-09-26,0.657,Healthy
NDVI08725,19.852006,74.537588,2024-09-24,0.442,Moderate
NDVI08726,19.885097,74.507627,2021-02-08,0.065,Bare/Water
NDVI08727,19.925646,74.367431,2020-03-22,-0.004,Bare/Water
NDVI08728,19.928937,74.430492,2016-08-16,0.584,Healthy
NDVI08729,19.907123,74.532361,2020-07-12,0.485,Moderate
NDVI08730,19.868799,74.455804,2025-11-21,0.317,Moderate
NDVI08731,19.843963,74.508358,2016-08-23,0.527,Healthy
NDVI08732,19.863512,74.511004,2018-06-08,0.343,Moderate
NDVI08733,19.861647,74.506196,2017-04-30,0.21,Sparse
NDVI08734,19.908911,74.473383,2024-02-24,-0.073,Bare/Water
NDVI08735,19.8467,74.529383,2017-03-07,-0.379,Bare/Water
NDVI08736,19.872382,74.407389,2022-02-16,-0.124,Bare/Water
NDVI08737,19.833982,74.514254,2024-12-11,0.1,Sparse
NDVI08738,19.912279,74.433873,2024-04-19,0.129,Sparse
NDVI08739,19.806494,74.493044,2019-05-03,0.212,Sparse
NDVI08740,19.947878,74.352377,2022-11-27,0.177,Sparse
NDVI08741,19.918376,74.393995,2025-12-18,0.204,Sparse
NDVI08742,19.949591,74.356955,2025-12-12,0.456,Moderate
NDVI08743,19.875165,74.480293,2024-03-08,-0.142,Bare/Water
NDVI08744,19.888345,74.582732,2018-07-28,0.707,Very Healthy
NDVI08745,19.93963,74.414118,2023-07-21,0.589,Healthy
NDVI08746,19.814423,74.410872,2018-11-04,0.561,Healthy
NDVI08747,19.859719,74.555101,2024-07-13,0.467,Moderate
NDVI08748,19.80382,74.539929,2024-10-20,0.627,Healthy
NDVI08749,19.845057,74.474065,2017-09-07,0.668,Healthy
NDVI08750,19.819359,74.417107,2017-09-18,0.454,Moderate
NDVI08751,19.800502,74.362606,2017-04-12,0.082,Bare/Water
NDVI08752,19.878748,74.575098,2025-02-04,-0.234,Bare/Water
NDVI08753,19.909303,74.384001,2016-12-17,0.35,Moderate
NDVI08754,19.83473,74.509726,2019-05-29,0.386,Moderate
NDVI08755,19.875749,74.596376,2019-10-03,0.618,Healthy
NDVI08756,19.830281,74.490448,2019-01-15,0.014,Bare/Water
NDVI08757,19.817297,74.462736,2018-09-02,0.596,Healthy
NDVI08758,19.881154,74.366823,2019-03-18,-0.26,Bare/Water
NDVI08759,19.829308,74.588437,2017-12-12,0.219,Sparse
NDVI08760,19.803146,74.536813,2018-10-01,0.677,Healthy
NDVI08761,19.91543,74.378401,2019-11-18,0.169,Sparse
NDVI08762,19.851418,74.362367,2025-03-22,-0.368,Bare/Water
NDVI08763,19.80109,74.52897,2016-08-08,0.7,Very Healthy
NDVI08764,19.845814,74.450076,2022-06-18,0.217,Sparse
NDVI08765,19.824711,74.41286,2018-02-13,-0.105,Bare/Water
NDVI08766,19.803419,74.52396,2025-06-14,0.365,Moderate
NDVI08767,19.94648,74.48154,2023-03-20,0.166,Sparse
NDVI08768,19.804522,74.414394,2022-05-03,0.113,Sparse
NDVI08769,19.872406,74.539553,2025-03-26,0.143,Sparse
NDVI08770,19.910069,74.350143,2016-08-27,0.531,Healthy
NDVI08771,19.884553,74.585951,2019-08-17,0.843,Very Healthy
NDVI08772,19.886772,74.523286,2021-03-20,-0.28,Bare/Water
NDVI08773,19.844255,74.478298,2019-06-11,0.489,Moderate
NDVI08774,19.81648,74.583541,2022-11-14,0.215,Sparse
NDVI08775,19.92738,74.490199,2026-07-07,0.513,Healthy
NDVI08776,19.822277,74.516289,2019-09-02,0.664,Healthy
NDVI08777,19.94828,74.451146,2022-11-02,0.497,Moderate
NDVI08778,19.900811,74.469579,2020-05-24,0.174,Sparse
NDVI08779,19.922658,74.375621,2019-04-25,0.028,Bare/Water
NDVI08780,19.837887,74.450634,2016-11-18,0.545,Healthy
NDVI08781,19.863258,74.373412,2021-08-30,0.621,Healthy
NDVI08782,19.812412,74.5847,2017-07-01,0.338,Moderate
NDVI08783,19.84831,74.546116,2021-07-17,0.632,Healthy
NDVI08784,19.938362,74.399716,2018-01-21,-0.067,Bare/Water
NDVI08785,19.881339,74.518039,2021-09-09,0.64,Healthy
NDVI08786,19.872445,74.376497,2024-03-30,-0.171,Bare/Water
NDVI08787,19.862267,74.466993,2018-04-12,0.056,Bare/Water
NDVI08788,19.893247,74.431792,2019-04-08,0.088,Bare/Water
NDVI08789,19.848665,74.354015,2017-07-26,0.445,Moderate
NDVI08790,19.861793,74.503271,2023-01-07,-0.009,Bare/Water
NDVI08791,19.911019,74.350344,2021-05-07,0.185,Sparse
NDVI08792,19.938696,74.410567,2026-05-13,0.109,Sparse
NDVI08793,19.939008,74.418386,2018-02-14,-0.001,Bare/Water
NDVI08794,19.846656,74.56462,2021-01-05,0.277,Sparse
NDVI08795,19.862838,74.571461,2025-11-02,0.53,Healthy
NDVI08796,19.925032,74.434183,2021-11-21,0.276,Sparse
NDVI08797,19.812114,74.50644,2020-01-26,0.06,Bare/Water
NDVI08798,19.90942,74.529462,2017-07-16,0.571,Healthy
NDVI08799,19.945614,74.513726,2018-03-03,-0.423,Bare/Water
NDVI08800,19.80996,74.421412,2021-08-19,0.611,Healthy
NDVI08801,19.884862,74.464461,2022-05-15,-0.081,Bare/Water
NDVI08802,19.817181,74.518436,2022-04-13,0.022,Bare/Water
NDVI08803,19.909887,74.580482,2022-03-24,-0.174,Bare/Water
NDVI08804,19.928855,74.465744,2021-02-06,-0.065,Bare/Water
NDVI08805,19.886343,74.546123,2018-02-14,-0.076,Bare/Water
NDVI08806,19.856728,74.564319,2020-01-01,0.007,Bare/Water
NDVI08807,19.867951,74.495472,2024-08-20,0.833,Very Healthy
NDVI08808,19.908875,74.470854,2019-10-02,0.577,Healthy
NDVI08809,19.883917,74.424541,2017-06-26,0.321,Moderate
NDVI08810,19.8882,74.446253,2021-06-18,0.456,Moderate
NDVI08811,19.840586,74.524157,2017-04-08,-0.204,Bare/Water
NDVI08812,19.821699,74.376672,2022-05-15,0.165,Sparse
NDVI08813,19.830282,74.536097,2023-12-26,0.005,Bare/Water
NDVI08814,19.863806,74.357457,2019-02-06,0.096,Bare/Water
NDVI08815,19.825235,74.375043,2023-08-27,0.629,Healthy
NDVI08816,19.926364,74.529165,2023-04-18,0.072,Bare/Water
NDVI08817,19.807112,74.371707,2020-01-06,-0.102,Bare/Water
NDVI08818,19.80704,74.492549,2020-04-20,0.131,Sparse
NDVI08819,19.876419,74.580174,2024-02-24,-0.218,Bare/Water
NDVI08820,19.896898,74.542634,2016-09-14,0.648,Healthy
NDVI08821,19.840826,74.410553,2017-06-04,0.169,Sparse
NDVI08822,19.943918,74.488936,2017-05-24,0.122,Sparse
NDVI08823,19.863011,74.389763,2024-03-01,-0.055,Bare/Water
NDVI08824,19.927784,74.507169,2018-07-29,0.711,Very Healthy
NDVI08825,19.824356,74.579324,2021-10-13,0.541,Healthy
NDVI08826,19.939523,74.371248,2019-01-12,0.088,Bare/Water
NDVI08827,19.934526,74.466531,2026-03-31,-0.049,Bare/Water
NDVI08828,19.801748,74.577529,2022-06-22,0.352,Moderate
NDVI08829,19.874412,74.414556,2018-06-11,0.447,Moderate
NDVI08830,19.872903,74.543761,2020-04-07,-0.193,Bare/Water
NDVI08831,19.803664,74.503599,2016-12-02,0.343,Moderate
NDVI08832,19.868067,74.596719,2026-05-28,0.375,Moderate
NDVI08833,19.882975,74.558826,2018-10-18,0.312,Moderate
NDVI08834,19.802734,74.450629,2022-04-20,-0.073,Bare/Water
NDVI08835,19.817258,74.363213,2023-02-03,-0.294,Bare/Water
NDVI08836,19.821877,74.431897,2024-05-03,0.201,Sparse
NDVI08837,19.851981,74.506696,2024-08-10,0.632,Healthy
NDVI08838,19.935488,74.454331,2024-04-25,-0.086,Bare/Water
NDVI08839,19.888521,74.479022,2020-08-21,0.377,Moderate
NDVI08840,19.917633,74.386353,2022-07-22,0.763,Very Healthy
NDVI08841,19.88654,74.482844,2023-07-07,0.58,Healthy
NDVI08842,19.938272,74.434318,2021-12-13,0.149,Sparse
NDVI08843,19.803402,74.598249,2020-08-31,0.575,Healthy
NDVI08844,19.873283,74.476022,2024-05-05,0.007,Bare/Water
NDVI08845,19.867201,74.575309,2019-05-31,0.031,Bare/Water
NDVI08846,19.807999,74.561523,2025-10-09,0.321,Moderate
NDVI08847,19.848868,74.542073,2024-03-27,0.116,Sparse
NDVI08848,19.908877,74.47949,2025-01-20,-0.097,Bare/Water
NDVI08849,19.814708,74.368939,2021-05-19,0.241,Sparse
NDVI08850,19.810797,74.42692,2017-05-02,0.195,Sparse
NDVI08851,19.874977,74.47181,2019-05-26,0.273,Sparse
NDVI08852,19.854494,74.556653,2019-11-04,0.467,Moderate
NDVI08853,19.882951,74.443279,2023-06-15,0.487,Moderate
NDVI08854,19.902351,74.376646,2022-07-22,0.587,Healthy
NDVI08855,19.811838,74.433525,2025-12-09,0.219,Sparse
NDVI08856,19.872809,74.381588,2026-01-29,0.041,Bare/Water
NDVI08857,19.803209,74.596518,2025-10-20,0.326,Moderate
NDVI08858,19.870135,74.513808,2024-12-19,0.063,Bare/Water
NDVI08859,19.876209,74.371804,2017-01-14,0.213,Sparse
NDVI08860,19.883022,74.539101,2021-04-23,-0.019,Bare/Water
NDVI08861,19.903867,74.433445,2024-05-24,0.254,Sparse
NDVI08862,19.826368,74.518993,2021-06-02,0.316,Moderate
NDVI08863,19.853988,74.409307,2019-08-13,0.772,Very Healthy
NDVI08864,19.85489,74.470463,2017-01-03,0.104,Sparse
NDVI08865,19.899691,74.463658,2025-11-22,0.455,Moderate
NDVI08866,19.852391,74.469985,2018-12-20,0.081,Bare/Water
NDVI08867,19.899674,74.582627,2021-09-06,0.714,Very Healthy
NDVI08868,19.898736,74.589125,2021-04-08,0.028,Bare/Water
NDVI08869,19.834225,74.35037,2017-09-03,0.73,Very Healthy
NDVI08870,19.887761,74.42125,2017-03-08,0.063,Bare/Water
NDVI08871,19.867726,74.408891,2020-11-12,0.343,Moderate
NDVI08872,19.868569,74.386216,2021-03-14,0.155,Sparse
NDVI08873,19.854437,74.396805,2019-08-28,0.706,Very Healthy
NDVI08874,19.946649,74.416014,2024-04-10,-0.008,Bare/Water
NDVI08875,19.904712,74.510683,2021-05-08,0.05,Bare/Water
NDVI08876,19.924831,74.395164,2026-06-19,0.338,Moderate
NDVI08877,19.858361,74.563581,2024-07-09,0.44,Moderate
NDVI08878,19.815839,74.362388,2018-07-21,0.398,Moderate
NDVI08879,19.808555,74.46999,2023-10-01,0.559,Healthy
NDVI08880,19.853593,74.466672,2020-09-16,0.515,Healthy
NDVI08881,19.851078,74.43387,2018-07-17,0.603,Healthy
NDVI08882,19.867518,74.523339,2025-01-06,0.243,Sparse
NDVI08883,19.927099,74.416309,2017-08-21,0.514,Healthy
NDVI08884,19.863184,74.531035,2024-03-10,0.037,Bare/Water
NDVI08885,19.924199,74.443796,2018-12-27,0.079,Bare/Water
NDVI08886,19.927726,74.559804,2018-06-01,0.197,Sparse
NDVI08887,19.923765,74.482389,2026-04-27,0.111,Sparse
NDVI08888,19.935598,74.574861,2024-08-18,0.611,Healthy
NDVI08889,19.875542,74.59892,2026-06-26,0.334,Moderate
NDVI08890,19.81232,74.51573,2019-01-06,0.065,Bare/Water
NDVI08891,19.802821,74.527815,2022-09-23,0.419,Moderate
NDVI08892,19.915073,74.363603,2018-08-10,0.706,Very Healthy
NDVI08893,19.815501,74.537779,2019-02-05,-0.228,Bare/Water
NDVI08894,19.837383,74.590129,2016-12-21,-0.008,Bare/Water
NDVI08895,19.861068,74.512139,2024-04-02,-0.278,Bare/Water
NDVI08896,19.940626,74.354259,2025-01-25,0.139,Sparse
NDVI08897,19.850459,74.579132,2021-06-19,0.336,Moderate
NDVI08898,19.940796,74.513977,2025-01-04,0.281,Sparse
NDVI08899,19.828173,74.516958,2018-10-29,0.505,Healthy
NDVI08900,19.847631,74.447565,2021-05-22,0.106,Sparse
NDVI08901,19.930756,74.471896,2025-06-03,0.246,Sparse
NDVI08902,19.84814,74.429235,2026-01-30,-0.025,Bare/Water
NDVI08903,19.876191,74.595425,2020-06-22,0.345,Moderate
NDVI08904,19.824179,74.458665,2025-03-28,0.235,Sparse
NDVI08905,19.872834,74.357426,2025-12-08,0.355,Moderate
NDVI08906,19.936975,74.517518,2022-05-20,0.211,Sparse
NDVI08907,19.865305,74.581634,2016-11-29,0.023,Bare/Water
NDVI08908,19.943969,74.512264,2018-02-27,-0.114,Bare/Water
NDVI08909,19.908506,74.354566,2019-11-13,0.285,Sparse
NDVI08910,19.848017,74.53094,2023-11-14,0.297,Sparse
NDVI08911,19.937886,74.43492,2024-04-13,0.011,Bare/Water
NDVI08912,19.905005,74.40455,2020-04-18,0.06,Bare/Water
NDVI08913,19.850014,74.580939,2019-04-15,0.015,Bare/Water
NDVI08914,19.815399,74.588188,2026-06-09,0.489,Moderate
NDVI08915,19.814493,74.362297,2019-12-05,0.208,Sparse
NDVI08916,19.88821,74.410877,2023-08-04,0.56,Healthy
NDVI08917,19.810055,74.453689,2020-12-08,0.211,Sparse
NDVI08918,19.868585,74.365239,2022-07-07,0.296,Sparse
NDVI08919,19.864024,74.565183,2018-11-02,0.378,Moderate
NDVI08920,19.918607,74.464082,2026-05-19,0.075,Bare/Water
NDVI08921,19.810812,74.426094,2022-06-22,0.326,Moderate
NDVI08922,19.823617,74.382605,2023-05-15,0.066,Bare/Water
NDVI08923,19.846107,74.369347,2026-06-24,0.215,Sparse
NDVI08924,19.848282,74.524699,2019-08-02,0.545,Healthy
NDVI08925,19.895522,74.421719,2019-12-11,0.148,Sparse
NDVI08926,19.928964,74.356179,2024-04-08,-0.099,Bare/Water
NDVI08927,19.945871,74.352647,2022-09-14,0.423,Moderate
NDVI08928,19.949449,74.593167,2019-07-23,0.467,Moderate
NDVI08929,19.897531,74.577463,2019-07-21,0.366,Moderate
NDVI08930,19.82582,74.46291,2022-02-06,0.082,Bare/Water
NDVI08931,19.837055,74.454215,2017-05-18,0.208,Sparse
NDVI08932,19.897258,74.382942,2022-06-22,0.211,Sparse
NDVI08933,19.943627,74.506193,2025-06-11,0.253,Sparse
NDVI08934,19.934833,74.4434,2021-07-22,0.767,Very Healthy
NDVI08935,19.845352,74.530433,2024-04-12,-0.112,Bare/Water
NDVI08936,19.807132,74.462778,2022-12-16,0.031,Bare/Water
NDVI08937,19.840977,74.559331,2016-11-02,0.52,Healthy
NDVI08938,19.85783,74.495686,2019-06-02,0.386,Moderate
NDVI08939,19.894303,74.529629,2016-09-01,0.485,Moderate
NDVI08940,19.859686,74.579246,2021-03-04,-0.136,Bare/Water
NDVI08941,19.940765,74.379394,2022-10-29,0.498,Moderate
NDVI08942,19.913381,74.434981,2019-06-25,0.466,Moderate
NDVI08943,19.921303,74.361476,2020-06-14,0.244,Sparse
NDVI08944,19.894913,74.578437,2017-01-28,-0.371,Bare/Water
NDVI08945,19.813864,74.479886,2016-09-16,0.723,Very Healthy
NDVI08946,19.840325,74.430868,2024-12-20,0.093,Bare/Water
NDVI08947,19.851932,74.480942,2022-11-26,0.335,Moderate
NDVI08948,19.825856,74.438703,2016-08-16,0.387,Moderate
NDVI08949,19.817552,74.483822,2024-01-19,-0.074,Bare/Water
NDVI08950,19.831996,74.383549,2019-08-14,0.308,Moderate
NDVI08951,19.872791,74.559059,2017-11-06,0.393,Moderate
NDVI08952,19.879501,74.401014,2021-01-08,0.15,Sparse
NDVI08953,19.866888,74.560397,2024-12-18,0.241,Sparse
NDVI08954,19.927344,74.513672,2021-11-25,0.207,Sparse
NDVI08955,19.846187,74.486361,2025-01-26,-0.069,Bare/Water
NDVI08956,19.891849,74.558513,2023-09-28,0.188,Sparse
NDVI08957,19.90004,74.486404,2021-12-21,-0.027,Bare/Water
NDVI08958,19.865217,74.510639,2023-09-28,0.574,Healthy
NDVI08959,19.861529,74.372156,2018-01-03,-0.148,Bare/Water
NDVI08960,19.822904,74.442927,2023-06-15,0.312,Moderate
NDVI08961,19.8523,74.532405,2026-07-16,0.493,Moderate
NDVI08962,19.922896,74.440322,2019-07-02,0.443,Moderate
NDVI08963,19.813049,74.543754,2023-08-20,0.531,Healthy
NDVI08964,19.921507,74.564623,2021-03-16,-0.024,Bare/Water
NDVI08965,19.883823,74.503123,2017-09-19,0.534,Healthy
NDVI08966,19.886628,74.475572,2018-03-17,0.076,Bare/Water
NDVI08967,19.841854,74.508269,2020-02-29,0.127,Sparse
NDVI08968,19.936897,74.514724,2017-07-01,0.291,Sparse
NDVI08969,19.915046,74.434498,2019-08-15,0.616,Healthy
NDVI08970,19.878512,74.44426,2021-09-15,0.266,Sparse
NDVI08971,19.842283,74.503051,2023-05-05,0.061,Bare/Water
NDVI08972,19.873019,74.441539,2026-06-10,0.201,Sparse
NDVI08973,19.904838,74.351065,2016-09-13,0.555,Healthy
NDVI08974,19.900606,74.389028,2020-12-05,0.326,Moderate
NDVI08975,19.869072,74.406725,2025-01-18,-0.116,Bare/Water
NDVI08976,19.900346,74.441051,2018-04-12,-0.086,Bare/Water
NDVI08977,19.851804,74.358064,2020-02-25,-0.242,Bare/Water
NDVI08978,19.816165,74.52404,2025-05-22,0.19,Sparse
NDVI08979,19.879724,74.516806,2022-05-18,0.2,Sparse
NDVI08980,19.901958,74.40765,2017-09-23,0.599,Healthy
NDVI08981,19.808882,74.374002,2026-03-10,-0.159,Bare/Water
NDVI08982,19.905518,74.471038,2021-06-28,0.517,Healthy
NDVI08983,19.806645,74.442918,2018-03-18,-0.063,Bare/Water
NDVI08984,19.8738,74.592684,2026-03-19,-0.098,Bare/Water
NDVI08985,19.934132,74.529384,2019-05-19,0.173,Sparse
NDVI08986,19.902245,74.355348,2024-05-30,0.06,Bare/Water
NDVI08987,19.927745,74.597384,2025-01-14,0.104,Sparse
NDVI08988,19.831666,74.396875,2019-12-13,0.097,Bare/Water
NDVI08989,19.875562,74.456882,2018-04-11,0.051,Bare/Water
NDVI08990,19.807834,74.531764,2020-11-29,0.226,Sparse
NDVI08991,19.867161,74.426986,2022-05-03,0.157,Sparse
NDVI08992,19.914991,74.424901,2021-04-02,-0.117,Bare/Water
NDVI08993,19.809189,74.446531,2023-03-28,-0.035,Bare/Water
NDVI08994,19.821264,74.46124,2025-07-25,0.631,Healthy
NDVI08995,19.84526,74.385564,2017-01-15,0.066,Bare/Water
NDVI08996,19.92735,74.428291,2017-04-15,-0.126,Bare/Water
NDVI08997,19.870727,74.480606,2019-06-18,0.539,Healthy
NDVI08998,19.914025,74.449781,2026-04-25,0.362,Moderate
NDVI08999,19.947787,74.361395,2025-10-18,0.577,Healthy
NDVI09000,19.902718,74.35391,2023-07-27,0.668,Healthy
NDVI09001,19.85528,74.47138,2026-03-19,-0.003,Bare/Water
NDVI09002,19.839757,74.509097,2023-05-09,-0.125,Bare/Water
NDVI09003,19.948455,74.442389,2017-02-22,-0.057,Bare/Water
NDVI09004,19.91738,74.542647,2020-12-22,-0.156,Bare/Water
NDVI09005,19.884327,74.562146,2021-07-15,0.514,Healthy
NDVI09006,19.892155,74.58649,2023-07-09,0.28,Sparse
NDVI09007,19.885745,74.55855,2019-11-09,0.352,Moderate
NDVI09008,19.86343,74.362677,2021-06-24,0.412,Moderate
NDVI09009,19.943899,74.438248,2020-05-15,0.255,Sparse
NDVI09010,19.84219,74.551816,2018-08-21,0.595,Healthy
NDVI09011,19.847478,74.455222,2021-09-12,0.592,Healthy
NDVI09012,19.831789,74.534662,2020-01-30,0.051,Bare/Water
NDVI09013,19.897483,74.46097,2020-04-28,0.098,Bare/Water
NDVI09014,19.820817,74.408182,2017-11-28,0.502,Healthy
NDVI09015,19.939622,74.464114,2016-08-16,0.577,Healthy
NDVI09016,19.924828,74.404418,2026-03-25,-0.015,Bare/Water
NDVI09017,19.846592,74.356674,2020-11-25,0.235,Sparse
NDVI09018,19.882964,74.487753,2023-10-04,0.558,Healthy
NDVI09019,19.894997,74.378821,2022-12-30,-0.007,Bare/Water
NDVI09020,19.810698,74.482153,2021-05-26,-0.036,Bare/Water
NDVI09021,19.899044,74.441664,2026-05-31,0.063,Bare/Water
NDVI09022,19.826575,74.567531,2016-12-19,0.105,Sparse
NDVI09023,19.884724,74.551826,2025-08-30,0.661,Healthy
NDVI09024,19.923175,74.41858,2020-12-06,0.123,Sparse
NDVI09025,19.815515,74.363196,2017-11-26,0.161,Sparse
NDVI09026,19.874477,74.536797,2020-11-10,0.275,Sparse
NDVI09027,19.927678,74.516787,2016-09-09,0.228,Sparse
NDVI09028,19.834046,74.422238,2023-05-31,0.439,Moderate
NDVI09029,19.895475,74.492451,2020-11-28,0.185,Sparse
NDVI09030,19.828288,74.483193,2018-01-15,0.042,Bare/Water
NDVI09031,19.902238,74.365476,2018-10-06,0.465,Moderate
NDVI09032,19.895631,74.369362,2019-03-13,-0.215,Bare/Water
NDVI09033,19.80212,74.52816,2023-07-31,0.624,Healthy
NDVI09034,19.931962,74.539333,2018-04-04,-0.038,Bare/Water
NDVI09035,19.895586,74.555966,2025-09-20,0.691,Healthy
NDVI09036,19.852309,74.596664,2017-12-04,0.267,Sparse
NDVI09037,19.941544,74.46274,2023-10-11,0.756,Very Healthy
NDVI09038,19.828997,74.586151,2017-07-23,0.484,Moderate
NDVI09039,19.850926,74.40854,2020-11-03,0.231,Sparse
NDVI09040,19.877428,74.433925,2024-04-07,-0.084,Bare/Water
NDVI09041,19.812304,74.391557,2026-05-12,0.312,Moderate
NDVI09042,19.877753,74.513664,2025-03-16,-0.137,Bare/Water
NDVI09043,19.865268,74.464727,2025-12-03,0.143,Sparse
NDVI09044,19.895161,74.563104,2018-06-25,0.305,Moderate
NDVI09045,19.948287,74.354154,2023-04-15,-0.024,Bare/Water
NDVI09046,19.820227,74.453191,2024-10-27,0.448,Moderate
NDVI09047,19.89531,74.46196,2021-06-15,0.213,Sparse
NDVI09048,19.879474,74.407765,2019-09-25,0.527,Healthy
NDVI09049,19.879502,74.503602,2025-10-29,0.451,Moderate
NDVI09050,19.9093,74.437603,2019-08-25,0.548,Healthy
NDVI09051,19.924279,74.563682,2017-02-22,-0.131,Bare/Water
NDVI09052,19.814743,74.431648,2025-05-26,0.222,Sparse
NDVI09053,19.822563,74.456373,2026-07-19,0.399,Moderate
NDVI09054,19.916096,74.531595,2025-05-19,0.142,Sparse
NDVI09055,19.891307,74.351598,2016-09-11,0.543,Healthy
NDVI09056,19.948715,74.584331,2023-11-08,0.51,Healthy
NDVI09057,19.810269,74.457508,2024-01-23,-0.069,Bare/Water
NDVI09058,19.908237,74.434721,2020-02-01,-0.127,Bare/Water
NDVI09059,19.906652,74.534914,2018-07-12,0.503,Healthy
NDVI09060,19.892378,74.454262,2018-11-08,0.442,Moderate
NDVI09061,19.942702,74.522902,2018-06-15,0.499,Moderate
NDVI09062,19.905489,74.558321,2021-05-16,0.213,Sparse
NDVI09063,19.837535,74.573249,2017-09-03,0.684,Healthy
NDVI09064,19.906164,74.402921,2021-05-19,0.152,Sparse
NDVI09065,19.853127,74.524216,2026-05-12,0.276,Sparse
NDVI09066,19.831757,74.585574,2023-04-11,-0.089,Bare/Water
NDVI09067,19.928963,74.35084,2024-08-27,0.66,Healthy
NDVI09068,19.86449,74.587976,2018-06-17,0.234,Sparse
NDVI09069,19.928803,74.497225,2017-03-18,-0.126,Bare/Water
NDVI09070,19.81169,74.563594,2019-12-19,0.254,Sparse
NDVI09071,19.937483,74.394702,2026-01-09,-0.042,Bare/Water
NDVI09072,19.91907,74.426309,2020-12-10,0.203,Sparse
NDVI09073,19.853449,74.360664,2022-07-26,0.616,Healthy
NDVI09074,19.934659,74.370363,2026-07-24,0.454,Moderate
NDVI09075,19.804851,74.494164,2018-05-12,0.17,Sparse
NDVI09076,19.818527,74.588859,2020-03-18,-0.116,Bare/Water
NDVI09077,19.923598,74.452322,2021-10-26,0.244,Sparse
NDVI09078,19.846408,74.479748,2021-11-26,0.161,Sparse
NDVI09079,19.908476,74.496773,2018-08-13,0.785,Very Healthy
NDVI09080,19.891082,74.481324,2021-06-21,0.615,Healthy
NDVI09081,19.80634,74.452308,2022-10-30,0.274,Sparse
NDVI09082,19.838812,74.59645,2021-04-24,0.301,Moderate
NDVI09083,19.882114,74.436853,2023-12-01,0.567,Healthy
NDVI09084,19.841801,74.453621,2022-01-11,-0.041,Bare/Water
NDVI09085,19.936581,74.378389,2023-01-11,0.038,Bare/Water
NDVI09086,19.896693,74.401476,2026-04-14,-0.05,Bare/Water
NDVI09087,19.935256,74.45605,2020-04-15,-0.136,Bare/Water
NDVI09088,19.947723,74.398922,2020-12-12,0.231,Sparse
NDVI09089,19.86903,74.447639,2019-09-09,0.779,Very Healthy
NDVI09090,19.815086,74.447086,2020-10-09,0.382,Moderate
NDVI09091,19.940098,74.375594,2017-09-04,0.744,Very Healthy
NDVI09092,19.881568,74.432603,2022-04-08,-0.102,Bare/Water
NDVI09093,19.871292,74.477805,2021-06-07,0.175,Sparse
NDVI09094,19.84628,74.583881,2018-04-03,0.044,Bare/Water
NDVI09095,19.927926,74.371796,2020-09-24,0.387,Moderate
NDVI09096,19.81443,74.494067,2024-10-22,0.592,Healthy
NDVI09097,19.926888,74.395484,2022-08-09,0.374,Moderate
NDVI09098,19.80792,74.527681,2024-04-14,-0.023,Bare/Water
NDVI09099,19.828778,74.477279,2024-11-01,0.408,Moderate
NDVI09100,19.88586,74.424289,2018-03-25,-0.04,Bare/Water
NDVI09101,19.915642,74.460141,2026-06-30,0.37,Moderate
NDVI09102,19.929346,74.474649,2016-08-24,0.642,Healthy
NDVI09103,19.902011,74.394071,2022-10-24,0.369,Moderate
NDVI09104,19.941749,74.503572,2024-08-13,0.521,Healthy
NDVI09105,19.923078,74.390788,2022-06-04,0.551,Healthy
NDVI09106,19.943875,74.410734,2017-03-30,0.113,Sparse
NDVI09107,19.808267,74.354083,2018-07-05,0.278,Sparse
NDVI09108,19.80026,74.505865,2017-06-09,0.343,Moderate
NDVI09109,19.827956,74.384505,2019-02-08,-0.003,Bare/Water
NDVI09110,19.913628,74.57235,2026-07-02,0.56,Healthy
NDVI09111,19.872581,74.351406,2026-05-02,0.3,Moderate
NDVI09112,19.858954,74.498293,2025-06-19,0.3,Moderate
NDVI09113,19.890166,74.374464,2025-11-18,0.297,Sparse
NDVI09114,19.889064,74.451513,2017-01-28,0.008,Bare/Water
NDVI09115,19.910306,74.429397,2022-02-27,-0.157,Bare/Water
NDVI09116,19.829878,74.598653,2017-10-05,0.534,Healthy
NDVI09117,19.892403,74.460984,2023-04-15,-0.007,Bare/Water
NDVI09118,19.85568,74.353991,2020-01-27,-0.071,Bare/Water
NDVI09119,19.834095,74.523038,2024-10-12,0.622,Healthy
NDVI09120,19.865892,74.44618,2025-04-11,-0.15,Bare/Water
NDVI09121,19.883277,74.505904,2022-09-25,0.571,Healthy
NDVI09122,19.874007,74.400495,2026-05-24,0.368,Moderate
NDVI09123,19.863976,74.539337,2026-03-16,-0.116,Bare/Water
NDVI09124,19.915398,74.424518,2022-06-27,0.327,Moderate
NDVI09125,19.818719,74.588835,2022-11-22,0.243,Sparse
NDVI09126,19.813487,74.371654,2026-05-29,0.343,Moderate
NDVI09127,19.811976,74.536821,2024-05-09,0.157,Sparse
NDVI09128,19.925258,74.502352,2017-02-24,0.05,Bare/Water
NDVI09129,19.869618,74.451798,2025-11-13,0.445,Moderate
NDVI09130,19.841949,74.472574,2021-01-22,-0.21,Bare/Water
NDVI09131,19.831467,74.591294,2022-06-02,0.215,Sparse
NDVI09132,19.939776,74.369038,2019-05-18,0.118,Sparse
NDVI09133,19.869982,74.583063,2023-10-18,0.522,Healthy
NDVI09134,19.831281,74.368422,2024-12-07,0.149,Sparse
NDVI09135,19.806873,74.379741,2024-08-03,0.781,Very Healthy
NDVI09136,19.938062,74.558078,2021-03-26,-0.083,Bare/Water
NDVI09137,19.911615,74.534811,2024-10-13,0.7,Very Healthy
NDVI09138,19.856763,74.460358,2026-03-08,-0.03,Bare/Water
NDVI09139,19.898593,74.36515,2017-11-18,0.412,Moderate
NDVI09140,19.934494,74.513372,2022-04-30,0.106,Sparse
NDVI09141,19.822063,74.427855,2019-06-29,0.264,Sparse
NDVI09142,19.8079,74.53558,2022-04-11,-0.059,Bare/Water
NDVI09143,19.802533,74.411259,2023-11-24,0.179,Sparse
NDVI09144,19.922358,74.497793,2017-02-17,-0.105,Bare/Water
NDVI09145,19.884416,74.562854,2018-11-01,0.35,Moderate
NDVI09146,19.929321,74.577109,2025-08-30,0.615,Healthy
NDVI09147,19.879128,74.466725,2023-01-28,-0.14,Bare/Water
NDVI09148,19.811354,74.425781,2018-02-12,0.023,Bare/Water
NDVI09149,19.858423,74.413848,2024-02-02,0.054,Bare/Water
NDVI09150,19.807014,74.466178,2025-08-18,0.508,Healthy
NDVI09151,19.847039,74.414252,2021-08-24,0.507,Healthy
NDVI09152,19.841112,74.574713,2020-12-21,0.219,Sparse
NDVI09153,19.864564,74.405555,2024-01-08,0.107,Sparse
NDVI09154,19.91949,74.584232,2018-11-12,0.33,Moderate
NDVI09155,19.929486,74.353949,2023-04-19,-0.12,Bare/Water
NDVI09156,19.812215,74.393666,2022-01-13,0.046,Bare/Water
NDVI09157,19.890795,74.533572,2026-06-06,0.299,Sparse
NDVI09158,19.940972,74.41657,2018-09-10,0.68,Healthy
NDVI09159,19.931437,74.350185,2023-04-04,-0.12,Bare/Water
NDVI09160,19.914306,74.536233,2019-08-15,0.544,Healthy
NDVI09161,19.801933,74.375347,2017-10-22,0.62,Healthy
NDVI09162,19.811643,74.362127,2017-05-29,0.283,Sparse
NDVI09163,19.865148,74.497675,2020-02-27,-0.1,Bare/Water
NDVI09164,19.937866,74.476446,2025-09-02,0.491,Moderate
NDVI09165,19.918646,74.371821,2024-01-06,-0.011,Bare/Water
NDVI09166,19.833925,74.510655,2023-05-07,0.255,Sparse
NDVI09167,19.861967,74.376664,2017-11-03,0.387,Moderate
NDVI09168,19.894263,74.524945,2021-12-21,0.233,Sparse
NDVI09169,19.804111,74.467868,2019-05-22,0.053,Bare/Water
NDVI09170,19.846067,74.423656,2025-12-04,0.089,Bare/Water
NDVI09171,19.827645,74.362312,2020-03-27,-0.276,Bare/Water
NDVI09172,19.817622,74.468711,2022-03-06,-0.086,Bare/Water
NDVI09173,19.837694,74.485375,2018-08-03,0.764,Very Healthy
NDVI09174,19.880456,74.444219,2022-01-28,-0.066,Bare/Water
NDVI09175,19.854682,74.399257,2019-12-13,0.093,Bare/Water
NDVI09176,19.831938,74.448416,2019-02-10,-0.006,Bare/Water
NDVI09177,19.947516,74.590774,2018-11-03,0.381,Moderate
NDVI09178,19.865399,74.470228,2019-03-08,-0.151,Bare/Water
NDVI09179,19.805868,74.445315,2020-12-31,-0.2,Bare/Water
NDVI09180,19.89196,74.350722,2023-08-20,0.59,Healthy
NDVI09181,19.868338,74.581001,2019-12-28,0.177,Sparse
NDVI09182,19.815661,74.563893,2024-05-15,0.064,Bare/Water
NDVI09183,19.877133,74.485556,2023-01-27,-0.09,Bare/Water
NDVI09184,19.930586,74.43904,2017-10-14,0.422,Moderate
NDVI09185,19.836536,74.350522,2023-02-02,-0.253,Bare/Water
NDVI09186,19.941593,74.407072,2025-03-10,-0.188,Bare/Water
NDVI09187,19.94363,74.492879,2021-09-27,0.684,Healthy
NDVI09188,19.881616,74.434711,2019-10-24,0.697,Healthy
NDVI09189,19.835339,74.456937,2019-03-12,-0.026,Bare/Water
NDVI09190,19.891926,74.378939,2019-05-06,0.124,Sparse
NDVI09191,19.807853,74.483344,2020-08-11,0.615,Healthy
NDVI09192,19.90201,74.359361,2026-04-16,0.114,Sparse
NDVI09193,19.870316,74.352498,2018-05-02,-0.021,Bare/Water
NDVI09194,19.948247,74.561505,2017-12-03,0.2,Sparse
NDVI09195,19.884526,74.584875,2022-06-22,0.288,Sparse
NDVI09196,19.858721,74.593607,2018-05-10,0.066,Bare/Water
NDVI09197,19.876531,74.372547,2024-03-11,-0.179,Bare/Water
NDVI09198,19.945926,74.555095,2017-08-01,0.636,Healthy
NDVI09199,19.848842,74.578274,2026-06-28,0.395,Moderate
NDVI09200,19.915275,74.35877,2021-01-31,-0.305,Bare/Water
NDVI09201,19.94392,74.497677,2018-05-30,0.242,Sparse
NDVI09202,19.877135,74.389357,2021-12-30,0.093,Bare/Water
NDVI09203,19.932111,74.407622,2021-08-25,0.465,Moderate
NDVI09204,19.908149,74.590499,2019-02-03,-0.109,Bare/Water
NDVI09205,19.904292,74.381694,2022-01-22,-0.097,Bare/Water
NDVI09206,19.837175,74.486037,2017-10-21,0.342,Moderate
NDVI09207,19.824443,74.548171,2023-06-22,0.069,Bare/Water
NDVI09208,19.815857,74.411965,2021-01-05,0.171,Sparse
NDVI09209,19.84059,74.569642,2022-07-26,0.547,Healthy
NDVI09210,19.898343,74.471965,2025-11-14,0.206,Sparse
NDVI09211,19.946661,74.583534,2023-01-07,-0.136,Bare/Water
NDVI09212,19.833191,74.447389,2022-08-01,0.422,Moderate
NDVI09213,19.940362,74.522552,2026-04-02,-0.004,Bare/Water
NDVI09214,19.927506,74.426568,2026-03-27,0.001,Bare/Water
NDVI09215,19.933456,74.447878,2021-05-17,0.198,Sparse
NDVI09216,19.944813,74.515704,2022-01-16,-0.029,Bare/Water
NDVI09217,19.831209,74.546635,2025-04-05,0.266,Sparse
NDVI09218,19.889601,74.551363,2017-06-14,0.358,Moderate
NDVI09219,19.893611,74.389336,2019-02-23,0.104,Sparse
NDVI09220,19.948556,74.358861,2019-12-12,0.183,Sparse
NDVI09221,19.829771,74.383706,2022-08-17,0.801,Very Healthy
NDVI09222,19.937637,74.515953,2026-01-09,0.014,Bare/Water
NDVI09223,19.875434,74.504911,2020-01-17,-0.002,Bare/Water
NDVI09224,19.868192,74.517812,2019-05-30,0.256,Sparse
NDVI09225,19.945177,74.56257,2025-10-28,0.344,Moderate
NDVI09226,19.816587,74.490757,2022-03-06,-0.061,Bare/Water
NDVI09227,19.946293,74.364467,2023-12-06,0.231,Sparse
NDVI09228,19.916371,74.528904,2025-12-18,0.105,Sparse
NDVI09229,19.947655,74.520806,2021-08-03,0.624,Healthy
NDVI09230,19.881104,74.465618,2020-07-18,0.688,Healthy
NDVI09231,19.849563,74.559338,2025-02-11,-0.003,Bare/Water
NDVI09232,19.823345,74.46129,2024-12-10,0.355,Moderate
NDVI09233,19.85342,74.576298,2024-12-17,0.266,Sparse
NDVI09234,19.921228,74.494619,2022-05-30,0.231,Sparse
NDVI09235,19.824439,74.436268,2024-06-29,0.52,Healthy
NDVI09236,19.898362,74.493452,2016-08-21,0.657,Healthy
NDVI09237,19.870995,74.56218,2017-04-23,-0.092,Bare/Water
NDVI09238,19.801556,74.540784,2022-06-14,0.325,Moderate
NDVI09239,19.832837,74.542551,2017-03-29,0.179,Sparse
NDVI09240,19.820837,74.570481,2018-07-21,0.456,Moderate
NDVI09241,19.90455,74.3939,2020-12-04,0.214,Sparse
NDVI09242,19.886073,74.430607,2026-04-02,-0.091,Bare/Water
NDVI09243,19.82085,74.554736,2024-05-29,0.265,Sparse
NDVI09244,19.934072,74.383351,2020-12-26,0.006,Bare/Water
NDVI09245,19.809941,74.480616,2025-08-30,0.45,Moderate
NDVI09246,19.899198,74.374509,2018-04-09,-0.033,Bare/Water
NDVI09247,19.865412,74.507862,2018-01-07,0.102,Sparse
NDVI09248,19.942222,74.474714,2017-02-07,0.038,Bare/Water
NDVI09249,19.818619,74.407419,2022-12-10,0.372,Moderate
NDVI09250,19.920131,74.549647,2024-11-23,0.471,Moderate
NDVI09251,19.808413,74.59365,2019-12-22,0.11,Sparse
NDVI09252,19.918615,74.416814,2022-06-15,0.576,Healthy
NDVI09253,19.851981,74.500304,2026-02-14,-0.099,Bare/Water
NDVI09254,19.923604,74.414006,2018-04-29,0.149,Sparse
NDVI09255,19.830265,74.544052,2021-01-02,0.318,Moderate
NDVI09256,19.839765,74.488381,2022-07-30,0.403,Moderate
NDVI09257,19.817487,74.387006,2023-01-11,-0.09,Bare/Water
NDVI09258,19.807555,74.589071,2016-12-13,0.32,Moderate
NDVI09259,19.817692,74.438829,2025-05-24,0.159,Sparse
NDVI09260,19.935329,74.378852,2024-08-21,0.352,Moderate
NDVI09261,19.882841,74.592078,2019-10-09,0.55,Healthy
NDVI09262,19.839099,74.475635,2017-02-27,0.128,Sparse
NDVI09263,19.843985,74.404611,2021-05-09,0.196,Sparse
NDVI09264,19.882787,74.482694,2016-10-30,0.426,Moderate
NDVI09265,19.918285,74.451682,2019-07-16,0.412,Moderate
NDVI09266,19.818541,74.509153,2017-04-08,0.128,Sparse
NDVI09267,19.926564,74.590307,2022-08-11,0.694,Healthy
NDVI09268,19.875558,74.38359,2019-06-15,0.389,Moderate
NDVI09269,19.875597,74.539913,2019-02-17,0.033,Bare/Water
NDVI09270,19.879863,74.430686,2022-10-21,0.461,Moderate
NDVI09271,19.836096,74.49345,2026-04-18,-0.023,Bare/Water
NDVI09272,19.819846,74.364992,2020-01-09,-0.05,Bare/Water
NDVI09273,19.942895,74.416086,2022-04-09,0.01,Bare/Water
NDVI09274,19.849333,74.371362,2024-10-09,0.515,Healthy
NDVI09275,19.926046,74.351055,2017-11-08,0.527,Healthy
NDVI09276,19.854542,74.381661,2026-03-26,-0.016,Bare/Water
NDVI09277,19.949389,74.560449,2022-07-06,0.372,Moderate
NDVI09278,19.911535,74.362245,2021-08-18,0.857,Very Healthy
NDVI09279,19.832021,74.559926,2020-05-05,0.048,Bare/Water
NDVI09280,19.873389,74.590141,2025-04-28,0.116,Sparse
NDVI09281,19.947352,74.517413,2017-03-01,-0.133,Bare/Water
NDVI09282,19.928839,74.35621,2024-07-25,0.534,Healthy
NDVI09283,19.903117,74.59927,2021-12-05,0.193,Sparse
NDVI09284,19.933141,74.409079,2025-07-08,0.453,Moderate
NDVI09285,19.871457,74.54727,2025-11-06,0.252,Sparse
NDVI09286,19.888228,74.365877,2017-11-07,0.305,Moderate
NDVI09287,19.814978,74.373082,2022-05-11,0.074,Bare/Water
NDVI09288,19.94117,74.488945,2023-09-14,0.464,Moderate
NDVI09289,19.8175,74.36967,2019-02-21,-0.121,Bare/Water
NDVI09290,19.821737,74.434521,2022-05-20,0.116,Sparse
NDVI09291,19.829375,74.373844,2022-03-07,-0.047,Bare/Water
NDVI09292,19.848447,74.461521,2020-06-15,0.554,Healthy
NDVI09293,19.930135,74.513063,2022-10-29,0.422,Moderate
NDVI09294,19.842627,74.39441,2021-12-01,0.199,Sparse
NDVI09295,19.913477,74.530291,2020-09-12,0.486,Moderate
NDVI09296,19.890655,74.372078,2026-03-01,0.001,Bare/Water
NDVI09297,19.838529,74.43502,2017-06-14,0.309,Moderate
NDVI09298,19.920397,74.36786,2022-04-18,0.024,Bare/Water
NDVI09299,19.804061,74.483258,2016-10-06,0.458,Moderate
NDVI09300,19.941057,74.447757,2020-10-17,0.608,Healthy
NDVI09301,19.925638,74.588414,2024-05-04,0.204,Sparse
NDVI09302,19.802916,74.484766,2016-12-25,0.153,Sparse
NDVI09303,19.883507,74.454286,2025-05-07,0.315,Moderate
NDVI09304,19.8955,74.478216,2018-07-24,0.4,Moderate
NDVI09305,19.903379,74.560893,2025-11-11,0.446,Moderate
NDVI09306,19.949118,74.478694,2018-11-20,0.382,Moderate
NDVI09307,19.881177,74.529151,2025-07-27,0.449,Moderate
NDVI09308,19.884715,74.382938,2017-05-27,0.381,Moderate
NDVI09309,19.885754,74.55848,2017-12-18,0.039,Bare/Water
NDVI09310,19.929224,74.427423,2019-05-13,0.137,Sparse
NDVI09311,19.934877,74.482255,2024-11-24,0.27,Sparse
NDVI09312,19.807916,74.530903,2020-08-02,0.654,Healthy
NDVI09313,19.841648,74.360522,2020-04-14,-0.019,Bare/Water
NDVI09314,19.867174,74.410193,2020-04-02,0.011,Bare/Water
NDVI09315,19.878829,74.448942,2018-03-04,-0.019,Bare/Water
NDVI09316,19.835859,74.461519,2017-02-25,0.022,Bare/Water
NDVI09317,19.818101,74.443803,2017-07-09,0.414,Moderate
NDVI09318,19.921855,74.537626,2020-11-12,0.401,Moderate
NDVI09319,19.900622,74.533892,2019-06-20,0.36,Moderate
NDVI09320,19.92494,74.530302,2017-11-01,0.296,Sparse
NDVI09321,19.898377,74.35501,2025-11-16,0.228,Sparse
NDVI09322,19.836994,74.371483,2025-11-19,0.143,Sparse
NDVI09323,19.860455,74.57323,2023-11-01,0.617,Healthy
NDVI09324,19.846388,74.584816,2016-12-28,0.109,Sparse
NDVI09325,19.80174,74.403065,2017-02-24,-0.252,Bare/Water
NDVI09326,19.948623,74.551381,2026-03-02,0.104,Sparse
NDVI09327,19.921736,74.390078,2021-07-01,0.335,Moderate
NDVI09328,19.82724,74.580382,2022-12-10,0.07,Bare/Water
NDVI09329,19.89387,74.544827,2026-04-22,0.124,Sparse
NDVI09330,19.92516,74.584224,2021-06-07,0.316,Moderate
NDVI09331,19.932856,74.462711,2024-10-20,0.364,Moderate
NDVI09332,19.908193,74.476509,2016-11-24,0.159,Sparse
NDVI09333,19.811434,74.496035,2021-08-07,0.468,Moderate
NDVI09334,19.850855,74.372004,2020-01-26,0.066,Bare/Water
NDVI09335,19.928381,74.414887,2023-10-14,0.719,Very Healthy
NDVI09336,19.907481,74.380333,2017-05-27,0.337,Moderate
NDVI09337,19.884642,74.530676,2024-04-15,-0.258,Bare/Water
NDVI09338,19.846305,74.575216,2019-05-20,0.279,Sparse
NDVI09339,19.849802,74.400432,2025-03-29,-0.031,Bare/Water
NDVI09340,19.915323,74.430453,2021-12-06,0.018,Bare/Water
NDVI09341,19.884869,74.501105,2026-02-24,-0.24,Bare/Water
NDVI09342,19.925668,74.40854,2024-08-17,0.509,Healthy
NDVI09343,19.943257,74.463397,2023-12-22,0.078,Bare/Water
NDVI09344,19.880651,74.3641,2024-04-24,0.049,Bare/Water
NDVI09345,19.823206,74.444963,2024-05-11,-0.117,Bare/Water
NDVI09346,19.813741,74.41453,2020-04-30,0.278,Sparse
NDVI09347,19.850119,74.382539,2018-08-27,0.648,Healthy
NDVI09348,19.901827,74.376054,2017-08-17,1.0,Very Healthy
NDVI09349,19.823543,74.46517,2023-11-28,0.565,Healthy
NDVI09350,19.917442,74.390866,2022-09-20,0.513,Healthy
NDVI09351,19.943006,74.471138,2016-12-15,0.15,Sparse
NDVI09352,19.850879,74.577497,2024-09-18,0.699,Healthy
NDVI09353,19.909355,74.537743,2016-08-25,0.52,Healthy
NDVI09354,19.815311,74.57011,2016-08-31,0.784,Very Healthy
NDVI09355,19.927385,74.394185,2020-10-11,0.748,Very Healthy
NDVI09356,19.920687,74.53512,2021-08-06,0.632,Healthy
NDVI09357,19.908544,74.591104,2020-05-13,0.229,Sparse
NDVI09358,19.861162,74.443763,2019-12-16,0.181,Sparse
NDVI09359,19.94254,74.501318,2022-11-12,0.35,Moderate
NDVI09360,19.814363,74.397008,2022-06-30,0.633,Healthy
NDVI09361,19.859732,74.489571,2026-07-09,0.461,Moderate
NDVI09362,19.911913,74.507376,2020-06-30,0.569,Healthy
NDVI09363,19.915815,74.466285,2018-09-03,0.607,Healthy
NDVI09364,19.853732,74.414778,2023-09-08,0.572,Healthy
NDVI09365,19.800917,74.417889,2021-10-28,0.464,Moderate
NDVI09366,19.917262,74.504185,2025-01-20,-0.062,Bare/Water
NDVI09367,19.803313,74.508773,2020-08-17,0.539,Healthy
NDVI09368,19.827423,74.41249,2020-12-16,-0.085,Bare/Water
NDVI09369,19.892724,74.463934,2018-04-16,0.128,Sparse
NDVI09370,19.937833,74.39012,2021-06-26,0.179,Sparse
NDVI09371,19.922607,74.405686,2018-11-07,0.438,Moderate
NDVI09372,19.801531,74.392645,2018-09-19,0.712,Very Healthy
NDVI09373,19.939314,74.403675,2024-01-04,0.011,Bare/Water
NDVI09374,19.810918,74.536969,2017-01-07,-0.028,Bare/Water
NDVI09375,19.803819,74.544414,2026-03-22,-0.109,Bare/Water
NDVI09376,19.903864,74.405064,2019-11-05,0.534,Healthy
NDVI09377,19.920425,74.414024,2024-05-09,0.336,Moderate
NDVI09378,19.905176,74.510987,2025-07-13,0.503,Healthy
NDVI09379,19.867655,74.515815,2024-12-28,0.229,Sparse
NDVI09380,19.845472,74.564058,2017-06-14,0.445,Moderate
NDVI09381,19.866982,74.579823,2024-01-21,-0.144,Bare/Water
NDVI09382,19.854674,74.524764,2019-12-17,0.091,Bare/Water
NDVI09383,19.82674,74.390188,2020-12-02,0.21,Sparse
NDVI09384,19.86444,74.582622,2024-12-29,-0.0,Bare/Water
NDVI09385,19.915792,74.541662,2024-09-11,0.357,Moderate
NDVI09386,19.883599,74.414616,2024-09-15,0.745,Very Healthy
NDVI09387,19.826172,74.551934,2020-11-22,0.367,Moderate
NDVI09388,19.871149,74.412331,2025-04-01,-0.056,Bare/Water
NDVI09389,19.939475,74.484843,2024-11-06,0.364,Moderate
NDVI09390,19.824735,74.48562,2021-03-26,-0.022,Bare/Water
NDVI09391,19.94257,74.484667,2023-10-26,0.391,Moderate
NDVI09392,19.944691,74.373179,2018-07-24,0.714,Very Healthy
NDVI09393,19.941524,74.351729,2022-09-18,0.621,Healthy
NDVI09394,19.841294,74.45349,2021-07-25,0.496,Moderate
NDVI09395,19.931168,74.455736,2020-09-22,0.633,Healthy
NDVI09396,19.83388,74.466857,2017-11-17,0.238,Sparse
NDVI09397,19.869456,74.437272,2022-05-04,0.146,Sparse
NDVI09398,19.883865,74.508262,2017-04-06,0.023,Bare/Water
NDVI09399,19.908492,74.51809,2016-09-21,0.486,Moderate
NDVI09400,19.863557,74.585459,2021-03-17,-0.14,Bare/Water
NDVI09401,19.944087,74.560113,2016-08-11,0.501,Healthy
NDVI09402,19.844792,74.548506,2017-05-31,0.285,Sparse
NDVI09403,19.876988,74.380399,2026-04-01,-0.204,Bare/Water
NDVI09404,19.809761,74.416943,2017-12-16,0.116,Sparse
NDVI09405,19.916762,74.467729,2016-12-26,0.222,Sparse
NDVI09406,19.927685,74.452436,2017-06-24,0.392,Moderate
NDVI09407,19.861525,74.488034,2017-01-04,0.269,Sparse
NDVI09408,19.904307,74.378657,2022-08-16,0.596,Healthy
NDVI09409,19.924636,74.544772,2018-11-07,0.461,Moderate
NDVI09410,19.944047,74.424328,2017-02-05,-0.13,Bare/Water
NDVI09411,19.940519,74.596341,2026-03-02,-0.031,Bare/Water
NDVI09412,19.888999,74.401685,2023-07-19,0.657,Healthy
NDVI09413,19.828851,74.58022,2019-05-24,0.355,Moderate
NDVI09414,19.816284,74.597285,2020-06-25,0.488,Moderate
NDVI09415,19.910367,74.435855,2016-12-26,0.091,Bare/Water
NDVI09416,19.898173,74.418601,2020-06-03,0.258,Sparse
NDVI09417,19.929064,74.491194,2021-08-03,0.324,Moderate
NDVI09418,19.896415,74.414713,2026-07-20,0.448,Moderate
NDVI09419,19.82568,74.562617,2016-08-17,0.368,Moderate
NDVI09420,19.868685,74.400239,2019-01-28,0.061,Bare/Water
NDVI09421,19.817943,74.558331,2024-11-17,0.167,Sparse
NDVI09422,19.868751,74.382337,2022-11-17,0.295,Sparse
NDVI09423,19.869057,74.479288,2025-12-25,0.166,Sparse
NDVI09424,19.914388,74.510295,2017-06-18,0.337,Moderate
NDVI09425,19.947226,74.520556,2024-01-27,-0.049,Bare/Water
NDVI09426,19.923708,74.537073,2022-07-22,0.722,Very Healthy
NDVI09427,19.943675,74.385852,2026-03-19,-0.127,Bare/Water
NDVI09428,19.904564,74.413581,2021-06-18,0.364,Moderate
NDVI09429,19.853273,74.441213,2017-12-02,0.209,Sparse
NDVI09430,19.875246,74.480116,2023-06-10,0.401,Moderate
NDVI09431,19.924068,74.579749,2020-03-29,0.065,Bare/Water
NDVI09432,19.947813,74.466328,2019-02-17,-0.238,Bare/Water
NDVI09433,19.885039,74.561159,2021-01-13,0.124,Sparse
NDVI09434,19.920402,74.454799,2019-06-10,0.057,Bare/Water
NDVI09435,19.868827,74.434755,2020-11-26,0.215,Sparse
NDVI09436,19.84914,74.531792,2024-12-06,0.166,Sparse
NDVI09437,19.816696,74.350686,2022-05-16,0.054,Bare/Water
NDVI09438,19.888187,74.433489,2018-04-10,-0.209,Bare/Water
NDVI09439,19.906102,74.430365,2019-05-11,0.149,Sparse
NDVI09440,19.935835,74.492297,2024-10-09,0.41,Moderate
NDVI09441,19.903047,74.5041,2025-11-15,0.232,Sparse
NDVI09442,19.904013,74.524374,2017-07-06,0.57,Healthy
NDVI09443,19.861748,74.468416,2023-09-01,0.835,Very Healthy
NDVI09444,19.897203,74.550571,2022-10-29,0.385,Moderate
NDVI09445,19.87981,74.542191,2025-04-23,0.125,Sparse
NDVI09446,19.801985,74.593488,2017-10-06,0.637,Healthy
NDVI09447,19.945706,74.401945,2019-07-01,0.113,Sparse
NDVI09448,19.815927,74.585924,2020-04-15,-0.139,Bare/Water
NDVI09449,19.877495,74.505424,2020-07-27,0.331,Moderate
NDVI09450,19.903035,74.562598,2022-01-03,0.003,Bare/Water
NDVI09451,19.898378,74.517282,2021-03-22,-0.193,Bare/Water
NDVI09452,19.846081,74.405352,2018-02-25,-0.319,Bare/Water
NDVI09453,19.82908,74.419229,2021-09-18,0.594,Healthy
NDVI09454,19.90479,74.378508,2024-03-04,-0.116,Bare/Water
NDVI09455,19.914055,74.528713,2019-01-21,-0.029,Bare/Water
NDVI09456,19.900238,74.520091,2022-06-20,0.288,Sparse
NDVI09457,19.827989,74.488114,2020-07-28,0.535,Healthy
NDVI09458,19.936539,74.509902,2022-12-30,0.067,Bare/Water
NDVI09459,19.941882,74.575926,2024-07-10,0.403,Moderate
NDVI09460,19.857108,74.465265,2016-11-05,0.407,Moderate
NDVI09461,19.876978,74.376095,2019-07-21,0.4,Moderate
NDVI09462,19.862735,74.479924,2023-05-23,0.194,Sparse
NDVI09463,19.922814,74.511725,2019-08-23,0.638,Healthy
NDVI09464,19.939774,74.519217,2021-06-07,0.18,Sparse
NDVI09465,19.866489,74.587638,2021-03-17,-0.115,Bare/Water
NDVI09466,19.846083,74.574709,2020-08-30,0.552,Healthy
NDVI09467,19.928642,74.364526,2019-07-30,0.648,Healthy
NDVI09468,19.905292,74.479022,2023-07-23,0.736,Very Healthy
NDVI09469,19.841637,74.459193,2024-02-20,0.058,Bare/Water
NDVI09470,19.844828,74.539338,2018-04-11,-0.068,Bare/Water
NDVI09471,19.801768,74.378388,2017-12-11,0.271,Sparse
NDVI09472,19.931608,74.488495,2020-02-16,-0.297,Bare/Water
NDVI09473,19.835376,74.399348,2023-09-03,0.536,Healthy
NDVI09474,19.80489,74.497545,2022-09-30,0.486,Moderate
NDVI09475,19.813006,74.561373,2021-06-14,0.327,Moderate
NDVI09476,19.93146,74.554655,2024-06-02,0.224,Sparse
NDVI09477,19.910881,74.470948,2020-01-30,-0.148,Bare/Water
NDVI09478,19.933976,74.376588,2018-09-20,0.634,Healthy
NDVI09479,19.94416,74.384141,2017-04-01,-0.171,Bare/Water
NDVI09480,19.853528,74.508011,2021-06-27,0.418,Moderate
NDVI09481,19.938101,74.480922,2025-10-16,0.42,Moderate
NDVI09482,19.89233,74.574941,2026-03-09,-0.123,Bare/Water
NDVI09483,19.843442,74.554367,2021-05-04,0.018,Bare/Water
NDVI09484,19.897158,74.439232,2016-12-10,0.01,Bare/Water
NDVI09485,19.83224,74.501023,2025-04-01,0.063,Bare/Water
NDVI09486,19.814204,74.514963,2016-09-19,0.666,Healthy
NDVI09487,19.892807,74.558164,2020-01-15,-0.31,Bare/Water
NDVI09488,19.905063,74.419317,2026-04-25,-0.241,Bare/Water
NDVI09489,19.853333,74.36149,2018-10-10,0.513,Healthy
NDVI09490,19.882564,74.564293,2021-02-19,-0.022,Bare/Water
NDVI09491,19.939585,74.39797,2018-11-14,-0.007,Bare/Water
NDVI09492,19.801749,74.543416,2021-03-05,-0.131,Bare/Water
NDVI09493,19.94666,74.570438,2026-01-23,-0.156,Bare/Water
NDVI09494,19.805171,74.418392,2016-09-17,0.497,Moderate
NDVI09495,19.847485,74.49872,2025-06-12,0.501,Healthy
NDVI09496,19.862807,74.44942,2019-07-03,0.348,Moderate
NDVI09497,19.909565,74.360389,2020-01-18,-0.209,Bare/Water
NDVI09498,19.879225,74.418932,2021-10-10,0.587,Healthy
NDVI09499,19.939977,74.495992,2026-07-05,0.477,Moderate
NDVI09500,19.876198,74.437013,2017-05-06,0.064,Bare/Water
NDVI09501,19.827496,74.511807,2018-11-02,0.666,Healthy
NDVI09502,19.901889,74.36489,2025-05-17,0.184,Sparse
NDVI09503,19.838765,74.510028,2021-07-22,0.175,Sparse
NDVI09504,19.933463,74.593828,2019-06-28,0.221,Sparse
NDVI09505,19.855551,74.545411,2019-08-01,0.468,Moderate
NDVI09506,19.914282,74.550817,2021-06-16,0.56,Healthy
NDVI09507,19.824461,74.554187,2021-12-29,-0.01,Bare/Water
NDVI09508,19.924302,74.543612,2025-07-23,0.726,Very Healthy
NDVI09509,19.829801,74.599046,2025-09-23,0.717,Very Healthy
NDVI09510,19.901579,74.474204,2019-06-14,0.312,Moderate
NDVI09511,19.800451,74.561115,2018-04-05,0.049,Bare/Water
NDVI09512,19.857369,74.363174,2024-02-07,-0.112,Bare/Water
NDVI09513,19.90959,74.354621,2024-03-10,-0.186,Bare/Water
NDVI09514,19.810559,74.518113,2023-11-25,0.365,Moderate
NDVI09515,19.89878,74.470657,2018-05-19,0.321,Moderate
NDVI09516,19.949306,74.451085,2019-05-23,0.438,Moderate
NDVI09517,19.820456,74.535692,2020-03-18,0.013,Bare/Water
NDVI09518,19.941767,74.449617,2021-03-31,-0.012,Bare/Water
NDVI09519,19.814056,74.581248,2016-08-04,0.664,Healthy
NDVI09520,19.944385,74.557548,2018-05-23,0.222,Sparse
NDVI09521,19.916423,74.461071,2018-05-21,0.193,Sparse
NDVI09522,19.902501,74.43235,2019-07-19,0.413,Moderate
NDVI09523,19.893512,74.55091,2021-11-07,0.301,Moderate
NDVI09524,19.814911,74.374786,2026-06-23,0.293,Sparse
NDVI09525,19.850327,74.36374,2026-03-20,0.078,Bare/Water
NDVI09526,19.915599,74.394577,2019-07-10,0.543,Healthy
NDVI09527,19.941973,74.421511,2021-01-08,0.007,Bare/Water
NDVI09528,19.899467,74.555727,2022-08-30,0.62,Healthy
NDVI09529,19.92068,74.574545,2018-08-25,0.838,Very Healthy
NDVI09530,19.945588,74.46743,2019-12-30,-0.104,Bare/Water
NDVI09531,19.915161,74.544308,2024-06-28,0.644,Healthy
NDVI09532,19.848607,74.369892,2022-06-12,0.274,Sparse
NDVI09533,19.8642,74.423637,2016-11-14,0.255,Sparse
NDVI09534,19.919074,74.422408,2024-08-04,0.62,Healthy
NDVI09535,19.854195,74.529119,2016-09-17,0.607,Healthy
NDVI09536,19.947457,74.468256,2016-11-22,0.334,Moderate
NDVI09537,19.941856,74.397409,2018-04-27,0.03,Bare/Water
NDVI09538,19.836188,74.483747,2025-11-15,0.14,Sparse
NDVI09539,19.9192,74.585212,2023-04-17,0.159,Sparse
NDVI09540,19.926554,74.532229,2019-11-15,0.185,Sparse
NDVI09541,19.915189,74.59516,2020-12-02,0.265,Sparse
NDVI09542,19.806682,74.575177,2022-05-30,0.073,Bare/Water
NDVI09543,19.885784,74.486579,2025-10-13,0.659,Healthy
NDVI09544,19.801732,74.421854,2021-04-21,-0.044,Bare/Water
NDVI09545,19.852541,74.549495,2019-11-26,0.275,Sparse
NDVI09546,19.815286,74.560067,2020-02-26,-0.144,Bare/Water
NDVI09547,19.806027,74.431214,2024-07-01,0.597,Healthy
NDVI09548,19.853185,74.540083,2020-06-01,0.392,Moderate
NDVI09549,19.878202,74.356043,2019-07-25,0.537,Healthy
NDVI09550,19.866562,74.377876,2023-07-03,0.586,Healthy
NDVI09551,19.903223,74.474372,2020-09-30,0.328,Moderate
NDVI09552,19.8522,74.475892,2019-10-01,0.667,Healthy
NDVI09553,19.944961,74.502954,2024-01-03,0.172,Sparse
NDVI09554,19.921127,74.579689,2025-11-02,0.364,Moderate
NDVI09555,19.828415,74.36182,2026-04-05,0.052,Bare/Water
NDVI09556,19.896983,74.575035,2022-09-02,0.688,Healthy
NDVI09557,19.876353,74.353235,2020-01-04,-0.062,Bare/Water
NDVI09558,19.909727,74.406204,2025-02-16,0.014,Bare/Water
NDVI09559,19.84855,74.568289,2024-01-27,-0.21,Bare/Water
NDVI09560,19.808101,74.404257,2021-08-31,0.503,Healthy
NDVI09561,19.857706,74.579844,2019-10-15,0.492,Moderate
NDVI09562,19.883217,74.449015,2024-09-14,0.602,Healthy
NDVI09563,19.916954,74.412524,2019-03-08,-0.097,Bare/Water
NDVI09564,19.863786,74.384139,2023-08-15,0.71,Very Healthy
NDVI09565,19.948488,74.515055,2018-10-07,0.372,Moderate
NDVI09566,19.891805,74.574401,2026-04-06,-0.025,Bare/Water
NDVI09567,19.856622,74.423379,2023-12-14,0.104,Sparse
NDVI09568,19.903897,74.554225,2018-05-15,0.155,Sparse
NDVI09569,19.921522,74.561653,2021-01-02,0.165,Sparse
NDVI09570,19.829626,74.512682,2019-07-03,0.688,Healthy
NDVI09571,19.867848,74.470477,2018-04-13,0.036,Bare/Water
NDVI09572,19.839478,74.516063,2022-08-26,0.538,Healthy
NDVI09573,19.947942,74.42197,2017-06-09,0.319,Moderate
NDVI09574,19.87985,74.431054,2018-01-21,0.17,Sparse
NDVI09575,19.90836,74.457976,2021-05-10,-0.046,Bare/Water
NDVI09576,19.891005,74.42653,2025-05-05,0.238,Sparse
NDVI09577,19.885981,74.409493,2018-08-08,0.556,Healthy
NDVI09578,19.834811,74.37255,2019-05-02,-0.104,Bare/Water
NDVI09579,19.891484,74.441502,2019-06-02,0.223,Sparse
NDVI09580,19.857718,74.547304,2018-12-02,0.411,Moderate
NDVI09581,19.943854,74.457318,2017-04-22,0.059,Bare/Water
NDVI09582,19.928611,74.446207,2021-05-23,0.431,Moderate
NDVI09583,19.946886,74.466604,2022-06-23,0.673,Healthy
NDVI09584,19.890139,74.465588,2023-12-20,0.257,Sparse
NDVI09585,19.906605,74.431842,2025-12-13,0.17,Sparse
NDVI09586,19.82081,74.577878,2020-09-11,0.515,Healthy
NDVI09587,19.942288,74.387645,2017-02-15,-0.242,Bare/Water
NDVI09588,19.888746,74.353855,2022-04-07,-0.048,Bare/Water
NDVI09589,19.9015,74.524239,2025-08-14,0.622,Healthy
NDVI09590,19.850569,74.566034,2019-11-17,0.32,Moderate
NDVI09591,19.865356,74.483422,2017-02-21,0.203,Sparse
NDVI09592,19.908851,74.549791,2024-08-10,0.642,Healthy
NDVI09593,19.803999,74.418518,2018-06-02,0.226,Sparse
NDVI09594,19.851277,74.587292,2022-03-13,0.029,Bare/Water
NDVI09595,19.911382,74.505346,2020-03-28,0.031,Bare/Water
NDVI09596,19.927451,74.441417,2016-08-11,0.483,Moderate
NDVI09597,19.800482,74.51296,2017-11-13,0.215,Sparse
NDVI09598,19.866441,74.472029,2020-05-30,0.318,Moderate
NDVI09599,19.85032,74.461278,2024-04-01,0.05,Bare/Water
NDVI09600,19.933419,74.549989,2016-10-30,0.434,Moderate
NDVI09601,19.819512,74.461881,2026-04-09,0.078,Bare/Water
NDVI09602,19.852562,74.422968,2016-10-25,0.237,Sparse
NDVI09603,19.942136,74.500477,2020-05-02,0.188,Sparse
NDVI09604,19.948042,74.464019,2023-01-15,-0.073,Bare/Water
NDVI09605,19.910461,74.528977,2026-07-13,0.566,Healthy
NDVI09606,19.881474,74.538456,2016-09-11,0.504,Healthy
NDVI09607,19.806841,74.566963,2020-07-10,0.509,Healthy
NDVI09608,19.888334,74.57436,2018-01-07,-0.123,Bare/Water
NDVI09609,19.843198,74.515423,2022-09-29,0.849,Very Healthy
NDVI09610,19.824699,74.485227,2026-07-30,0.384,Moderate
NDVI09611,19.925016,74.594279,2022-12-29,-0.047,Bare/Water
NDVI09612,19.928199,74.371332,2020-01-10,0.116,Sparse
NDVI09613,19.92161,74.525,2023-09-29,0.439,Moderate
NDVI09614,19.805393,74.564141,2020-07-08,0.33,Moderate
NDVI09615,19.813003,74.41631,2022-07-19,0.668,Healthy
NDVI09616,19.904719,74.391182,2018-08-18,0.558,Healthy
NDVI09617,19.931877,74.573205,2016-11-14,0.241,Sparse
NDVI09618,19.854076,74.488157,2023-10-04,0.514,Healthy
NDVI09619,19.898201,74.472707,2021-05-20,0.025,Bare/Water
NDVI09620,19.898191,74.437835,2021-08-09,0.451,Moderate
NDVI09621,19.911706,74.51907,2019-05-01,0.058,Bare/Water
NDVI09622,19.939175,74.449838,2016-11-22,0.26,Sparse
NDVI09623,19.892519,74.598859,2017-12-27,0.159,Sparse
NDVI09624,19.800743,74.396763,2019-11-08,0.365,Moderate
NDVI09625,19.939615,74.517126,2020-05-29,0.27,Sparse
NDVI09626,19.838405,74.499516,2019-06-11,0.126,Sparse
NDVI09627,19.86702,74.410669,2025-05-16,0.347,Moderate
NDVI09628,19.837734,74.506204,2023-07-22,0.544,Healthy
NDVI09629,19.889189,74.490634,2024-07-26,0.401,Moderate
NDVI09630,19.833304,74.589225,2018-11-29,0.262,Sparse
NDVI09631,19.811768,74.477088,2020-01-20,-0.051,Bare/Water
NDVI09632,19.889872,74.480071,2026-07-15,0.454,Moderate
NDVI09633,19.816589,74.452098,2026-07-05,0.451,Moderate
NDVI09634,19.853031,74.545703,2016-10-28,0.375,Moderate
NDVI09635,19.916859,74.398896,2025-11-20,0.209,Sparse
NDVI09636,19.832157,74.53346,2025-01-26,-0.045,Bare/Water
NDVI09637,19.939444,74.594512,2016-12-28,0.207,Sparse
NDVI09638,19.939089,74.597133,2022-09-28,0.396,Moderate
NDVI09639,19.909851,74.401361,2026-06-28,0.395,Moderate
NDVI09640,19.947104,74.595467,2018-07-29,0.647,Healthy
NDVI09641,19.810238,74.361336,2020-08-23,0.494,Moderate
NDVI09642,19.927685,74.531218,2018-12-31,-0.034,Bare/Water
NDVI09643,19.935069,74.402805,2018-07-03,0.426,Moderate
NDVI09644,19.828508,74.535559,2023-03-27,-0.113,Bare/Water
NDVI09645,19.914916,74.52958,2024-06-04,0.172,Sparse
NDVI09646,19.831642,74.590739,2017-11-08,0.37,Moderate
NDVI09647,19.812591,74.568197,2020-03-27,-0.185,Bare/Water
NDVI09648,19.884408,74.471848,2025-02-02,0.084,Bare/Water
NDVI09649,19.852194,74.463047,2021-07-11,0.584,Healthy
NDVI09650,19.846938,74.404431,2021-05-11,0.146,Sparse
NDVI09651,19.86959,74.531357,2021-09-22,0.414,Moderate
NDVI09652,19.846475,74.580874,2017-03-15,-0.189,Bare/Water
NDVI09653,19.827349,74.599841,2018-03-11,-0.056,Bare/Water
NDVI09654,19.893072,74.540375,2020-09-04,0.813,Very Healthy
NDVI09655,19.869542,74.574358,2023-05-18,0.205,Sparse
NDVI09656,19.916221,74.415959,2026-02-26,-0.248,Bare/Water
NDVI09657,19.84926,74.559804,2017-11-19,0.148,Sparse
NDVI09658,19.832772,74.539924,2017-06-28,0.407,Moderate
NDVI09659,19.827934,74.537911,2018-06-16,0.445,Moderate
NDVI09660,19.871349,74.439262,2019-08-04,0.682,Healthy
NDVI09661,19.89492,74.555516,2017-04-06,0.182,Sparse
NDVI09662,19.854667,74.551183,2023-07-17,0.614,Healthy
NDVI09663,19.91157,74.597951,2018-11-16,0.293,Sparse
NDVI09664,19.939672,74.481488,2017-10-22,0.443,Moderate
NDVI09665,19.834907,74.486939,2020-02-08,-0.074,Bare/Water
NDVI09666,19.886375,74.592703,2018-04-10,-0.247,Bare/Water
NDVI09667,19.878747,74.398581,2022-04-29,0.05,Bare/Water
NDVI09668,19.829646,74.395468,2022-01-02,0.299,Sparse
NDVI09669,19.863169,74.412012,2016-08-22,0.607,Healthy
NDVI09670,19.932578,74.385075,2024-05-13,0.228,Sparse
NDVI09671,19.931547,74.545384,2026-05-22,0.427,Moderate
NDVI09672,19.836756,74.593835,2018-04-12,0.039,Bare/Water
NDVI09673,19.868537,74.535784,2018-04-13,-0.039,Bare/Water
NDVI09674,19.883666,74.39604,2023-09-05,0.684,Healthy
NDVI09675,19.949641,74.421696,2020-12-27,-0.037,Bare/Water
NDVI09676,19.880876,74.547573,2026-03-01,-0.077,Bare/Water
NDVI09677,19.866148,74.553009,2026-05-10,0.049,Bare/Water
NDVI09678,19.895969,74.465567,2020-02-20,0.006,Bare/Water
NDVI09679,19.932888,74.502446,2020-10-10,0.718,Very Healthy
NDVI09680,19.864714,74.588468,2019-11-20,0.555,Healthy
NDVI09681,19.863261,74.460029,2019-03-11,-0.092,Bare/Water
NDVI09682,19.811109,74.439905,2020-12-10,0.146,Sparse
NDVI09683,19.924738,74.427965,2021-03-06,-0.116,Bare/Water
NDVI09684,19.938127,74.35745,2017-07-25,0.469,Moderate
NDVI09685,19.912426,74.353152,2026-01-13,-0.027,Bare/Water
NDVI09686,19.90433,74.364359,2019-02-06,0.072,Bare/Water
NDVI09687,19.826112,74.48526,2016-09-07,0.6,Healthy
NDVI09688,19.90607,74.560204,2016-11-16,0.187,Sparse
NDVI09689,19.845998,74.443547,2022-06-02,0.453,Moderate
NDVI09690,19.838575,74.357562,2017-04-17,-0.039,Bare/Water
NDVI09691,19.843133,74.575512,2024-04-20,-0.073,Bare/Water
NDVI09692,19.89593,74.378708,2026-01-28,-0.168,Bare/Water
NDVI09693,19.9225,74.593323,2024-01-22,0.099,Bare/Water
NDVI09694,19.883549,74.423407,2018-04-12,0.115,Sparse
NDVI09695,19.873979,74.590467,2020-05-16,0.259,Sparse
NDVI09696,19.816602,74.496892,2025-05-01,0.054,Bare/Water
NDVI09697,19.816599,74.553908,2019-12-20,0.05,Bare/Water
NDVI09698,19.815656,74.383117,2026-03-01,-0.106,Bare/Water
NDVI09699,19.854145,74.355346,2025-08-25,0.699,Healthy
NDVI09700,19.817314,74.384381,2023-09-28,0.513,Healthy
NDVI09701,19.844353,74.46629,2025-10-22,0.459,Moderate
NDVI09702,19.839137,74.426123,2017-03-28,-0.122,Bare/Water
NDVI09703,19.888469,74.351688,2017-12-23,-0.179,Bare/Water
NDVI09704,19.837195,74.454253,2021-11-29,0.184,Sparse
NDVI09705,19.897126,74.353995,2026-06-24,0.421,Moderate
NDVI09706,19.810636,74.395333,2018-01-07,0.291,Sparse
NDVI09707,19.899144,74.406168,2018-04-12,0.141,Sparse
NDVI09708,19.841159,74.57055,2025-05-12,0.126,Sparse
NDVI09709,19.949517,74.378554,2024-11-22,0.296,Sparse
NDVI09710,19.836668,74.487208,2023-01-25,0.095,Bare/Water
NDVI09711,19.922046,74.406206,2021-02-16,-0.119,Bare/Water
NDVI09712,19.875509,74.418995,2019-12-15,0.057,Bare/Water
NDVI09713,19.843284,74.527159,2022-10-23,0.404,Moderate
NDVI09714,19.803077,74.563698,2022-09-19,0.747,Very Healthy
NDVI09715,19.91088,74.44254,2020-12-14,0.249,Sparse
NDVI09716,19.830124,74.474676,2025-10-29,0.388,Moderate
NDVI09717,19.839227,74.462429,2022-02-22,-0.17,Bare/Water
NDVI09718,19.892994,74.484306,2017-08-04,0.459,Moderate
NDVI09719,19.944406,74.485839,2022-10-24,0.384,Moderate
NDVI09720,19.894464,74.458595,2021-03-03,0.025,Bare/Water
NDVI09721,19.820677,74.487022,2022-03-02,0.004,Bare/Water
NDVI09722,19.849207,74.437818,2019-11-29,0.219,Sparse
NDVI09723,19.886578,74.356137,2017-05-01,0.075,Bare/Water
NDVI09724,19.872548,74.514653,2023-12-24,0.3,Moderate
NDVI09725,19.875512,74.549054,2022-09-17,0.545,Healthy
NDVI09726,19.912031,74.515753,2017-06-21,0.16,Sparse
NDVI09727,19.883302,74.592986,2024-11-10,0.395,Moderate
NDVI09728,19.850302,74.405743,2016-09-23,0.541,Healthy
NDVI09729,19.867342,74.579654,2019-08-25,0.395,Moderate
NDVI09730,19.873889,74.56549,2016-11-16,0.409,Moderate
NDVI09731,19.907694,74.447732,2024-08-16,0.801,Very Healthy
NDVI09732,19.879333,74.420171,2017-08-04,0.566,Healthy
NDVI09733,19.873588,74.433417,2025-04-29,0.275,Sparse
NDVI09734,19.817003,74.362618,2019-04-18,0.137,Sparse
NDVI09735,19.807122,74.557942,2024-04-15,-0.071,Bare/Water
NDVI09736,19.949298,74.556118,2025-10-24,0.624,Healthy
NDVI09737,19.834107,74.407948,2023-08-20,0.679,Healthy
NDVI09738,19.83059,74.373286,2024-06-25,0.382,Moderate
NDVI09739,19.94463,74.498939,2022-11-26,0.413,Moderate
NDVI09740,19.922732,74.416543,2024-12-17,0.044,Bare/Water
NDVI09741,19.879397,74.394212,2023-07-13,0.518,Healthy
NDVI09742,19.818043,74.504609,2021-08-29,0.568,Healthy
NDVI09743,19.890768,74.519229,2026-02-14,-0.071,Bare/Water
NDVI09744,19.913328,74.364915,2019-11-06,0.417,Moderate
NDVI09745,19.839573,74.374669,2017-11-01,0.495,Moderate
NDVI09746,19.846572,74.417467,2017-06-20,0.32,Moderate
NDVI09747,19.837528,74.491537,2022-06-17,0.401,Moderate
NDVI09748,19.879531,74.386781,2017-05-27,0.135,Sparse
NDVI09749,19.91408,74.509743,2025-06-20,0.283,Sparse
NDVI09750,19.904331,74.592575,2021-10-03,0.529,Healthy
NDVI09751,19.931936,74.485646,2019-10-19,0.466,Moderate
NDVI09752,19.852321,74.449802,2018-01-12,-0.018,Bare/Water
NDVI09753,19.871233,74.555371,2018-01-19,0.037,Bare/Water
NDVI09754,19.893469,74.539292,2022-04-22,0.063,Bare/Water
NDVI09755,19.875661,74.38312,2021-01-29,0.057,Bare/Water
NDVI09756,19.880811,74.550004,2025-09-19,0.458,Moderate
NDVI09757,19.923108,74.531253,2022-05-14,0.26,Sparse
NDVI09758,19.832934,74.37343,2017-09-19,0.724,Very Healthy
NDVI09759,19.865383,74.388029,2021-12-31,0.022,Bare/Water
NDVI09760,19.93999,74.490803,2018-11-18,0.334,Moderate
NDVI09761,19.94531,74.506228,2018-07-02,0.37,Moderate
NDVI09762,19.911291,74.598281,2023-04-19,-0.236,Bare/Water
NDVI09763,19.820148,74.564618,2025-02-06,-0.115,Bare/Water
NDVI09764,19.917001,74.402495,2025-11-23,0.424,Moderate
NDVI09765,19.901763,74.573579,2016-12-06,0.287,Sparse
NDVI09766,19.819968,74.36774,2017-07-12,0.397,Moderate
NDVI09767,19.916954,74.583863,2018-11-07,0.218,Sparse
NDVI09768,19.924212,74.5282,2022-12-12,0.07,Bare/Water
NDVI09769,19.838419,74.469867,2022-05-24,0.126,Sparse
NDVI09770,19.919304,74.365973,2017-07-23,0.525,Healthy
NDVI09771,19.935564,74.430354,2021-06-29,0.272,Sparse
NDVI09772,19.89613,74.593188,2023-08-15,0.666,Healthy
NDVI09773,19.892137,74.442405,2025-06-26,0.343,Moderate
NDVI09774,19.864335,74.462601,2020-07-02,0.543,Healthy
NDVI09775,19.926261,74.474772,2025-02-10,0.06,Bare/Water
NDVI09776,19.918213,74.361594,2024-04-29,0.051,Bare/Water
NDVI09777,19.855697,74.491044,2021-03-04,-0.055,Bare/Water
NDVI09778,19.841775,74.405729,2018-01-10,0.053,Bare/Water
NDVI09779,19.854689,74.518983,2018-06-28,0.184,Sparse
NDVI09780,19.914275,74.488266,2017-02-28,0.017,Bare/Water
NDVI09781,19.849933,74.398964,2019-04-15,0.16,Sparse
NDVI09782,19.859798,74.557932,2021-01-16,-0.142,Bare/Water
NDVI09783,19.891978,74.371835,2020-10-25,0.666,Healthy
NDVI09784,19.933912,74.411239,2023-11-30,0.318,Moderate
NDVI09785,19.949711,74.426328,2017-12-06,0.326,Moderate
NDVI09786,19.877581,74.516319,2022-09-03,0.663,Healthy
NDVI09787,19.945612,74.553896,2021-09-29,0.516,Healthy
NDVI09788,19.880133,74.527416,2018-10-29,0.472,Moderate
NDVI09789,19.917677,74.493173,2017-02-01,-0.046,Bare/Water
NDVI09790,19.870652,74.427954,2021-12-11,-0.057,Bare/Water
NDVI09791,19.87112,74.469625,2019-11-23,0.318,Moderate
NDVI09792,19.800211,74.488519,2025-02-22,-0.13,Bare/Water
NDVI09793,19.932178,74.384427,2016-08-18,0.545,Healthy
NDVI09794,19.83444,74.447504,2019-07-19,0.376,Moderate
NDVI09795,19.829925,74.588118,2017-05-23,0.216,Sparse
NDVI09796,19.805359,74.365587,2018-10-23,0.422,Moderate
NDVI09797,19.827488,74.520978,2020-05-22,0.204,Sparse
NDVI09798,19.906455,74.428723,2017-05-13,0.215,Sparse
NDVI09799,19.902601,74.358282,2017-10-21,0.475,Moderate
NDVI09800,19.84729,74.369848,2020-01-28,0.008,Bare/Water
NDVI09801,19.867103,74.381907,2018-03-16,-0.149,Bare/Water
NDVI09802,19.838587,74.461405,2022-04-02,-0.054,Bare/Water
NDVI09803,19.901718,74.588654,2019-01-03,0.025,Bare/Water
NDVI09804,19.800678,74.464171,2022-01-27,-0.362,Bare/Water
NDVI09805,19.947984,74.548899,2021-01-10,-0.11,Bare/Water
NDVI09806,19.946355,74.387154,2022-05-14,0.007,Bare/Water
NDVI09807,19.865025,74.592582,2018-03-04,-0.121,Bare/Water
NDVI09808,19.855828,74.452446,2019-09-18,0.416,Moderate
NDVI09809,19.873463,74.350586,2022-11-01,0.54,Healthy
NDVI09810,19.945882,74.350275,2021-04-22,0.025,Bare/Water
NDVI09811,19.842226,74.578518,2018-03-21,-0.159,Bare/Water
NDVI09812,19.897581,74.423647,2021-12-24,0.271,Sparse
NDVI09813,19.832701,74.508115,2021-11-15,0.49,Moderate
NDVI09814,19.945828,74.525581,2018-12-21,0.218,Sparse
NDVI09815,19.884349,74.543077,2018-02-09,-0.17,Bare/Water
NDVI09816,19.887644,74.56702,2016-09-02,0.581,Healthy
NDVI09817,19.934546,74.498872,2024-08-27,0.382,Moderate
NDVI09818,19.820493,74.376775,2020-09-01,0.813,Very Healthy
NDVI09819,19.852657,74.400884,2018-02-28,-0.261,Bare/Water
NDVI09820,19.869415,74.505844,2023-04-23,0.207,Sparse
NDVI09821,19.942713,74.35495,2025-09-07,0.55,Healthy
NDVI09822,19.855928,74.363557,2023-10-04,0.492,Moderate
NDVI09823,19.831986,74.364242,2026-07-10,0.394,Moderate
NDVI09824,19.834684,74.411772,2018-05-26,0.389,Moderate
NDVI09825,19.923716,74.408632,2025-12-21,0.221,Sparse
NDVI09826,19.814215,74.585258,2017-07-23,0.566,Healthy
NDVI09827,19.872792,74.514784,2026-06-25,0.355,Moderate
NDVI09828,19.896234,74.437635,2019-07-09,0.649,Healthy
NDVI09829,19.892389,74.577886,2022-02-06,0.133,Sparse
NDVI09830,19.883631,74.46341,2024-12-19,0.059,Bare/Water
NDVI09831,19.825738,74.469774,2021-01-17,-0.026,Bare/Water
NDVI09832,19.828556,74.408524,2025-10-04,0.553,Healthy
NDVI09833,19.860062,74.420986,2023-10-16,0.372,Moderate
NDVI09834,19.908003,74.524218,2017-01-05,0.156,Sparse
NDVI09835,19.871734,74.568495,2023-02-25,0.04,Bare/Water
NDVI09836,19.843733,74.550052,2025-02-15,0.004,Bare/Water
NDVI09837,19.938891,74.582016,2024-02-09,-0.288,Bare/Water
NDVI09838,19.81681,74.466128,2019-04-17,0.017,Bare/Water
NDVI09839,19.934698,74.58575,2022-07-06,0.133,Sparse
NDVI09840,19.948671,74.354757,2016-09-13,0.529,Healthy
NDVI09841,19.837277,74.465316,2024-04-15,-0.178,Bare/Water
NDVI09842,19.813225,74.390051,2024-03-28,0.077,Bare/Water
NDVI09843,19.941147,74.593682,2017-06-05,0.207,Sparse
NDVI09844,19.926493,74.442686,2022-06-26,0.386,Moderate
NDVI09845,19.881781,74.549115,2018-08-19,0.618,Healthy
NDVI09846,19.907819,74.360679,2022-06-19,0.464,Moderate
NDVI09847,19.860133,74.389447,2017-03-16,-0.086,Bare/Water
NDVI09848,19.865937,74.359444,2022-06-10,0.26,Sparse
NDVI09849,19.920044,74.564757,2018-07-11,0.758,Very Healthy
NDVI09850,19.850862,74.557917,2022-02-26,-0.389,Bare/Water
NDVI09851,19.918477,74.389,2021-02-12,-0.053,Bare/Water
NDVI09852,19.871111,74.442118,2018-10-28,0.324,Moderate
NDVI09853,19.816688,74.364218,2025-09-24,0.523,Healthy
NDVI09854,19.837608,74.403171,2024-07-25,0.499,Moderate
NDVI09855,19.896501,74.411185,2017-10-16,0.222,Sparse
NDVI09856,19.926416,74.395058,2024-05-20,0.37,Moderate
NDVI09857,19.80546,74.528779,2023-08-17,0.756,Very Healthy
NDVI09858,19.928534,74.499523,2018-12-24,0.157,Sparse
NDVI09859,19.85816,74.497655,2026-01-02,0.002,Bare/Water
NDVI09860,19.852871,74.410358,2022-11-23,0.268,Sparse
NDVI09861,19.881405,74.523676,2016-09-02,0.806,Very Healthy
NDVI09862,19.907455,74.488696,2018-12-23,0.178,Sparse
NDVI09863,19.87972,74.512353,2024-07-13,0.308,Moderate
NDVI09864,19.855259,74.394302,2025-11-21,0.298,Sparse
NDVI09865,19.815539,74.46503,2019-10-16,0.296,Sparse
NDVI09866,19.831491,74.481339,2025-03-26,-0.072,Bare/Water
NDVI09867,19.862739,74.592485,2020-04-05,0.075,Bare/Water
NDVI09868,19.94404,74.574859,2024-12-22,0.1,Sparse
NDVI09869,19.905129,74.561895,2020-07-24,0.376,Moderate
NDVI09870,19.852023,74.511872,2021-01-10,-0.044,Bare/Water
NDVI09871,19.932094,74.428619,2016-10-06,0.511,Healthy
NDVI09872,19.833937,74.351415,2016-11-06,0.225,Sparse
NDVI09873,19.823795,74.388114,2023-03-01,-0.091,Bare/Water
NDVI09874,19.944346,74.546886,2021-02-15,-0.089,Bare/Water
NDVI09875,19.811085,74.485272,2026-07-25,0.329,Moderate
NDVI09876,19.907626,74.417262,2017-05-14,0.079,Bare/Water
NDVI09877,19.825137,74.535677,2026-05-27,-0.007,Bare/Water
NDVI09878,19.92686,74.479798,2023-08-13,0.528,Healthy
NDVI09879,19.806062,74.53121,2024-07-10,0.593,Healthy
NDVI09880,19.863141,74.42623,2023-12-21,0.085,Bare/Water
NDVI09881,19.878834,74.454711,2020-01-21,-0.108,Bare/Water
NDVI09882,19.832748,74.584944,2025-07-13,0.5,Healthy
NDVI09883,19.883762,74.557051,2018-04-14,-0.015,Bare/Water
NDVI09884,19.920874,74.575619,2016-12-23,0.148,Sparse
NDVI09885,19.917885,74.357669,2021-11-23,0.184,Sparse
NDVI09886,19.80719,74.427206,2017-07-23,0.399,Moderate
NDVI09887,19.909018,74.448629,2016-11-01,0.433,Moderate
NDVI09888,19.890165,74.514169,2016-10-14,0.471,Moderate
NDVI09889,19.821603,74.547626,2022-08-10,0.565,Healthy
NDVI09890,19.886562,74.374531,2018-04-26,0.214,Sparse
NDVI09891,19.827895,74.529689,2022-11-16,0.306,Moderate
NDVI09892,19.836692,74.595923,2021-12-26,0.159,Sparse
NDVI09893,19.944395,74.586683,2026-04-14,0.027,Bare/Water
NDVI09894,19.821018,74.52395,2019-07-02,0.182,Sparse
NDVI09895,19.893299,74.47222,2023-12-06,-0.016,Bare/Water
NDVI09896,19.928025,74.555408,2019-04-02,-0.026,Bare/Water
NDVI09897,19.898497,74.571584,2023-03-01,-0.17,Bare/Water
NDVI09898,19.858773,74.488513,2026-07-22,0.485,Moderate
NDVI09899,19.94755,74.44896,2023-03-24,-0.096,Bare/Water
NDVI09900,19.927221,74.531994,2025-01-07,0.102,Sparse
NDVI09901,19.907689,74.380452,2020-10-17,0.238,Sparse
NDVI09902,19.930792,74.372046,2023-10-24,0.272,Sparse
NDVI09903,19.836538,74.5243,2026-01-29,0.022,Bare/Water
NDVI09904,19.829783,74.46998,2026-04-21,-0.254,Bare/Water
NDVI09905,19.861788,74.426598,2024-04-07,0.021,Bare/Water
NDVI09906,19.827477,74.470865,2025-04-18,0.16,Sparse
NDVI09907,19.838154,74.427707,2021-02-11,-0.289,Bare/Water
NDVI09908,19.921991,74.511519,2020-11-20,0.22,Sparse
NDVI09909,19.919267,74.543928,2024-12-06,0.109,Sparse
NDVI09910,19.93818,74.406391,2019-03-22,-0.169,Bare/Water
NDVI09911,19.879458,74.506876,2023-09-05,0.725,Very Healthy
NDVI09912,19.872284,74.354227,2024-10-05,0.489,Moderate
NDVI09913,19.852598,74.551898,2021-05-15,0.064,Bare/Water
NDVI09914,19.924796,74.451394,2021-09-27,0.678,Healthy
NDVI09915,19.813357,74.534049,2023-03-22,-0.268,Bare/Water
NDVI09916,19.928032,74.584227,2025-06-19,0.304,Moderate
NDVI09917,19.901764,74.35319,2020-11-21,0.139,Sparse
NDVI09918,19.941077,74.505531,2019-07-28,0.407,Moderate
NDVI09919,19.928555,74.380177,2024-12-31,0.167,Sparse
NDVI09920,19.933227,74.412041,2024-05-13,0.344,Moderate
NDVI09921,19.945819,74.517292,2024-12-19,-0.031,Bare/Water
NDVI09922,19.91322,74.548739,2020-04-22,0.006,Bare/Water
NDVI09923,19.931657,74.402108,2020-05-28,0.297,Sparse
NDVI09924,19.919355,74.547888,2026-07-14,0.597,Healthy
NDVI09925,19.845907,74.553547,2017-06-12,0.21,Sparse
NDVI09926,19.934669,74.352452,2018-05-23,0.125,Sparse
NDVI09927,19.857655,74.547877,2021-03-05,0.058,Bare/Water
NDVI09928,19.918589,74.513437,2020-09-17,0.624,Healthy
NDVI09929,19.834447,74.419581,2024-09-10,0.231,Sparse
NDVI09930,19.911428,74.596193,2019-06-13,0.359,Moderate
NDVI09931,19.906301,74.364474,2024-07-13,0.506,Healthy
NDVI09932,19.828023,74.466805,2019-07-10,0.531,Healthy
NDVI09933,19.832263,74.42208,2024-03-01,-0.001,Bare/Water
NDVI09934,19.820401,74.411205,2017-02-09,0.014,Bare/Water
NDVI09935,19.873328,74.535056,2024-12-27,0.195,Sparse
NDVI09936,19.851946,74.584416,2020-12-06,0.374,Moderate
NDVI09937,19.855087,74.59239,2017-12-02,0.169,Sparse
NDVI09938,19.892694,74.410508,2021-10-21,0.506,Healthy
NDVI09939,19.814561,74.363703,2023-12-09,0.066,Bare/Water
NDVI09940,19.914202,74.396419,2023-11-12,0.287,Sparse
NDVI09941,19.873154,74.576791,2018-06-01,0.218,Sparse
NDVI09942,19.851175,74.434893,2019-02-01,-0.031,Bare/Water
NDVI09943,19.845988,74.59815,2020-07-29,0.359,Moderate
NDVI09944,19.803825,74.503883,2026-04-12,0.073,Bare/Water
NDVI09945,19.887709,74.351306,2022-10-12,0.401,Moderate
NDVI09946,19.940596,74.455754,2017-02-05,-0.085,Bare/Water
NDVI09947,19.92994,74.585941,2021-04-21,-0.08,Bare/Water
NDVI09948,19.805471,74.570341,2020-01-24,-0.029,Bare/Water
NDVI09949,19.814499,74.53536,2019-09-22,0.441,Moderate
NDVI09950,19.888333,74.518237,2025-03-05,-0.013,Bare/Water
NDVI09951,19.913285,74.522353,2019-06-17,0.261,Sparse
NDVI09952,19.913975,74.503686,2017-03-31,-0.226,Bare/Water
NDVI09953,19.931415,74.524412,2021-03-04,0.079,Bare/Water
NDVI09954,19.833732,74.456696,2023-02-19,0.124,Sparse
NDVI09955,19.89183,74.59555,2022-02-16,-0.022,Bare/Water
NDVI09956,19.844001,74.597228,2020-06-05,0.334,Moderate
NDVI09957,19.845835,74.383647,2023-09-24,0.392,Moderate
NDVI09958,19.833746,74.427543,2019-03-11,-0.105,Bare/Water
NDVI09959,19.872253,74.388051,2021-08-28,0.662,Healthy
NDVI09960,19.942186,74.573358,2018-12-11,-0.087,Bare/Water
NDVI09961,19.822743,74.423827,2017-03-09,-0.314,Bare/Water
NDVI09962,19.916949,74.53446,2024-03-14,-0.144,Bare/Water
NDVI09963,19.821868,74.434708,2024-12-11,0.155,Sparse
NDVI09964,19.948019,74.554378,2021-08-21,0.678,Healthy
NDVI09965,19.827983,74.485812,2024-02-10,0.014,Bare/Water
NDVI09966,19.808417,74.37139,2016-11-02,0.587,Healthy
NDVI09967,19.94701,74.469211,2018-08-17,0.504,Healthy
NDVI09968,19.915644,74.573307,2019-12-27,-0.062,Bare/Water
NDVI09969,19.855461,74.437391,2019-08-15,0.54,Healthy
NDVI09970,19.819835,74.590649,2020-06-09,0.441,Moderate
NDVI09971,19.854089,74.405787,2017-05-30,0.28,Sparse
NDVI09972,19.905229,74.466118,2021-09-06,0.851,Very Healthy
NDVI09973,19.883983,74.496006,2020-02-27,-0.053,Bare/Water
NDVI09974,19.880586,74.406788,2022-03-16,0.07,Bare/Water
NDVI09975,19.832514,74.427546,2018-06-29,0.635,Healthy
NDVI09976,19.810254,74.597833,2022-10-04,0.649,Healthy
NDVI09977,19.803746,74.388132,2019-05-23,0.065,Bare/Water
NDVI09978,19.876475,74.432305,2022-12-31,0.038,Bare/Water
NDVI09979,19.859757,74.416546,2019-06-27,0.494,Moderate
NDVI09980,19.811052,74.543952,2017-08-11,0.6,Healthy
NDVI09981,19.939653,74.560752,2024-11-10,0.371,Moderate
NDVI09982,19.847293,74.490804,2017-06-04,0.442,Moderate
NDVI09983,19.868841,74.494835,2024-10-10,0.538,Healthy
NDVI09984,19.851821,74.41122,2017-08-09,0.688,Healthy
NDVI09985,19.882481,74.467371,2016-10-15,0.421,Moderate
NDVI09986,19.810432,74.408951,2019-04-04,-0.103,Bare/Water
NDVI09987,19.9226,74.444485,2025-09-02,0.602,Healthy
NDVI09988,19.845791,74.352609,2022-09-05,0.466,Moderate
NDVI09989,19.909092,74.437012,2024-05-19,0.471,Moderate
NDVI09990,19.941319,74.352604,2017-04-13,-0.033,Bare/Water
NDVI09991,19.881543,74.441108,2024-02-14,0.019,Bare/Water
NDVI09992,19.942086,74.438477,2016-10-01,0.66,Healthy
NDVI09993,19.896324,74.430295,2026-03-05,0.026,Bare/Water
NDVI09994,19.919124,74.533501,2020-01-14,-0.038,Bare/Water
NDVI09995,19.923525,74.4499,2019-12-05,0.163,Sparse
NDVI09996,19.949608,74.355215,2021-12-19,0.001,Bare/Water
NDVI09997,19.899807,74.440917,2019-02-10,0.177,Sparse
NDVI09998,19.898109,74.558059,2016-12-08,0.245,Sparse
NDVI09999,19.884998,74.532601,2025-05-24,0.131,Sparse
NDVI10000,19.843184,74.391259,2021-07-16,0.435,Moderate
