species_id,common_name,scientific_name,kingdom,phylum,class,order,family,genus,species,category,iucn_status,habitat,endemic,invasive,medicinal,pollinator,nocturnal,flowering_season,breeding_season,diet,average_lifespan_years,conservation_status,description,image_filename
SP0001,House Sparrow,Passer domesticus,Animalia,Chordata,Aves,Passeriformes (var.),Passeridae,Passer,domesticus,Birds,Least Concern,Urban Garden,False,True,False,False,False,N/A,Jun-Sep,Omnivore,6,Increasing,"House Sparrow (Passer domesticus) is a bird species recorded in the Kopargaon region, typically associated with temple grove habitat.",SP0001_Passer_domesticus.jpg
SP0002,Common Myna,Acridotheres tristis,Animalia,Chordata,Aves,Passeriformes (var.),Acridotheresidae,Acridotheres,tristis,Birds,Endangered,Wetland,False,False,False,False,False,N/A,Year-round,Granivore,10,Stable,"Common Myna (Acridotheres tristis) is a bird species recorded in the Kopargaon region, typically associated with canal habitat.",SP0002_Acridotheres_tristis.jpg
SP0003,Indian Peafowl,Pavo cristatus,Animalia,Chordata,Aves,Passeriformes (var.),Pavoidae,Pavo,cristatus,Birds,Near Threatened,Wetland,False,False,False,True,False,N/A,Dec-Feb,Omnivore,19,Stable,"Indian Peafowl (Pavo cristatus) is a bird species recorded in the Kopargaon region, typically associated with canal habitat.",SP0003_Pavo_cristatus.jpg
SP0004,Rock Pigeon,Columba livia,Animalia,Chordata,Aves,Passeriformes (var.),Columbaidae,Columba,livia,Birds,Least Concern,Grassland,False,False,False,False,False,N/A,Sep-Dec,Carnivore,7,Stable,"Rock Pigeon (Columba livia) is a bird species recorded in the Kopargaon region, typically associated with agricultural field habitat.",SP0004_Columba_livia.jpg
SP0005,Spotted Dove,Spilopelia chinensis,Animalia,Chordata,Aves,Passeriformes (var.),Spilopeliaidae,Spilopelia,chinensis,Birds,Vulnerable,Godavari River,False,False,False,False,False,N/A,Sep-Dec,Nectarivore,3,Under Watch,"Spotted Dove (Spilopelia chinensis) is a bird species recorded in the Kopargaon region, typically associated with grassland habitat.",SP0005_Spilopelia_chinensis.jpg
SP0006,Laughing Dove,Spilopelia senegalensis,Animalia,Chordata,Aves,Passeriformes (var.),Spilopeliaidae,Spilopelia,senegalensis,Birds,Not Evaluated,Wetland,False,False,False,False,False,N/A,Sep-Dec,Insectivore,6,Increasing,"Laughing Dove (Spilopelia senegalensis) is a bird species recorded in the Kopargaon region, typically associated with canal habitat.",SP0006_Spilopelia_senegalensis.jpg
SP0007,Black Kite,Milvus migrans,Animalia,Chordata,Aves,Passeriformes (var.),Milvusidae,Milvus,migrans,Birds,Vulnerable,Wetland,False,False,False,False,False,N/A,Dec-Feb,Granivore,4,Stable,"Black Kite (Milvus migrans) is a bird species recorded in the Kopargaon region, typically associated with grassland habitat.",SP0007_Milvus_migrans.jpg
SP0008,Indian Pond Heron,Ardeola grayii,Animalia,Chordata,Aves,Passeriformes (var.),Ardeolaidae,Ardeola,grayii,Birds,Least Concern,Urban Garden,False,True,False,False,False,N/A,Sep-Dec,Granivore,18,Increasing,"Indian Pond Heron (Ardeola grayii) is a bird species recorded in the Kopargaon region, typically associated with grassland habitat.",SP0008_Ardeola_grayii.jpg
SP0009,Cattle Egret,Bubulcus ibis,Animalia,Chordata,Aves,Passeriformes (var.),Bubulcusidae,Bubulcus,ibis,Birds,Least Concern,Temple Grove,True,False,False,False,False,N/A,Sep-Dec,Carnivore,9,Stable,"Cattle Egret (Bubulcus ibis) is a bird species recorded in the Kopargaon region, typically associated with urban garden habitat.",SP0009_Bubulcus_ibis.jpg
SP0010,Little Egret,Egretta garzetta,Animalia,Chordata,Aves,Passeriformes (var.),Egrettaidae,Egretta,garzetta,Birds,Least Concern,Agricultural Field,False,False,False,False,False,N/A,Jun-Sep,Insectivore,19,Stable,"Little Egret (Egretta garzetta) is a bird species recorded in the Kopargaon region, typically associated with urban garden habitat.",SP0010_Egretta_garzetta.jpg
SP0011,Great Egret,Ardea alba,Animalia,Chordata,Aves,Passeriformes (var.),Ardeaidae,Ardea,alba,Birds,Least Concern,Temple Grove,False,False,False,True,False,N/A,Mar-Jun,Frugivore,9,Increasing,"Great Egret (Ardea alba) is a bird species recorded in the Kopargaon region, typically associated with urban garden habitat.",SP0011_Ardea_alba.jpg
SP0012,Intermediate Egret,Ardea intermedia,Animalia,Chordata,Aves,Passeriformes (var.),Ardeaidae,Ardea,intermedia,Birds,Vulnerable,Canal,False,False,False,False,False,N/A,Jun-Sep,Insectivore,5,Declining,"Intermediate Egret (Ardea intermedia) is a bird species recorded in the Kopargaon region, typically associated with godavari river habitat.",SP0012_Ardea_intermedia.jpg
SP0013,Black-headed Ibis,Threskiornis melanocephalus,Animalia,Chordata,Aves,Passeriformes (var.),Threskiornisidae,Threskiornis,melanocephalus,Birds,Least Concern,Grassland,False,False,False,True,False,N/A,Jun-Sep,Carnivore,10,Stable,"Black-headed Ibis (Threskiornis melanocephalus) is a bird species recorded in the Kopargaon region, typically associated with grassland habitat.",SP0013_Threskiornis_melanocephalus.jpg
SP0014,Painted Stork,Mycteria leucocephala,Animalia,Chordata,Aves,Passeriformes (var.),Mycteriaidae,Mycteria,leucocephala,Birds,Least Concern,Wetland,False,False,False,True,False,N/A,Dec-Feb,Frugivore,2,Stable,"Painted Stork (Mycteria leucocephala) is a bird species recorded in the Kopargaon region, typically associated with temple grove habitat.",SP0014_Mycteria_leucocephala.jpg
SP0015,Asian Openbill,Anastomus oscitans,Animalia,Chordata,Aves,Passeriformes (var.),Anastomusidae,Anastomus,oscitans,Birds,Least Concern,Grassland,False,False,False,True,False,N/A,Year-round,Insectivore,17,Stable,"Asian Openbill (Anastomus oscitans) is a bird species recorded in the Kopargaon region, typically associated with urban garden habitat.",SP0015_Anastomus_oscitans.jpg
SP0016,Lesser Whistling Duck,Dendrocygna javanica,Animalia,Chordata,Aves,Passeriformes (var.),Dendrocygnaidae,Dendrocygna,javanica,Birds,Least Concern,Temple Grove,False,False,False,False,False,N/A,Dec-Feb,Nectarivore,20,Declining,"Lesser Whistling Duck (Dendrocygna javanica) is a bird species recorded in the Kopargaon region, typically associated with agricultural field habitat.",SP0016_Dendrocygna_javanica.jpg
SP0017,Indian Spot-billed Duck,Anas poecilorhyncha,Animalia,Chordata,Aves,Passeriformes (var.),Anasidae,Anas,poecilorhyncha,Birds,Least Concern,Agricultural Field,False,False,False,False,False,N/A,Mar-Jun,Granivore,16,Stable,"Indian Spot-billed Duck (Anas poecilorhyncha) is a bird species recorded in the Kopargaon region, typically associated with godavari river habitat.",SP0017_Anas_poecilorhyncha.jpg
SP0018,Common Kingfisher,Alcedo atthis,Animalia,Chordata,Aves,Passeriformes (var.),Alcedoidae,Alcedo,atthis,Birds,Least Concern,Agricultural Field,False,False,False,False,False,N/A,Year-round,Granivore,2,Increasing,"Common Kingfisher (Alcedo atthis) is a bird species recorded in the Kopargaon region, typically associated with urban garden habitat.",SP0018_Alcedo_atthis.jpg
SP0019,White-throated Kingfisher,Halcyon smyrnensis,Animalia,Chordata,Aves,Passeriformes (var.),Halcyonidae,Halcyon,smyrnensis,Birds,Near Threatened,Godavari River,False,False,False,False,False,N/A,Sep-Dec,Nectarivore,18,Stable,"White-throated Kingfisher (Halcyon smyrnensis) is a bird species recorded in the Kopargaon region, typically associated with grassland habitat.",SP0019_Halcyon_smyrnensis.jpg
SP0020,Pied Kingfisher,Ceryle rudis,Animalia,Chordata,Aves,Passeriformes (var.),Ceryleidae,Ceryle,rudis,Birds,Vulnerable,Godavari River,False,False,False,True,False,N/A,Mar-Jun,Nectarivore,6,Stable,"Pied Kingfisher (Ceryle rudis) is a bird species recorded in the Kopargaon region, typically associated with godavari river habitat.",SP0020_Ceryle_rudis.jpg
SP0021,Indian Roller,Coracias benghalensis,Animalia,Chordata,Aves,Passeriformes (var.),Coraciasidae,Coracias,benghalensis,Birds,Least Concern,Agricultural Field,False,False,False,False,False,N/A,Dec-Feb,Omnivore,6,Under Watch,"Indian Roller (Coracias benghalensis) is a bird species recorded in the Kopargaon region, typically associated with canal habitat.",SP0021_Coracias_benghalensis.jpg
SP0022,Green Bee-eater,Merops orientalis,Animalia,Chordata,Aves,Passeriformes (var.),Meropsidae,Merops,orientalis,Birds,Endangered,Agricultural Field,False,False,False,True,False,N/A,Dec-Feb,Granivore,9,Stable,"Green Bee-eater (Merops orientalis) is a bird species recorded in the Kopargaon region, typically associated with canal habitat.",SP0022_Merops_orientalis.jpg
SP0023,Blue-tailed Bee-eater,Merops philippinus,Animalia,Chordata,Aves,Passeriformes (var.),Meropsidae,Merops,philippinus,Birds,Least Concern,Urban Garden,True,False,False,False,False,N/A,Year-round,Carnivore,14,Stable,"Blue-tailed Bee-eater (Merops philippinus) is a bird species recorded in the Kopargaon region, typically associated with agricultural field habitat.",SP0023_Merops_philippinus.jpg
SP0024,Common Hoopoe,Upupa epops,Animalia,Chordata,Aves,Passeriformes (var.),Upupaidae,Upupa,epops,Birds,Least Concern,Agricultural Field,False,False,False,False,False,N/A,Year-round,Carnivore,5,Increasing,"Common Hoopoe (Upupa epops) is a bird species recorded in the Kopargaon region, typically associated with wetland habitat.",SP0024_Upupa_epops.jpg
SP0025,Coppersmith Barbet,Psilopogon haemacephalus,Animalia,Chordata,Aves,Passeriformes (var.),Psilopogonidae,Psilopogon,haemacephalus,Birds,Endangered,Temple Grove,False,False,False,False,False,N/A,Mar-Jun,Nectarivore,11,Under Watch,"Coppersmith Barbet (Psilopogon haemacephalus) is a bird species recorded in the Kopargaon region, typically associated with godavari river habitat.",SP0025_Psilopogon_haemacephalus.jpg
SP0026,White-cheeked Barbet,Psilopogon viridis,Animalia,Chordata,Aves,Passeriformes (var.),Psilopogonidae,Psilopogon,viridis,Birds,Least Concern,Temple Grove,False,False,False,False,False,N/A,Mar-Jun,Insectivore,11,Under Watch,"White-cheeked Barbet (Psilopogon viridis) is a bird species recorded in the Kopargaon region, typically associated with agricultural field habitat.",SP0026_Psilopogon_viridis.jpg
SP0027,Black Drongo,Dicrurus macrocercus,Animalia,Chordata,Aves,Passeriformes (var.),Dicrurusidae,Dicrurus,macrocercus,Birds,Not Evaluated,Grassland,False,False,False,False,False,N/A,Jun-Sep,Nectarivore,11,Stable,"Black Drongo (Dicrurus macrocercus) is a bird species recorded in the Kopargaon region, typically associated with urban garden habitat.",SP0027_Dicrurus_macrocercus.jpg
SP0028,Ashy Drongo,Dicrurus leucophaeus,Animalia,Chordata,Aves,Passeriformes (var.),Dicrurusidae,Dicrurus,leucophaeus,Birds,Least Concern,Grassland,False,False,False,False,False,N/A,Jun-Sep,Omnivore,6,Stable,"Ashy Drongo (Dicrurus leucophaeus) is a bird species recorded in the Kopargaon region, typically associated with canal habitat.",SP0028_Dicrurus_leucophaeus.jpg
SP0029,Indian Golden Oriole,Oriolus kundoo,Animalia,Chordata,Aves,Passeriformes (var.),Oriolusidae,Oriolus,kundoo,Birds,Near Threatened,Canal,False,False,False,False,False,N/A,Sep-Dec,Frugivore,16,Stable,"Indian Golden Oriole (Oriolus kundoo) is a bird species recorded in the Kopargaon region, typically associated with grassland habitat.",SP0029_Oriolus_kundoo.jpg
SP0030,Rufous Treepie,Dendrocitta vagabunda,Animalia,Chordata,Aves,Passeriformes (var.),Dendrocittaidae,Dendrocitta,vagabunda,Birds,Least Concern,Grassland,False,False,False,True,False,N/A,Sep-Dec,Carnivore,9,Stable,"Rufous Treepie (Dendrocitta vagabunda) is a bird species recorded in the Kopargaon region, typically associated with agricultural field habitat.",SP0030_Dendrocitta_vagabunda.jpg
SP0031,House Crow,Corvus splendens,Animalia,Chordata,Aves,Passeriformes (var.),Corvusidae,Corvus,splendens,Birds,Data Deficient,Temple Grove,False,False,False,False,False,N/A,Dec-Feb,Nectarivore,14,Declining,"House Crow (Corvus splendens) is a bird species recorded in the Kopargaon region, typically associated with urban garden habitat.",SP0031_Corvus_splendens.jpg
SP0032,Large-billed Crow,Corvus macrorhynchos,Animalia,Chordata,Aves,Passeriformes (var.),Corvusidae,Corvus,macrorhynchos,Birds,Least Concern,Grassland,False,False,False,False,False,N/A,Sep-Dec,Frugivore,15,Increasing,"Large-billed Crow (Corvus macrorhynchos) is a bird species recorded in the Kopargaon region, typically associated with urban garden habitat.",SP0032_Corvus_macrorhynchos.jpg
SP0033,Rose-ringed Parakeet,Psittacula krameri,Animalia,Chordata,Aves,Passeriformes (var.),Psittaculaidae,Psittacula,krameri,Birds,Near Threatened,Canal,False,False,False,False,False,N/A,Dec-Feb,Insectivore,7,Declining,"Rose-ringed Parakeet (Psittacula krameri) is a bird species recorded in the Kopargaon region, typically associated with grassland habitat.",SP0033_Psittacula_krameri.jpg
SP0034,Alexandrine Parakeet,Psittacula eupatria,Animalia,Chordata,Aves,Passeriformes (var.),Psittaculaidae,Psittacula,eupatria,Birds,Least Concern,Urban Garden,True,False,False,False,False,N/A,Sep-Dec,Omnivore,9,Declining,"Alexandrine Parakeet (Psittacula eupatria) is a bird species recorded in the Kopargaon region, typically associated with grassland habitat.",SP0034_Psittacula_eupatria.jpg
SP0035,Common Tailorbird,Orthotomus sutorius,Animalia,Chordata,Aves,Passeriformes (var.),Orthotomusidae,Orthotomus,sutorius,Birds,Least Concern,Urban Garden,False,False,False,False,False,N/A,Year-round,Nectarivore,5,Stable,"Common Tailorbird (Orthotomus sutorius) is a bird species recorded in the Kopargaon region, typically associated with canal habitat.",SP0035_Orthotomus_sutorius.jpg
SP0036,Ashy Prinia,Prinia socialis,Animalia,Chordata,Aves,Passeriformes (var.),Priniaidae,Prinia,socialis,Birds,Least Concern,Canal,False,False,False,False,False,N/A,Year-round,Carnivore,5,Stable,"Ashy Prinia (Prinia socialis) is a bird species recorded in the Kopargaon region, typically associated with canal habitat.",SP0036_Prinia_socialis.jpg
SP0037,Plain Prinia,Prinia inornata,Animalia,Chordata,Aves,Passeriformes (var.),Priniaidae,Prinia,inornata,Birds,Least Concern,Agricultural Field,False,False,False,False,False,N/A,Dec-Feb,Carnivore,6,Stable,"Plain Prinia (Prinia inornata) is a bird species recorded in the Kopargaon region, typically associated with godavari river habitat.",SP0037_Prinia_inornata.jpg
SP0038,Purple Sunbird,Cinnyris asiaticus,Animalia,Chordata,Aves,Passeriformes (var.),Cinnyrisidae,Cinnyris,asiaticus,Birds,Near Threatened,Urban Garden,False,False,False,False,False,N/A,Sep-Dec,Insectivore,2,Increasing,"Purple Sunbird (Cinnyris asiaticus) is a bird species recorded in the Kopargaon region, typically associated with urban garden habitat.",SP0038_Cinnyris_asiaticus.jpg
SP0039,Purple-rumped Sunbird,Leptocoma zeylonica,Animalia,Chordata,Aves,Passeriformes (var.),Leptocomaidae,Leptocoma,zeylonica,Birds,Least Concern,Agricultural Field,False,False,False,False,False,N/A,Dec-Feb,Nectarivore,19,Declining,"Purple-rumped Sunbird (Leptocoma zeylonica) is a bird species recorded in the Kopargaon region, typically associated with urban garden habitat.",SP0039_Leptocoma_zeylonica.jpg
SP0040,Oriental White-eye,Zosterops palpebrosus,Animalia,Chordata,Aves,Passeriformes (var.),Zosteropsidae,Zosterops,palpebrosus,Birds,Data Deficient,Canal,False,False,False,False,False,N/A,Year-round,Nectarivore,12,Stable,"Oriental White-eye (Zosterops palpebrosus) is a bird species recorded in the Kopargaon region, typically associated with godavari river habitat.",SP0040_Zosterops_palpebrosus.jpg
SP0041,Red-vented Bulbul,Pycnonotus cafer,Animalia,Chordata,Aves,Passeriformes (var.),Pycnonotusidae,Pycnonotus,cafer,Birds,Data Deficient,Godavari River,False,False,False,False,False,N/A,Year-round,Granivore,18,Under Watch,"Red-vented Bulbul (Pycnonotus cafer) is a bird species recorded in the Kopargaon region, typically associated with wetland habitat.",SP0041_Pycnonotus_cafer.jpg
SP0042,Red-whiskered Bulbul,Pycnonotus jocosus,Animalia,Chordata,Aves,Passeriformes (var.),Pycnonotusidae,Pycnonotus,jocosus,Birds,Not Evaluated,Wetland,False,False,False,False,False,N/A,Jun-Sep,Insectivore,17,Stable,"Red-whiskered Bulbul (Pycnonotus jocosus) is a bird species recorded in the Kopargaon region, typically associated with grassland habitat.",SP0042_Pycnonotus_jocosus.jpg
SP0043,White-browed Bulbul,Pycnonotus luteolus,Animalia,Chordata,Aves,Passeriformes (var.),Pycnonotusidae,Pycnonotus,luteolus,Birds,Not Evaluated,Agricultural Field,False,False,False,False,False,N/A,Jun-Sep,Frugivore,6,Declining,"White-browed Bulbul (Pycnonotus luteolus) is a bird species recorded in the Kopargaon region, typically associated with grassland habitat.",SP0043_Pycnonotus_luteolus.jpg
SP0044,Indian Robin,Copsychus fulicatus,Animalia,Chordata,Aves,Passeriformes (var.),Copsychusidae,Copsychus,fulicatus,Birds,Not Evaluated,Temple Grove,False,False,False,False,False,N/A,Mar-Jun,Frugivore,8,Declining,"Indian Robin (Copsychus fulicatus) is a bird species recorded in the Kopargaon region, typically associated with grassland habitat.",SP0044_Copsychus_fulicatus.jpg
SP0045,Oriental Magpie-Robin,Copsychus saularis,Animalia,Chordata,Aves,Passeriformes (var.),Copsychusidae,Copsychus,saularis,Birds,Least Concern,Wetland,False,False,False,False,False,N/A,Dec-Feb,Omnivore,4,Stable,"Oriental Magpie-Robin (Copsychus saularis) is a bird species recorded in the Kopargaon region, typically associated with canal habitat.",SP0045_Copsychus_saularis.jpg
SP0046,Pied Bushchat,Saxicola caprata,Animalia,Chordata,Aves,Passeriformes (var.),Saxicolaidae,Saxicola,caprata,Birds,Least Concern,Grassland,False,False,False,False,False,N/A,Sep-Dec,Nectarivore,16,Increasing,"Pied Bushchat (Saxicola caprata) is a bird species recorded in the Kopargaon region, typically associated with agricultural field habitat.",SP0046_Saxicola_caprata.jpg
SP0047,Siberian Stonechat,Saxicola maurus,Animalia,Chordata,Aves,Passeriformes (var.),Saxicolaidae,Saxicola,maurus,Birds,Endangered,Temple Grove,False,True,False,False,False,N/A,Year-round,Carnivore,20,Increasing,"Siberian Stonechat (Saxicola maurus) is a bird species recorded in the Kopargaon region, typically associated with wetland habitat.",SP0047_Saxicola_maurus.jpg
SP0048,Zitting Cisticola,Cisticola juncidis,Animalia,Chordata,Aves,Passeriformes (var.),Cisticolaidae,Cisticola,juncidis,Birds,Near Threatened,Agricultural Field,False,False,False,False,False,N/A,Mar-Jun,Insectivore,7,Stable,"Zitting Cisticola (Cisticola juncidis) is a bird species recorded in the Kopargaon region, typically associated with canal habitat.",SP0048_Cisticola_juncidis.jpg
SP0049,Baya Weaver,Ploceus philippinus,Animalia,Chordata,Aves,Passeriformes (var.),Ploceusidae,Ploceus,philippinus,Birds,Least Concern,Agricultural Field,False,False,False,False,False,N/A,Year-round,Carnivore,16,Increasing,"Baya Weaver (Ploceus philippinus) is a bird species recorded in the Kopargaon region, typically associated with temple grove habitat.",SP0049_Ploceus_philippinus.jpg
SP0050,Scaly-breasted Munia,Lonchura punctulata,Animalia,Chordata,Aves,Passeriformes (var.),Lonchuraidae,Lonchura,punctulata,Birds,Not Evaluated,Temple Grove,False,True,False,False,False,N/A,Jun-Sep,Granivore,7,Stable,"Scaly-breasted Munia (Lonchura punctulata) is a bird species recorded in the Kopargaon region, typically associated with urban garden habitat.",SP0050_Lonchura_punctulata.jpg
SP0051,Indian Silverbill,Euodice malabarica,Animalia,Chordata,Aves,Passeriformes (var.),Euodiceidae,Euodice,malabarica,Birds,Vulnerable,Canal,False,False,False,False,False,N/A,Dec-Feb,Frugivore,9,Declining,"Indian Silverbill (Euodice malabarica) is a bird species recorded in the Kopargaon region, typically associated with agricultural field habitat.",SP0051_Euodice_malabarica.jpg
SP0052,White-rumped Munia,Lonchura striata,Animalia,Chordata,Aves,Passeriformes (var.),Lonchuraidae,Lonchura,striata,Birds,Least Concern,Urban Garden,False,False,False,False,False,N/A,Year-round,Carnivore,20,Stable,"White-rumped Munia (Lonchura striata) is a bird species recorded in the Kopargaon region, typically associated with godavari river habitat.",SP0052_Lonchura_striata.jpg
SP0053,Common Iora,Aegithina tiphia,Animalia,Chordata,Aves,Passeriformes (var.),Aegithinaidae,Aegithina,tiphia,Birds,Least Concern,Urban Garden,False,False,False,False,False,N/A,Dec-Feb,Carnivore,14,Declining,"Common Iora (Aegithina tiphia) is a bird species recorded in the Kopargaon region, typically associated with wetland habitat.",SP0053_Aegithina_tiphia.jpg
SP0054,Black-rumped Flameback,Dinopium benghalense,Animalia,Chordata,Aves,Passeriformes (var.),Dinopiumidae,Dinopium,benghalense,Birds,Not Evaluated,Canal,False,False,False,False,False,N/A,Jun-Sep,Frugivore,4,Stable,"Black-rumped Flameback (Dinopium benghalense) is a bird species recorded in the Kopargaon region, typically associated with wetland habitat.",SP0054_Dinopium_benghalense.jpg
SP0055,Greater Coucal,Centropus sinensis,Animalia,Chordata,Aves,Passeriformes (var.),Centropusidae,Centropus,sinensis,Birds,Least Concern,Agricultural Field,False,False,False,False,False,N/A,Sep-Dec,Granivore,9,Stable,"Greater Coucal (Centropus sinensis) is a bird species recorded in the Kopargaon region, typically associated with agricultural field habitat.",SP0055_Centropus_sinensis.jpg
SP0056,Asian Koel,Eudynamys scolopaceus,Animalia,Chordata,Aves,Passeriformes (var.),Eudynamysidae,Eudynamys,scolopaceus,Birds,Near Threatened,Grassland,False,False,False,False,False,N/A,Jun-Sep,Granivore,7,Under Watch,"Asian Koel (Eudynamys scolopaceus) is a bird species recorded in the Kopargaon region, typically associated with temple grove habitat.",SP0056_Eudynamys_scolopaceus.jpg
SP0057,Indian Grey Hornbill,Ocyceros birostris,Animalia,Chordata,Aves,Passeriformes (var.),Ocycerosidae,Ocyceros,birostris,Birds,Not Evaluated,Wetland,True,False,False,False,False,N/A,Year-round,Omnivore,7,Declining,"Indian Grey Hornbill (Ocyceros birostris) is a bird species recorded in the Kopargaon region, typically associated with grassland habitat.",SP0057_Ocyceros_birostris.jpg
SP0058,Brahminy Kite,Haliastur indus,Animalia,Chordata,Aves,Passeriformes (var.),Haliasturidae,Haliastur,indus,Birds,Vulnerable,Godavari River,False,False,False,False,False,N/A,Sep-Dec,Nectarivore,2,Stable,"Brahminy Kite (Haliastur indus) is a bird species recorded in the Kopargaon region, typically associated with godavari river habitat.",SP0058_Haliastur_indus.jpg
SP0059,Shikra,Accipiter badius,Animalia,Chordata,Aves,Passeriformes (var.),Accipiteridae,Accipiter,badius,Birds,Vulnerable,Temple Grove,False,False,False,False,False,N/A,Jun-Sep,Carnivore,5,Stable,"Shikra (Accipiter badius) is a bird species recorded in the Kopargaon region, typically associated with godavari river habitat.",SP0059_Accipiter_badius.jpg
SP0060,Changeable Hawk-Eagle,Nisaetus cirrhatus,Animalia,Chordata,Aves,Passeriformes (var.),Nisaetusidae,Nisaetus,cirrhatus,Birds,Not Evaluated,Wetland,False,False,False,False,False,N/A,Sep-Dec,Omnivore,18,Stable,"Changeable Hawk-Eagle (Nisaetus cirrhatus) is a bird species recorded in the Kopargaon region, typically associated with canal habitat.",SP0060_Nisaetus_cirrhatus.jpg
SP0061,Short-toed Snake Eagle,Circaetus gallicus,Animalia,Chordata,Aves,Passeriformes (var.),Circaetusidae,Circaetus,gallicus,Birds,Near Threatened,Urban Garden,False,False,False,False,False,N/A,Dec-Feb,Carnivore,19,Under Watch,"Short-toed Snake Eagle (Circaetus gallicus) is a bird species recorded in the Kopargaon region, typically associated with canal habitat.",SP0061_Circaetus_gallicus.jpg
SP0062,Egyptian Vulture,Neophron percnopterus,Animalia,Chordata,Aves,Passeriformes (var.),Neophronidae,Neophron,percnopterus,Birds,Least Concern,Godavari River,False,False,False,False,False,N/A,Dec-Feb,Insectivore,2,Declining,"Egyptian Vulture (Neophron percnopterus) is a bird species recorded in the Kopargaon region, typically associated with wetland habitat.",SP0062_Neophron_percnopterus.jpg
SP0063,White-rumped Vulture,Gyps bengalensis,Animalia,Chordata,Aves,Passeriformes (var.),Gypsidae,Gyps,bengalensis,Birds,Near Threatened,Wetland,False,False,False,True,False,N/A,Year-round,Nectarivore,6,Declining,"White-rumped Vulture (Gyps bengalensis) is a bird species recorded in the Kopargaon region, typically associated with agricultural field habitat.",SP0063_Gyps_bengalensis.jpg
SP0064,Bar-headed Goose,Anser indicus,Animalia,Chordata,Aves,Passeriformes (var.),Anseridae,Anser,indicus,Birds,Least Concern,Temple Grove,False,False,False,False,False,N/A,Sep-Dec,Omnivore,5,Declining,"Bar-headed Goose (Anser indicus) is a bird species recorded in the Kopargaon region, typically associated with temple grove habitat.",SP0064_Anser_indicus.jpg
SP0065,Ruddy Shelduck,Tadorna ferruginea,Animalia,Chordata,Aves,Passeriformes (var.),Tadornaidae,Tadorna,ferruginea,Birds,Vulnerable,Canal,False,False,False,True,False,N/A,Sep-Dec,Omnivore,9,Stable,"Ruddy Shelduck (Tadorna ferruginea) is a bird species recorded in the Kopargaon region, typically associated with canal habitat.",SP0065_Tadorna_ferruginea.jpg
SP0066,Northern Shoveler,Spatula clypeata,Animalia,Chordata,Aves,Passeriformes (var.),Spatulaidae,Spatula,clypeata,Birds,Least Concern,Godavari River,False,True,False,False,False,N/A,Jun-Sep,Granivore,6,Stable,"Northern Shoveler (Spatula clypeata) is a bird species recorded in the Kopargaon region, typically associated with wetland habitat.",SP0066_Spatula_clypeata.jpg
SP0067,Common Teal,Anas crecca,Animalia,Chordata,Aves,Passeriformes (var.),Anasidae,Anas,crecca,Birds,Least Concern,Wetland,False,False,False,True,False,N/A,Mar-Jun,Carnivore,17,Declining,"Common Teal (Anas crecca) is a bird species recorded in the Kopargaon region, typically associated with canal habitat.",SP0067_Anas_crecca.jpg
SP0068,Eurasian Coot,Fulica atra,Animalia,Chordata,Aves,Passeriformes (var.),Fulicaidae,Fulica,atra,Birds,Near Threatened,Grassland,False,False,False,False,False,N/A,Dec-Feb,Frugivore,4,Increasing,"Eurasian Coot (Fulica atra) is a bird species recorded in the Kopargaon region, typically associated with urban garden habitat.",SP0068_Fulica_atra.jpg
SP0069,Purple Swamphen,Porphyrio porphyrio,Animalia,Chordata,Aves,Passeriformes (var.),Porphyrioidae,Porphyrio,porphyrio,Birds,Vulnerable,Grassland,False,False,False,True,False,N/A,Year-round,Granivore,8,Stable,"Purple Swamphen (Porphyrio porphyrio) is a bird species recorded in the Kopargaon region, typically associated with temple grove habitat.",SP0069_Porphyrio_porphyrio.jpg
SP0070,White-breasted Waterhen,Amaurornis phoenicurus,Animalia,Chordata,Aves,Passeriformes (var.),Amaurornisidae,Amaurornis,phoenicurus,Birds,Data Deficient,Urban Garden,False,False,False,False,False,N/A,Dec-Feb,Granivore,4,Stable,"White-breasted Waterhen (Amaurornis phoenicurus) is a bird species recorded in the Kopargaon region, typically associated with temple grove habitat.",SP0070_Amaurornis_phoenicurus.jpg
SP0071,Common Moorhen,Gallinula chloropus,Animalia,Chordata,Aves,Passeriformes (var.),Gallinulaidae,Gallinula,chloropus,Birds,Least Concern,Canal,False,False,False,False,False,N/A,Dec-Feb,Insectivore,3,Declining,"Common Moorhen (Gallinula chloropus) is a bird species recorded in the Kopargaon region, typically associated with agricultural field habitat.",SP0071_Gallinula_chloropus.jpg
SP0072,Pheasant-tailed Jacana,Hydrophasianus chirurgus,Animalia,Chordata,Aves,Passeriformes (var.),Hydrophasianusidae,Hydrophasianus,chirurgus,Birds,Least Concern,Godavari River,False,False,False,False,False,N/A,Year-round,Omnivore,9,Stable,"Pheasant-tailed Jacana (Hydrophasianus chirurgus) is a bird species recorded in the Kopargaon region, typically associated with urban garden habitat.",SP0072_Hydrophasianus_chirurgus.jpg
SP0073,Bronze-winged Jacana,Metopidius indicus,Animalia,Chordata,Aves,Passeriformes (var.),Metopidiusidae,Metopidius,indicus,Birds,Least Concern,Wetland,False,False,False,False,False,N/A,Mar-Jun,Omnivore,4,Stable,"Bronze-winged Jacana (Metopidius indicus) is a bird species recorded in the Kopargaon region, typically associated with godavari river habitat.",SP0073_Metopidius_indicus.jpg
SP0074,Black-winged Stilt,Himantopus himantopus,Animalia,Chordata,Aves,Passeriformes (var.),Himantopusidae,Himantopus,himantopus,Birds,Near Threatened,Temple Grove,False,False,False,True,False,N/A,Dec-Feb,Nectarivore,15,Stable,"Black-winged Stilt (Himantopus himantopus) is a bird species recorded in the Kopargaon region, typically associated with urban garden habitat.",SP0074_Himantopus_himantopus.jpg
SP0075,Red-wattled Lapwing,Vanellus indicus,Animalia,Chordata,Aves,Passeriformes (var.),Vanellusidae,Vanellus,indicus,Birds,Not Evaluated,Temple Grove,False,False,False,True,False,N/A,Dec-Feb,Carnivore,3,Stable,"Red-wattled Lapwing (Vanellus indicus) is a bird species recorded in the Kopargaon region, typically associated with godavari river habitat.",SP0075_Vanellus_indicus.jpg
SP0076,Yellow-wattled Lapwing,Vanellus malabaricus,Animalia,Chordata,Aves,Passeriformes (var.),Vanellusidae,Vanellus,malabaricus,Birds,Endangered,Temple Grove,False,False,False,False,False,N/A,Year-round,Nectarivore,13,Increasing,"Yellow-wattled Lapwing (Vanellus malabaricus) is a bird species recorded in the Kopargaon region, typically associated with grassland habitat.",SP0076_Vanellus_malabaricus.jpg
SP0077,River Tern,Sterna aurantia,Animalia,Chordata,Aves,Passeriformes (var.),Sternaidae,Sterna,aurantia,Birds,Data Deficient,Wetland,False,False,False,False,False,N/A,Jun-Sep,Carnivore,16,Declining,"River Tern (Sterna aurantia) is a bird species recorded in the Kopargaon region, typically associated with canal habitat.",SP0077_Sterna_aurantia.jpg
SP0078,Small Pratincole,Glareola lactea,Animalia,Chordata,Aves,Passeriformes (var.),Glareolaidae,Glareola,lactea,Birds,Near Threatened,Godavari River,False,False,False,False,False,N/A,Jun-Sep,Omnivore,4,Stable,"Small Pratincole (Glareola lactea) is a bird species recorded in the Kopargaon region, typically associated with urban garden habitat.",SP0078_Glareola_lactea.jpg
SP0079,Grey Wagtail,Motacilla cinerea,Animalia,Chordata,Aves,Passeriformes (var.),Motacillaidae,Motacilla,cinerea,Birds,Not Evaluated,Grassland,False,False,False,True,False,N/A,Dec-Feb,Nectarivore,16,Stable,"Grey Wagtail (Motacilla cinerea) is a bird species recorded in the Kopargaon region, typically associated with agricultural field habitat.",SP0079_Motacilla_cinerea.jpg
SP0080,White Wagtail,Motacilla alba,Animalia,Chordata,Aves,Passeriformes (var.),Motacillaidae,Motacilla,alba,Birds,Data Deficient,Grassland,False,False,False,False,False,N/A,Mar-Jun,Carnivore,11,Increasing,"White Wagtail (Motacilla alba) is a bird species recorded in the Kopargaon region, typically associated with urban garden habitat.",SP0080_Motacilla_alba.jpg
SP0081,Paddyfield Pipit,Anthus rufulus,Animalia,Chordata,Aves,Passeriformes (var.),Anthusidae,Anthus,rufulus,Birds,Data Deficient,Temple Grove,False,False,False,False,False,N/A,Dec-Feb,Omnivore,20,Stable,"Paddyfield Pipit (Anthus rufulus) is a bird species recorded in the Kopargaon region, typically associated with wetland habitat.",SP0081_Anthus_rufulus.jpg
SP0082,Indian Nightjar,Caprimulgus asiaticus,Animalia,Chordata,Aves,Passeriformes (var.),Caprimulgusidae,Caprimulgus,asiaticus,Birds,Least Concern,Urban Garden,False,False,False,False,False,N/A,Year-round,Nectarivore,7,Stable,"Indian Nightjar (Caprimulgus asiaticus) is a bird species recorded in the Kopargaon region, typically associated with grassland habitat.",SP0082_Caprimulgus_asiaticus.jpg
SP0083,Alpine Swift,Tachymarptis melba,Animalia,Chordata,Aves,Passeriformes (var.),Tachymarptisidae,Tachymarptis,melba,Birds,Least Concern,Agricultural Field,False,False,False,False,False,N/A,Year-round,Frugivore,6,Under Watch,"Alpine Swift (Tachymarptis melba) is a bird species recorded in the Kopargaon region, typically associated with grassland habitat.",SP0083_Tachymarptis_melba.jpg
SP0084,Little Swift,Apus affinis,Animalia,Chordata,Aves,Passeriformes (var.),Apusidae,Apus,affinis,Birds,Least Concern,Godavari River,False,False,False,True,False,N/A,Year-round,Omnivore,4,Declining,"Little Swift (Apus affinis) is a bird species recorded in the Kopargaon region, typically associated with godavari river habitat.",SP0084_Apus_affinis.jpg
SP0085,House Swift,Apus nipalensis,Animalia,Chordata,Aves,Passeriformes (var.),Apusidae,Apus,nipalensis,Birds,Not Evaluated,Wetland,True,False,False,True,False,N/A,Year-round,Carnivore,18,Stable,"House Swift (Apus nipalensis) is a bird species recorded in the Kopargaon region, typically associated with agricultural field habitat.",SP0085_Apus_nipalensis.jpg
SP0086,Crested Serpent Eagle,Spilornis cheela,Animalia,Chordata,Aves,Passeriformes (var.),Spilornisidae,Spilornis,cheela,Birds,Near Threatened,Canal,False,False,False,False,False,N/A,Sep-Dec,Carnivore,16,Declining,"Crested Serpent Eagle (Spilornis cheela) is a bird species recorded in the Kopargaon region, typically associated with urban garden habitat.",SP0086_Spilornis_cheela.jpg
SP0087,Common Kestrel,Falco tinnunculus,Animalia,Chordata,Aves,Passeriformes (var.),Falcoidae,Falco,tinnunculus,Birds,Near Threatened,Grassland,False,False,False,False,False,N/A,Year-round,Frugivore,6,Stable,"Common Kestrel (Falco tinnunculus) is a bird species recorded in the Kopargaon region, typically associated with godavari river habitat.",SP0087_Falco_tinnunculus.jpg
SP0088,Grey Francolin,Francolinus pondicerianus,Animalia,Chordata,Aves,Passeriformes (var.),Francolinusidae,Francolinus,pondicerianus,Birds,Vulnerable,Wetland,False,False,False,False,False,N/A,Dec-Feb,Nectarivore,13,Stable,"Grey Francolin (Francolinus pondicerianus) is a bird species recorded in the Kopargaon region, typically associated with temple grove habitat.",SP0088_Francolinus_pondicerianus.jpg
SP0089,Rain Quail,Coturnix coromandelica,Animalia,Chordata,Aves,Passeriformes (var.),Coturnixidae,Coturnix,coromandelica,Birds,Data Deficient,Grassland,False,False,False,True,False,N/A,Dec-Feb,Insectivore,6,Under Watch,"Rain Quail (Coturnix coromandelica) is a bird species recorded in the Kopargaon region, typically associated with canal habitat.",SP0089_Coturnix_coromandelica.jpg
SP0090,Sarus Crane,Antigone antigone,Animalia,Chordata,Aves,Passeriformes (var.),Antigoneidae,Antigone,antigone,Birds,Vulnerable,Godavari River,False,False,False,True,False,N/A,Dec-Feb,Frugivore,16,Increasing,"Sarus Crane (Antigone antigone) is a bird species recorded in the Kopargaon region, typically associated with grassland habitat.",SP0090_Antigone_antigone.jpg
SP0091,Woolly-necked Stork,Ciconia episcopus,Animalia,Chordata,Aves,Passeriformes (var.),Ciconiaidae,Ciconia,episcopus,Birds,Least Concern,Agricultural Field,False,False,False,False,False,N/A,Sep-Dec,Insectivore,4,Stable,"Woolly-necked Stork (Ciconia episcopus) is a bird species recorded in the Kopargaon region, typically associated with agricultural field habitat.",SP0091_Ciconia_episcopus.jpg
SP0092,Black-necked Stork,Ephippiorhynchus asiaticus,Animalia,Chordata,Aves,Passeriformes (var.),Ephippiorhynchusidae,Ephippiorhynchus,asiaticus,Birds,Least Concern,Wetland,False,False,False,True,False,N/A,Year-round,Nectarivore,12,Stable,"Black-necked Stork (Ephippiorhynchus asiaticus) is a bird species recorded in the Kopargaon region, typically associated with canal habitat.",SP0092_Ephippiorhynchus_asiaticus.jpg
SP0093,Glossy Ibis,Plegadis falcinellus,Animalia,Chordata,Aves,Passeriformes (var.),Plegadisidae,Plegadis,falcinellus,Birds,Vulnerable,Agricultural Field,False,True,False,False,False,N/A,Jun-Sep,Insectivore,3,Stable,"Glossy Ibis (Plegadis falcinellus) is a bird species recorded in the Kopargaon region, typically associated with canal habitat.",SP0093_Plegadis_falcinellus.jpg
SP0094,Eurasian Spoonbill,Platalea leucorodia,Animalia,Chordata,Aves,Passeriformes (var.),Plataleaidae,Platalea,leucorodia,Birds,Least Concern,Urban Garden,False,False,False,False,False,N/A,Dec-Feb,Granivore,12,Increasing,"Eurasian Spoonbill (Platalea leucorodia) is a bird species recorded in the Kopargaon region, typically associated with agricultural field habitat.",SP0094_Platalea_leucorodia.jpg
SP0095,Little Cormorant,Microcarbo niger,Animalia,Chordata,Aves,Passeriformes (var.),Microcarboidae,Microcarbo,niger,Birds,Least Concern,Wetland,False,False,False,False,False,N/A,Dec-Feb,Nectarivore,15,Stable,"Little Cormorant (Microcarbo niger) is a bird species recorded in the Kopargaon region, typically associated with temple grove habitat.",SP0095_Microcarbo_niger.jpg
SP0096,Indian Cormorant,Phalacrocorax fuscicollis,Animalia,Chordata,Aves,Passeriformes (var.),Phalacrocoraxidae,Phalacrocorax,fuscicollis,Birds,Least Concern,Urban Garden,False,False,False,False,False,N/A,Jun-Sep,Omnivore,2,Declining,"Indian Cormorant (Phalacrocorax fuscicollis) is a bird species recorded in the Kopargaon region, typically associated with temple grove habitat.",SP0096_Phalacrocorax_fuscicollis.jpg
SP0097,Great Cormorant,Phalacrocorax carbo,Animalia,Chordata,Aves,Passeriformes (var.),Phalacrocoraxidae,Phalacrocorax,carbo,Birds,Least Concern,Grassland,False,False,False,False,False,N/A,Mar-Jun,Frugivore,20,Under Watch,"Great Cormorant (Phalacrocorax carbo) is a bird species recorded in the Kopargaon region, typically associated with grassland habitat.",SP0097_Phalacrocorax_carbo.jpg
SP0098,Oriental Darter,Anhinga melanogaster,Animalia,Chordata,Aves,Passeriformes (var.),Anhingaidae,Anhinga,melanogaster,Birds,Not Evaluated,Wetland,False,False,False,False,False,N/A,Dec-Feb,Nectarivore,8,Under Watch,"Oriental Darter (Anhinga melanogaster) is a bird species recorded in the Kopargaon region, typically associated with canal habitat.",SP0098_Anhinga_melanogaster.jpg
SP0099,Yellow-eyed Pigeon,Columba eversmanni,Animalia,Chordata,Aves,Passeriformes (var.),Columbaidae,Columba,eversmanni,Birds,Least Concern,Godavari River,False,False,False,False,False,N/A,Year-round,Carnivore,19,Stable,"Yellow-eyed Pigeon (Columba eversmanni) is a bird species recorded in the Kopargaon region, typically associated with wetland habitat.",SP0099_Columba_eversmanni.jpg
SP0100,Blue Rock Thrush,Monticola solitarius,Animalia,Chordata,Aves,Passeriformes (var.),Monticolaidae,Monticola,solitarius,Birds,Least Concern,Godavari River,False,False,False,False,False,N/A,Year-round,Granivore,6,Declining,"Blue Rock Thrush (Monticola solitarius) is a bird species recorded in the Kopargaon region, typically associated with temple grove habitat.",SP0100_Monticola_solitarius.jpg
SP0101,Common Sandpiper,Actitis hypoleucos,Animalia,Chordata,Aves,Passeriformes (var.),Actitisidae,Actitis,hypoleucos,Birds,Least Concern,Godavari River,True,False,False,False,False,N/A,Jun-Sep,Granivore,19,Stable,"Common Sandpiper (Actitis hypoleucos) is a bird species recorded in the Kopargaon region, typically associated with temple grove habitat.",SP0101_Actitis_hypoleucos.jpg
SP0102,Wood Sandpiper,Tringa glareola,Animalia,Chordata,Aves,Passeriformes (var.),Tringaidae,Tringa,glareola,Birds,Least Concern,Godavari River,False,False,False,False,False,N/A,Sep-Dec,Nectarivore,4,Stable,"Wood Sandpiper (Tringa glareola) is a bird species recorded in the Kopargaon region, typically associated with urban garden habitat.",SP0102_Tringa_glareola.jpg
SP0103,Indian Fox,Vulpes bengalensis,Animalia,Chordata,Mammalia,Carnivora (var.),Vulpesidae,Vulpes,bengalensis,Mammals,Not Evaluated,Scrubland,False,False,False,False,False,N/A,Year-round,Omnivore,3,Stable,"Indian Fox (Vulpes bengalensis) is a mammal species recorded in the Kopargaon region, typically associated with roadside plantation habitat.",SP0103_Vulpes_bengalensis.jpg
SP0104,Golden Jackal,Canis aureus,Animalia,Chordata,Mammalia,Carnivora (var.),Canisidae,Canis,aureus,Mammals,Least Concern,Roadside Plantation,False,False,False,False,False,N/A,Sep-Dec,Omnivore,5,Increasing,"Golden Jackal (Canis aureus) is a mammal species recorded in the Kopargaon region, typically associated with roadside plantation habitat.",SP0104_Canis_aureus.jpg
SP0105,Jungle Cat,Felis chaus,Animalia,Chordata,Mammalia,Carnivora (var.),Felisidae,Felis,chaus,Mammals,Endangered,Scrubland,False,False,False,False,True,N/A,Year-round,Insectivore,13,Stable,"Jungle Cat (Felis chaus) is a mammal species recorded in the Kopargaon region, typically associated with agricultural field habitat.",SP0105_Felis_chaus.jpg
SP0106,Indian Leopard,Panthera pardus fusca,Animalia,Chordata,Mammalia,Carnivora (var.),Pantheraidae,Panthera,pardus fusca,Mammals,Data Deficient,Temple Grove,False,False,False,False,False,N/A,Year-round,Herbivore,9,Declining,"Indian Leopard (Panthera pardus fusca) is a mammal species recorded in the Kopargaon region, typically associated with agricultural field habitat.",SP0106_Panthera_pardus_fusca.jpg
SP0107,Sloth Bear,Melursus ursinus,Animalia,Chordata,Mammalia,Carnivora (var.),Melursusidae,Melursus,ursinus,Mammals,Endangered,Grassland,False,False,False,False,True,N/A,Year-round,Herbivore,12,Stable,"Sloth Bear (Melursus ursinus) is a mammal species recorded in the Kopargaon region, typically associated with roadside plantation habitat.",SP0107_Melursus_ursinus.jpg
SP0108,Wild Boar,Sus scrofa,Animalia,Chordata,Mammalia,Carnivora (var.),Susidae,Sus,scrofa,Mammals,Least Concern,Agricultural Field,False,False,False,False,False,N/A,Year-round,Insectivore,22,Stable,"Wild Boar (Sus scrofa) is a mammal species recorded in the Kopargaon region, typically associated with scrubland habitat.",SP0108_Sus_scrofa.jpg
SP0109,Blackbuck,Antilope cervicapra,Animalia,Chordata,Mammalia,Carnivora (var.),Antilopeidae,Antilope,cervicapra,Mammals,Near Threatened,Scrubland,True,True,False,False,False,N/A,Dec-Feb,Omnivore,17,Under Watch,"Blackbuck (Antilope cervicapra) is a mammal species recorded in the Kopargaon region, typically associated with scrubland habitat.",SP0109_Antilope_cervicapra.jpg
SP0110,Chinkara,Gazella bennettii,Animalia,Chordata,Mammalia,Carnivora (var.),Gazellaidae,Gazella,bennettii,Mammals,Least Concern,Grassland,False,False,False,False,False,N/A,Sep-Dec,Insectivore,3,Stable,"Chinkara (Gazella bennettii) is a mammal species recorded in the Kopargaon region, typically associated with agricultural field habitat.",SP0110_Gazella_bennettii.jpg
SP0111,Nilgai,Boselaphus tragocamelus,Animalia,Chordata,Mammalia,Carnivora (var.),Boselaphusidae,Boselaphus,tragocamelus,Mammals,Least Concern,Temple Grove,False,False,False,False,False,N/A,Dec-Feb,Insectivore,24,Declining,"Nilgai (Boselaphus tragocamelus) is a mammal species recorded in the Kopargaon region, typically associated with grassland habitat.",SP0111_Boselaphus_tragocamelus.jpg
SP0112,Indian Hare,Lepus nigricollis,Animalia,Chordata,Mammalia,Carnivora (var.),Lepusidae,Lepus,nigricollis,Mammals,Least Concern,Roadside Plantation,False,False,False,False,False,N/A,Dec-Feb,Omnivore,15,Stable,"Indian Hare (Lepus nigricollis) is a mammal species recorded in the Kopargaon region, typically associated with agricultural field habitat.",SP0112_Lepus_nigricollis.jpg
SP0113,Small Indian Civet,Viverricula indica,Animalia,Chordata,Mammalia,Carnivora (var.),Viverriculaidae,Viverricula,indica,Mammals,Least Concern,Roadside Plantation,False,False,False,False,False,N/A,Jun-Sep,Carnivore,13,Stable,"Small Indian Civet (Viverricula indica) is a mammal species recorded in the Kopargaon region, typically associated with roadside plantation habitat.",SP0113_Viverricula_indica.jpg
SP0114,Common Palm Civet,Paradoxurus hermaphroditus,Animalia,Chordata,Mammalia,Carnivora (var.),Paradoxurusidae,Paradoxurus,hermaphroditus,Mammals,Data Deficient,Agricultural Field,False,False,False,False,False,N/A,Sep-Dec,Herbivore,9,Under Watch,"Common Palm Civet (Paradoxurus hermaphroditus) is a mammal species recorded in the Kopargaon region, typically associated with grassland habitat.",SP0114_Paradoxurus_hermaphroditus.jpg
SP0115,Indian Grey Mongoose,Herpestes edwardsii,Animalia,Chordata,Mammalia,Carnivora (var.),Herpestesidae,Herpestes,edwardsii,Mammals,Least Concern,Grassland,False,False,False,False,False,N/A,Jun-Sep,Herbivore,20,Under Watch,"Indian Grey Mongoose (Herpestes edwardsii) is a mammal species recorded in the Kopargaon region, typically associated with scrubland habitat.",SP0115_Herpestes_edwardsii.jpg
SP0116,Ruddy Mongoose,Herpestes smithii,Animalia,Chordata,Mammalia,Carnivora (var.),Herpestesidae,Herpestes,smithii,Mammals,Least Concern,Roadside Plantation,False,False,False,False,True,N/A,Jun-Sep,Omnivore,8,Stable,"Ruddy Mongoose (Herpestes smithii) is a mammal species recorded in the Kopargaon region, typically associated with temple grove habitat.",SP0116_Herpestes_smithii.jpg
SP0117,Indian Flying Fox,Pteropus giganteus,Animalia,Chordata,Mammalia,Carnivora (var.),Pteropusidae,Pteropus,giganteus,Mammals,Least Concern,Roadside Plantation,False,False,False,False,False,N/A,Jun-Sep,Omnivore,17,Stable,"Indian Flying Fox (Pteropus giganteus) is a mammal species recorded in the Kopargaon region, typically associated with scrubland habitat.",SP0117_Pteropus_giganteus.jpg
SP0118,Indian Pangolin,Manis crassicaudata,Animalia,Chordata,Mammalia,Carnivora (var.),Manisidae,Manis,crassicaudata,Mammals,Near Threatened,Temple Grove,False,False,False,False,False,N/A,Dec-Feb,Herbivore,19,Stable,"Indian Pangolin (Manis crassicaudata) is a mammal species recorded in the Kopargaon region, typically associated with temple grove habitat.",SP0118_Manis_crassicaudata.jpg
SP0119,Rhesus Macaque,Macaca mulatta,Animalia,Chordata,Mammalia,Carnivora (var.),Macacaidae,Macaca,mulatta,Mammals,Data Deficient,Roadside Plantation,False,False,False,False,True,N/A,Year-round,Carnivore,11,Declining,"Rhesus Macaque (Macaca mulatta) is a mammal species recorded in the Kopargaon region, typically associated with roadside plantation habitat.",SP0119_Macaca_mulatta.jpg
SP0120,Hanuman Langur,Semnopithecus entellus,Animalia,Chordata,Mammalia,Carnivora (var.),Semnopithecusidae,Semnopithecus,entellus,Mammals,Least Concern,Agricultural Field,False,False,False,False,False,N/A,Dec-Feb,Carnivore,17,Under Watch,"Hanuman Langur (Semnopithecus entellus) is a mammal species recorded in the Kopargaon region, typically associated with scrubland habitat.",SP0120_Semnopithecus_entellus.jpg
SP0121,Striped Hyena,Hyaena hyaena,Animalia,Chordata,Mammalia,Carnivora (var.),Hyaenaidae,Hyaena,hyaena,Mammals,Not Evaluated,Grassland,False,False,False,False,True,N/A,Year-round,Insectivore,4,Stable,"Striped Hyena (Hyaena hyaena) is a mammal species recorded in the Kopargaon region, typically associated with grassland habitat.",SP0121_Hyaena_hyaena.jpg
SP0122,Indian Crested Porcupine,Hystrix indica,Animalia,Chordata,Mammalia,Carnivora (var.),Hystrixidae,Hystrix,indica,Mammals,Endangered,Roadside Plantation,False,False,False,False,False,N/A,Mar-Jun,Carnivore,17,Stable,"Indian Crested Porcupine (Hystrix indica) is a mammal species recorded in the Kopargaon region, typically associated with scrubland habitat.",SP0122_Hystrix_indica.jpg
SP0123,Five-striped Palm Squirrel,Funambulus pennantii,Animalia,Chordata,Mammalia,Carnivora (var.),Funambulusidae,Funambulus,pennantii,Mammals,Data Deficient,Agricultural Field,False,False,False,False,True,N/A,Dec-Feb,Omnivore,12,Stable,"Five-striped Palm Squirrel (Funambulus pennantii) is a mammal species recorded in the Kopargaon region, typically associated with grassland habitat.",SP0123_Funambulus_pennantii.jpg
SP0124,Three-striped Palm Squirrel,Funambulus palmarum,Animalia,Chordata,Mammalia,Carnivora (var.),Funambulusidae,Funambulus,palmarum,Mammals,Near Threatened,Agricultural Field,False,False,False,False,False,N/A,Jun-Sep,Carnivore,3,Stable,"Three-striped Palm Squirrel (Funambulus palmarum) is a mammal species recorded in the Kopargaon region, typically associated with grassland habitat.",SP0124_Funambulus_palmarum.jpg
SP0125,Indian Gerbil,Tatera indica,Animalia,Chordata,Mammalia,Carnivora (var.),Tateraidae,Tatera,indica,Mammals,Endangered,Temple Grove,False,False,False,False,False,N/A,Mar-Jun,Herbivore,9,Stable,"Indian Gerbil (Tatera indica) is a mammal species recorded in the Kopargaon region, typically associated with scrubland habitat.",SP0125_Tatera_indica.jpg
SP0126,Lesser Bandicoot Rat,Bandicota bengalensis,Animalia,Chordata,Mammalia,Carnivora (var.),Bandicotaidae,Bandicota,bengalensis,Mammals,Near Threatened,Roadside Plantation,False,False,False,False,True,N/A,Year-round,Carnivore,10,Declining,"Lesser Bandicoot Rat (Bandicota bengalensis) is a mammal species recorded in the Kopargaon region, typically associated with scrubland habitat.",SP0126_Bandicota_bengalensis.jpg
SP0127,Indian Grey Wolf,Canis lupus pallipes,Animalia,Chordata,Mammalia,Carnivora (var.),Canisidae,Canis,lupus pallipes,Mammals,Least Concern,Scrubland,False,False,False,False,False,N/A,Dec-Feb,Insectivore,18,Declining,"Indian Grey Wolf (Canis lupus pallipes) is a mammal species recorded in the Kopargaon region, typically associated with agricultural field habitat.",SP0127_Canis_lupus_pallipes.jpg
SP0128,Smooth-coated Otter,Lutrogale perspicillata,Animalia,Chordata,Mammalia,Carnivora (var.),Lutrogaleidae,Lutrogale,perspicillata,Mammals,Not Evaluated,Roadside Plantation,False,False,False,False,False,N/A,Dec-Feb,Carnivore,20,Stable,"Smooth-coated Otter (Lutrogale perspicillata) is a mammal species recorded in the Kopargaon region, typically associated with scrubland habitat.",SP0128_Lutrogale_perspicillata.jpg
SP0129,Rusty-spotted Cat,Prionailurus rubiginosus,Animalia,Chordata,Mammalia,Carnivora (var.),Prionailurusidae,Prionailurus,rubiginosus,Mammals,Least Concern,Temple Grove,False,False,False,False,True,N/A,Year-round,Herbivore,5,Stable,"Rusty-spotted Cat (Prionailurus rubiginosus) is a mammal species recorded in the Kopargaon region, typically associated with scrubland habitat.",SP0129_Prionailurus_rubiginosus.jpg
SP0130,Short-nosed Fruit Bat,Cynopterus sphinx,Animalia,Chordata,Mammalia,Carnivora (var.),Cynopterusidae,Cynopterus,sphinx,Mammals,Not Evaluated,Roadside Plantation,False,False,False,False,True,N/A,Sep-Dec,Herbivore,15,Under Watch,"Short-nosed Fruit Bat (Cynopterus sphinx) is a mammal species recorded in the Kopargaon region, typically associated with roadside plantation habitat.",SP0130_Cynopterus_sphinx.jpg
SP0131,Indian Pipistrelle,Pipistrellus coromandra,Animalia,Chordata,Mammalia,Carnivora (var.),Pipistrellusidae,Pipistrellus,coromandra,Mammals,Least Concern,Temple Grove,False,False,False,False,False,N/A,Jun-Sep,Omnivore,11,Increasing,"Indian Pipistrelle (Pipistrellus coromandra) is a mammal species recorded in the Kopargaon region, typically associated with roadside plantation habitat.",SP0131_Pipistrellus_coromandra.jpg
SP0132,Chital,Axis axis,Animalia,Chordata,Mammalia,Carnivora (var.),Axisidae,Axis,axis,Mammals,Least Concern,Scrubland,False,False,False,False,False,N/A,Dec-Feb,Carnivore,8,Increasing,"Chital (Axis axis) is a mammal species recorded in the Kopargaon region, typically associated with grassland habitat.",SP0132_Axis_axis.jpg
SP0133,Sambar,Rusa unicolor,Animalia,Chordata,Mammalia,Carnivora (var.),Rusaidae,Rusa,unicolor,Mammals,Not Evaluated,Temple Grove,False,False,False,False,False,N/A,Dec-Feb,Carnivore,23,Increasing,"Sambar (Rusa unicolor) is a mammal species recorded in the Kopargaon region, typically associated with grassland habitat.",SP0133_Rusa_unicolor.jpg
SP0134,Four-horned Antelope,Tetracerus quadricornis,Animalia,Chordata,Mammalia,Carnivora (var.),Tetracerusidae,Tetracerus,quadricornis,Mammals,Data Deficient,Roadside Plantation,False,False,False,False,True,N/A,Sep-Dec,Omnivore,12,Increasing,"Four-horned Antelope (Tetracerus quadricornis) is a mammal species recorded in the Kopargaon region, typically associated with roadside plantation habitat.",SP0134_Tetracerus_quadricornis.jpg
SP0135,Indian Wild Dog (Dhole),Cuon alpinus,Animalia,Chordata,Mammalia,Carnivora (var.),Cuonidae,Cuon,alpinus,Mammals,Endangered,Scrubland,False,False,False,False,False,N/A,Dec-Feb,Insectivore,10,Declining,"Indian Wild Dog (Dhole) (Cuon alpinus) is a mammal species recorded in the Kopargaon region, typically associated with grassland habitat.",SP0135_Cuon_alpinus.jpg
SP0136,Common Shrew,Suncus murinus,Animalia,Chordata,Mammalia,Carnivora (var.),Suncusidae,Suncus,murinus,Mammals,Near Threatened,Scrubland,False,False,False,False,True,N/A,Dec-Feb,Carnivore,21,Stable,"Common Shrew (Suncus murinus) is a mammal species recorded in the Kopargaon region, typically associated with agricultural field habitat.",SP0136_Suncus_murinus.jpg
SP0137,Indian Hedgehog,Paraechinus micropus,Animalia,Chordata,Mammalia,Carnivora (var.),Paraechinusidae,Paraechinus,micropus,Mammals,Data Deficient,Roadside Plantation,False,False,False,False,False,N/A,Year-round,Insectivore,25,Declining,"Indian Hedgehog (Paraechinus micropus) is a mammal species recorded in the Kopargaon region, typically associated with agricultural field habitat.",SP0137_Paraechinus_micropus.jpg
SP0138,Sand-coloured Soft-furred Rat,Millardia gleadowi,Animalia,Chordata,Mammalia,Carnivora (var.),Millardiaidae,Millardia,gleadowi,Mammals,Near Threatened,Temple Grove,False,False,False,False,True,N/A,Sep-Dec,Insectivore,6,Under Watch,"Sand-coloured Soft-furred Rat (Millardia gleadowi) is a mammal species recorded in the Kopargaon region, typically associated with agricultural field habitat.",SP0138_Millardia_gleadowi.jpg
SP0139,Barking Deer,Muntiacus vaginalis,Animalia,Chordata,Mammalia,Carnivora (var.),Muntiacusidae,Muntiacus,vaginalis,Mammals,Least Concern,Temple Grove,False,False,False,False,False,N/A,Year-round,Omnivore,5,Declining,"Barking Deer (Muntiacus vaginalis) is a mammal species recorded in the Kopargaon region, typically associated with roadside plantation habitat.",SP0139_Muntiacus_vaginalis.jpg
SP0140,Indian Cobra,Naja naja,Animalia,Chordata,Reptilia,Squamata,Najaidae,Naja,naja,Reptiles,Vulnerable,Canal,False,True,False,False,False,N/A,Sep-Dec,Carnivore,10,Stable,"Indian Cobra (Naja naja) is a reptile species recorded in the Kopargaon region, typically associated with canal habitat.",SP0140_Naja_naja.jpg
SP0141,Russell's Viper,Daboia russelii,Animalia,Chordata,Reptilia,Squamata,Daboiaidae,Daboia,russelii,Reptiles,Near Threatened,Roadside Plantation,False,False,False,False,False,N/A,Sep-Dec,Carnivore,51,Stable,"Russell's Viper (Daboia russelii) is a reptile species recorded in the Kopargaon region, typically associated with agricultural field habitat.",SP0141_Daboia_russelii.jpg
SP0142,Common Krait,Bungarus caeruleus,Animalia,Chordata,Reptilia,Squamata,Bungarusidae,Bungarus,caeruleus,Reptiles,Endangered,Rocky Outcrop,False,False,False,False,False,N/A,Mar-Jun,Insectivore,17,Stable,"Common Krait (Bungarus caeruleus) is a reptile species recorded in the Kopargaon region, typically associated with rocky outcrop habitat.",SP0142_Bungarus_caeruleus.jpg
SP0143,Saw-scaled Viper,Echis carinatus,Animalia,Chordata,Reptilia,Squamata,Echisidae,Echis,carinatus,Reptiles,Not Evaluated,Canal,False,False,False,False,False,N/A,Year-round,Carnivore,22,Under Watch,"Saw-scaled Viper (Echis carinatus) is a reptile species recorded in the Kopargaon region, typically associated with rocky outcrop habitat.",SP0143_Echis_carinatus.jpg
SP0144,Indian Rat Snake,Ptyas mucosa,Animalia,Chordata,Reptilia,Squamata,Ptyasidae,Ptyas,mucosa,Reptiles,Least Concern,Roadside Plantation,False,False,False,False,False,N/A,Mar-Jun,Omnivore,39,Stable,"Indian Rat Snake (Ptyas mucosa) is a reptile species recorded in the Kopargaon region, typically associated with roadside plantation habitat.",SP0144_Ptyas_mucosa.jpg
SP0145,Common Wolf Snake,Lycodon aulicus,Animalia,Chordata,Reptilia,Squamata,Lycodonidae,Lycodon,aulicus,Reptiles,Data Deficient,Canal,False,False,False,False,False,N/A,Jun-Sep,Omnivore,6,Stable,"Common Wolf Snake (Lycodon aulicus) is a reptile species recorded in the Kopargaon region, typically associated with agricultural field habitat.",SP0145_Lycodon_aulicus.jpg
SP0146,Checkered Keelback,Fowlea piscator,Animalia,Chordata,Reptilia,Squamata,Fowleaidae,Fowlea,piscator,Reptiles,Data Deficient,Canal,False,False,False,False,False,N/A,Jun-Sep,Omnivore,43,Increasing,"Checkered Keelback (Fowlea piscator) is a reptile species recorded in the Kopargaon region, typically associated with canal habitat.",SP0146_Fowlea_piscator.jpg
SP0147,Indian Rock Python,Python molurus,Animalia,Chordata,Reptilia,Squamata,Pythonidae,Python,molurus,Reptiles,Least Concern,Rocky Outcrop,False,False,False,False,False,N/A,Year-round,Insectivore,24,Under Watch,"Indian Rock Python (Python molurus) is a reptile species recorded in the Kopargaon region, typically associated with rocky outcrop habitat.",SP0147_Python_molurus.jpg
SP0148,Common Vine Snake,Ahaetulla nasuta,Animalia,Chordata,Reptilia,Squamata,Ahaetullaidae,Ahaetulla,nasuta,Reptiles,Least Concern,Grassland,False,False,False,False,False,N/A,Dec-Feb,Omnivore,48,Stable,"Common Vine Snake (Ahaetulla nasuta) is a reptile species recorded in the Kopargaon region, typically associated with grassland habitat.",SP0148_Ahaetulla_nasuta.jpg
SP0149,Common Trinket Snake,Coelognathus helena,Animalia,Chordata,Reptilia,Squamata,Coelognathusidae,Coelognathus,helena,Reptiles,Least Concern,Roadside Plantation,False,False,False,False,False,N/A,Dec-Feb,Omnivore,53,Under Watch,"Common Trinket Snake (Coelognathus helena) is a reptile species recorded in the Kopargaon region, typically associated with roadside plantation habitat.",SP0149_Coelognathus_helena.jpg
SP0150,Indian Star Tortoise,Geochelone elegans,Animalia,Chordata,Reptilia,Squamata,Geocheloneidae,Geochelone,elegans,Reptiles,Not Evaluated,Canal,False,False,False,False,False,N/A,Mar-Jun,Omnivore,53,Under Watch,"Indian Star Tortoise (Geochelone elegans) is a reptile species recorded in the Kopargaon region, typically associated with rocky outcrop habitat.",SP0150_Geochelone_elegans.jpg
SP0151,Indian Flapshell Turtle,Lissemys punctata,Animalia,Chordata,Reptilia,Squamata,Lissemysidae,Lissemys,punctata,Reptiles,Least Concern,Grassland,False,False,False,False,False,N/A,Sep-Dec,Insectivore,41,Stable,"Indian Flapshell Turtle (Lissemys punctata) is a reptile species recorded in the Kopargaon region, typically associated with grassland habitat.",SP0151_Lissemys_punctata.jpg
SP0152,Indian Roofed Turtle,Pangshura tecta,Animalia,Chordata,Reptilia,Squamata,Pangshuraidae,Pangshura,tecta,Reptiles,Least Concern,Rocky Outcrop,False,False,False,False,True,N/A,Dec-Feb,Carnivore,33,Declining,"Indian Roofed Turtle (Pangshura tecta) is a reptile species recorded in the Kopargaon region, typically associated with roadside plantation habitat.",SP0152_Pangshura_tecta.jpg
SP0153,Mugger Crocodile,Crocodylus palustris,Animalia,Chordata,Reptilia,Squamata,Crocodylusidae,Crocodylus,palustris,Reptiles,Near Threatened,Agricultural Field,False,False,False,False,False,N/A,Year-round,Insectivore,45,Stable,"Mugger Crocodile (Crocodylus palustris) is a reptile species recorded in the Kopargaon region, typically associated with grassland habitat.",SP0153_Crocodylus_palustris.jpg
SP0154,Bengal Monitor,Varanus bengalensis,Animalia,Chordata,Reptilia,Squamata,Varanusidae,Varanus,bengalensis,Reptiles,Not Evaluated,Canal,False,False,False,False,False,N/A,Dec-Feb,Carnivore,9,Stable,"Bengal Monitor (Varanus bengalensis) is a reptile species recorded in the Kopargaon region, typically associated with roadside plantation habitat.",SP0154_Varanus_bengalensis.jpg
SP0155,Indian Garden Lizard,Calotes versicolor,Animalia,Chordata,Reptilia,Squamata,Calotesidae,Calotes,versicolor,Reptiles,Vulnerable,Canal,False,False,False,False,False,N/A,Sep-Dec,Omnivore,18,Under Watch,"Indian Garden Lizard (Calotes versicolor) is a reptile species recorded in the Kopargaon region, typically associated with roadside plantation habitat.",SP0155_Calotes_versicolor.jpg
SP0156,Fan-throated Lizard,Sitana ponticeriana,Animalia,Chordata,Reptilia,Squamata,Sitanaidae,Sitana,ponticeriana,Reptiles,Data Deficient,Agricultural Field,False,False,False,False,False,N/A,Jun-Sep,Carnivore,24,Stable,"Fan-throated Lizard (Sitana ponticeriana) is a reptile species recorded in the Kopargaon region, typically associated with roadside plantation habitat.",SP0156_Sitana_ponticeriana.jpg
SP0157,Common House Gecko,Hemidactylus frenatus,Animalia,Chordata,Reptilia,Squamata,Hemidactylusidae,Hemidactylus,frenatus,Reptiles,Least Concern,Agricultural Field,False,False,False,False,False,N/A,Jun-Sep,Insectivore,11,Declining,"Common House Gecko (Hemidactylus frenatus) is a reptile species recorded in the Kopargaon region, typically associated with canal habitat.",SP0157_Hemidactylus_frenatus.jpg
SP0158,Termite Hill Gecko,Hemidactylus triedrus,Animalia,Chordata,Reptilia,Squamata,Hemidactylusidae,Hemidactylus,triedrus,Reptiles,Endangered,Grassland,False,False,False,False,False,N/A,Dec-Feb,Insectivore,39,Increasing,"Termite Hill Gecko (Hemidactylus triedrus) is a reptile species recorded in the Kopargaon region, typically associated with grassland habitat.",SP0158_Hemidactylus_triedrus.jpg
SP0159,Indian Chameleon,Chamaeleo zeylanicus,Animalia,Chordata,Reptilia,Squamata,Chamaeleoidae,Chamaeleo,zeylanicus,Reptiles,Not Evaluated,Roadside Plantation,False,False,False,False,False,N/A,Year-round,Carnivore,38,Stable,"Indian Chameleon (Chamaeleo zeylanicus) is a reptile species recorded in the Kopargaon region, typically associated with roadside plantation habitat.",SP0159_Chamaeleo_zeylanicus.jpg
SP0160,Common Skink,Eutropis carinata,Animalia,Chordata,Reptilia,Squamata,Eutropisidae,Eutropis,carinata,Reptiles,Near Threatened,Grassland,False,False,False,False,True,N/A,Sep-Dec,Insectivore,7,Under Watch,"Common Skink (Eutropis carinata) is a reptile species recorded in the Kopargaon region, typically associated with agricultural field habitat.",SP0160_Eutropis_carinata.jpg
SP0161,Bronze Grass Skink,Eutropis macularia,Animalia,Chordata,Reptilia,Squamata,Eutropisidae,Eutropis,macularia,Reptiles,Not Evaluated,Agricultural Field,False,True,False,False,False,N/A,Jun-Sep,Carnivore,35,Stable,"Bronze Grass Skink (Eutropis macularia) is a reptile species recorded in the Kopargaon region, typically associated with roadside plantation habitat.",SP0161_Eutropis_macularia.jpg
SP0162,Red Sand Boa,Eryx johnii,Animalia,Chordata,Reptilia,Squamata,Eryxidae,Eryx,johnii,Reptiles,Not Evaluated,Rocky Outcrop,False,False,False,False,True,N/A,Sep-Dec,Omnivore,26,Stable,"Red Sand Boa (Eryx johnii) is a reptile species recorded in the Kopargaon region, typically associated with grassland habitat.",SP0162_Eryx_johnii.jpg
SP0163,Common Sand Boa,Eryx conicus,Animalia,Chordata,Reptilia,Squamata,Eryxidae,Eryx,conicus,Reptiles,Least Concern,Grassland,False,False,False,False,False,N/A,Dec-Feb,Insectivore,59,Stable,"Common Sand Boa (Eryx conicus) is a reptile species recorded in the Kopargaon region, typically associated with agricultural field habitat.",SP0163_Eryx_conicus.jpg
SP0164,Common Bronzeback Tree Snake,Dendrelaphis tristis,Animalia,Chordata,Reptilia,Squamata,Dendrelaphisidae,Dendrelaphis,tristis,Reptiles,Not Evaluated,Roadside Plantation,False,False,False,False,False,N/A,Sep-Dec,Carnivore,58,Stable,"Common Bronzeback Tree Snake (Dendrelaphis tristis) is a reptile species recorded in the Kopargaon region, typically associated with grassland habitat.",SP0164_Dendrelaphis_tristis.jpg
SP0165,Indian Cat Snake,Boiga trigonata,Animalia,Chordata,Reptilia,Squamata,Boigaidae,Boiga,trigonata,Reptiles,Least Concern,Canal,False,False,False,False,False,N/A,Mar-Jun,Carnivore,10,Stable,"Indian Cat Snake (Boiga trigonata) is a reptile species recorded in the Kopargaon region, typically associated with agricultural field habitat.",SP0165_Boiga_trigonata.jpg
SP0166,Barred Wolf Snake,Lycodon striatus,Animalia,Chordata,Reptilia,Squamata,Lycodonidae,Lycodon,striatus,Reptiles,Least Concern,Rocky Outcrop,False,True,False,False,True,N/A,Dec-Feb,Carnivore,42,Increasing,"Barred Wolf Snake (Lycodon striatus) is a reptile species recorded in the Kopargaon region, typically associated with rocky outcrop habitat.",SP0166_Lycodon_striatus.jpg
SP0167,Buff Striped Keelback,Amphiesma stolatum,Animalia,Chordata,Reptilia,Squamata,Amphiesmaidae,Amphiesma,stolatum,Reptiles,Endangered,Agricultural Field,True,False,False,False,False,N/A,Jun-Sep,Insectivore,27,Stable,"Buff Striped Keelback (Amphiesma stolatum) is a reptile species recorded in the Kopargaon region, typically associated with canal habitat.",SP0167_Amphiesma_stolatum.jpg
SP0168,Olive Keelback,Atretium schistosum,Animalia,Chordata,Reptilia,Squamata,Atretiumidae,Atretium,schistosum,Reptiles,Near Threatened,Agricultural Field,False,False,False,False,False,N/A,Jun-Sep,Carnivore,47,Stable,"Olive Keelback (Atretium schistosum) is a reptile species recorded in the Kopargaon region, typically associated with rocky outcrop habitat.",SP0168_Atretium_schistosum.jpg
SP0169,Dog-faced Water Snake,Cerberus rynchops,Animalia,Chordata,Reptilia,Squamata,Cerberusidae,Cerberus,rynchops,Reptiles,Least Concern,Canal,False,False,False,False,True,N/A,Year-round,Omnivore,31,Stable,"Dog-faced Water Snake (Cerberus rynchops) is a reptile species recorded in the Kopargaon region, typically associated with agricultural field habitat.",SP0169_Cerberus_rynchops.jpg
SP0170,Painted Bronzeback,Dendrelaphis pictus,Animalia,Chordata,Reptilia,Squamata,Dendrelaphisidae,Dendrelaphis,pictus,Reptiles,Endangered,Rocky Outcrop,False,False,False,False,True,N/A,Mar-Jun,Insectivore,32,Stable,"Painted Bronzeback (Dendrelaphis pictus) is a reptile species recorded in the Kopargaon region, typically associated with agricultural field habitat.",SP0170_Dendrelaphis_pictus.jpg
SP0171,Rock Agama,Psammophilus dorsalis,Animalia,Chordata,Reptilia,Squamata,Psammophilusidae,Psammophilus,dorsalis,Reptiles,Data Deficient,Roadside Plantation,False,False,False,False,False,N/A,Mar-Jun,Carnivore,53,Stable,"Rock Agama (Psammophilus dorsalis) is a reptile species recorded in the Kopargaon region, typically associated with rocky outcrop habitat.",SP0171_Psammophilus_dorsalis.jpg
SP0172,South Indian Rock Agama,Psammophilus blanfordanus,Animalia,Chordata,Reptilia,Squamata,Psammophilusidae,Psammophilus,blanfordanus,Reptiles,Least Concern,Grassland,False,False,False,False,False,N/A,Year-round,Omnivore,25,Declining,"South Indian Rock Agama (Psammophilus blanfordanus) is a reptile species recorded in the Kopargaon region, typically associated with rocky outcrop habitat.",SP0172_Psammophilus_blanfordanus.jpg
SP0173,Indian Softshell Turtle,Nilssonia gangetica,Animalia,Chordata,Reptilia,Squamata,Nilssoniaidae,Nilssonia,gangetica,Reptiles,Near Threatened,Agricultural Field,False,False,False,False,True,N/A,Sep-Dec,Carnivore,26,Stable,"Indian Softshell Turtle (Nilssonia gangetica) is a reptile species recorded in the Kopargaon region, typically associated with grassland habitat.",SP0173_Nilssonia_gangetica.jpg
SP0174,Common Trinket (Blotched),Coelognathus helena monticollaris,Animalia,Chordata,Reptilia,Squamata,Coelognathusidae,Coelognathus,helena monticollaris,Reptiles,Least Concern,Rocky Outcrop,False,False,False,False,False,N/A,Sep-Dec,Insectivore,39,Stable,"Common Trinket (Blotched) (Coelognathus helena monticollaris) is a reptile species recorded in the Kopargaon region, typically associated with rocky outcrop habitat.",SP0174_Coelognathus_helena_monticollaris.jpg
SP0175,Indian Bullfrog,Hoplobatrachus tigerinus,Animalia,Chordata,Amphibia,Anura,Hoplobatrachusidae,Hoplobatrachus,tigerinus,Amphibians,Not Evaluated,Agricultural Field,False,False,False,False,True,N/A,Sep-Dec,Carnivore,4,Stable,"Indian Bullfrog (Hoplobatrachus tigerinus) is a amphibian species recorded in the Kopargaon region, typically associated with agricultural field habitat.",SP0175_Hoplobatrachus_tigerinus.jpg
SP0176,Common Indian Toad,Duttaphrynus melanostictus,Animalia,Chordata,Amphibia,Anura,Duttaphrynusidae,Duttaphrynus,melanostictus,Amphibians,Vulnerable,Pond,False,False,False,False,True,N/A,Jun-Sep,Insectivore,5,Stable,"Common Indian Toad (Duttaphrynus melanostictus) is a amphibian species recorded in the Kopargaon region, typically associated with pond habitat.",SP0176_Duttaphrynus_melanostictus.jpg
SP0177,Indian Skipper Frog,Euphlyctis cyanophlyctis,Animalia,Chordata,Amphibia,Anura,Euphlyctisidae,Euphlyctis,cyanophlyctis,Amphibians,Least Concern,Wetland,False,False,False,False,True,N/A,Mar-Jun,Insectivore,3,Stable,"Indian Skipper Frog (Euphlyctis cyanophlyctis) is a amphibian species recorded in the Kopargaon region, typically associated with wetland habitat.",SP0177_Euphlyctis_cyanophlyctis.jpg
SP0178,Bronze Frog,Hylarana temporalis,Animalia,Chordata,Amphibia,Anura,Hylaranaidae,Hylarana,temporalis,Amphibians,Least Concern,Canal,False,False,False,False,True,N/A,Jun-Sep,Insectivore,2,Stable,"Bronze Frog (Hylarana temporalis) is a amphibian species recorded in the Kopargaon region, typically associated with wetland habitat.",SP0178_Hylarana_temporalis.jpg
SP0179,Indian Tree Frog,Polypedates maculatus,Animalia,Chordata,Amphibia,Anura,Polypedatesidae,Polypedates,maculatus,Amphibians,Not Evaluated,Pond,False,False,False,False,True,N/A,Year-round,Insectivore,1,Stable,"Indian Tree Frog (Polypedates maculatus) is a amphibian species recorded in the Kopargaon region, typically associated with godavari river habitat.",SP0179_Polypedates_maculatus.jpg
SP0180,Ornate Narrow-mouthed Frog,Microhyla ornata,Animalia,Chordata,Amphibia,Anura,Microhylaidae,Microhyla,ornata,Amphibians,Data Deficient,Pond,False,False,False,False,True,N/A,Sep-Dec,Insectivore,9,Stable,"Ornate Narrow-mouthed Frog (Microhyla ornata) is a amphibian species recorded in the Kopargaon region, typically associated with agricultural field habitat.",SP0180_Microhyla_ornata.jpg
SP0181,Marbled Balloon Frog,Uperodon systoma,Animalia,Chordata,Amphibia,Anura,Uperodonidae,Uperodon,systoma,Amphibians,Least Concern,Canal,False,False,False,False,True,N/A,Year-round,Insectivore,10,Stable,"Marbled Balloon Frog (Uperodon systoma) is a amphibian species recorded in the Kopargaon region, typically associated with agricultural field habitat.",SP0181_Uperodon_systoma.jpg
SP0182,Indian Cricket Frog,Fejervarya limnocharis,Animalia,Chordata,Amphibia,Anura,Fejervaryaidae,Fejervarya,limnocharis,Amphibians,Least Concern,Pond,False,False,False,False,True,N/A,Jun-Sep,Carnivore,4,Stable,"Indian Cricket Frog (Fejervarya limnocharis) is a amphibian species recorded in the Kopargaon region, typically associated with canal habitat.",SP0182_Fejervarya_limnocharis.jpg
SP0183,Fungoid Frog,Hydrophylax leptoglossa,Animalia,Chordata,Amphibia,Anura,Hydrophylaxidae,Hydrophylax,leptoglossa,Amphibians,Least Concern,Pond,False,True,False,False,True,N/A,Sep-Dec,Insectivore,10,Stable,"Fungoid Frog (Hydrophylax leptoglossa) is a amphibian species recorded in the Kopargaon region, typically associated with wetland habitat.",SP0183_Hydrophylax_leptoglossa.jpg
SP0184,Marbled Toad,Duttaphrynus stomaticus,Animalia,Chordata,Amphibia,Anura,Duttaphrynusidae,Duttaphrynus,stomaticus,Amphibians,Vulnerable,Wetland,False,True,False,False,True,N/A,Year-round,Carnivore,3,Increasing,"Marbled Toad (Duttaphrynus stomaticus) is a amphibian species recorded in the Kopargaon region, typically associated with agricultural field habitat.",SP0184_Duttaphrynus_stomaticus.jpg
SP0185,Terai Cricket Frog,Fejervarya syhadrensis,Animalia,Chordata,Amphibia,Anura,Fejervaryaidae,Fejervarya,syhadrensis,Amphibians,Least Concern,Agricultural Field,False,False,False,False,True,N/A,Sep-Dec,Carnivore,7,Increasing,"Terai Cricket Frog (Fejervarya syhadrensis) is a amphibian species recorded in the Kopargaon region, typically associated with canal habitat.",SP0185_Fejervarya_syhadrensis.jpg
SP0186,Bombay Bush Frog,Raorchestes bombayensis,Animalia,Chordata,Amphibia,Anura,Raorchestesidae,Raorchestes,bombayensis,Amphibians,Least Concern,Pond,False,False,False,False,True,N/A,Year-round,Carnivore,3,Stable,"Bombay Bush Frog (Raorchestes bombayensis) is a amphibian species recorded in the Kopargaon region, typically associated with canal habitat.",SP0186_Raorchestes_bombayensis.jpg
SP0187,Deccan Toad,Duttaphrynus hololius,Animalia,Chordata,Amphibia,Anura,Duttaphrynusidae,Duttaphrynus,hololius,Amphibians,Least Concern,Wetland,False,False,False,False,True,N/A,Mar-Jun,Carnivore,5,Stable,"Deccan Toad (Duttaphrynus hololius) is a amphibian species recorded in the Kopargaon region, typically associated with agricultural field habitat.",SP0187_Duttaphrynus_hololius.jpg
SP0188,Indian Burrowing Frog,Sphaerotheca breviceps,Animalia,Chordata,Amphibia,Anura,Sphaerothecaidae,Sphaerotheca,breviceps,Amphibians,Least Concern,Canal,False,False,False,False,True,N/A,Dec-Feb,Insectivore,9,Stable,"Indian Burrowing Frog (Sphaerotheca breviceps) is a amphibian species recorded in the Kopargaon region, typically associated with canal habitat.",SP0188_Sphaerotheca_breviceps.jpg
SP0189,Ramanella Frog,Uperodon variegatus,Animalia,Chordata,Amphibia,Anura,Uperodonidae,Uperodon,variegatus,Amphibians,Least Concern,Godavari River,False,False,False,False,True,N/A,Sep-Dec,Carnivore,2,Under Watch,"Ramanella Frog (Uperodon variegatus) is a amphibian species recorded in the Kopargaon region, typically associated with pond habitat.",SP0189_Uperodon_variegatus.jpg
SP0190,Painted Frog,Kaloula taprobanica,Animalia,Chordata,Amphibia,Anura,Kaloulaidae,Kaloula,taprobanica,Amphibians,Data Deficient,Agricultural Field,True,False,False,False,True,N/A,Jun-Sep,Insectivore,9,Increasing,"Painted Frog (Kaloula taprobanica) is a amphibian species recorded in the Kopargaon region, typically associated with wetland habitat.",SP0190_Kaloula_taprobanica.jpg
SP0191,Common Mormon,Papilio polytes,Animalia,Arthropoda,Insecta,Lepidoptera,Papilioidae,Papilio,polytes,Butterflies,Near Threatened,Grassland,False,False,False,True,False,N/A,Sep-Dec,Nectarivore,1,Stable,"Common Mormon (Papilio polytes) is a butterflie species recorded in the Kopargaon region, typically associated with grassland habitat.",SP0191_Papilio_polytes.jpg
SP0192,Common Rose,Pachliopta aristolochiae,Animalia,Arthropoda,Insecta,Lepidoptera,Pachlioptaidae,Pachliopta,aristolochiae,Butterflies,Least Concern,Temple Grove,False,False,False,True,False,N/A,Year-round,Nectarivore,1,Stable,"Common Rose (Pachliopta aristolochiae) is a butterflie species recorded in the Kopargaon region, typically associated with agricultural field habitat.",SP0192_Pachliopta_aristolochiae.jpg
SP0193,Crimson Rose,Pachliopta hector,Animalia,Arthropoda,Insecta,Lepidoptera,Pachlioptaidae,Pachliopta,hector,Butterflies,Least Concern,Grassland,False,False,False,True,False,N/A,Mar-Jun,Nectarivore,1,Declining,"Crimson Rose (Pachliopta hector) is a butterflie species recorded in the Kopargaon region, typically associated with urban garden habitat.",SP0193_Pachliopta_hector.jpg
SP0194,Blue Mormon,Papilio polymnestor,Animalia,Arthropoda,Insecta,Lepidoptera,Papilioidae,Papilio,polymnestor,Butterflies,Least Concern,Urban Garden,False,False,False,True,False,N/A,Mar-Jun,Nectarivore,1,Stable,"Blue Mormon (Papilio polymnestor) is a butterflie species recorded in the Kopargaon region, typically associated with urban garden habitat.",SP0194_Papilio_polymnestor.jpg
SP0195,Lime Butterfly,Papilio demoleus,Animalia,Arthropoda,Insecta,Lepidoptera,Papilioidae,Papilio,demoleus,Butterflies,Least Concern,Roadside Plantation,False,False,False,True,False,N/A,Jun-Sep,Nectarivore,1,Declining,"Lime Butterfly (Papilio demoleus) is a butterflie species recorded in the Kopargaon region, typically associated with urban garden habitat.",SP0195_Papilio_demoleus.jpg
SP0196,Common Jezebel,Delias eucharis,Animalia,Arthropoda,Insecta,Lepidoptera,Deliasidae,Delias,eucharis,Butterflies,Not Evaluated,Roadside Plantation,False,False,False,True,False,N/A,Year-round,Nectarivore,1,Declining,"Common Jezebel (Delias eucharis) is a butterflie species recorded in the Kopargaon region, typically associated with urban garden habitat.",SP0196_Delias_eucharis.jpg
SP0197,Plain Tiger,Danaus chrysippus,Animalia,Arthropoda,Insecta,Lepidoptera,Danausidae,Danaus,chrysippus,Butterflies,Near Threatened,Temple Grove,False,False,False,True,False,N/A,Year-round,Nectarivore,1,Stable,"Plain Tiger (Danaus chrysippus) is a butterflie species recorded in the Kopargaon region, typically associated with grassland habitat.",SP0197_Danaus_chrysippus.jpg
SP0198,Striped Tiger,Danaus genutia,Animalia,Arthropoda,Insecta,Lepidoptera,Danausidae,Danaus,genutia,Butterflies,Endangered,Grassland,False,False,False,True,False,N/A,Jun-Sep,Nectarivore,1,Stable,"Striped Tiger (Danaus genutia) is a butterflie species recorded in the Kopargaon region, typically associated with urban garden habitat.",SP0198_Danaus_genutia.jpg
SP0199,Danaid Eggfly,Hypolimnas misippus,Animalia,Arthropoda,Insecta,Lepidoptera,Hypolimnasidae,Hypolimnas,misippus,Butterflies,Least Concern,Temple Grove,False,False,False,True,False,N/A,Sep-Dec,Nectarivore,1,Declining,"Danaid Eggfly (Hypolimnas misippus) is a butterflie species recorded in the Kopargaon region, typically associated with temple grove habitat.",SP0199_Hypolimnas_misippus.jpg
SP0200,Common Crow,Euploea core,Animalia,Arthropoda,Insecta,Lepidoptera,Euploeaidae,Euploea,core,Butterflies,Vulnerable,Temple Grove,False,False,False,True,False,N/A,Dec-Feb,Nectarivore,1,Increasing,"Common Crow (Euploea core) is a butterflie species recorded in the Kopargaon region, typically associated with temple grove habitat.",SP0200_Euploea_core.jpg
SP0201,Common Emigrant,Catopsilia pomona,Animalia,Arthropoda,Insecta,Lepidoptera,Catopsiliaidae,Catopsilia,pomona,Butterflies,Data Deficient,Urban Garden,False,False,False,True,False,N/A,Sep-Dec,Nectarivore,1,Declining,"Common Emigrant (Catopsilia pomona) is a butterflie species recorded in the Kopargaon region, typically associated with grassland habitat.",SP0201_Catopsilia_pomona.jpg
SP0202,Common Grass Yellow,Eurema hecabe,Animalia,Arthropoda,Insecta,Lepidoptera,Euremaidae,Eurema,hecabe,Butterflies,Not Evaluated,Temple Grove,False,False,False,True,False,N/A,Year-round,Nectarivore,1,Stable,"Common Grass Yellow (Eurema hecabe) is a butterflie species recorded in the Kopargaon region, typically associated with roadside plantation habitat.",SP0202_Eurema_hecabe.jpg
SP0203,Small Grass Yellow,Eurema brigitta,Animalia,Arthropoda,Insecta,Lepidoptera,Euremaidae,Eurema,brigitta,Butterflies,Vulnerable,Temple Grove,False,False,False,True,False,N/A,Sep-Dec,Nectarivore,1,Stable,"Small Grass Yellow (Eurema brigitta) is a butterflie species recorded in the Kopargaon region, typically associated with temple grove habitat.",SP0203_Eurema_brigitta.jpg
SP0204,Common Wanderer,Pareronia valeria,Animalia,Arthropoda,Insecta,Lepidoptera,Pareroniaidae,Pareronia,valeria,Butterflies,Endangered,Urban Garden,False,False,False,True,False,N/A,Jun-Sep,Nectarivore,1,Declining,"Common Wanderer (Pareronia valeria) is a butterflie species recorded in the Kopargaon region, typically associated with temple grove habitat.",SP0204_Pareronia_valeria.jpg
SP0205,Great Eggfly,Hypolimnas bolina,Animalia,Arthropoda,Insecta,Lepidoptera,Hypolimnasidae,Hypolimnas,bolina,Butterflies,Least Concern,Temple Grove,False,False,False,True,False,N/A,Year-round,Nectarivore,1,Declining,"Great Eggfly (Hypolimnas bolina) is a butterflie species recorded in the Kopargaon region, typically associated with temple grove habitat.",SP0205_Hypolimnas_bolina.jpg
SP0206,Grey Pansy,Junonia atlites,Animalia,Arthropoda,Insecta,Lepidoptera,Junoniaidae,Junonia,atlites,Butterflies,Least Concern,Grassland,False,False,False,True,False,N/A,Jun-Sep,Nectarivore,1,Stable,"Grey Pansy (Junonia atlites) is a butterflie species recorded in the Kopargaon region, typically associated with roadside plantation habitat.",SP0206_Junonia_atlites.jpg
SP0207,Peacock Pansy,Junonia almana,Animalia,Arthropoda,Insecta,Lepidoptera,Junoniaidae,Junonia,almana,Butterflies,Least Concern,Urban Garden,False,False,False,True,False,N/A,Year-round,Nectarivore,1,Under Watch,"Peacock Pansy (Junonia almana) is a butterflie species recorded in the Kopargaon region, typically associated with temple grove habitat.",SP0207_Junonia_almana.jpg
SP0208,Lemon Pansy,Junonia lemonias,Animalia,Arthropoda,Insecta,Lepidoptera,Junoniaidae,Junonia,lemonias,Butterflies,Endangered,Grassland,False,False,False,True,False,N/A,Mar-Jun,Nectarivore,1,Under Watch,"Lemon Pansy (Junonia lemonias) is a butterflie species recorded in the Kopargaon region, typically associated with grassland habitat.",SP0208_Junonia_lemonias.jpg
SP0209,Chocolate Pansy,Junonia iphita,Animalia,Arthropoda,Insecta,Lepidoptera,Junoniaidae,Junonia,iphita,Butterflies,Near Threatened,Agricultural Field,False,True,False,True,False,N/A,Jun-Sep,Nectarivore,1,Stable,"Chocolate Pansy (Junonia iphita) is a butterflie species recorded in the Kopargaon region, typically associated with grassland habitat.",SP0209_Junonia_iphita.jpg
SP0210,Yellow Pansy,Junonia hierta,Animalia,Arthropoda,Insecta,Lepidoptera,Junoniaidae,Junonia,hierta,Butterflies,Least Concern,Grassland,False,False,False,True,False,N/A,Mar-Jun,Nectarivore,1,Stable,"Yellow Pansy (Junonia hierta) is a butterflie species recorded in the Kopargaon region, typically associated with agricultural field habitat.",SP0210_Junonia_hierta.jpg
SP0211,Blue Pansy,Junonia orithya,Animalia,Arthropoda,Insecta,Lepidoptera,Junoniaidae,Junonia,orithya,Butterflies,Near Threatened,Roadside Plantation,False,False,False,True,False,N/A,Jun-Sep,Nectarivore,1,Under Watch,"Blue Pansy (Junonia orithya) is a butterflie species recorded in the Kopargaon region, typically associated with roadside plantation habitat.",SP0211_Junonia_orithya.jpg
SP0212,Common Sailor,Neptis hylas,Animalia,Arthropoda,Insecta,Lepidoptera,Neptisidae,Neptis,hylas,Butterflies,Least Concern,Urban Garden,False,False,False,True,False,N/A,Mar-Jun,Nectarivore,1,Stable,"Common Sailor (Neptis hylas) is a butterflie species recorded in the Kopargaon region, typically associated with grassland habitat.",SP0212_Neptis_hylas.jpg
SP0213,Common Baron,Euthalia aconthea,Animalia,Arthropoda,Insecta,Lepidoptera,Euthaliaidae,Euthalia,aconthea,Butterflies,Near Threatened,Roadside Plantation,False,False,False,True,False,N/A,Sep-Dec,Nectarivore,1,Stable,"Common Baron (Euthalia aconthea) is a butterflie species recorded in the Kopargaon region, typically associated with temple grove habitat.",SP0213_Euthalia_aconthea.jpg
SP0214,Tawny Coster,Acraea terpsicore,Animalia,Arthropoda,Insecta,Lepidoptera,Acraeaidae,Acraea,terpsicore,Butterflies,Not Evaluated,Agricultural Field,False,False,False,True,False,N/A,Mar-Jun,Nectarivore,1,Increasing,"Tawny Coster (Acraea terpsicore) is a butterflie species recorded in the Kopargaon region, typically associated with roadside plantation habitat.",SP0214_Acraea_terpsicore.jpg
SP0215,Common Leopard,Phalanta phalantha,Animalia,Arthropoda,Insecta,Lepidoptera,Phalantaidae,Phalanta,phalantha,Butterflies,Vulnerable,Grassland,True,False,False,True,False,N/A,Sep-Dec,Nectarivore,1,Under Watch,"Common Leopard (Phalanta phalantha) is a butterflie species recorded in the Kopargaon region, typically associated with urban garden habitat.",SP0215_Phalanta_phalantha.jpg
SP0216,Common Castor,Ariadne merione,Animalia,Arthropoda,Insecta,Lepidoptera,Ariadneidae,Ariadne,merione,Butterflies,Least Concern,Urban Garden,False,False,False,True,False,N/A,Mar-Jun,Nectarivore,1,Stable,"Common Castor (Ariadne merione) is a butterflie species recorded in the Kopargaon region, typically associated with grassland habitat.",SP0216_Ariadne_merione.jpg
SP0217,Angled Castor,Ariadne ariadne,Animalia,Arthropoda,Insecta,Lepidoptera,Ariadneidae,Ariadne,ariadne,Butterflies,Not Evaluated,Roadside Plantation,False,False,False,True,False,N/A,Dec-Feb,Nectarivore,1,Declining,"Angled Castor (Ariadne ariadne) is a butterflie species recorded in the Kopargaon region, typically associated with agricultural field habitat.",SP0217_Ariadne_ariadne.jpg
SP0218,Common Gull,Cepora nerissa,Animalia,Arthropoda,Insecta,Lepidoptera,Ceporaidae,Cepora,nerissa,Butterflies,Vulnerable,Urban Garden,False,False,False,True,False,N/A,Year-round,Nectarivore,1,Stable,"Common Gull (Cepora nerissa) is a butterflie species recorded in the Kopargaon region, typically associated with temple grove habitat.",SP0218_Cepora_nerissa.jpg
SP0219,Common Jay,Graphium doson,Animalia,Arthropoda,Insecta,Lepidoptera,Graphiumidae,Graphium,doson,Butterflies,Least Concern,Urban Garden,False,False,False,True,False,N/A,Year-round,Nectarivore,1,Increasing,"Common Jay (Graphium doson) is a butterflie species recorded in the Kopargaon region, typically associated with roadside plantation habitat.",SP0219_Graphium_doson.jpg
SP0220,Tailed Jay,Graphium agamemnon,Animalia,Arthropoda,Insecta,Lepidoptera,Graphiumidae,Graphium,agamemnon,Butterflies,Endangered,Agricultural Field,False,False,False,True,False,N/A,Jun-Sep,Nectarivore,1,Declining,"Tailed Jay (Graphium agamemnon) is a butterflie species recorded in the Kopargaon region, typically associated with grassland habitat.",SP0220_Graphium_agamemnon.jpg
SP0221,Common Banded Awl,Hasora chromus,Animalia,Arthropoda,Insecta,Lepidoptera,Hasoraidae,Hasora,chromus,Butterflies,Least Concern,Urban Garden,False,False,False,True,False,N/A,Mar-Jun,Nectarivore,1,Increasing,"Common Banded Awl (Hasora chromus) is a butterflie species recorded in the Kopargaon region, typically associated with roadside plantation habitat.",SP0221_Hasora_chromus.jpg
SP0222,Indian Skipper,Spialia galba,Animalia,Arthropoda,Insecta,Lepidoptera,Spialiaidae,Spialia,galba,Butterflies,Least Concern,Urban Garden,False,False,False,True,False,N/A,Dec-Feb,Nectarivore,1,Declining,"Indian Skipper (Spialia galba) is a butterflie species recorded in the Kopargaon region, typically associated with urban garden habitat.",SP0222_Spialia_galba.jpg
SP0223,Common Grass Blue,Zizeeria karsandra,Animalia,Arthropoda,Insecta,Lepidoptera,Zizeeriaidae,Zizeeria,karsandra,Butterflies,Least Concern,Agricultural Field,False,False,False,True,False,N/A,Sep-Dec,Nectarivore,1,Increasing,"Common Grass Blue (Zizeeria karsandra) is a butterflie species recorded in the Kopargaon region, typically associated with grassland habitat.",SP0223_Zizeeria_karsandra.jpg
SP0224,Pea Blue,Lampides boeticus,Animalia,Arthropoda,Insecta,Lepidoptera,Lampidesidae,Lampides,boeticus,Butterflies,Not Evaluated,Urban Garden,False,False,False,True,False,N/A,Jun-Sep,Nectarivore,1,Stable,"Pea Blue (Lampides boeticus) is a butterflie species recorded in the Kopargaon region, typically associated with roadside plantation habitat.",SP0224_Lampides_boeticus.jpg
SP0225,Gram Blue,Euchrysops cnejus,Animalia,Arthropoda,Insecta,Lepidoptera,Euchrysopsidae,Euchrysops,cnejus,Butterflies,Endangered,Roadside Plantation,False,False,False,True,False,N/A,Dec-Feb,Nectarivore,1,Declining,"Gram Blue (Euchrysops cnejus) is a butterflie species recorded in the Kopargaon region, typically associated with temple grove habitat.",SP0225_Euchrysops_cnejus.jpg
SP0226,Dark Grass Blue,Zizeeria knysna,Animalia,Arthropoda,Insecta,Lepidoptera,Zizeeriaidae,Zizeeria,knysna,Butterflies,Near Threatened,Temple Grove,False,False,False,True,False,N/A,Sep-Dec,Nectarivore,1,Increasing,"Dark Grass Blue (Zizeeria knysna) is a butterflie species recorded in the Kopargaon region, typically associated with agricultural field habitat.",SP0226_Zizeeria_knysna.jpg
SP0227,Common Cerulean,Jamides celeno,Animalia,Arthropoda,Insecta,Lepidoptera,Jamidesidae,Jamides,celeno,Butterflies,Endangered,Agricultural Field,False,False,False,True,False,N/A,Sep-Dec,Nectarivore,1,Stable,"Common Cerulean (Jamides celeno) is a butterflie species recorded in the Kopargaon region, typically associated with urban garden habitat.",SP0227_Jamides_celeno.jpg
SP0228,Lime Blue,Chilades lajus,Animalia,Arthropoda,Insecta,Lepidoptera,Chiladesidae,Chilades,lajus,Butterflies,Least Concern,Roadside Plantation,False,False,False,True,False,N/A,Jun-Sep,Nectarivore,1,Declining,"Lime Blue (Chilades lajus) is a butterflie species recorded in the Kopargaon region, typically associated with roadside plantation habitat.",SP0228_Chilades_lajus.jpg
SP0229,Red Pierrot,Talicada nyseus,Animalia,Arthropoda,Insecta,Lepidoptera,Talicadaidae,Talicada,nyseus,Butterflies,Least Concern,Temple Grove,False,False,False,True,False,N/A,Sep-Dec,Nectarivore,1,Declining,"Red Pierrot (Talicada nyseus) is a butterflie species recorded in the Kopargaon region, typically associated with agricultural field habitat.",SP0229_Talicada_nyseus.jpg
SP0230,Common Pierrot,Castalius rosimon,Animalia,Arthropoda,Insecta,Lepidoptera,Castaliusidae,Castalius,rosimon,Butterflies,Least Concern,Roadside Plantation,False,False,False,True,False,N/A,Mar-Jun,Nectarivore,1,Stable,"Common Pierrot (Castalius rosimon) is a butterflie species recorded in the Kopargaon region, typically associated with urban garden habitat.",SP0230_Castalius_rosimon.jpg
SP0231,Striped Pierrot,Tarucus nara,Animalia,Arthropoda,Insecta,Lepidoptera,Tarucusidae,Tarucus,nara,Butterflies,Vulnerable,Roadside Plantation,False,False,False,True,False,N/A,Jun-Sep,Nectarivore,1,Under Watch,"Striped Pierrot (Tarucus nara) is a butterflie species recorded in the Kopargaon region, typically associated with agricultural field habitat.",SP0231_Tarucus_nara.jpg
SP0232,Zebra Blue,Leptotes plinius,Animalia,Arthropoda,Insecta,Lepidoptera,Leptotesidae,Leptotes,plinius,Butterflies,Least Concern,Roadside Plantation,False,False,False,True,False,N/A,Jun-Sep,Nectarivore,1,Stable,"Zebra Blue (Leptotes plinius) is a butterflie species recorded in the Kopargaon region, typically associated with roadside plantation habitat.",SP0232_Leptotes_plinius.jpg
SP0233,Common Silverline,Spindasis vulcanus,Animalia,Arthropoda,Insecta,Lepidoptera,Spindasisidae,Spindasis,vulcanus,Butterflies,Endangered,Temple Grove,False,False,False,True,False,N/A,Mar-Jun,Nectarivore,1,Stable,"Common Silverline (Spindasis vulcanus) is a butterflie species recorded in the Kopargaon region, typically associated with urban garden habitat.",SP0233_Spindasis_vulcanus.jpg
SP0234,Common Bushbrown,Mycalesis perseus,Animalia,Arthropoda,Insecta,Lepidoptera,Mycalesisidae,Mycalesis,perseus,Butterflies,Least Concern,Roadside Plantation,False,False,False,True,False,N/A,Sep-Dec,Nectarivore,1,Stable,"Common Bushbrown (Mycalesis perseus) is a butterflie species recorded in the Kopargaon region, typically associated with urban garden habitat.",SP0234_Mycalesis_perseus.jpg
SP0235,Common Evening Brown,Melanitis leda,Animalia,Arthropoda,Insecta,Lepidoptera,Melanitisidae,Melanitis,leda,Butterflies,Vulnerable,Urban Garden,False,False,False,True,False,N/A,Jun-Sep,Nectarivore,1,Under Watch,"Common Evening Brown (Melanitis leda) is a butterflie species recorded in the Kopargaon region, typically associated with urban garden habitat.",SP0235_Melanitis_leda.jpg
SP0236,Common Fivering,Ypthima baldus,Animalia,Arthropoda,Insecta,Lepidoptera,Ypthimaidae,Ypthima,baldus,Butterflies,Endangered,Urban Garden,True,False,False,True,False,N/A,Year-round,Nectarivore,1,Stable,"Common Fivering (Ypthima baldus) is a butterflie species recorded in the Kopargaon region, typically associated with roadside plantation habitat.",SP0236_Ypthima_baldus.jpg
SP0237,Common Fourring,Ypthima huebneri,Animalia,Arthropoda,Insecta,Lepidoptera,Ypthimaidae,Ypthima,huebneri,Butterflies,Least Concern,Grassland,True,False,False,True,False,N/A,Mar-Jun,Nectarivore,1,Declining,"Common Fourring (Ypthima huebneri) is a butterflie species recorded in the Kopargaon region, typically associated with roadside plantation habitat.",SP0237_Ypthima_huebneri.jpg
SP0238,White Orange Tip,Ixias marianne,Animalia,Arthropoda,Insecta,Lepidoptera,Ixiasidae,Ixias,marianne,Butterflies,Endangered,Roadside Plantation,False,False,False,True,False,N/A,Year-round,Nectarivore,1,Stable,"White Orange Tip (Ixias marianne) is a butterflie species recorded in the Kopargaon region, typically associated with temple grove habitat.",SP0238_Ixias_marianne.jpg
SP0239,Great Orange Tip,Hebomoia glaucippe,Animalia,Arthropoda,Insecta,Lepidoptera,Hebomoiaidae,Hebomoia,glaucippe,Butterflies,Least Concern,Roadside Plantation,False,False,False,True,False,N/A,Sep-Dec,Nectarivore,1,Stable,"Great Orange Tip (Hebomoia glaucippe) is a butterflie species recorded in the Kopargaon region, typically associated with roadside plantation habitat.",SP0239_Hebomoia_glaucippe.jpg
SP0240,Common Albatross,Appias albina,Animalia,Arthropoda,Insecta,Lepidoptera,Appiasidae,Appias,albina,Butterflies,Least Concern,Agricultural Field,True,False,False,True,False,N/A,Sep-Dec,Nectarivore,1,Increasing,"Common Albatross (Appias albina) is a butterflie species recorded in the Kopargaon region, typically associated with grassland habitat.",SP0240_Appias_albina.jpg
SP0241,Common Palmfly,Elymnias hypermnestra,Animalia,Arthropoda,Insecta,Lepidoptera,Elymniasidae,Elymnias,hypermnestra,Butterflies,Endangered,Temple Grove,False,False,False,True,False,N/A,Sep-Dec,Nectarivore,1,Stable,"Common Palmfly (Elymnias hypermnestra) is a butterflie species recorded in the Kopargaon region, typically associated with agricultural field habitat.",SP0241_Elymnias_hypermnestra.jpg
SP0242,Common Crimson Tip,Colotis danae,Animalia,Arthropoda,Insecta,Lepidoptera,Colotisidae,Colotis,danae,Butterflies,Data Deficient,Agricultural Field,False,False,False,True,False,N/A,Dec-Feb,Nectarivore,1,Stable,"Common Crimson Tip (Colotis danae) is a butterflie species recorded in the Kopargaon region, typically associated with urban garden habitat.",SP0242_Colotis_danae.jpg
SP0243,Spot Swordtail,Graphium nomius,Animalia,Arthropoda,Insecta,Lepidoptera,Graphiumidae,Graphium,nomius,Butterflies,Least Concern,Roadside Plantation,False,False,False,True,False,N/A,Year-round,Nectarivore,1,Declining,"Spot Swordtail (Graphium nomius) is a butterflie species recorded in the Kopargaon region, typically associated with agricultural field habitat.",SP0243_Graphium_nomius.jpg
SP0244,Southern Birdwing,Troides minos,Animalia,Arthropoda,Insecta,Lepidoptera,Troidesidae,Troides,minos,Butterflies,Least Concern,Grassland,False,False,False,True,False,N/A,Dec-Feb,Nectarivore,1,Under Watch,"Southern Birdwing (Troides minos) is a butterflie species recorded in the Kopargaon region, typically associated with urban garden habitat.",SP0244_Troides_minos.jpg
SP0245,Common Mime,Chilasa clytia,Animalia,Arthropoda,Insecta,Lepidoptera,Chilasaidae,Chilasa,clytia,Butterflies,Vulnerable,Urban Garden,False,False,False,True,False,N/A,Mar-Jun,Nectarivore,1,Under Watch,"Common Mime (Chilasa clytia) is a butterflie species recorded in the Kopargaon region, typically associated with temple grove habitat.",SP0245_Chilasa_clytia.jpg
SP0246,Common Line Blue,Prosotas nora,Animalia,Arthropoda,Insecta,Lepidoptera,Prosotasidae,Prosotas,nora,Butterflies,Not Evaluated,Grassland,False,False,False,True,False,N/A,Dec-Feb,Nectarivore,1,Stable,"Common Line Blue (Prosotas nora) is a butterflie species recorded in the Kopargaon region, typically associated with roadside plantation habitat.",SP0246_Prosotas_nora.jpg
SP0247,Psyche,Leptosia nina,Animalia,Arthropoda,Insecta,Lepidoptera,Leptosiaidae,Leptosia,nina,Butterflies,Least Concern,Grassland,False,False,False,True,False,N/A,Jun-Sep,Nectarivore,1,Stable,"Psyche (Leptosia nina) is a butterflie species recorded in the Kopargaon region, typically associated with urban garden habitat.",SP0247_Leptosia_nina.jpg
SP0248,Common Sergeant,Athyma perius,Animalia,Arthropoda,Insecta,Lepidoptera,Athymaidae,Athyma,perius,Butterflies,Least Concern,Roadside Plantation,False,False,False,True,False,N/A,Jun-Sep,Nectarivore,1,Increasing,"Common Sergeant (Athyma perius) is a butterflie species recorded in the Kopargaon region, typically associated with urban garden habitat.",SP0248_Athyma_perius.jpg
SP0249,Ground Skimmer,Diplacodes trivialis,Animalia,Arthropoda,Insecta,Odonata,Diplacodesidae,Diplacodes,trivialis,Dragonflies,Endangered,Wetland,False,False,False,False,False,N/A,Year-round,Insectivore (aerial predator),1,Stable,"Ground Skimmer (Diplacodes trivialis) is a dragonflie species recorded in the Kopargaon region, typically associated with canal habitat.",SP0249_Diplacodes_trivialis.jpg
SP0250,Wandering Glider,Pantala flavescens,Animalia,Arthropoda,Insecta,Odonata,Pantalaidae,Pantala,flavescens,Dragonflies,Endangered,Wetland,False,False,False,False,False,N/A,Dec-Feb,Insectivore (aerial predator),1,Increasing,"Wandering Glider (Pantala flavescens) is a dragonflie species recorded in the Kopargaon region, typically associated with wetland habitat.",SP0250_Pantala_flavescens.jpg
SP0251,Crimson Marsh Glider,Trithemis aurora,Animalia,Arthropoda,Insecta,Odonata,Trithemisidae,Trithemis,aurora,Dragonflies,Vulnerable,Pond,False,False,False,False,False,N/A,Mar-Jun,Insectivore (aerial predator),1,Declining,"Crimson Marsh Glider (Trithemis aurora) is a dragonflie species recorded in the Kopargaon region, typically associated with wetland habitat.",SP0251_Trithemis_aurora.jpg
SP0252,Common Clubtail,Ictinogomphus rapax,Animalia,Arthropoda,Insecta,Odonata,Ictinogomphusidae,Ictinogomphus,rapax,Dragonflies,Near Threatened,Godavari River,False,False,False,False,False,N/A,Dec-Feb,Insectivore (aerial predator),1,Stable,"Common Clubtail (Ictinogomphus rapax) is a dragonflie species recorded in the Kopargaon region, typically associated with wetland habitat.",SP0252_Ictinogomphus_rapax.jpg
SP0253,Rufous-backed Marsh Hawk,Orthetrum pruinosum,Animalia,Arthropoda,Insecta,Odonata,Orthetrumidae,Orthetrum,pruinosum,Dragonflies,Least Concern,Godavari River,True,False,False,False,False,N/A,Mar-Jun,Insectivore (aerial predator),1,Stable,"Rufous-backed Marsh Hawk (Orthetrum pruinosum) is a dragonflie species recorded in the Kopargaon region, typically associated with canal habitat.",SP0253_Orthetrum_pruinosum.jpg
SP0254,Marsh Skimmer,Orthetrum luzonicum,Animalia,Arthropoda,Insecta,Odonata,Orthetrumidae,Orthetrum,luzonicum,Dragonflies,Vulnerable,Godavari River,False,False,False,False,False,N/A,Sep-Dec,Insectivore (aerial predator),1,Increasing,"Marsh Skimmer (Orthetrum luzonicum) is a dragonflie species recorded in the Kopargaon region, typically associated with pond habitat.",SP0254_Orthetrum_luzonicum.jpg
SP0255,Common Parasol,Neurothemis tullia,Animalia,Arthropoda,Insecta,Odonata,Neurothemisidae,Neurothemis,tullia,Dragonflies,Not Evaluated,Godavari River,False,False,False,False,False,N/A,Jun-Sep,Insectivore (aerial predator),1,Stable,"Common Parasol (Neurothemis tullia) is a dragonflie species recorded in the Kopargaon region, typically associated with pond habitat.",SP0255_Neurothemis_tullia.jpg
SP0256,Ditch Jewel,Brachythemis contaminata,Animalia,Arthropoda,Insecta,Odonata,Brachythemisidae,Brachythemis,contaminata,Dragonflies,Data Deficient,Canal,False,False,False,False,False,N/A,Year-round,Insectivore (aerial predator),1,Stable,"Ditch Jewel (Brachythemis contaminata) is a dragonflie species recorded in the Kopargaon region, typically associated with pond habitat.",SP0256_Brachythemis_contaminata.jpg
SP0257,Coromandel Marsh Dart,Ceriagrion coromandelianum,Animalia,Arthropoda,Insecta,Odonata,Ceriagrionidae,Ceriagrion,coromandelianum,Dragonflies,Endangered,Godavari River,False,False,False,False,False,N/A,Jun-Sep,Insectivore (aerial predator),1,Under Watch,"Coromandel Marsh Dart (Ceriagrion coromandelianum) is a dragonflie species recorded in the Kopargaon region, typically associated with pond habitat.",SP0257_Ceriagrion_coromandelianum.jpg
SP0258,Pigmy Dartlet,Agriocnemis pygmaea,Animalia,Arthropoda,Insecta,Odonata,Agriocnemisidae,Agriocnemis,pygmaea,Dragonflies,Endangered,Pond,False,False,False,False,False,N/A,Mar-Jun,Insectivore (aerial predator),1,Declining,"Pigmy Dartlet (Agriocnemis pygmaea) is a dragonflie species recorded in the Kopargaon region, typically associated with wetland habitat.",SP0258_Agriocnemis_pygmaea.jpg
SP0259,Ornate Coraltail,Ceriagrion cerinorubellum,Animalia,Arthropoda,Insecta,Odonata,Ceriagrionidae,Ceriagrion,cerinorubellum,Dragonflies,Vulnerable,Godavari River,False,False,False,False,False,N/A,Mar-Jun,Insectivore (aerial predator),1,Stable,"Ornate Coraltail (Ceriagrion cerinorubellum) is a dragonflie species recorded in the Kopargaon region, typically associated with pond habitat.",SP0259_Ceriagrion_cerinorubellum.jpg
SP0260,Blue-tailed Yellow Skimmer,Brachydiplax sobrina,Animalia,Arthropoda,Insecta,Odonata,Brachydiplaxidae,Brachydiplax,sobrina,Dragonflies,Least Concern,Godavari River,False,False,False,False,False,N/A,Dec-Feb,Insectivore (aerial predator),1,Stable,"Blue-tailed Yellow Skimmer (Brachydiplax sobrina) is a dragonflie species recorded in the Kopargaon region, typically associated with pond habitat.",SP0260_Brachydiplax_sobrina.jpg
SP0261,Green Marsh Hawk,Orthetrum sabina,Animalia,Arthropoda,Insecta,Odonata,Orthetrumidae,Orthetrum,sabina,Dragonflies,Least Concern,Wetland,False,False,False,False,False,N/A,Sep-Dec,Insectivore (aerial predator),1,Stable,"Green Marsh Hawk (Orthetrum sabina) is a dragonflie species recorded in the Kopargaon region, typically associated with wetland habitat.",SP0261_Orthetrum_sabina.jpg
SP0262,Sociable Glider,Tramea limbata,Animalia,Arthropoda,Insecta,Odonata,Trameaidae,Tramea,limbata,Dragonflies,Least Concern,Godavari River,False,False,False,False,False,N/A,Year-round,Insectivore (aerial predator),1,Increasing,"Sociable Glider (Tramea limbata) is a dragonflie species recorded in the Kopargaon region, typically associated with canal habitat.",SP0262_Tramea_limbata.jpg
SP0263,Trumpet Tail,Acisoma panorpoides,Animalia,Arthropoda,Insecta,Odonata,Acisomaidae,Acisoma,panorpoides,Dragonflies,Not Evaluated,Pond,False,False,False,False,False,N/A,Year-round,Insectivore (aerial predator),1,Declining,"Trumpet Tail (Acisoma panorpoides) is a dragonflie species recorded in the Kopargaon region, typically associated with godavari river habitat.",SP0263_Acisoma_panorpoides.jpg
SP0264,Common Redbolt,Rhodothemis rufa,Animalia,Arthropoda,Insecta,Odonata,Rhodothemisidae,Rhodothemis,rufa,Dragonflies,Vulnerable,Canal,False,False,False,False,False,N/A,Dec-Feb,Insectivore (aerial predator),1,Stable,"Common Redbolt (Rhodothemis rufa) is a dragonflie species recorded in the Kopargaon region, typically associated with wetland habitat.",SP0264_Rhodothemis_rufa.jpg
SP0265,Restless Demon,Indothemis carnatica,Animalia,Arthropoda,Insecta,Odonata,Indothemisidae,Indothemis,carnatica,Dragonflies,Near Threatened,Godavari River,False,False,False,False,False,N/A,Dec-Feb,Insectivore (aerial predator),1,Declining,"Restless Demon (Indothemis carnatica) is a dragonflie species recorded in the Kopargaon region, typically associated with wetland habitat.",SP0265_Indothemis_carnatica.jpg
SP0266,Black Stream Glider,Trithemis festiva,Animalia,Arthropoda,Insecta,Odonata,Trithemisidae,Trithemis,festiva,Dragonflies,Least Concern,Godavari River,False,False,False,False,False,N/A,Mar-Jun,Insectivore (aerial predator),1,Stable,"Black Stream Glider (Trithemis festiva) is a dragonflie species recorded in the Kopargaon region, typically associated with wetland habitat.",SP0266_Trithemis_festiva.jpg
SP0267,Yellow-striped Blue Dartlet,Ceriagrion olivaceum,Animalia,Arthropoda,Insecta,Odonata,Ceriagrionidae,Ceriagrion,olivaceum,Dragonflies,Least Concern,Pond,False,False,False,False,False,N/A,Year-round,Insectivore (aerial predator),1,Under Watch,"Yellow-striped Blue Dartlet (Ceriagrion olivaceum) is a dragonflie species recorded in the Kopargaon region, typically associated with canal habitat.",SP0267_Ceriagrion_olivaceum.jpg
SP0268,Blue-tailed Damselfly,Ischnura senegalensis,Animalia,Arthropoda,Insecta,Odonata,Ischnuraidae,Ischnura,senegalensis,Dragonflies,Least Concern,Wetland,False,False,False,False,False,N/A,Dec-Feb,Insectivore (aerial predator),1,Under Watch,"Blue-tailed Damselfly (Ischnura senegalensis) is a dragonflie species recorded in the Kopargaon region, typically associated with canal habitat.",SP0268_Ischnura_senegalensis.jpg
SP0269,Rohu,Labeo rohita,Animalia,Chordata,Actinopterygii,Cypriniformes (var.),Labeoidae,Labeo,rohita,Fish,Endangered,Godavari River,False,False,False,False,False,N/A,Dec-Feb,Omnivore,15,Increasing,"Rohu (Labeo rohita) is a fish species recorded in the Kopargaon region, typically associated with pond habitat.",SP0269_Labeo_rohita.jpg
SP0270,Catla,Catla catla,Animalia,Chordata,Actinopterygii,Cypriniformes (var.),Catlaidae,Catla,catla,Fish,Least Concern,Pond,False,False,False,False,False,N/A,Sep-Dec,Herbivore,14,Stable,"Catla (Catla catla) is a fish species recorded in the Kopargaon region, typically associated with canal habitat.",SP0270_Catla_catla.jpg
SP0271,Mrigal,Cirrhinus mrigala,Animalia,Chordata,Actinopterygii,Cypriniformes (var.),Cirrhinusidae,Cirrhinus,mrigala,Fish,Data Deficient,Godavari River,False,False,False,False,False,N/A,Mar-Jun,Omnivore,9,Declining,"Mrigal (Cirrhinus mrigala) is a fish species recorded in the Kopargaon region, typically associated with canal habitat.",SP0271_Cirrhinus_mrigala.jpg
SP0272,Common Carp,Cyprinus carpio,Animalia,Chordata,Actinopterygii,Cypriniformes (var.),Cyprinusidae,Cyprinus,carpio,Fish,Vulnerable,Canal,False,False,False,False,False,N/A,Dec-Feb,Planktivore,4,Under Watch,"Common Carp (Cyprinus carpio) is a fish species recorded in the Kopargaon region, typically associated with reservoir habitat.",SP0272_Cyprinus_carpio.jpg
SP0273,Grass Carp,Ctenopharyngodon idella,Animalia,Chordata,Actinopterygii,Cypriniformes (var.),Ctenopharyngodonidae,Ctenopharyngodon,idella,Fish,Data Deficient,Canal,False,False,False,False,False,N/A,Sep-Dec,Carnivore,12,Under Watch,"Grass Carp (Ctenopharyngodon idella) is a fish species recorded in the Kopargaon region, typically associated with reservoir habitat.",SP0273_Ctenopharyngodon_idella.jpg
SP0274,Silver Carp,Hypophthalmichthys molitrix,Animalia,Chordata,Actinopterygii,Cypriniformes (var.),Hypophthalmichthysidae,Hypophthalmichthys,molitrix,Fish,Data Deficient,Godavari River,False,False,False,False,False,N/A,Dec-Feb,Planktivore,2,Declining,"Silver Carp (Hypophthalmichthys molitrix) is a fish species recorded in the Kopargaon region, typically associated with reservoir habitat.",SP0274_Hypophthalmichthys_molitrix.jpg
SP0275,Walking Catfish,Clarias batrachus,Animalia,Chordata,Actinopterygii,Cypriniformes (var.),Clariasidae,Clarias,batrachus,Fish,Endangered,Reservoir,False,False,False,False,False,N/A,Sep-Dec,Herbivore,10,Under Watch,"Walking Catfish (Clarias batrachus) is a fish species recorded in the Kopargaon region, typically associated with canal habitat.",SP0275_Clarias_batrachus.jpg
SP0276,Stinging Catfish,Heteropneustes fossilis,Animalia,Chordata,Actinopterygii,Cypriniformes (var.),Heteropneustesidae,Heteropneustes,fossilis,Fish,Not Evaluated,Reservoir,True,False,False,False,False,N/A,Year-round,Carnivore,5,Stable,"Stinging Catfish (Heteropneustes fossilis) is a fish species recorded in the Kopargaon region, typically associated with reservoir habitat.",SP0276_Heteropneustes_fossilis.jpg
SP0277,Giant Snakehead,Channa marulius,Animalia,Chordata,Actinopterygii,Cypriniformes (var.),Channaidae,Channa,marulius,Fish,Least Concern,Godavari River,False,True,False,False,False,N/A,Mar-Jun,Planktivore,4,Stable,"Giant Snakehead (Channa marulius) is a fish species recorded in the Kopargaon region, typically associated with pond habitat.",SP0277_Channa_marulius.jpg
SP0278,Striped Snakehead,Channa striata,Animalia,Chordata,Actinopterygii,Cypriniformes (var.),Channaidae,Channa,striata,Fish,Least Concern,Reservoir,False,False,False,False,False,N/A,Dec-Feb,Herbivore,15,Declining,"Striped Snakehead (Channa striata) is a fish species recorded in the Kopargaon region, typically associated with pond habitat.",SP0278_Channa_striata.jpg
SP0279,Freshwater Garfish,Xenentodon cancila,Animalia,Chordata,Actinopterygii,Cypriniformes (var.),Xenentodonidae,Xenentodon,cancila,Fish,Least Concern,Pond,False,False,False,False,False,N/A,Dec-Feb,Planktivore,5,Under Watch,"Freshwater Garfish (Xenentodon cancila) is a fish species recorded in the Kopargaon region, typically associated with reservoir habitat.",SP0279_Xenentodon_cancila.jpg
SP0280,Deccan Mahseer,Tor khudree,Animalia,Chordata,Actinopterygii,Cypriniformes (var.),Toridae,Tor,khudree,Fish,Least Concern,Godavari River,False,False,False,False,False,N/A,Sep-Dec,Herbivore,9,Stable,"Deccan Mahseer (Tor khudree) is a fish species recorded in the Kopargaon region, typically associated with reservoir habitat.",SP0280_Tor_khudree.jpg
SP0281,Climbing Perch,Anabas testudineus,Animalia,Chordata,Actinopterygii,Cypriniformes (var.),Anabasidae,Anabas,testudineus,Fish,Least Concern,Pond,False,False,False,False,False,N/A,Sep-Dec,Herbivore,11,Stable,"Climbing Perch (Anabas testudineus) is a fish species recorded in the Kopargaon region, typically associated with reservoir habitat.",SP0281_Anabas_testudineus.jpg
SP0282,Indian Glassy Fish,Parambassis ranga,Animalia,Chordata,Actinopterygii,Cypriniformes (var.),Parambassisidae,Parambassis,ranga,Fish,Vulnerable,Reservoir,False,False,False,False,False,N/A,Mar-Jun,Herbivore,9,Under Watch,"Indian Glassy Fish (Parambassis ranga) is a fish species recorded in the Kopargaon region, typically associated with godavari river habitat.",SP0282_Parambassis_ranga.jpg
SP0283,Mystus Catfish,Mystus tengara,Animalia,Chordata,Actinopterygii,Cypriniformes (var.),Mystusidae,Mystus,tengara,Fish,Not Evaluated,Canal,False,False,False,False,False,N/A,Jun-Sep,Herbivore,5,Stable,"Mystus Catfish (Mystus tengara) is a fish species recorded in the Kopargaon region, typically associated with godavari river habitat.",SP0283_Mystus_tengara.jpg
SP0284,Wallago Catfish,Wallago attu,Animalia,Chordata,Actinopterygii,Cypriniformes (var.),Wallagoidae,Wallago,attu,Fish,Least Concern,Reservoir,False,False,False,False,False,N/A,Sep-Dec,Herbivore,2,Stable,"Wallago Catfish (Wallago attu) is a fish species recorded in the Kopargaon region, typically associated with reservoir habitat.",SP0284_Wallago_attu.jpg
SP0285,Butter Catfish,Ompok bimaculatus,Animalia,Chordata,Actinopterygii,Cypriniformes (var.),Ompokidae,Ompok,bimaculatus,Fish,Least Concern,Godavari River,False,False,False,False,False,N/A,Sep-Dec,Herbivore,10,Stable,"Butter Catfish (Ompok bimaculatus) is a fish species recorded in the Kopargaon region, typically associated with godavari river habitat.",SP0285_Ompok_bimaculatus.jpg
SP0286,Olive Barb,Systomus sarana,Animalia,Chordata,Actinopterygii,Cypriniformes (var.),Systomusidae,Systomus,sarana,Fish,Not Evaluated,Godavari River,False,False,False,False,False,N/A,Year-round,Planktivore,7,Under Watch,"Olive Barb (Systomus sarana) is a fish species recorded in the Kopargaon region, typically associated with godavari river habitat.",SP0286_Systomus_sarana.jpg
SP0287,Rosy Barb,Pethia conchonius,Animalia,Chordata,Actinopterygii,Cypriniformes (var.),Pethiaidae,Pethia,conchonius,Fish,Least Concern,Godavari River,False,False,False,False,False,N/A,Dec-Feb,Herbivore,13,Increasing,"Rosy Barb (Pethia conchonius) is a fish species recorded in the Kopargaon region, typically associated with reservoir habitat.",SP0287_Pethia_conchonius.jpg
SP0288,Zebra Danio,Danio rerio,Animalia,Chordata,Actinopterygii,Cypriniformes (var.),Danioidae,Danio,rerio,Fish,Endangered,Godavari River,False,False,False,False,False,N/A,Jun-Sep,Herbivore,14,Under Watch,"Zebra Danio (Danio rerio) is a fish species recorded in the Kopargaon region, typically associated with pond habitat.",SP0288_Danio_rerio.jpg
SP0289,Flying Barb,Esomus danricus,Animalia,Chordata,Actinopterygii,Cypriniformes (var.),Esomusidae,Esomus,danricus,Fish,Vulnerable,Pond,False,False,False,False,False,N/A,Jun-Sep,Herbivore,15,Under Watch,"Flying Barb (Esomus danricus) is a fish species recorded in the Kopargaon region, typically associated with reservoir habitat.",SP0289_Esomus_danricus.jpg
SP0290,Bata,Labeo bata,Animalia,Chordata,Actinopterygii,Cypriniformes (var.),Labeoidae,Labeo,bata,Fish,Least Concern,Canal,False,False,False,False,False,N/A,Sep-Dec,Herbivore,6,Stable,"Bata (Labeo bata) is a fish species recorded in the Kopargaon region, typically associated with pond habitat.",SP0290_Labeo_bata.jpg
SP0291,Reba,Cirrhinus reba,Animalia,Chordata,Actinopterygii,Cypriniformes (var.),Cirrhinusidae,Cirrhinus,reba,Fish,Vulnerable,Pond,False,True,False,False,False,N/A,Sep-Dec,Herbivore,2,Stable,"Reba (Cirrhinus reba) is a fish species recorded in the Kopargaon region, typically associated with canal habitat.",SP0291_Cirrhinus_reba.jpg
SP0292,Freshwater Eel,Anguilla bengalensis,Animalia,Chordata,Actinopterygii,Cypriniformes (var.),Anguillaidae,Anguilla,bengalensis,Fish,Least Concern,Reservoir,False,False,False,False,False,N/A,Dec-Feb,Omnivore,4,Stable,"Freshwater Eel (Anguilla bengalensis) is a fish species recorded in the Kopargaon region, typically associated with godavari river habitat.",SP0292_Anguilla_bengalensis.jpg
SP0293,Orange Chromide,Etroplus maculatus,Animalia,Chordata,Actinopterygii,Cypriniformes (var.),Etroplusidae,Etroplus,maculatus,Fish,Least Concern,Canal,False,False,False,False,False,N/A,Dec-Feb,Herbivore,2,Increasing,"Orange Chromide (Etroplus maculatus) is a fish species recorded in the Kopargaon region, typically associated with pond habitat.",SP0293_Etroplus_maculatus.jpg
SP0294,Deccan Barb,Systomus canarensis,Animalia,Chordata,Actinopterygii,Cypriniformes (var.),Systomusidae,Systomus,canarensis,Fish,Least Concern,Reservoir,True,False,False,False,False,N/A,Dec-Feb,Omnivore,8,Stable,"Deccan Barb (Systomus canarensis) is a fish species recorded in the Kopargaon region, typically associated with reservoir habitat.",SP0294_Systomus_canarensis.jpg
SP0295,Malabar Danio,Devario aequipinnatus,Animalia,Chordata,Actinopterygii,Cypriniformes (var.),Devarioidae,Devario,aequipinnatus,Fish,Data Deficient,Pond,False,False,False,False,False,N/A,Dec-Feb,Herbivore,8,Under Watch,"Malabar Danio (Devario aequipinnatus) is a fish species recorded in the Kopargaon region, typically associated with godavari river habitat.",SP0295_Devario_aequipinnatus.jpg
SP0296,Indian Loach,Lepidocephalichthys thermalis,Animalia,Chordata,Actinopterygii,Cypriniformes (var.),Lepidocephalichthysidae,Lepidocephalichthys,thermalis,Fish,Least Concern,Canal,False,False,False,False,False,N/A,Year-round,Herbivore,7,Under Watch,"Indian Loach (Lepidocephalichthys thermalis) is a fish species recorded in the Kopargaon region, typically associated with canal habitat.",SP0296_Lepidocephalichthys_thermalis.jpg
SP0297,Indian Honey Bee,Apis cerana,Animalia,Arthropoda,Insecta,Various,Apisidae,Apis,cerana,Insects,Least Concern,Urban Garden,False,False,False,True,False,N/A,Jun-Sep,Detritivore,3,Stable,"Indian Honey Bee (Apis cerana) is a insect species recorded in the Kopargaon region, typically associated with agricultural field habitat.",SP0297_Apis_cerana.jpg
SP0298,Giant Honey Bee,Apis dorsata,Animalia,Arthropoda,Insecta,Various,Apisidae,Apis,dorsata,Insects,Least Concern,Agricultural Field,False,False,False,True,False,N/A,Dec-Feb,Omnivore,3,Increasing,"Giant Honey Bee (Apis dorsata) is a insect species recorded in the Kopargaon region, typically associated with agricultural field habitat.",SP0298_Apis_dorsata.jpg
SP0299,Little Honey Bee,Apis florea,Animalia,Arthropoda,Insecta,Various,Apisidae,Apis,florea,Insects,Endangered,Urban Garden,False,False,False,True,True,N/A,Year-round,Omnivore,2,Stable,"Little Honey Bee (Apis florea) is a insect species recorded in the Kopargaon region, typically associated with agricultural field habitat.",SP0299_Apis_florea.jpg
SP0300,Indian Carpenter Bee,Xylocopa violacea,Animalia,Arthropoda,Insecta,Various,Xylocopaidae,Xylocopa,violacea,Insects,Least Concern,Agricultural Field,False,False,False,True,False,N/A,Mar-Jun,Detritivore,3,Declining,"Indian Carpenter Bee (Xylocopa violacea) is a insect species recorded in the Kopargaon region, typically associated with sugarcane farm habitat.",SP0300_Xylocopa_violacea.jpg
SP0301,Common Field Cricket,Gryllus bimaculatus,Animalia,Arthropoda,Insecta,Various,Gryllusidae,Gryllus,bimaculatus,Insects,Least Concern,Agricultural Field,False,False,False,True,False,N/A,Year-round,Omnivore,2,Declining,"Common Field Cricket (Gryllus bimaculatus) is a insect species recorded in the Kopargaon region, typically associated with urban garden habitat.",SP0301_Gryllus_bimaculatus.jpg
SP0302,Indian Grasshopper,Oxya hyla,Animalia,Arthropoda,Insecta,Various,Oxyaidae,Oxya,hyla,Insects,Data Deficient,Urban Garden,False,False,False,True,False,N/A,Sep-Dec,Omnivore,3,Under Watch,"Indian Grasshopper (Oxya hyla) is a insect species recorded in the Kopargaon region, typically associated with urban garden habitat.",SP0302_Oxya_hyla.jpg
SP0303,Praying Mantis,Mantis religiosa,Animalia,Arthropoda,Insecta,Various,Mantisidae,Mantis,religiosa,Insects,Endangered,Sugarcane Farm,False,False,False,True,True,N/A,Mar-Jun,Omnivore,1,Declining,"Praying Mantis (Mantis religiosa) is a insect species recorded in the Kopargaon region, typically associated with sugarcane farm habitat.",SP0303_Mantis_religiosa.jpg
SP0304,Seven-spotted Ladybird,Coccinella septempunctata,Animalia,Arthropoda,Insecta,Various,Coccinellaidae,Coccinella,septempunctata,Insects,Not Evaluated,Urban Garden,False,False,False,True,True,N/A,Mar-Jun,Omnivore,3,Under Watch,"Seven-spotted Ladybird (Coccinella septempunctata) is a insect species recorded in the Kopargaon region, typically associated with sugarcane farm habitat.",SP0304_Coccinella_septempunctata.jpg
SP0305,Rhinoceros Beetle,Oryctes rhinoceros,Animalia,Arthropoda,Insecta,Various,Oryctesidae,Oryctes,rhinoceros,Insects,Not Evaluated,Grassland,False,False,False,True,False,N/A,Jun-Sep,Detritivore,1,Stable,"Rhinoceros Beetle (Oryctes rhinoceros) is a insect species recorded in the Kopargaon region, typically associated with grassland habitat.",SP0305_Oryctes_rhinoceros.jpg
SP0306,Dung Beetle,Onthophagus taurus,Animalia,Arthropoda,Insecta,Various,Onthophagusidae,Onthophagus,taurus,Insects,Endangered,Agricultural Field,False,False,False,True,False,N/A,Year-round,Omnivore,2,Increasing,"Dung Beetle (Onthophagus taurus) is a insect species recorded in the Kopargaon region, typically associated with agricultural field habitat.",SP0306_Onthophagus_taurus.jpg
SP0307,Common Indian Firefly,Photuris noctiluca,Animalia,Arthropoda,Insecta,Various,Photurisidae,Photuris,noctiluca,Insects,Least Concern,Urban Garden,False,False,False,True,False,N/A,Sep-Dec,Nectarivore,3,Increasing,"Common Indian Firefly (Photuris noctiluca) is a insect species recorded in the Kopargaon region, typically associated with grassland habitat.",SP0307_Photuris_noctiluca.jpg
SP0308,Indian Stick Insect,Carausius morosus,Animalia,Arthropoda,Insecta,Various,Carausiusidae,Carausius,morosus,Insects,Not Evaluated,Sugarcane Farm,False,False,False,True,True,N/A,Year-round,Herbivore,3,Under Watch,"Indian Stick Insect (Carausius morosus) is a insect species recorded in the Kopargaon region, typically associated with grassland habitat.",SP0308_Carausius_morosus.jpg
SP0309,Termite,Odontotermes obesus,Animalia,Arthropoda,Insecta,Various,Odontotermesidae,Odontotermes,obesus,Insects,Least Concern,Agricultural Field,False,False,False,True,False,N/A,Jun-Sep,Omnivore,3,Stable,"Termite (Odontotermes obesus) is a insect species recorded in the Kopargaon region, typically associated with sugarcane farm habitat.",SP0309_Odontotermes_obesus.jpg
SP0310,Weaver Ant,Oecophylla smaragdina,Animalia,Arthropoda,Insecta,Various,Oecophyllaidae,Oecophylla,smaragdina,Insects,Not Evaluated,Urban Garden,False,False,False,True,False,N/A,Jun-Sep,Nectarivore,2,Stable,"Weaver Ant (Oecophylla smaragdina) is a insect species recorded in the Kopargaon region, typically associated with grassland habitat.",SP0310_Oecophylla_smaragdina.jpg
SP0311,Black Garden Ant,Lasius niger,Animalia,Arthropoda,Insecta,Various,Lasiusidae,Lasius,niger,Insects,Least Concern,Sugarcane Farm,False,False,False,True,False,N/A,Mar-Jun,Detritivore,1,Stable,"Black Garden Ant (Lasius niger) is a insect species recorded in the Kopargaon region, typically associated with agricultural field habitat.",SP0311_Lasius_niger.jpg
SP0312,House Fly,Musca domestica,Animalia,Arthropoda,Insecta,Various,Muscaidae,Musca,domestica,Insects,Least Concern,Grassland,True,False,False,True,True,N/A,Sep-Dec,Herbivore,2,Declining,"House Fly (Musca domestica) is a insect species recorded in the Kopargaon region, typically associated with sugarcane farm habitat.",SP0312_Musca_domestica.jpg
SP0313,Common House Mosquito,Culex quinquefasciatus,Animalia,Arthropoda,Insecta,Various,Culexidae,Culex,quinquefasciatus,Insects,Near Threatened,Grassland,False,False,False,True,False,N/A,Sep-Dec,Detritivore,3,Under Watch,"Common House Mosquito (Culex quinquefasciatus) is a insect species recorded in the Kopargaon region, typically associated with sugarcane farm habitat.",SP0313_Culex_quinquefasciatus.jpg
SP0314,Giant Wood Spider,Nephila pilipes,Animalia,Arthropoda,Insecta,Various,Nephilaidae,Nephila,pilipes,Insects,Least Concern,Grassland,False,False,False,True,False,N/A,Jun-Sep,Herbivore,1,Stable,"Giant Wood Spider (Nephila pilipes) is a insect species recorded in the Kopargaon region, typically associated with urban garden habitat.",SP0314_Nephila_pilipes.jpg
SP0315,Red Cotton Bug,Dysdercus cingulatus,Animalia,Arthropoda,Insecta,Various,Dysdercusidae,Dysdercus,cingulatus,Insects,Data Deficient,Sugarcane Farm,False,False,False,True,False,N/A,Sep-Dec,Herbivore,2,Stable,"Red Cotton Bug (Dysdercus cingulatus) is a insect species recorded in the Kopargaon region, typically associated with agricultural field habitat.",SP0315_Dysdercus_cingulatus.jpg
SP0316,Painted Grasshopper,Poekilocerus pictus,Animalia,Arthropoda,Insecta,Various,Poekilocerusidae,Poekilocerus,pictus,Insects,Not Evaluated,Sugarcane Farm,False,False,False,True,False,N/A,Year-round,Omnivore,1,Under Watch,"Painted Grasshopper (Poekilocerus pictus) is a insect species recorded in the Kopargaon region, typically associated with grassland habitat.",SP0316_Poekilocerus_pictus.jpg
SP0317,Mango,Mangifera indica,Plantae,Tracheophyta,Magnoliopsida,Various,Mangiferaaceae,Mangifera,indica,Trees,Vulnerable,Urban Garden,False,False,False,False,False,Year-round,N/A,Photosynthetic,36,Stable,"Mango (Mangifera indica) is a tree species recorded in the Kopargaon region, typically associated with godavari river habitat.",SP0317_Mangifera_indica.jpg
SP0318,Neem,Azadirachta indica,Plantae,Tracheophyta,Magnoliopsida,Various,Azadirachtaaceae,Azadirachta,indica,Trees,Least Concern,Godavari River,False,False,True,False,False,Jun-Aug,N/A,Photosynthetic,115,Stable,"Neem (Azadirachta indica) is a tree species recorded in the Kopargaon region, typically associated with temple grove habitat.",SP0318_Azadirachta_indica.jpg
SP0319,Banyan,Ficus benghalensis,Plantae,Tracheophyta,Magnoliopsida,Various,Ficusaceae,Ficus,benghalensis,Trees,Data Deficient,Temple Grove,False,False,False,False,False,Feb-Apr,N/A,Photosynthetic,99,Stable,"Banyan (Ficus benghalensis) is a tree species recorded in the Kopargaon region, typically associated with roadside plantation habitat.",SP0319_Ficus_benghalensis.jpg
SP0320,Peepal,Ficus religiosa,Plantae,Tracheophyta,Magnoliopsida,Various,Ficusaceae,Ficus,religiosa,Trees,Near Threatened,Roadside Plantation,False,False,False,False,False,Feb-Apr,N/A,Photosynthetic,46,Under Watch,"Peepal (Ficus religiosa) is a tree species recorded in the Kopargaon region, typically associated with temple grove habitat.",SP0320_Ficus_religiosa.jpg
SP0321,Tamarind,Tamarindus indica,Plantae,Tracheophyta,Magnoliopsida,Various,Tamarindusaceae,Tamarindus,indica,Trees,Least Concern,Temple Grove,False,False,False,False,False,Jun-Aug,N/A,Photosynthetic,23,Increasing,"Tamarind (Tamarindus indica) is a tree species recorded in the Kopargaon region, typically associated with godavari river habitat.",SP0321_Tamarindus_indica.jpg
SP0322,Teak,Tectona grandis,Plantae,Tracheophyta,Magnoliopsida,Various,Tectonaaceae,Tectona,grandis,Trees,Least Concern,Roadside Plantation,False,False,False,False,False,Jun-Aug,N/A,Photosynthetic,32,Declining,"Teak (Tectona grandis) is a tree species recorded in the Kopargaon region, typically associated with roadside plantation habitat.",SP0322_Tectona_grandis.jpg
SP0323,Jamun,Syzygium cumini,Plantae,Tracheophyta,Magnoliopsida,Various,Syzygiumaceae,Syzygium,cumini,Trees,Least Concern,Urban Garden,False,False,False,False,False,Year-round,N/A,Photosynthetic,40,Stable,"Jamun (Syzygium cumini) is a tree species recorded in the Kopargaon region, typically associated with urban garden habitat.",SP0323_Syzygium_cumini.jpg
SP0324,Gulmohar,Delonix regia,Plantae,Tracheophyta,Magnoliopsida,Various,Delonixaceae,Delonix,regia,Trees,Least Concern,Roadside Plantation,False,False,False,False,False,Sep-Nov,N/A,Photosynthetic,104,Declining,"Gulmohar (Delonix regia) is a tree species recorded in the Kopargaon region, typically associated with roadside plantation habitat.",SP0324_Delonix_regia.jpg
SP0325,Babul,Vachellia nilotica,Plantae,Tracheophyta,Magnoliopsida,Various,Vachelliaaceae,Vachellia,nilotica,Trees,Endangered,Godavari River,False,False,True,False,False,Jun-Aug,N/A,Photosynthetic,38,Declining,"Babul (Vachellia nilotica) is a tree species recorded in the Kopargaon region, typically associated with temple grove habitat.",SP0325_Vachellia_nilotica.jpg
SP0326,Karanj,Pongamia pinnata,Plantae,Tracheophyta,Magnoliopsida,Various,Pongamiaaceae,Pongamia,pinnata,Trees,Least Concern,Godavari River,False,False,False,False,False,Sep-Nov,N/A,Photosynthetic,80,Under Watch,"Karanj (Pongamia pinnata) is a tree species recorded in the Kopargaon region, typically associated with roadside plantation habitat.",SP0326_Pongamia_pinnata.jpg
SP0327,Ashoka,Saraca asoca,Plantae,Tracheophyta,Magnoliopsida,Various,Saracaaceae,Saraca,asoca,Trees,Least Concern,Temple Grove,False,False,False,False,False,Sep-Nov,N/A,Photosynthetic,35,Stable,"Ashoka (Saraca asoca) is a tree species recorded in the Kopargaon region, typically associated with urban garden habitat.",SP0327_Saraca_asoca.jpg
SP0328,Amla,Phyllanthus emblica,Plantae,Tracheophyta,Magnoliopsida,Various,Phyllanthusaceae,Phyllanthus,emblica,Trees,Data Deficient,Urban Garden,False,False,False,False,False,Mar-May,N/A,Photosynthetic,108,Stable,"Amla (Phyllanthus emblica) is a tree species recorded in the Kopargaon region, typically associated with agricultural field habitat.",SP0328_Phyllanthus_emblica.jpg
SP0329,Bel,Aegle marmelos,Plantae,Tracheophyta,Magnoliopsida,Various,Aegleaceae,Aegle,marmelos,Trees,Endangered,Urban Garden,True,False,False,False,False,Feb-Apr,N/A,Photosynthetic,120,Declining,"Bel (Aegle marmelos) is a tree species recorded in the Kopargaon region, typically associated with godavari river habitat.",SP0329_Aegle_marmelos.jpg
SP0330,Custard Apple,Annona squamosa,Plantae,Tracheophyta,Magnoliopsida,Various,Annonaaceae,Annona,squamosa,Trees,Least Concern,Temple Grove,False,False,True,False,False,Year-round,N/A,Photosynthetic,52,Stable,"Custard Apple (Annona squamosa) is a tree species recorded in the Kopargaon region, typically associated with urban garden habitat.",SP0330_Annona_squamosa.jpg
SP0331,Jackfruit,Artocarpus heterophyllus,Plantae,Tracheophyta,Magnoliopsida,Various,Artocarpusaceae,Artocarpus,heterophyllus,Trees,Least Concern,Urban Garden,False,False,True,False,False,Sep-Nov,N/A,Photosynthetic,135,Stable,"Jackfruit (Artocarpus heterophyllus) is a tree species recorded in the Kopargaon region, typically associated with godavari river habitat.",SP0331_Artocarpus_heterophyllus.jpg
SP0332,Palas (Flame of the Forest),Butea monosperma,Plantae,Tracheophyta,Magnoliopsida,Various,Buteaaceae,Butea,monosperma,Trees,Least Concern,Temple Grove,False,False,False,False,False,Jun-Aug,N/A,Photosynthetic,114,Declining,"Palas (Flame of the Forest) (Butea monosperma) is a tree species recorded in the Kopargaon region, typically associated with urban garden habitat.",SP0332_Butea_monosperma.jpg
SP0333,Sheesham,Dalbergia sissoo,Plantae,Tracheophyta,Magnoliopsida,Various,Dalbergiaaceae,Dalbergia,sissoo,Trees,Not Evaluated,Godavari River,False,False,False,False,False,Mar-May,N/A,Photosynthetic,22,Increasing,"Sheesham (Dalbergia sissoo) is a tree species recorded in the Kopargaon region, typically associated with urban garden habitat.",SP0333_Dalbergia_sissoo.jpg
SP0334,Khair,Senegalia catechu,Plantae,Tracheophyta,Magnoliopsida,Various,Senegaliaaceae,Senegalia,catechu,Trees,Near Threatened,Godavari River,False,False,False,False,False,Mar-May,N/A,Photosynthetic,63,Under Watch,"Khair (Senegalia catechu) is a tree species recorded in the Kopargaon region, typically associated with agricultural field habitat.",SP0334_Senegalia_catechu.jpg
SP0335,Arjun,Terminalia arjuna,Plantae,Tracheophyta,Magnoliopsida,Various,Terminaliaaceae,Terminalia,arjuna,Trees,Least Concern,Urban Garden,False,False,True,False,False,Jun-Aug,N/A,Photosynthetic,48,Increasing,"Arjun (Terminalia arjuna) is a tree species recorded in the Kopargaon region, typically associated with temple grove habitat.",SP0335_Terminalia_arjuna.jpg
SP0336,Bahava (Golden Shower Tree),Cassia fistula,Plantae,Tracheophyta,Magnoliopsida,Various,Cassiaaceae,Cassia,fistula,Trees,Least Concern,Temple Grove,False,False,False,False,False,Year-round,N/A,Photosynthetic,118,Declining,"Bahava (Golden Shower Tree) (Cassia fistula) is a tree species recorded in the Kopargaon region, typically associated with roadside plantation habitat.",SP0336_Cassia_fistula.jpg
SP0337,Kadamba,Neolamarckia cadamba,Plantae,Tracheophyta,Magnoliopsida,Various,Neolamarckiaaceae,Neolamarckia,cadamba,Trees,Data Deficient,Urban Garden,False,False,True,False,False,Mar-May,N/A,Photosynthetic,119,Stable,"Kadamba (Neolamarckia cadamba) is a tree species recorded in the Kopargaon region, typically associated with agricultural field habitat.",SP0337_Neolamarckia_cadamba.jpg
SP0338,Rain Tree,Samanea saman,Plantae,Tracheophyta,Magnoliopsida,Various,Samaneaaceae,Samanea,saman,Trees,Least Concern,Agricultural Field,False,False,False,False,False,Year-round,N/A,Photosynthetic,89,Stable,"Rain Tree (Samanea saman) is a tree species recorded in the Kopargaon region, typically associated with urban garden habitat.",SP0338_Samanea_saman.jpg
SP0339,Silk Cotton Tree (Semal),Bombax ceiba,Plantae,Tracheophyta,Magnoliopsida,Various,Bombaxaceae,Bombax,ceiba,Trees,Data Deficient,Roadside Plantation,False,False,False,False,False,Year-round,N/A,Photosynthetic,37,Stable,"Silk Cotton Tree (Semal) (Bombax ceiba) is a tree species recorded in the Kopargaon region, typically associated with agricultural field habitat.",SP0339_Bombax_ceiba.jpg
SP0340,Mahua,Madhuca longifolia,Plantae,Tracheophyta,Magnoliopsida,Various,Madhucaaceae,Madhuca,longifolia,Trees,Least Concern,Roadside Plantation,False,False,True,False,False,Feb-Apr,N/A,Photosynthetic,53,Under Watch,"Mahua (Madhuca longifolia) is a tree species recorded in the Kopargaon region, typically associated with agricultural field habitat.",SP0340_Madhuca_longifolia.jpg
SP0341,Bamboo,Bambusa bambos,Plantae,Tracheophyta,Magnoliopsida,Various,Bambusaaceae,Bambusa,bambos,Trees,Vulnerable,Roadside Plantation,False,False,True,False,False,Sep-Nov,N/A,Photosynthetic,90,Declining,"Bamboo (Bambusa bambos) is a tree species recorded in the Kopargaon region, typically associated with agricultural field habitat.",SP0341_Bambusa_bambos.jpg
SP0342,Coconut Palm,Cocos nucifera,Plantae,Tracheophyta,Magnoliopsida,Various,Cocosaceae,Cocos,nucifera,Trees,Not Evaluated,Agricultural Field,False,False,False,False,False,Mar-May,N/A,Photosynthetic,75,Stable,"Coconut Palm (Cocos nucifera) is a tree species recorded in the Kopargaon region, typically associated with roadside plantation habitat.",SP0342_Cocos_nucifera.jpg
SP0343,Date Palm,Phoenix sylvestris,Plantae,Tracheophyta,Magnoliopsida,Various,Phoenixaceae,Phoenix,sylvestris,Trees,Data Deficient,Urban Garden,True,False,False,False,False,Sep-Nov,N/A,Photosynthetic,104,Stable,"Date Palm (Phoenix sylvestris) is a tree species recorded in the Kopargaon region, typically associated with urban garden habitat.",SP0343_Phoenix_sylvestris.jpg
SP0344,Areca Palm,Areca catechu,Plantae,Tracheophyta,Magnoliopsida,Various,Arecaaceae,Areca,catechu,Trees,Endangered,Roadside Plantation,False,False,False,False,False,Feb-Apr,N/A,Photosynthetic,111,Stable,"Areca Palm (Areca catechu) is a tree species recorded in the Kopargaon region, typically associated with agricultural field habitat.",SP0344_Areca_catechu.jpg
SP0345,Casuarina,Casuarina equisetifolia,Plantae,Tracheophyta,Magnoliopsida,Various,Casuarinaaceae,Casuarina,equisetifolia,Trees,Vulnerable,Urban Garden,False,False,True,False,False,Sep-Nov,N/A,Photosynthetic,96,Stable,"Casuarina (Casuarina equisetifolia) is a tree species recorded in the Kopargaon region, typically associated with urban garden habitat.",SP0345_Casuarina_equisetifolia.jpg
SP0346,Subabul,Leucaena leucocephala,Plantae,Tracheophyta,Magnoliopsida,Various,Leucaenaaceae,Leucaena,leucocephala,Trees,Least Concern,Agricultural Field,False,False,True,False,False,Nov-Jan,N/A,Photosynthetic,135,Stable,"Subabul (Leucaena leucocephala) is a tree species recorded in the Kopargaon region, typically associated with urban garden habitat.",SP0346_Leucaena_leucocephala.jpg
SP0347,Ber (Indian Jujube),Ziziphus mauritiana,Plantae,Tracheophyta,Magnoliopsida,Various,Ziziphusaceae,Ziziphus,mauritiana,Trees,Not Evaluated,Godavari River,False,False,False,False,False,Sep-Nov,N/A,Photosynthetic,56,Stable,"Ber (Indian Jujube) (Ziziphus mauritiana) is a tree species recorded in the Kopargaon region, typically associated with temple grove habitat.",SP0347_Ziziphus_mauritiana.jpg
SP0348,Anjeer (Fig),Ficus carica,Plantae,Tracheophyta,Magnoliopsida,Various,Ficusaceae,Ficus,carica,Trees,Least Concern,Roadside Plantation,False,False,True,False,False,Feb-Apr,N/A,Photosynthetic,49,Increasing,"Anjeer (Fig) (Ficus carica) is a tree species recorded in the Kopargaon region, typically associated with urban garden habitat.",SP0348_Ficus_carica.jpg
SP0349,Chikoo (Sapodilla),Manilkara zapota,Plantae,Tracheophyta,Magnoliopsida,Various,Manilkaraaceae,Manilkara,zapota,Trees,Least Concern,Roadside Plantation,False,False,False,False,False,Sep-Nov,N/A,Photosynthetic,31,Stable,"Chikoo (Sapodilla) (Manilkara zapota) is a tree species recorded in the Kopargaon region, typically associated with temple grove habitat.",SP0349_Manilkara_zapota.jpg
SP0350,Guava,Psidium guajava,Plantae,Tracheophyta,Magnoliopsida,Various,Psidiumaceae,Psidium,guajava,Trees,Least Concern,Roadside Plantation,False,False,False,False,False,Mar-May,N/A,Photosynthetic,116,Declining,"Guava (Psidium guajava) is a tree species recorded in the Kopargaon region, typically associated with temple grove habitat.",SP0350_Psidium_guajava.jpg
SP0351,Pomegranate,Punica granatum,Plantae,Tracheophyta,Magnoliopsida,Various,Punicaaceae,Punica,granatum,Trees,Least Concern,Temple Grove,False,False,False,False,False,Jun-Aug,N/A,Photosynthetic,89,Declining,"Pomegranate (Punica granatum) is a tree species recorded in the Kopargaon region, typically associated with godavari river habitat.",SP0351_Punica_granatum.jpg
SP0352,Champak,Magnolia champaca,Plantae,Tracheophyta,Magnoliopsida,Various,Magnoliaaceae,Magnolia,champaca,Trees,Data Deficient,Temple Grove,False,False,False,False,False,Nov-Jan,N/A,Photosynthetic,44,Increasing,"Champak (Magnolia champaca) is a tree species recorded in the Kopargaon region, typically associated with temple grove habitat.",SP0352_Magnolia_champaca.jpg
SP0353,Frangipani,Plumeria alba,Plantae,Tracheophyta,Magnoliopsida,Various,Plumeriaaceae,Plumeria,alba,Trees,Vulnerable,Godavari River,False,False,False,False,False,Nov-Jan,N/A,Photosynthetic,92,Stable,"Frangipani (Plumeria alba) is a tree species recorded in the Kopargaon region, typically associated with roadside plantation habitat.",SP0353_Plumeria_alba.jpg
SP0354,Rubber Fig,Ficus elastica,Plantae,Tracheophyta,Magnoliopsida,Various,Ficusaceae,Ficus,elastica,Trees,Vulnerable,Temple Grove,False,False,False,False,False,Mar-May,N/A,Photosynthetic,103,Under Watch,"Rubber Fig (Ficus elastica) is a tree species recorded in the Kopargaon region, typically associated with agricultural field habitat.",SP0354_Ficus_elastica.jpg
SP0355,Indian Coral Tree,Erythrina variegata,Plantae,Tracheophyta,Magnoliopsida,Various,Erythrinaaceae,Erythrina,variegata,Trees,Endangered,Agricultural Field,False,False,False,False,False,Mar-May,N/A,Photosynthetic,75,Stable,"Indian Coral Tree (Erythrina variegata) is a tree species recorded in the Kopargaon region, typically associated with urban garden habitat.",SP0355_Erythrina_variegata.jpg
SP0356,Copper Pod,Peltophorum pterocarpum,Plantae,Tracheophyta,Magnoliopsida,Various,Peltophorumaceae,Peltophorum,pterocarpum,Trees,Vulnerable,Temple Grove,False,False,False,False,False,Mar-May,N/A,Photosynthetic,139,Stable,"Copper Pod (Peltophorum pterocarpum) is a tree species recorded in the Kopargaon region, typically associated with godavari river habitat.",SP0356_Peltophorum_pterocarpum.jpg
SP0357,Toddy Palm,Borassus flabellifer,Plantae,Tracheophyta,Magnoliopsida,Various,Borassusaceae,Borassus,flabellifer,Trees,Not Evaluated,Agricultural Field,False,False,False,False,False,Mar-May,N/A,Photosynthetic,145,Declining,"Toddy Palm (Borassus flabellifer) is a tree species recorded in the Kopargaon region, typically associated with urban garden habitat.",SP0357_Borassus_flabellifer.jpg
SP0358,Wood Apple,Limonia acidissima,Plantae,Tracheophyta,Magnoliopsida,Various,Limoniaaceae,Limonia,acidissima,Trees,Data Deficient,Urban Garden,False,False,False,False,False,Year-round,N/A,Photosynthetic,140,Declining,"Wood Apple (Limonia acidissima) is a tree species recorded in the Kopargaon region, typically associated with roadside plantation habitat.",SP0358_Limonia_acidissima.jpg
SP0359,Drumstick Tree,Moringa oleifera,Plantae,Tracheophyta,Magnoliopsida,Various,Moringaaceae,Moringa,oleifera,Trees,Least Concern,Urban Garden,False,False,False,False,False,Feb-Apr,N/A,Photosynthetic,24,Stable,"Drumstick Tree (Moringa oleifera) is a tree species recorded in the Kopargaon region, typically associated with urban garden habitat.",SP0359_Moringa_oleifera.jpg
SP0360,Curry Leaf Tree,Murraya koenigii,Plantae,Tracheophyta,Magnoliopsida,Various,Murrayaaceae,Murraya,koenigii,Trees,Data Deficient,Godavari River,False,False,False,False,False,Mar-May,N/A,Photosynthetic,28,Stable,"Curry Leaf Tree (Murraya koenigii) is a tree species recorded in the Kopargaon region, typically associated with roadside plantation habitat.",SP0360_Murraya_koenigii.jpg
SP0361,Indian Elm,Holoptelea integrifolia,Plantae,Tracheophyta,Magnoliopsida,Various,Holopteleaaceae,Holoptelea,integrifolia,Trees,Data Deficient,Roadside Plantation,False,False,False,False,False,Year-round,N/A,Photosynthetic,113,Under Watch,"Indian Elm (Holoptelea integrifolia) is a tree species recorded in the Kopargaon region, typically associated with temple grove habitat.",SP0361_Holoptelea_integrifolia.jpg
SP0362,Cluster Fig,Ficus racemosa,Plantae,Tracheophyta,Magnoliopsida,Various,Ficusaceae,Ficus,racemosa,Trees,Vulnerable,Agricultural Field,False,False,True,False,False,Sep-Nov,N/A,Photosynthetic,128,Stable,"Cluster Fig (Ficus racemosa) is a tree species recorded in the Kopargaon region, typically associated with urban garden habitat.",SP0362_Ficus_racemosa.jpg
SP0363,Indian Almond,Terminalia catappa,Plantae,Tracheophyta,Magnoliopsida,Various,Terminaliaaceae,Terminalia,catappa,Trees,Near Threatened,Roadside Plantation,False,False,False,False,False,Year-round,N/A,Photosynthetic,42,Stable,"Indian Almond (Terminalia catappa) is a tree species recorded in the Kopargaon region, typically associated with temple grove habitat.",SP0363_Terminalia_catappa.jpg
SP0364,Ain,Terminalia elliptica,Plantae,Tracheophyta,Magnoliopsida,Various,Terminaliaaceae,Terminalia,elliptica,Trees,Least Concern,Agricultural Field,False,False,False,False,False,Mar-May,N/A,Photosynthetic,127,Under Watch,"Ain (Terminalia elliptica) is a tree species recorded in the Kopargaon region, typically associated with roadside plantation habitat.",SP0364_Terminalia_elliptica.jpg
SP0365,Behada,Terminalia bellirica,Plantae,Tracheophyta,Magnoliopsida,Various,Terminaliaaceae,Terminalia,bellirica,Trees,Least Concern,Agricultural Field,True,False,False,False,False,Year-round,N/A,Photosynthetic,133,Increasing,"Behada (Terminalia bellirica) is a tree species recorded in the Kopargaon region, typically associated with agricultural field habitat.",SP0365_Terminalia_bellirica.jpg
SP0366,Hirda,Terminalia chebula,Plantae,Tracheophyta,Magnoliopsida,Various,Terminaliaaceae,Terminalia,chebula,Trees,Least Concern,Temple Grove,False,False,False,False,False,Feb-Apr,N/A,Photosynthetic,93,Under Watch,"Hirda (Terminalia chebula) is a tree species recorded in the Kopargaon region, typically associated with roadside plantation habitat.",SP0366_Terminalia_chebula.jpg
SP0367,Sal,Shorea robusta,Plantae,Tracheophyta,Magnoliopsida,Various,Shoreaaceae,Shorea,robusta,Trees,Data Deficient,Agricultural Field,True,False,True,False,False,Jun-Aug,N/A,Photosynthetic,115,Stable,"Sal (Shorea robusta) is a tree species recorded in the Kopargaon region, typically associated with roadside plantation habitat.",SP0367_Shorea_robusta.jpg
SP0368,Indian Rosewood,Dalbergia latifolia,Plantae,Tracheophyta,Magnoliopsida,Various,Dalbergiaaceae,Dalbergia,latifolia,Trees,Vulnerable,Roadside Plantation,False,False,True,False,False,Sep-Nov,N/A,Photosynthetic,57,Declining,"Indian Rosewood (Dalbergia latifolia) is a tree species recorded in the Kopargaon region, typically associated with roadside plantation habitat.",SP0368_Dalbergia_latifolia.jpg
SP0369,Flame Amherstia,Amherstia nobilis,Plantae,Tracheophyta,Magnoliopsida,Various,Amherstiaaceae,Amherstia,nobilis,Trees,Near Threatened,Temple Grove,False,False,False,False,False,Sep-Nov,N/A,Photosynthetic,69,Stable,"Flame Amherstia (Amherstia nobilis) is a tree species recorded in the Kopargaon region, typically associated with roadside plantation habitat.",SP0369_Amherstia_nobilis.jpg
SP0370,Bottle Palm,Hyophorbe lagenicaulis,Plantae,Tracheophyta,Magnoliopsida,Various,Hyophorbeaceae,Hyophorbe,lagenicaulis,Trees,Vulnerable,Urban Garden,False,False,False,False,False,Feb-Apr,N/A,Photosynthetic,121,Declining,"Bottle Palm (Hyophorbe lagenicaulis) is a tree species recorded in the Kopargaon region, typically associated with roadside plantation habitat.",SP0370_Hyophorbe_lagenicaulis.jpg
SP0371,Indian Willow,Salix tetrasperma,Plantae,Tracheophyta,Magnoliopsida,Various,Salixaceae,Salix,tetrasperma,Trees,Least Concern,Temple Grove,False,False,False,False,False,Year-round,N/A,Photosynthetic,128,Increasing,"Indian Willow (Salix tetrasperma) is a tree species recorded in the Kopargaon region, typically associated with agricultural field habitat.",SP0371_Salix_tetrasperma.jpg
SP0372,Rain of Gold Tree,Galphimia glauca,Plantae,Tracheophyta,Magnoliopsida,Various,Galphimiaaceae,Galphimia,glauca,Trees,Least Concern,Temple Grove,False,False,False,False,False,Feb-Apr,N/A,Photosynthetic,138,Stable,"Rain of Gold Tree (Galphimia glauca) is a tree species recorded in the Kopargaon region, typically associated with agricultural field habitat.",SP0372_Galphimia_glauca.jpg
SP0373,Tulsi (Holy Basil),Ocimum tenuiflorum,Plantae,Tracheophyta,Magnoliopsida,Various,Ocimumaceae,Ocimum,tenuiflorum,Medicinal Plants,Not Evaluated,Agricultural Field,False,False,True,False,False,Year-round,N/A,Photosynthetic,9,Under Watch,"Tulsi (Holy Basil) (Ocimum tenuiflorum) is a medicinal plant species recorded in the Kopargaon region, typically associated with wasteland habitat.",SP0373_Ocimum_tenuiflorum.jpg
SP0374,Aloe Vera,Aloe vera,Plantae,Tracheophyta,Magnoliopsida,Various,Aloeaceae,Aloe,vera,Medicinal Plants,Vulnerable,Agricultural Field,False,False,True,False,False,Feb-Apr,N/A,Photosynthetic,16,Stable,"Aloe Vera (Aloe vera) is a medicinal plant species recorded in the Kopargaon region, typically associated with grassland habitat.",SP0374_Aloe_vera.jpg
SP0375,Ashwagandha,Withania somnifera,Plantae,Tracheophyta,Magnoliopsida,Various,Withaniaaceae,Withania,somnifera,Medicinal Plants,Data Deficient,Agricultural Field,False,False,True,False,False,Nov-Jan,N/A,Photosynthetic,2,Stable,"Ashwagandha (Withania somnifera) is a medicinal plant species recorded in the Kopargaon region, typically associated with grassland habitat.",SP0375_Withania_somnifera.jpg
SP0376,Brahmi,Bacopa monnieri,Plantae,Tracheophyta,Magnoliopsida,Various,Bacopaaceae,Bacopa,monnieri,Medicinal Plants,Data Deficient,Temple Grove,False,False,True,False,False,Jun-Aug,N/A,Photosynthetic,5,Stable,"Brahmi (Bacopa monnieri) is a medicinal plant species recorded in the Kopargaon region, typically associated with wasteland habitat.",SP0376_Bacopa_monnieri.jpg
SP0377,Giloy,Tinospora cordifolia,Plantae,Tracheophyta,Magnoliopsida,Various,Tinosporaaceae,Tinospora,cordifolia,Medicinal Plants,Vulnerable,Temple Grove,False,False,True,False,False,Mar-May,N/A,Photosynthetic,5,Declining,"Giloy (Tinospora cordifolia) is a medicinal plant species recorded in the Kopargaon region, typically associated with grassland habitat.",SP0377_Tinospora_cordifolia.jpg
SP0378,Shatavari,Asparagus racemosus,Plantae,Tracheophyta,Magnoliopsida,Various,Asparagusaceae,Asparagus,racemosus,Medicinal Plants,Least Concern,Grassland,False,False,True,False,False,Jun-Aug,N/A,Photosynthetic,8,Stable,"Shatavari (Asparagus racemosus) is a medicinal plant species recorded in the Kopargaon region, typically associated with wasteland habitat.",SP0378_Asparagus_racemosus.jpg
SP0379,Turmeric,Curcuma longa,Plantae,Tracheophyta,Magnoliopsida,Various,Curcumaaceae,Curcuma,longa,Medicinal Plants,Least Concern,Agricultural Field,False,False,True,False,False,Sep-Nov,N/A,Photosynthetic,2,Stable,"Turmeric (Curcuma longa) is a medicinal plant species recorded in the Kopargaon region, typically associated with grassland habitat.",SP0379_Curcuma_longa.jpg
SP0380,Ginger,Zingiber officinale,Plantae,Tracheophyta,Magnoliopsida,Various,Zingiberaceae,Zingiber,officinale,Medicinal Plants,Least Concern,Agricultural Field,False,False,True,False,False,Feb-Apr,N/A,Photosynthetic,17,Stable,"Ginger (Zingiber officinale) is a medicinal plant species recorded in the Kopargaon region, typically associated with grassland habitat.",SP0380_Zingiber_officinale.jpg
SP0381,Nirgudi,Vitex negundo,Plantae,Tracheophyta,Magnoliopsida,Various,Vitexaceae,Vitex,negundo,Medicinal Plants,Least Concern,Temple Grove,False,False,True,False,False,Feb-Apr,N/A,Photosynthetic,15,Stable,"Nirgudi (Vitex negundo) is a medicinal plant species recorded in the Kopargaon region, typically associated with wasteland habitat.",SP0381_Vitex_negundo.jpg
SP0382,Adulsa (Vasaka),Justicia adhatoda,Plantae,Tracheophyta,Magnoliopsida,Various,Justiciaaceae,Justicia,adhatoda,Medicinal Plants,Least Concern,Temple Grove,False,False,True,False,False,Jun-Aug,N/A,Photosynthetic,18,Stable,"Adulsa (Vasaka) (Justicia adhatoda) is a medicinal plant species recorded in the Kopargaon region, typically associated with agricultural field habitat.",SP0382_Justicia_adhatoda.jpg
SP0383,Punarnava,Boerhavia diffusa,Plantae,Tracheophyta,Magnoliopsida,Various,Boerhaviaaceae,Boerhavia,diffusa,Medicinal Plants,Not Evaluated,Agricultural Field,False,False,True,False,False,Nov-Jan,N/A,Photosynthetic,12,Stable,"Punarnava (Boerhavia diffusa) is a medicinal plant species recorded in the Kopargaon region, typically associated with wasteland habitat.",SP0383_Boerhavia_diffusa.jpg
SP0384,Sarpagandha,Rauvolfia serpentina,Plantae,Tracheophyta,Magnoliopsida,Various,Rauvolfiaaceae,Rauvolfia,serpentina,Medicinal Plants,Least Concern,Grassland,False,False,True,False,False,Sep-Nov,N/A,Photosynthetic,7,Declining,"Sarpagandha (Rauvolfia serpentina) is a medicinal plant species recorded in the Kopargaon region, typically associated with wasteland habitat.",SP0384_Rauvolfia_serpentina.jpg
SP0385,Gudmar,Gymnema sylvestre,Plantae,Tracheophyta,Magnoliopsida,Various,Gymnemaaceae,Gymnema,sylvestre,Medicinal Plants,Near Threatened,Wasteland,False,False,True,False,False,Jun-Aug,N/A,Photosynthetic,15,Stable,"Gudmar (Gymnema sylvestre) is a medicinal plant species recorded in the Kopargaon region, typically associated with grassland habitat.",SP0385_Gymnema_sylvestre.jpg
SP0386,Kalmegh,Andrographis paniculata,Plantae,Tracheophyta,Magnoliopsida,Various,Andrographisaceae,Andrographis,paniculata,Medicinal Plants,Least Concern,Agricultural Field,False,False,True,False,False,Feb-Apr,N/A,Photosynthetic,5,Increasing,"Kalmegh (Andrographis paniculata) is a medicinal plant species recorded in the Kopargaon region, typically associated with wasteland habitat.",SP0386_Andrographis_paniculata.jpg
SP0387,Bhringraj,Eclipta prostrata,Plantae,Tracheophyta,Magnoliopsida,Various,Ecliptaaceae,Eclipta,prostrata,Medicinal Plants,Not Evaluated,Wasteland,False,False,True,False,False,Jun-Aug,N/A,Photosynthetic,15,Declining,"Bhringraj (Eclipta prostrata) is a medicinal plant species recorded in the Kopargaon region, typically associated with agricultural field habitat.",SP0387_Eclipta_prostrata.jpg
SP0388,Shankhpushpi,Convolvulus pluricaulis,Plantae,Tracheophyta,Magnoliopsida,Various,Convolvulusaceae,Convolvulus,pluricaulis,Medicinal Plants,Not Evaluated,Wasteland,False,False,True,False,False,Nov-Jan,N/A,Photosynthetic,18,Increasing,"Shankhpushpi (Convolvulus pluricaulis) is a medicinal plant species recorded in the Kopargaon region, typically associated with agricultural field habitat.",SP0388_Convolvulus_pluricaulis.jpg
SP0389,Vach,Acorus calamus,Plantae,Tracheophyta,Magnoliopsida,Various,Acorusaceae,Acorus,calamus,Medicinal Plants,Vulnerable,Wasteland,False,False,False,False,False,Year-round,N/A,Photosynthetic,19,Under Watch,"Vach (Acorus calamus) is a medicinal plant species recorded in the Kopargaon region, typically associated with wasteland habitat.",SP0389_Acorus_calamus.jpg
SP0390,Vidari,Pueraria tuberosa,Plantae,Tracheophyta,Magnoliopsida,Various,Puerariaaceae,Pueraria,tuberosa,Medicinal Plants,Data Deficient,Temple Grove,False,False,True,False,False,Nov-Jan,N/A,Photosynthetic,11,Stable,"Vidari (Pueraria tuberosa) is a medicinal plant species recorded in the Kopargaon region, typically associated with wasteland habitat.",SP0390_Pueraria_tuberosa.jpg
SP0391,Kutki,Picrorhiza kurroa,Plantae,Tracheophyta,Magnoliopsida,Various,Picrorhizaaceae,Picrorhiza,kurroa,Medicinal Plants,Not Evaluated,Agricultural Field,False,False,True,False,False,Sep-Nov,N/A,Photosynthetic,11,Stable,"Kutki (Picrorhiza kurroa) is a medicinal plant species recorded in the Kopargaon region, typically associated with temple grove habitat.",SP0391_Picrorhiza_kurroa.jpg
SP0392,Chirayta,Swertia chirata,Plantae,Tracheophyta,Magnoliopsida,Various,Swertiaaceae,Swertia,chirata,Medicinal Plants,Near Threatened,Wasteland,False,False,True,False,False,Mar-May,N/A,Photosynthetic,10,Stable,"Chirayta (Swertia chirata) is a medicinal plant species recorded in the Kopargaon region, typically associated with agricultural field habitat.",SP0392_Swertia_chirata.jpg
SP0393,Safed Musli,Chlorophytum borivilianum,Plantae,Tracheophyta,Magnoliopsida,Various,Chlorophytumaceae,Chlorophytum,borivilianum,Medicinal Plants,Endangered,Temple Grove,False,False,True,False,False,Jun-Aug,N/A,Photosynthetic,10,Stable,"Safed Musli (Chlorophytum borivilianum) is a medicinal plant species recorded in the Kopargaon region, typically associated with wasteland habitat.",SP0393_Chlorophytum_borivilianum.jpg
SP0394,Haritaki,Terminalia chebula,Plantae,Tracheophyta,Magnoliopsida,Various,Terminaliaaceae,Terminalia,chebula,Medicinal Plants,Endangered,Agricultural Field,False,False,True,False,False,Year-round,N/A,Photosynthetic,9,Increasing,"Haritaki (Terminalia chebula) is a medicinal plant species recorded in the Kopargaon region, typically associated with temple grove habitat.",SP0394_Terminalia_chebula.jpg
SP0395,Bibhitaki,Terminalia bellirica,Plantae,Tracheophyta,Magnoliopsida,Various,Terminaliaaceae,Terminalia,bellirica,Medicinal Plants,Least Concern,Wasteland,False,False,True,False,False,Jun-Aug,N/A,Photosynthetic,9,Increasing,"Bibhitaki (Terminalia bellirica) is a medicinal plant species recorded in the Kopargaon region, typically associated with agricultural field habitat.",SP0395_Terminalia_bellirica.jpg
SP0396,Datura,Datura stramonium,Plantae,Tracheophyta,Magnoliopsida,Various,Daturaaceae,Datura,stramonium,Medicinal Plants,Near Threatened,Grassland,False,True,True,False,False,Jun-Aug,N/A,Photosynthetic,5,Stable,"Datura (Datura stramonium) is a medicinal plant species recorded in the Kopargaon region, typically associated with wasteland habitat.",SP0396_Datura_stramonium.jpg
SP0397,Bhui Amla,Phyllanthus niruri,Plantae,Tracheophyta,Magnoliopsida,Various,Phyllanthusaceae,Phyllanthus,niruri,Medicinal Plants,Data Deficient,Agricultural Field,False,False,True,False,False,Jun-Aug,N/A,Photosynthetic,8,Increasing,"Bhui Amla (Phyllanthus niruri) is a medicinal plant species recorded in the Kopargaon region, typically associated with wasteland habitat.",SP0397_Phyllanthus_niruri.jpg
SP0398,Rasna,Pluchea lanceolata,Plantae,Tracheophyta,Magnoliopsida,Various,Plucheaaceae,Pluchea,lanceolata,Medicinal Plants,Not Evaluated,Wasteland,False,False,True,False,False,Jun-Aug,N/A,Photosynthetic,6,Stable,"Rasna (Pluchea lanceolata) is a medicinal plant species recorded in the Kopargaon region, typically associated with agricultural field habitat.",SP0398_Pluchea_lanceolata.jpg
SP0399,Guggul,Commiphora wightii,Plantae,Tracheophyta,Magnoliopsida,Various,Commiphoraaceae,Commiphora,wightii,Medicinal Plants,Least Concern,Agricultural Field,False,False,False,False,False,Jun-Aug,N/A,Photosynthetic,10,Under Watch,"Guggul (Commiphora wightii) is a medicinal plant species recorded in the Kopargaon region, typically associated with temple grove habitat.",SP0399_Commiphora_wightii.jpg
SP0400,Shallaki,Boswellia serrata,Plantae,Tracheophyta,Magnoliopsida,Various,Boswelliaaceae,Boswellia,serrata,Medicinal Plants,Near Threatened,Grassland,False,False,False,False,False,Jun-Aug,N/A,Photosynthetic,10,Stable,"Shallaki (Boswellia serrata) is a medicinal plant species recorded in the Kopargaon region, typically associated with wasteland habitat.",SP0400_Boswellia_serrata.jpg
SP0401,Manjistha,Rubia cordifolia,Plantae,Tracheophyta,Magnoliopsida,Various,Rubiaaceae,Rubia,cordifolia,Medicinal Plants,Least Concern,Temple Grove,False,False,True,False,False,Sep-Nov,N/A,Photosynthetic,14,Stable,"Manjistha (Rubia cordifolia) is a medicinal plant species recorded in the Kopargaon region, typically associated with temple grove habitat.",SP0401_Rubia_cordifolia.jpg
SP0402,Lodhra,Symplocos racemosa,Plantae,Tracheophyta,Magnoliopsida,Various,Symplocosaceae,Symplocos,racemosa,Medicinal Plants,Near Threatened,Temple Grove,False,False,True,False,False,Jun-Aug,N/A,Photosynthetic,1,Stable,"Lodhra (Symplocos racemosa) is a medicinal plant species recorded in the Kopargaon region, typically associated with agricultural field habitat.",SP0402_Symplocos_racemosa.jpg
SP0403,Nagarmotha,Cyperus rotundus,Plantae,Tracheophyta,Magnoliopsida,Various,Cyperusaceae,Cyperus,rotundus,Medicinal Plants,Vulnerable,Temple Grove,False,False,False,False,False,Nov-Jan,N/A,Photosynthetic,9,Under Watch,"Nagarmotha (Cyperus rotundus) is a medicinal plant species recorded in the Kopargaon region, typically associated with agricultural field habitat.",SP0403_Cyperus_rotundus.jpg
SP0404,Ajwain,Trachyspermum ammi,Plantae,Tracheophyta,Magnoliopsida,Various,Trachyspermumaceae,Trachyspermum,ammi,Medicinal Plants,Endangered,Temple Grove,False,False,True,False,False,Year-round,N/A,Photosynthetic,6,Declining,"Ajwain (Trachyspermum ammi) is a medicinal plant species recorded in the Kopargaon region, typically associated with agricultural field habitat.",SP0404_Trachyspermum_ammi.jpg
SP0405,Methi (Fenugreek),Trigonella foenum-graecum,Plantae,Tracheophyta,Magnoliopsida,Various,Trigonellaaceae,Trigonella,foenum-graecum,Medicinal Plants,Near Threatened,Wasteland,False,False,True,False,False,Feb-Apr,N/A,Photosynthetic,7,Stable,"Methi (Fenugreek) (Trigonella foenum-graecum) is a medicinal plant species recorded in the Kopargaon region, typically associated with grassland habitat.",SP0405_Trigonella_foenum-graecum.jpg
SP0406,Jeera (Cumin),Cuminum cyminum,Plantae,Tracheophyta,Magnoliopsida,Various,Cuminumaceae,Cuminum,cyminum,Medicinal Plants,Vulnerable,Wasteland,False,False,True,False,False,Jun-Aug,N/A,Photosynthetic,20,Stable,"Jeera (Cumin) (Cuminum cyminum) is a medicinal plant species recorded in the Kopargaon region, typically associated with agricultural field habitat.",SP0406_Cuminum_cyminum.jpg
SP0407,Dhania (Coriander),Coriandrum sativum,Plantae,Tracheophyta,Magnoliopsida,Various,Coriandrumaceae,Coriandrum,sativum,Medicinal Plants,Not Evaluated,Temple Grove,False,False,False,False,False,Sep-Nov,N/A,Photosynthetic,2,Stable,"Dhania (Coriander) (Coriandrum sativum) is a medicinal plant species recorded in the Kopargaon region, typically associated with agricultural field habitat.",SP0407_Coriandrum_sativum.jpg
SP0408,Karela (Bitter Gourd),Momordica charantia,Plantae,Tracheophyta,Magnoliopsida,Various,Momordicaaceae,Momordica,charantia,Medicinal Plants,Least Concern,Agricultural Field,False,False,True,False,False,Sep-Nov,N/A,Photosynthetic,16,Declining,"Karela (Bitter Gourd) (Momordica charantia) is a medicinal plant species recorded in the Kopargaon region, typically associated with wasteland habitat.",SP0408_Momordica_charantia.jpg
SP0409,Sadabahar (Vinca),Catharanthus roseus,Plantae,Tracheophyta,Magnoliopsida,Various,Catharanthusaceae,Catharanthus,roseus,Medicinal Plants,Least Concern,Temple Grove,False,False,True,False,False,Mar-May,N/A,Photosynthetic,17,Declining,"Sadabahar (Vinca) (Catharanthus roseus) is a medicinal plant species recorded in the Kopargaon region, typically associated with grassland habitat.",SP0409_Catharanthus_roseus.jpg
SP0410,Bhang,Cannabis sativa,Plantae,Tracheophyta,Magnoliopsida,Various,Cannabisaceae,Cannabis,sativa,Medicinal Plants,Endangered,Agricultural Field,False,False,True,False,False,Sep-Nov,N/A,Photosynthetic,6,Declining,"Bhang (Cannabis sativa) is a medicinal plant species recorded in the Kopargaon region, typically associated with agricultural field habitat.",SP0410_Cannabis_sativa.jpg
SP0411,Ratanjot,Jatropha curcas,Plantae,Tracheophyta,Magnoliopsida,Various,Jatrophaaceae,Jatropha,curcas,Medicinal Plants,Data Deficient,Temple Grove,False,False,True,False,False,Sep-Nov,N/A,Photosynthetic,6,Stable,"Ratanjot (Jatropha curcas) is a medicinal plant species recorded in the Kopargaon region, typically associated with agricultural field habitat.",SP0411_Jatropha_curcas.jpg
SP0412,Rui (Akra),Calotropis procera,Plantae,Tracheophyta,Magnoliopsida,Various,Calotropisaceae,Calotropis,procera,Medicinal Plants,Least Concern,Temple Grove,False,False,True,False,False,Feb-Apr,N/A,Photosynthetic,13,Increasing,"Rui (Akra) (Calotropis procera) is a medicinal plant species recorded in the Kopargaon region, typically associated with agricultural field habitat.",SP0412_Calotropis_procera.jpg
SP0413,Doob Grass,Cynodon dactylon,Plantae,Tracheophyta,Magnoliopsida,Various,Cynodonaceae,Cynodon,dactylon,Medicinal Plants,Least Concern,Grassland,False,False,True,False,False,Sep-Nov,N/A,Photosynthetic,11,Under Watch,"Doob Grass (Cynodon dactylon) is a medicinal plant species recorded in the Kopargaon region, typically associated with temple grove habitat.",SP0413_Cynodon_dactylon.jpg
SP0414,Kuchla,Strychnos nux-vomica,Plantae,Tracheophyta,Magnoliopsida,Various,Strychnosaceae,Strychnos,nux-vomica,Medicinal Plants,Least Concern,Wasteland,False,False,True,False,False,Year-round,N/A,Photosynthetic,1,Stable,"Kuchla (Strychnos nux-vomica) is a medicinal plant species recorded in the Kopargaon region, typically associated with temple grove habitat.",SP0414_Strychnos_nux-vomica.jpg
SP0415,Jatamansi,Nardostachys jatamansi,Plantae,Tracheophyta,Magnoliopsida,Various,Nardostachysaceae,Nardostachys,jatamansi,Medicinal Plants,Not Evaluated,Wasteland,False,False,True,False,False,Jun-Aug,N/A,Photosynthetic,17,Declining,"Jatamansi (Nardostachys jatamansi) is a medicinal plant species recorded in the Kopargaon region, typically associated with temple grove habitat.",SP0415_Nardostachys_jatamansi.jpg
SP0416,Pashanbhed,Bergenia ciliata,Plantae,Tracheophyta,Magnoliopsida,Various,Bergeniaaceae,Bergenia,ciliata,Medicinal Plants,Least Concern,Wasteland,False,False,True,False,False,Jun-Aug,N/A,Photosynthetic,8,Under Watch,"Pashanbhed (Bergenia ciliata) is a medicinal plant species recorded in the Kopargaon region, typically associated with temple grove habitat.",SP0416_Bergenia_ciliata.jpg
SP0417,Chitrak,Plumbago zeylanica,Plantae,Tracheophyta,Magnoliopsida,Various,Plumbagoaceae,Plumbago,zeylanica,Medicinal Plants,Data Deficient,Agricultural Field,False,False,True,False,False,Jun-Aug,N/A,Photosynthetic,18,Stable,"Chitrak (Plumbago zeylanica) is a medicinal plant species recorded in the Kopargaon region, typically associated with wasteland habitat.",SP0417_Plumbago_zeylanica.jpg
SP0418,Bala,Sida cordifolia,Plantae,Tracheophyta,Magnoliopsida,Various,Sidaaceae,Sida,cordifolia,Medicinal Plants,Endangered,Agricultural Field,False,False,True,False,False,Jun-Aug,N/A,Photosynthetic,6,Stable,"Bala (Sida cordifolia) is a medicinal plant species recorded in the Kopargaon region, typically associated with wasteland habitat.",SP0418_Sida_cordifolia.jpg
SP0419,Amaltas Bark,Cassia fistula,Plantae,Tracheophyta,Magnoliopsida,Various,Cassiaaceae,Cassia,fistula,Medicinal Plants,Least Concern,Wasteland,False,False,True,False,False,Sep-Nov,N/A,Photosynthetic,20,Under Watch,"Amaltas Bark (Cassia fistula) is a medicinal plant species recorded in the Kopargaon region, typically associated with agricultural field habitat.",SP0419_Cassia_fistula.jpg
SP0420,Vidanga,Embelia ribes,Plantae,Tracheophyta,Magnoliopsida,Various,Embeliaaceae,Embelia,ribes,Medicinal Plants,Least Concern,Grassland,False,True,True,False,False,Sep-Nov,N/A,Photosynthetic,13,Stable,"Vidanga (Embelia ribes) is a medicinal plant species recorded in the Kopargaon region, typically associated with agricultural field habitat.",SP0420_Embelia_ribes.jpg
SP0421,Mulethi (Licorice),Glycyrrhiza glabra,Plantae,Tracheophyta,Magnoliopsida,Various,Glycyrrhizaaceae,Glycyrrhiza,glabra,Medicinal Plants,Least Concern,Wasteland,False,False,True,False,False,Mar-May,N/A,Photosynthetic,3,Declining,"Mulethi (Licorice) (Glycyrrhiza glabra) is a medicinal plant species recorded in the Kopargaon region, typically associated with agricultural field habitat.",SP0421_Glycyrrhiza_glabra.jpg
SP0422,Neem Bark,Azadirachta indica,Plantae,Tracheophyta,Magnoliopsida,Various,Azadirachtaaceae,Azadirachta,indica,Medicinal Plants,Least Concern,Wasteland,False,False,True,False,False,Sep-Nov,N/A,Photosynthetic,2,Stable,"Neem Bark (Azadirachta indica) is a medicinal plant species recorded in the Kopargaon region, typically associated with wasteland habitat.",SP0422_Azadirachta_indica.jpg
SP0423,Arjuna Bark,Terminalia arjuna,Plantae,Tracheophyta,Magnoliopsida,Various,Terminaliaaceae,Terminalia,arjuna,Medicinal Plants,Data Deficient,Agricultural Field,False,False,True,False,False,Jun-Aug,N/A,Photosynthetic,14,Stable,"Arjuna Bark (Terminalia arjuna) is a medicinal plant species recorded in the Kopargaon region, typically associated with wasteland habitat.",SP0423_Terminalia_arjuna.jpg
SP0424,Kalonji (Black Cumin),Nigella sativa,Plantae,Tracheophyta,Magnoliopsida,Various,Nigellaaceae,Nigella,sativa,Medicinal Plants,Least Concern,Grassland,False,False,True,False,False,Nov-Jan,N/A,Photosynthetic,16,Declining,"Kalonji (Black Cumin) (Nigella sativa) is a medicinal plant species recorded in the Kopargaon region, typically associated with wasteland habitat.",SP0424_Nigella_sativa.jpg
SP0425,Bel Leaves,Aegle marmelos,Plantae,Tracheophyta,Magnoliopsida,Various,Aegleaceae,Aegle,marmelos,Medicinal Plants,Least Concern,Grassland,False,False,True,False,False,Sep-Nov,N/A,Photosynthetic,16,Stable,"Bel Leaves (Aegle marmelos) is a medicinal plant species recorded in the Kopargaon region, typically associated with agricultural field habitat.",SP0425_Aegle_marmelos.jpg
SP0426,Hibiscus,Hibiscus rosa-sinensis,Plantae,Tracheophyta,Magnoliopsida,Various,Hibiscusaceae,Hibiscus,rosa-sinensis,Shrubs,Least Concern,Roadside Plantation,False,False,False,False,False,Mar-May,N/A,Photosynthetic,28,Increasing,"Hibiscus (Hibiscus rosa-sinensis) is a shrub species recorded in the Kopargaon region, typically associated with agricultural field habitat.",SP0426_Hibiscus_rosa-sinensis.jpg
SP0427,Bougainvillea,Bougainvillea glabra,Plantae,Tracheophyta,Magnoliopsida,Various,Bougainvilleaaceae,Bougainvillea,glabra,Shrubs,Least Concern,Roadside Plantation,False,False,False,False,False,Sep-Nov,N/A,Photosynthetic,16,Declining,"Bougainvillea (Bougainvillea glabra) is a shrub species recorded in the Kopargaon region, typically associated with roadside plantation habitat.",SP0427_Bougainvillea_glabra.jpg
SP0428,Lantana,Lantana camara,Plantae,Tracheophyta,Magnoliopsida,Various,Lantanaaceae,Lantana,camara,Shrubs,Least Concern,Urban Garden,False,True,True,False,False,Feb-Apr,N/A,Photosynthetic,12,Stable,"Lantana (Lantana camara) is a shrub species recorded in the Kopargaon region, typically associated with agricultural field habitat.",SP0428_Lantana_camara.jpg
SP0429,Jasmine,Jasminum sambac,Plantae,Tracheophyta,Magnoliopsida,Various,Jasminumaceae,Jasminum,sambac,Shrubs,Least Concern,Urban Garden,False,True,False,False,False,Sep-Nov,N/A,Photosynthetic,22,Under Watch,"Jasmine (Jasminum sambac) is a shrub species recorded in the Kopargaon region, typically associated with urban garden habitat.",SP0429_Jasminum_sambac.jpg
SP0430,Henna (Mehendi),Lawsonia inermis,Plantae,Tracheophyta,Magnoliopsida,Various,Lawsoniaaceae,Lawsonia,inermis,Shrubs,Endangered,Urban Garden,False,False,False,False,False,Sep-Nov,N/A,Photosynthetic,12,Stable,"Henna (Mehendi) (Lawsonia inermis) is a shrub species recorded in the Kopargaon region, typically associated with roadside plantation habitat.",SP0430_Lawsonia_inermis.jpg
SP0431,Croton,Codiaeum variegatum,Plantae,Tracheophyta,Magnoliopsida,Various,Codiaeumaceae,Codiaeum,variegatum,Shrubs,Near Threatened,Urban Garden,False,True,False,False,False,Mar-May,N/A,Photosynthetic,13,Stable,"Croton (Codiaeum variegatum) is a shrub species recorded in the Kopargaon region, typically associated with agricultural field habitat.",SP0431_Codiaeum_variegatum.jpg
SP0432,Ixora,Ixora coccinea,Plantae,Tracheophyta,Magnoliopsida,Various,Ixoraaceae,Ixora,coccinea,Shrubs,Least Concern,Grassland,False,False,False,False,False,Year-round,N/A,Photosynthetic,25,Under Watch,"Ixora (Ixora coccinea) is a shrub species recorded in the Kopargaon region, typically associated with roadside plantation habitat.",SP0432_Ixora_coccinea.jpg
SP0433,Karonda,Carissa carandas,Plantae,Tracheophyta,Magnoliopsida,Various,Carissaaceae,Carissa,carandas,Shrubs,Least Concern,Grassland,False,False,False,False,False,Nov-Jan,N/A,Photosynthetic,5,Under Watch,"Karonda (Carissa carandas) is a shrub species recorded in the Kopargaon region, typically associated with grassland habitat.",SP0433_Carissa_carandas.jpg
SP0434,Kaner (Oleander),Nerium oleander,Plantae,Tracheophyta,Magnoliopsida,Various,Neriumaceae,Nerium,oleander,Shrubs,Least Concern,Agricultural Field,False,False,False,False,False,Sep-Nov,N/A,Photosynthetic,11,Stable,"Kaner (Oleander) (Nerium oleander) is a shrub species recorded in the Kopargaon region, typically associated with roadside plantation habitat.",SP0434_Nerium_oleander.jpg
SP0435,Calotropis,Calotropis gigantea,Plantae,Tracheophyta,Magnoliopsida,Various,Calotropisaceae,Calotropis,gigantea,Shrubs,Not Evaluated,Roadside Plantation,False,False,False,False,False,Jun-Aug,N/A,Photosynthetic,17,Stable,"Calotropis (Calotropis gigantea) is a shrub species recorded in the Kopargaon region, typically associated with agricultural field habitat.",SP0435_Calotropis_gigantea.jpg
SP0436,Duranta,Duranta erecta,Plantae,Tracheophyta,Magnoliopsida,Various,Durantaaceae,Duranta,erecta,Shrubs,Not Evaluated,Agricultural Field,False,False,False,False,False,Jun-Aug,N/A,Photosynthetic,18,Stable,"Duranta (Duranta erecta) is a shrub species recorded in the Kopargaon region, typically associated with roadside plantation habitat.",SP0436_Duranta_erecta.jpg
SP0437,Acalypha,Acalypha wilkesiana,Plantae,Tracheophyta,Magnoliopsida,Various,Acalyphaaceae,Acalypha,wilkesiana,Shrubs,Least Concern,Grassland,False,False,True,False,False,Mar-May,N/A,Photosynthetic,18,Stable,"Acalypha (Acalypha wilkesiana) is a shrub species recorded in the Kopargaon region, typically associated with grassland habitat.",SP0437_Acalypha_wilkesiana.jpg
SP0438,Yellow Oleander,Thevetia peruviana,Plantae,Tracheophyta,Magnoliopsida,Various,Thevetiaaceae,Thevetia,peruviana,Shrubs,Vulnerable,Roadside Plantation,False,False,False,False,False,Mar-May,N/A,Photosynthetic,5,Increasing,"Yellow Oleander (Thevetia peruviana) is a shrub species recorded in the Kopargaon region, typically associated with agricultural field habitat.",SP0438_Thevetia_peruviana.jpg
SP0439,Rose,Rosa indica,Plantae,Tracheophyta,Magnoliopsida,Various,Rosaaceae,Rosa,indica,Shrubs,Least Concern,Grassland,False,False,False,False,False,Jun-Aug,N/A,Photosynthetic,23,Declining,"Rose (Rosa indica) is a shrub species recorded in the Kopargaon region, typically associated with agricultural field habitat.",SP0439_Rosa_indica.jpg
SP0440,Jatropha,Jatropha gossypiifolia,Plantae,Tracheophyta,Magnoliopsida,Various,Jatrophaaceae,Jatropha,gossypiifolia,Shrubs,Data Deficient,Roadside Plantation,False,False,False,False,False,Feb-Apr,N/A,Photosynthetic,22,Stable,"Jatropha (Jatropha gossypiifolia) is a shrub species recorded in the Kopargaon region, typically associated with roadside plantation habitat.",SP0440_Jatropha_gossypiifolia.jpg
SP0441,Castor,Ricinus communis,Plantae,Tracheophyta,Magnoliopsida,Various,Ricinusaceae,Ricinus,communis,Shrubs,Data Deficient,Grassland,False,False,False,False,False,Year-round,N/A,Photosynthetic,16,Stable,"Castor (Ricinus communis) is a shrub species recorded in the Kopargaon region, typically associated with roadside plantation habitat.",SP0441_Ricinus_communis.jpg
SP0442,Sesbania,Sesbania grandiflora,Plantae,Tracheophyta,Magnoliopsida,Various,Sesbaniaaceae,Sesbania,grandiflora,Shrubs,Near Threatened,Urban Garden,False,False,False,False,False,Mar-May,N/A,Photosynthetic,19,Stable,"Sesbania (Sesbania grandiflora) is a shrub species recorded in the Kopargaon region, typically associated with grassland habitat.",SP0442_Sesbania_grandiflora.jpg
SP0443,Cassia (Senna),Senna auriculata,Plantae,Tracheophyta,Magnoliopsida,Various,Sennaaceae,Senna,auriculata,Shrubs,Least Concern,Agricultural Field,False,False,False,False,False,Nov-Jan,N/A,Photosynthetic,5,Stable,"Cassia (Senna) (Senna auriculata) is a shrub species recorded in the Kopargaon region, typically associated with grassland habitat.",SP0443_Senna_auriculata.jpg
SP0444,Grewia,Grewia asiatica,Plantae,Tracheophyta,Magnoliopsida,Various,Grewiaaceae,Grewia,asiatica,Shrubs,Endangered,Roadside Plantation,False,False,True,False,False,Mar-May,N/A,Photosynthetic,16,Increasing,"Grewia (Grewia asiatica) is a shrub species recorded in the Kopargaon region, typically associated with roadside plantation habitat.",SP0444_Grewia_asiatica.jpg
SP0445,Ber Shrub,Ziziphus nummularia,Plantae,Tracheophyta,Magnoliopsida,Various,Ziziphusaceae,Ziziphus,nummularia,Shrubs,Data Deficient,Urban Garden,False,False,False,False,False,Jun-Aug,N/A,Photosynthetic,4,Under Watch,"Ber Shrub (Ziziphus nummularia) is a shrub species recorded in the Kopargaon region, typically associated with grassland habitat.",SP0445_Ziziphus_nummularia.jpg
SP0446,Railway Creeper,Ipomoea cairica,Plantae,Tracheophyta,Magnoliopsida,Various,Ipomoeaaceae,Ipomoea,cairica,Shrubs,Near Threatened,Agricultural Field,False,False,True,False,False,Sep-Nov,N/A,Photosynthetic,17,Stable,"Railway Creeper (Ipomoea cairica) is a shrub species recorded in the Kopargaon region, typically associated with urban garden habitat.",SP0446_Ipomoea_cairica.jpg
SP0447,Clerodendrum,Clerodendrum inerme,Plantae,Tracheophyta,Magnoliopsida,Various,Clerodendrumaceae,Clerodendrum,inerme,Shrubs,Least Concern,Grassland,False,False,True,False,False,Nov-Jan,N/A,Photosynthetic,10,Declining,"Clerodendrum (Clerodendrum inerme) is a shrub species recorded in the Kopargaon region, typically associated with grassland habitat.",SP0447_Clerodendrum_inerme.jpg
SP0448,Kamini,Murraya paniculata,Plantae,Tracheophyta,Magnoliopsida,Various,Murrayaaceae,Murraya,paniculata,Shrubs,Least Concern,Urban Garden,False,False,False,False,False,Nov-Jan,N/A,Photosynthetic,17,Stable,"Kamini (Murraya paniculata) is a shrub species recorded in the Kopargaon region, typically associated with agricultural field habitat.",SP0448_Murraya_paniculata.jpg
SP0449,Night-blooming Jasmine,Cestrum nocturnum,Plantae,Tracheophyta,Magnoliopsida,Various,Cestrumaceae,Cestrum,nocturnum,Shrubs,Least Concern,Roadside Plantation,False,False,False,False,False,Nov-Jan,N/A,Photosynthetic,7,Under Watch,"Night-blooming Jasmine (Cestrum nocturnum) is a shrub species recorded in the Kopargaon region, typically associated with grassland habitat.",SP0449_Cestrum_nocturnum.jpg
SP0450,Tecoma,Tecoma stans,Plantae,Tracheophyta,Magnoliopsida,Various,Tecomaaceae,Tecoma,stans,Shrubs,Vulnerable,Roadside Plantation,False,False,True,False,False,Feb-Apr,N/A,Photosynthetic,9,Declining,"Tecoma (Tecoma stans) is a shrub species recorded in the Kopargaon region, typically associated with agricultural field habitat.",SP0450_Tecoma_stans.jpg
SP0451,Ceylon Leadwort,Plumbago zeylanica,Plantae,Tracheophyta,Magnoliopsida,Various,Plumbagoaceae,Plumbago,zeylanica,Shrubs,Least Concern,Urban Garden,False,False,True,False,False,Mar-May,N/A,Photosynthetic,20,Stable,"Ceylon Leadwort (Plumbago zeylanica) is a shrub species recorded in the Kopargaon region, typically associated with urban garden habitat.",SP0451_Plumbago_zeylanica.jpg
SP0452,Barleria,Barleria cristata,Plantae,Tracheophyta,Magnoliopsida,Various,Barleriaaceae,Barleria,cristata,Shrubs,Near Threatened,Roadside Plantation,False,False,False,False,False,Nov-Jan,N/A,Photosynthetic,15,Declining,"Barleria (Barleria cristata) is a shrub species recorded in the Kopargaon region, typically associated with agricultural field habitat.",SP0452_Barleria_cristata.jpg
SP0453,Ruellia,Ruellia tuberosa,Plantae,Tracheophyta,Magnoliopsida,Various,Ruelliaaceae,Ruellia,tuberosa,Shrubs,Least Concern,Urban Garden,False,False,False,False,False,Mar-May,N/A,Photosynthetic,4,Increasing,"Ruellia (Ruellia tuberosa) is a shrub species recorded in the Kopargaon region, typically associated with roadside plantation habitat.",SP0453_Ruellia_tuberosa.jpg
SP0454,Caper Bush,Capparis zeylanica,Plantae,Tracheophyta,Magnoliopsida,Various,Capparisaceae,Capparis,zeylanica,Shrubs,Vulnerable,Roadside Plantation,False,False,False,False,False,Feb-Apr,N/A,Photosynthetic,17,Stable,"Caper Bush (Capparis zeylanica) is a shrub species recorded in the Kopargaon region, typically associated with urban garden habitat.",SP0454_Capparis_zeylanica.jpg
SP0455,Bramble,Rubus ellipticus,Plantae,Tracheophyta,Magnoliopsida,Various,Rubusaceae,Rubus,ellipticus,Shrubs,Least Concern,Grassland,False,False,False,False,False,Feb-Apr,N/A,Photosynthetic,3,Declining,"Bramble (Rubus ellipticus) is a shrub species recorded in the Kopargaon region, typically associated with roadside plantation habitat.",SP0455_Rubus_ellipticus.jpg
SP0456,Wild Jasmine,Jasminum auriculatum,Plantae,Tracheophyta,Magnoliopsida,Various,Jasminumaceae,Jasminum,auriculatum,Shrubs,Least Concern,Grassland,False,False,True,False,False,Sep-Nov,N/A,Photosynthetic,30,Increasing,"Wild Jasmine (Jasminum auriculatum) is a shrub species recorded in the Kopargaon region, typically associated with agricultural field habitat.",SP0456_Jasminum_auriculatum.jpg
SP0457,Country Mallow,Abutilon indicum,Plantae,Tracheophyta,Magnoliopsida,Various,Abutilonaceae,Abutilon,indicum,Shrubs,Least Concern,Urban Garden,False,False,True,False,False,Feb-Apr,N/A,Photosynthetic,16,Stable,"Country Mallow (Abutilon indicum) is a shrub species recorded in the Kopargaon region, typically associated with roadside plantation habitat.",SP0457_Abutilon_indicum.jpg
SP0458,Prickly Chaff Flower,Achyranthes aspera,Plantae,Tracheophyta,Magnoliopsida,Various,Achyranthesaceae,Achyranthes,aspera,Shrubs,Data Deficient,Urban Garden,False,False,False,False,False,Nov-Jan,N/A,Photosynthetic,13,Stable,"Prickly Chaff Flower (Achyranthes aspera) is a shrub species recorded in the Kopargaon region, typically associated with urban garden habitat.",SP0458_Achyranthes_aspera.jpg
SP0459,Custard Apple Shrub Form,Annona reticulata,Plantae,Tracheophyta,Magnoliopsida,Various,Annonaaceae,Annona,reticulata,Shrubs,Vulnerable,Grassland,False,False,False,False,False,Sep-Nov,N/A,Photosynthetic,21,Under Watch,"Custard Apple Shrub Form (Annona reticulata) is a shrub species recorded in the Kopargaon region, typically associated with agricultural field habitat.",SP0459_Annona_reticulata.jpg
SP0460,Adhatoda Shrub,Justicia adhatoda,Plantae,Tracheophyta,Magnoliopsida,Various,Justiciaaceae,Justicia,adhatoda,Shrubs,Vulnerable,Agricultural Field,False,False,False,False,False,Feb-Apr,N/A,Photosynthetic,17,Under Watch,"Adhatoda Shrub (Justicia adhatoda) is a shrub species recorded in the Kopargaon region, typically associated with agricultural field habitat.",SP0460_Justicia_adhatoda.jpg
