weather_id,date,temperature_c,rainfall_mm,humidity_pct,wind_speed_kmph,pressure_hpa,uv_index
WX00001,2016-08-01,29.9,37.2,87.3,8.2,1006.7,8.8
WX00002,2016-08-02,32.4,46.5,64.2,5.2,1005.8,7.0
WX00003,2016-08-03,32.6,0.0,82.5,10.8,1010.4,9.6
WX00004,2016-08-04,32.6,0.0,79.6,14.6,1003.5,9.4
WX00005,2016-08-05,32.1,6.5,70.8,6.6,1012.1,7.1
WX00006,2016-08-06,33.2,16.9,67.1,18.1,1007.0,9.4
WX00007,2016-08-07,30.8,3.8,66.6,2.6,1007.5,9.5
WX00008,2016-08-08,28.1,24.2,60.1,2.4,1012.2,7.7
WX00009,2016-08-09,31.2,0.0,83.5,2.9,1002.6,11.6
WX00010,2016-08-10,32.3,0.0,80.9,7.9,1005.3,7.5
WX00011,2016-08-11,29.6,35.1,59.9,15.3,1006.3,9.7
WX00012,2016-08-12,29.7,51.8,80.9,2.6,1009.0,10.3
WX00013,2016-08-13,31.2,3.3,61.4,9.6,1009.0,7.5
WX00014,2016-08-14,31.2,0.0,60.7,14.3,1005.3,8.9
WX00015,2016-08-15,32.6,0.0,76.6,7.0,1007.3,7.5
WX00016,2016-08-16,35.3,22.1,64.0,13.2,1002.6,7.6
WX00017,2016-08-17,33.9,0.0,69.1,2.8,1007.4,6.7
WX00018,2016-08-18,31.6,0.0,76.6,5.7,1001.6,8.3
WX00019,2016-08-19,28.7,30.5,83.0,6.7,1009.2,7.6
WX00020,2016-08-20,30.1,0.0,83.8,7.2,1005.3,7.9
WX00021,2016-08-21,25.6,0.0,76.5,6.6,1007.4,6.8
WX00022,2016-08-22,29.7,31.7,87.1,9.3,1010.5,7.5
WX00023,2016-08-23,26.8,15.8,69.0,9.7,1011.9,7.6
WX00024,2016-08-24,32.4,0.0,68.2,9.6,1000.7,8.7
WX00025,2016-08-25,31.4,0.0,70.7,4.6,1004.7,8.1
WX00026,2016-08-26,28.6,13.0,74.5,8.6,1018.2,6.7
WX00027,2016-08-27,32.2,2.3,77.3,12.5,1001.4,10.4
WX00028,2016-08-28,28.1,0.0,77.1,9.4,1017.4,7.5
WX00029,2016-08-29,28.4,11.2,72.2,11.0,1007.2,8.6
WX00030,2016-08-30,24.5,41.4,71.8,10.2,1009.7,5.6
WX00031,2016-08-31,29.7,25.5,77.3,12.9,1003.8,9.0
WX00032,2016-09-01,27.5,0.0,65.4,5.5,1008.1,6.4
WX00033,2016-09-02,29.4,19.3,82.3,14.1,1015.2,6.4
WX00034,2016-09-03,26.7,0.0,75.7,7.3,1008.5,9.1
WX00035,2016-09-04,27.6,0.0,78.7,11.9,998.5,7.1
WX00036,2016-09-05,24.5,0.0,62.0,5.2,1009.0,7.1
WX00037,2016-09-06,30.4,66.7,63.5,11.2,1009.9,2.9
WX00038,2016-09-07,24.5,32.1,74.5,11.1,1006.2,5.9
WX00039,2016-09-08,28.7,0.0,72.7,12.0,1008.7,6.3
WX00040,2016-09-09,29.3,0.0,74.4,4.5,1007.5,6.7
WX00041,2016-09-10,24.2,0.0,74.0,9.6,1002.6,7.2
WX00042,2016-09-11,29.4,0.0,79.7,14.6,1005.6,5.5
WX00043,2016-09-12,28.0,0.0,77.0,15.9,1001.8,4.2
WX00044,2016-09-13,31.3,0.0,74.2,8.0,1008.1,7.3
WX00045,2016-09-14,28.7,0.0,53.1,12.7,1001.2,5.3
WX00046,2016-09-15,22.1,0.0,85.9,10.9,1017.3,6.7
WX00047,2016-09-16,26.4,15.5,73.5,5.3,1008.2,6.1
WX00048,2016-09-17,23.6,0.0,67.5,12.2,1007.9,6.6
WX00049,2016-09-18,22.1,26.9,70.0,10.2,1014.6,3.5
WX00050,2016-09-19,25.4,14.5,80.2,15.1,1013.4,5.0
WX00051,2016-09-20,28.6,0.0,73.7,11.6,1001.7,5.6
WX00052,2016-09-21,27.7,0.0,74.3,9.8,1006.8,6.5
WX00053,2016-09-22,30.0,0.0,81.3,12.2,1013.4,4.7
WX00054,2016-09-23,25.9,0.0,72.5,5.6,1013.2,6.7
WX00055,2016-09-24,31.1,18.8,72.2,12.7,1001.5,6.3
WX00056,2016-09-25,24.2,0.0,72.4,13.2,1007.4,5.1
WX00057,2016-09-26,22.6,0.0,75.8,12.9,1009.0,6.4
WX00058,2016-09-27,21.7,0.0,79.3,5.2,1006.0,3.9
WX00059,2016-09-28,24.5,23.4,76.1,8.6,1007.9,5.5
WX00060,2016-09-29,27.8,36.5,87.1,6.6,1014.1,4.7
WX00061,2016-09-30,29.4,18.8,93.1,2.9,1010.4,6.2
WX00062,2016-10-01,24.8,0.0,44.1,11.2,1011.9,5.6
WX00063,2016-10-02,22.1,0.0,41.6,10.5,1016.5,5.1
WX00064,2016-10-03,24.2,0.0,26.1,9.9,1005.2,4.6
WX00065,2016-10-04,22.8,0.0,35.5,8.5,1013.1,4.7
WX00066,2016-10-05,23.6,0.0,38.9,14.4,1003.0,4.4
WX00067,2016-10-06,27.0,0.0,27.8,7.7,1007.4,5.8
WX00068,2016-10-07,26.6,0.0,31.9,10.0,1004.2,4.7
WX00069,2016-10-08,26.9,0.0,41.5,11.5,1004.4,5.4
WX00070,2016-10-09,21.8,0.0,44.0,12.3,1006.2,5.7
WX00071,2016-10-10,24.0,0.0,33.8,15.4,1007.4,3.9
WX00072,2016-10-11,22.2,0.0,40.6,9.7,1007.2,5.0
WX00073,2016-10-12,21.6,22.8,41.3,5.7,1010.9,5.4
WX00074,2016-10-13,22.3,0.0,34.6,5.4,1007.3,4.8
WX00075,2016-10-14,19.0,0.0,21.5,6.3,1015.2,4.2
WX00076,2016-10-15,25.4,0.0,29.3,1.0,1005.6,3.2
WX00077,2016-10-16,25.5,0.0,35.6,15.9,1004.4,4.7
WX00078,2016-10-17,27.7,40.6,33.1,5.4,1020.9,4.3
WX00079,2016-10-18,23.3,43.3,45.1,9.1,1003.3,2.9
WX00080,2016-10-19,21.3,41.6,34.2,1.0,1009.3,2.7
WX00081,2016-10-20,22.7,0.0,24.1,17.0,1002.1,3.0
WX00082,2016-10-21,21.6,40.1,54.2,7.5,1008.6,4.7
WX00083,2016-10-22,22.0,27.9,27.8,7.4,1012.4,3.4
WX00084,2016-10-23,21.3,0.0,29.5,10.8,1007.3,2.8
WX00085,2016-10-24,18.8,19.4,39.6,10.3,1012.8,3.4
WX00086,2016-10-25,20.6,0.0,28.2,9.8,995.3,5.1
WX00087,2016-10-26,20.1,0.0,56.5,7.0,1008.1,1.6
WX00088,2016-10-27,23.1,0.0,41.1,3.0,1010.2,3.6
WX00089,2016-10-28,19.6,0.0,37.0,5.5,1010.7,3.8
WX00090,2016-10-29,15.8,0.0,41.1,11.2,1010.3,3.8
WX00091,2016-10-30,22.0,0.0,35.9,7.9,1012.6,4.6
WX00092,2016-10-31,19.7,0.0,22.6,3.4,1003.4,3.6
WX00093,2016-11-01,17.8,0.0,38.3,11.2,1002.1,3.4
WX00094,2016-11-02,19.1,0.0,26.7,3.4,1010.3,3.9
WX00095,2016-11-03,23.4,0.0,25.3,11.3,1014.6,3.7
WX00096,2016-11-04,19.4,0.0,44.4,11.7,1004.9,1.5
WX00097,2016-11-05,19.1,0.0,40.3,7.0,1007.3,2.4
WX00098,2016-11-06,18.9,0.0,39.6,8.2,1007.1,4.4
WX00099,2016-11-07,19.9,0.0,39.4,5.1,1007.0,1.7
WX00100,2016-11-08,19.8,0.0,34.9,13.9,1004.6,4.2
WX00101,2016-11-09,19.0,0.0,26.8,13.0,1009.9,4.0
WX00102,2016-11-10,18.5,0.0,32.6,6.1,1000.5,3.7
WX00103,2016-11-11,17.9,0.0,46.5,10.9,1008.7,1.8
WX00104,2016-11-12,23.5,0.0,46.2,6.3,1014.8,3.2
WX00105,2016-11-13,24.9,0.0,26.8,8.5,1008.6,2.5
WX00106,2016-11-14,19.7,0.0,31.2,5.6,1004.7,3.1
WX00107,2016-11-15,14.6,0.0,40.5,8.5,1003.5,3.7
WX00108,2016-11-16,18.1,0.0,24.4,4.6,1007.3,2.8
WX00109,2016-11-17,18.7,0.0,22.8,10.6,1007.3,4.4
WX00110,2016-11-18,21.5,0.0,26.3,2.3,1004.1,1.0
WX00111,2016-11-19,13.9,0.0,30.7,13.9,1014.8,2.9
WX00112,2016-11-20,20.6,0.0,45.0,11.1,1005.1,3.9
WX00113,2016-11-21,19.5,0.0,33.2,1.5,1004.5,3.0
WX00114,2016-11-22,20.0,0.0,38.0,11.5,1012.7,1.8
WX00115,2016-11-23,18.4,0.0,24.9,10.4,1007.5,2.2
WX00116,2016-11-24,19.4,0.0,30.2,11.5,1012.9,3.1
WX00117,2016-11-25,16.7,0.0,32.4,13.1,1005.3,2.1
WX00118,2016-11-26,18.0,0.0,29.6,6.9,1002.3,3.3
WX00119,2016-11-27,15.8,0.0,44.4,13.8,1005.3,1.0
WX00120,2016-11-28,23.9,0.0,37.1,12.8,1001.6,3.2
WX00121,2016-11-29,15.3,0.0,41.0,8.4,1003.7,2.7
WX00122,2016-11-30,17.1,0.0,20.8,14.6,1005.6,4.0
WX00123,2016-12-01,21.1,0.0,41.0,9.1,1003.3,1.3
WX00124,2016-12-02,19.1,0.0,39.6,9.0,1006.9,2.7
WX00125,2016-12-03,23.6,0.0,16.6,15.7,1006.5,1.0
WX00126,2016-12-04,18.6,0.0,49.1,12.9,1010.9,1.8
WX00127,2016-12-05,21.9,0.0,37.5,7.0,1001.1,2.9
WX00128,2016-12-06,12.4,0.0,53.1,6.9,1009.3,2.2
WX00129,2016-12-07,15.5,0.0,40.1,8.3,1005.2,1.0
WX00130,2016-12-08,19.9,0.0,33.3,15.2,1008.1,2.8
WX00131,2016-12-09,18.3,0.0,26.9,9.2,1009.1,2.2
WX00132,2016-12-10,20.8,0.0,35.7,13.0,1013.7,3.3
WX00133,2016-12-11,19.4,0.0,44.5,13.6,1007.9,2.0
WX00134,2016-12-12,20.1,0.0,38.2,9.6,1002.8,2.4
WX00135,2016-12-13,17.7,0.0,33.2,10.3,1001.1,1.9
WX00136,2016-12-14,15.2,0.0,43.1,1.3,1007.1,1.0
WX00137,2016-12-15,19.6,0.0,38.3,11.0,1008.1,3.0
WX00138,2016-12-16,17.2,0.0,30.5,13.9,1003.5,1.9
WX00139,2016-12-17,18.6,0.0,34.3,16.3,1005.8,1.0
WX00140,2016-12-18,13.0,0.0,31.6,3.1,1005.1,1.9
WX00141,2016-12-19,21.9,0.0,28.3,10.7,1010.3,3.0
WX00142,2016-12-20,20.3,0.0,36.7,8.2,1013.1,2.0
WX00143,2016-12-21,17.6,0.0,38.5,5.8,1015.5,2.9
WX00144,2016-12-22,16.1,0.0,30.9,4.1,1006.6,4.2
WX00145,2016-12-23,19.6,0.0,40.5,14.1,1010.6,1.3
WX00146,2016-12-24,17.9,0.0,22.3,8.7,1003.8,2.4
WX00147,2016-12-25,16.3,0.0,23.6,5.0,1012.7,4.2
WX00148,2016-12-26,19.6,0.0,39.8,7.8,1009.4,1.0
WX00149,2016-12-27,19.4,0.0,30.7,10.7,1011.7,1.0
WX00150,2016-12-28,20.7,0.0,26.6,7.4,1011.0,2.6
WX00151,2016-12-29,21.3,0.0,39.6,7.4,1001.8,3.8
WX00152,2016-12-30,20.3,0.0,34.3,7.7,1009.6,1.9
WX00153,2016-12-31,15.3,0.0,32.5,12.2,1006.8,4.2
WX00154,2017-01-01,18.6,0.0,29.1,6.9,1013.5,1.5
WX00155,2017-01-02,18.0,0.0,21.4,7.6,1006.9,1.8
WX00156,2017-01-03,22.5,0.0,31.5,12.3,1008.5,3.1
WX00157,2017-01-04,16.6,0.0,24.6,5.7,1007.2,2.3
WX00158,2017-01-05,19.8,0.0,34.9,8.1,1013.8,2.0
WX00159,2017-01-06,15.7,0.0,43.4,11.8,1007.7,1.0
WX00160,2017-01-07,19.4,0.0,24.9,8.8,1003.7,2.6
WX00161,2017-01-08,14.8,0.0,38.0,5.1,1010.8,1.7
WX00162,2017-01-09,16.9,0.0,46.5,1.0,1011.4,1.4
WX00163,2017-01-10,20.2,0.0,31.2,13.7,1009.5,2.2
WX00164,2017-01-11,18.6,3.2,39.3,6.7,1001.9,1.9
WX00165,2017-01-12,18.8,0.0,36.8,5.0,999.1,2.5
WX00166,2017-01-13,15.5,0.0,55.1,12.6,1013.2,3.0
WX00167,2017-01-14,17.3,0.0,34.1,7.6,1008.4,2.5
WX00168,2017-01-15,18.2,0.0,29.8,11.8,1010.4,4.5
WX00169,2017-01-16,19.0,0.0,30.3,7.5,1002.1,3.1
WX00170,2017-01-17,20.6,0.0,40.1,8.0,1005.9,1.6
WX00171,2017-01-18,21.9,7.5,25.8,14.7,1009.1,4.2
WX00172,2017-01-19,21.5,0.0,54.2,18.5,1004.0,2.2
WX00173,2017-01-20,20.2,0.0,27.3,12.1,1016.4,1.7
WX00174,2017-01-21,20.7,0.0,52.3,11.9,1003.8,2.2
WX00175,2017-01-22,21.9,0.0,35.5,4.2,1005.2,3.2
WX00176,2017-01-23,14.2,0.0,28.1,8.5,1003.1,2.8
WX00177,2017-01-24,18.3,0.0,37.5,7.2,1010.0,4.4
WX00178,2017-01-25,19.1,9.3,41.3,5.3,1004.6,3.2
WX00179,2017-01-26,21.8,0.0,24.1,13.1,1004.8,3.2
WX00180,2017-01-27,18.0,0.0,41.1,8.3,1003.9,2.9
WX00181,2017-01-28,19.7,0.0,43.3,7.4,1009.9,2.1
WX00182,2017-01-29,20.7,0.0,51.1,1.0,1006.7,4.0
WX00183,2017-01-30,21.3,0.0,36.2,4.8,1006.0,2.6
WX00184,2017-01-31,17.7,0.0,43.2,12.8,1004.5,3.4
WX00185,2017-02-01,20.3,54.8,33.5,7.6,1011.4,3.6
WX00186,2017-02-02,19.6,0.0,63.2,4.1,1012.8,2.8
WX00187,2017-02-03,19.4,0.0,25.2,6.3,1010.3,1.4
WX00188,2017-02-04,20.7,0.0,34.1,15.3,1006.1,2.2
WX00189,2017-02-05,16.6,0.0,50.6,7.1,1006.4,4.3
WX00190,2017-02-06,21.7,0.0,34.7,12.9,1005.6,4.4
WX00191,2017-02-07,19.7,0.0,28.2,12.2,1010.4,2.1
WX00192,2017-02-08,20.4,0.0,20.7,11.5,1011.7,3.3
WX00193,2017-02-09,22.9,0.0,34.7,17.5,1011.2,2.5
WX00194,2017-02-10,21.4,0.0,29.4,5.7,1012.0,3.2
WX00195,2017-02-11,19.3,0.0,33.3,9.1,1009.6,4.9
WX00196,2017-02-12,22.3,0.0,39.7,15.8,1012.5,2.0
WX00197,2017-02-13,17.8,0.0,34.8,10.8,1020.4,3.4
WX00198,2017-02-14,24.0,0.0,28.4,2.2,1007.1,5.2
WX00199,2017-02-15,21.6,5.1,22.6,12.1,1009.0,2.8
WX00200,2017-02-16,22.9,0.0,30.0,6.4,1005.7,3.1
WX00201,2017-02-17,23.6,0.0,43.7,14.1,996.6,3.9
WX00202,2017-02-18,23.1,0.0,41.3,9.3,1010.9,5.0
WX00203,2017-02-19,20.8,0.0,34.3,8.1,1011.6,3.3
WX00204,2017-02-20,23.4,9.7,31.7,14.0,1002.8,4.9
WX00205,2017-02-21,19.5,0.0,35.2,9.2,1011.7,4.2
WX00206,2017-02-22,24.3,0.0,22.1,10.2,1010.6,3.9
WX00207,2017-02-23,22.6,0.0,37.2,13.3,1002.6,4.9
WX00208,2017-02-24,23.1,0.0,27.3,10.6,1006.5,5.2
WX00209,2017-02-25,22.8,0.0,45.1,17.4,1012.7,3.5
WX00210,2017-02-26,24.2,0.0,24.9,17.1,1008.2,5.7
WX00211,2017-02-27,21.2,0.0,42.6,14.8,1001.6,3.8
WX00212,2017-02-28,24.6,0.0,36.8,7.3,1009.0,3.9
WX00213,2017-03-01,21.5,0.0,42.9,5.7,997.1,4.1
WX00214,2017-03-02,25.5,0.0,34.2,15.0,1012.5,5.7
WX00215,2017-03-03,22.7,0.0,32.3,13.7,1008.3,3.3
WX00216,2017-03-04,20.9,0.0,28.0,7.4,1011.0,5.0
WX00217,2017-03-05,28.1,0.0,50.8,3.3,1010.3,6.8
WX00218,2017-03-06,21.6,0.0,30.2,9.8,1005.3,4.2
WX00219,2017-03-07,23.9,0.0,29.0,8.0,1008.0,5.1
WX00220,2017-03-08,26.1,0.0,37.3,6.3,1019.8,3.6
WX00221,2017-03-09,22.0,0.0,46.6,12.6,1006.3,5.1
WX00222,2017-03-10,24.8,0.0,36.3,14.1,1010.7,6.1
WX00223,2017-03-11,20.9,0.0,28.5,17.1,1000.0,6.2
WX00224,2017-03-12,24.9,0.0,39.9,11.5,1009.8,5.8
WX00225,2017-03-13,25.5,0.0,26.4,5.9,1008.0,5.2
WX00226,2017-03-14,24.8,0.0,41.7,11.8,1000.5,6.1
WX00227,2017-03-15,21.4,0.0,41.0,10.5,1013.7,6.9
WX00228,2017-03-16,25.5,0.0,22.2,10.4,1006.8,3.8
WX00229,2017-03-17,25.8,0.0,42.5,3.8,1010.9,4.6
WX00230,2017-03-18,30.0,0.0,30.4,11.9,1010.4,6.4
WX00231,2017-03-19,26.7,0.0,32.7,7.8,1004.6,4.3
WX00232,2017-03-20,23.0,0.0,24.1,7.9,1012.3,8.4
WX00233,2017-03-21,27.2,0.0,37.3,4.1,1010.0,6.6
WX00234,2017-03-22,23.8,0.0,38.2,14.9,1004.7,5.7
WX00235,2017-03-23,26.1,0.0,54.6,12.3,1007.8,6.4
WX00236,2017-03-24,26.3,0.0,32.5,12.7,1009.7,7.2
WX00237,2017-03-25,23.0,0.0,37.5,6.2,1004.9,7.1
WX00238,2017-03-26,28.6,0.0,34.5,10.5,1009.5,6.2
WX00239,2017-03-27,24.6,15.3,23.9,6.8,1013.8,7.0
WX00240,2017-03-28,25.3,0.0,22.3,6.3,1013.9,6.8
WX00241,2017-03-29,26.0,0.0,53.9,8.3,1013.2,6.1
WX00242,2017-03-30,25.1,0.0,38.7,6.6,1013.6,6.2
WX00243,2017-03-31,26.3,0.0,30.0,9.6,1014.2,6.7
WX00244,2017-04-01,26.8,0.0,28.7,15.9,1012.1,7.4
WX00245,2017-04-02,32.6,0.0,28.3,5.7,1003.1,5.3
WX00246,2017-04-03,24.8,0.0,16.1,8.3,1008.3,7.4
WX00247,2017-04-04,31.2,0.0,41.2,8.0,1002.0,6.8
WX00248,2017-04-05,28.0,0.0,45.1,10.2,1009.8,5.2
WX00249,2017-04-06,29.8,0.0,37.6,13.2,1014.3,6.4
WX00250,2017-04-07,26.7,0.0,33.3,10.4,1011.7,6.6
WX00251,2017-04-08,28.4,0.0,50.0,10.6,1011.1,9.2
WX00252,2017-04-09,28.3,0.0,42.1,11.3,1008.2,9.8
WX00253,2017-04-10,30.0,0.0,48.3,8.4,1009.9,7.4
WX00254,2017-04-11,28.8,0.0,25.3,10.4,1004.9,6.4
WX00255,2017-04-12,33.6,0.0,26.5,11.1,1006.6,6.4
WX00256,2017-04-13,28.5,0.0,38.5,12.3,1007.6,8.2
WX00257,2017-04-14,31.1,0.0,35.9,4.0,1003.7,6.4
WX00258,2017-04-15,31.5,0.0,28.1,10.8,1007.0,7.5
WX00259,2017-04-16,28.7,0.0,37.6,11.9,1005.0,8.7
WX00260,2017-04-17,31.7,1.7,30.6,8.8,1001.5,7.9
WX00261,2017-04-18,33.3,0.0,21.6,9.2,1013.0,9.5
WX00262,2017-04-19,30.8,0.0,25.6,10.4,1009.5,6.8
WX00263,2017-04-20,32.6,10.6,33.4,15.1,1006.4,7.9
WX00264,2017-04-21,34.0,0.0,29.3,7.9,1011.5,8.4
WX00265,2017-04-22,28.4,0.0,43.1,7.5,1009.3,8.6
WX00266,2017-04-23,30.6,0.0,41.8,11.3,1009.3,9.8
WX00267,2017-04-24,27.6,0.0,35.9,2.0,1007.5,7.7
WX00268,2017-04-25,29.8,0.0,32.2,16.7,1007.7,9.4
WX00269,2017-04-26,32.2,0.0,36.2,1.0,1011.9,7.7
WX00270,2017-04-27,32.0,0.0,23.1,11.1,1003.8,8.2
WX00271,2017-04-28,33.0,0.0,33.0,12.4,1002.3,8.2
WX00272,2017-04-29,32.1,0.0,32.6,5.0,1015.4,9.7
WX00273,2017-04-30,29.4,0.0,25.6,14.6,1010.3,9.3
WX00274,2017-05-01,33.1,0.0,43.2,3.0,997.6,8.8
WX00275,2017-05-02,27.3,0.0,22.0,9.1,1010.6,10.2
WX00276,2017-05-03,27.6,26.7,37.7,7.9,1000.5,10.8
WX00277,2017-05-04,32.0,0.0,42.6,15.9,996.9,8.9
WX00278,2017-05-05,31.7,0.0,52.4,10.4,1005.3,7.9
WX00279,2017-05-06,25.4,32.0,37.9,8.2,1010.5,9.7
WX00280,2017-05-07,32.9,0.0,29.5,8.3,1004.2,9.0
WX00281,2017-05-08,31.1,0.0,37.9,5.7,1007.5,8.8
WX00282,2017-05-09,34.9,25.3,46.4,8.5,1002.9,10.4
WX00283,2017-05-10,32.1,59.0,36.4,3.8,1008.0,8.6
WX00284,2017-05-11,29.4,0.0,30.4,5.1,1011.9,8.5
WX00285,2017-05-12,30.9,0.0,37.9,1.9,1008.2,10.3
WX00286,2017-05-13,29.7,0.0,38.5,5.0,1005.3,8.3
WX00287,2017-05-14,29.8,11.5,27.2,15.3,1009.9,10.5
WX00288,2017-05-15,29.3,0.0,43.7,14.6,999.3,9.3
WX00289,2017-05-16,34.1,0.0,39.4,13.8,1008.0,9.4
WX00290,2017-05-17,35.4,0.0,25.3,6.4,1007.5,9.3
WX00291,2017-05-18,36.6,0.0,22.3,14.1,1012.8,10.3
WX00292,2017-05-19,30.1,15.9,50.3,9.0,1008.2,8.7
WX00293,2017-05-20,32.3,0.0,53.3,11.4,1007.8,9.6
WX00294,2017-05-21,28.9,0.0,33.8,18.4,1005.5,8.5
WX00295,2017-05-22,36.8,0.0,39.9,5.9,1008.7,9.8
WX00296,2017-05-23,34.5,18.9,49.1,6.8,1010.2,9.8
WX00297,2017-05-24,31.3,0.0,37.8,7.9,1013.6,8.7
WX00298,2017-05-25,34.1,0.0,37.5,15.1,1009.1,10.9
WX00299,2017-05-26,31.6,0.0,42.8,7.6,1009.4,10.2
WX00300,2017-05-27,32.7,0.0,29.4,6.8,1005.6,11.1
WX00301,2017-05-28,32.9,0.0,35.1,14.1,1011.4,9.6
WX00302,2017-05-29,34.0,0.0,18.8,9.2,1014.5,10.5
WX00303,2017-05-30,32.5,11.7,47.9,14.7,1005.1,8.5
WX00304,2017-05-31,35.6,0.0,27.3,9.4,1016.2,10.6
WX00305,2017-06-01,31.4,0.0,61.7,9.7,1010.5,11.6
WX00306,2017-06-02,34.4,0.0,68.9,1.0,1002.3,11.0
WX00307,2017-06-03,37.6,28.2,82.1,8.6,1007.4,10.2
WX00308,2017-06-04,37.2,0.0,70.3,4.9,1011.2,8.0
WX00309,2017-06-05,32.1,23.9,74.3,10.4,1010.3,8.9
WX00310,2017-06-06,33.4,0.0,78.2,6.4,1006.4,9.6
WX00311,2017-06-07,31.6,15.9,71.7,2.7,1011.3,8.8
WX00312,2017-06-08,35.6,19.5,71.8,5.9,1003.2,10.2
WX00313,2017-06-09,33.5,8.6,73.1,5.7,1006.9,10.6
WX00314,2017-06-10,33.1,0.0,59.9,10.7,1013.6,10.2
WX00315,2017-06-11,33.6,0.0,71.7,6.4,1012.0,10.4
WX00316,2017-06-12,33.7,0.0,63.7,9.2,1003.8,8.8
WX00317,2017-06-13,36.5,0.0,71.6,12.1,1004.2,10.9
WX00318,2017-06-14,36.3,25.7,79.6,6.7,1007.3,9.0
WX00319,2017-06-15,35.3,0.0,64.2,13.1,1007.2,9.7
WX00320,2017-06-16,34.2,41.4,62.4,12.0,1007.9,9.2
WX00321,2017-06-17,31.8,0.0,58.5,12.3,1005.3,8.3
WX00322,2017-06-18,36.3,0.0,69.6,5.9,1012.5,11.2
WX00323,2017-06-19,37.4,0.0,84.8,14.9,1009.1,10.4
WX00324,2017-06-20,31.8,0.0,80.2,7.3,1012.6,10.0
WX00325,2017-06-21,32.0,63.7,73.4,7.5,1007.5,9.7
WX00326,2017-06-22,34.8,0.0,80.1,7.5,1014.4,10.5
WX00327,2017-06-23,32.9,0.0,80.3,9.9,1007.1,8.8
WX00328,2017-06-24,31.1,15.0,70.5,12.3,1009.0,10.0
WX00329,2017-06-25,32.1,22.8,81.0,5.2,1010.4,10.0
WX00330,2017-06-26,31.4,0.0,95.4,9.5,1010.0,10.3
WX00331,2017-06-27,31.2,37.2,67.8,8.9,1004.2,10.2
WX00332,2017-06-28,32.0,0.0,63.6,15.6,1005.4,9.3
WX00333,2017-06-29,31.2,36.9,70.5,2.9,1006.5,9.9
WX00334,2017-06-30,36.6,0.0,70.3,4.6,1008.7,10.3
WX00335,2017-07-01,36.8,27.0,70.6,2.7,1002.8,10.0
WX00336,2017-07-02,33.8,56.6,87.7,1.9,1004.3,7.5
WX00337,2017-07-03,33.7,0.0,67.3,3.6,1006.0,11.0
WX00338,2017-07-04,33.0,0.0,88.2,10.5,1015.7,10.7
WX00339,2017-07-05,34.1,0.0,72.5,9.1,1010.6,9.2
WX00340,2017-07-06,37.7,0.0,72.4,12.3,1013.4,9.0
WX00341,2017-07-07,31.4,0.0,74.0,10.2,1014.5,9.5
WX00342,2017-07-08,34.6,10.6,64.9,9.5,1010.4,9.9
WX00343,2017-07-09,36.8,0.0,75.0,5.6,1011.6,9.7
WX00344,2017-07-10,37.8,37.9,60.1,6.4,1008.9,10.9
WX00345,2017-07-11,32.2,13.5,77.6,6.8,1005.6,11.5
WX00346,2017-07-12,30.7,0.0,69.1,7.2,1011.8,9.5
WX00347,2017-07-13,32.5,26.9,80.9,9.1,1009.2,7.9
WX00348,2017-07-14,33.8,0.0,70.9,18.6,1005.3,7.6
WX00349,2017-07-15,32.1,0.0,74.3,13.8,1008.5,10.9
WX00350,2017-07-16,30.7,0.0,72.1,12.3,1008.5,9.7
WX00351,2017-07-17,31.6,7.6,67.5,11.5,1010.3,12.0
WX00352,2017-07-18,36.2,0.0,72.4,11.7,1008.3,10.7
WX00353,2017-07-19,35.6,11.0,78.0,14.1,1002.0,9.9
WX00354,2017-07-20,28.0,7.7,81.5,11.4,1007.2,10.7
WX00355,2017-07-21,33.1,0.0,72.7,11.3,1005.9,10.1
WX00356,2017-07-22,33.9,0.0,89.3,10.5,1014.0,10.1
WX00357,2017-07-23,32.5,0.0,82.6,10.6,1011.6,9.6
WX00358,2017-07-24,30.7,0.0,72.8,4.9,1009.5,8.6
WX00359,2017-07-25,30.5,32.9,71.8,9.7,1000.4,8.0
WX00360,2017-07-26,30.6,0.0,67.9,11.9,1005.6,8.7
WX00361,2017-07-27,34.7,0.0,70.9,9.5,1005.2,11.3
WX00362,2017-07-28,32.9,14.3,62.5,7.2,1007.8,9.9
WX00363,2017-07-29,27.3,23.1,71.9,12.3,1007.9,9.3
WX00364,2017-07-30,30.3,0.0,79.3,13.0,1002.2,10.7
WX00365,2017-07-31,36.9,0.0,77.8,5.3,1009.4,9.8
WX00366,2017-08-01,30.8,0.0,75.0,18.3,1007.8,9.2
WX00367,2017-08-02,33.6,23.7,63.2,12.3,1008.7,8.7
WX00368,2017-08-03,32.1,0.0,66.8,3.6,1012.6,8.8
WX00369,2017-08-04,32.5,0.0,80.4,6.8,1011.0,7.9
WX00370,2017-08-05,33.5,14.7,65.1,6.9,1001.9,8.1
WX00371,2017-08-06,25.3,2.6,71.5,15.1,1020.7,7.9
WX00372,2017-08-07,30.9,0.0,75.7,11.9,1017.3,8.3
WX00373,2017-08-08,31.8,0.0,77.0,16.8,1010.8,8.5
WX00374,2017-08-09,30.6,16.0,77.1,15.1,1005.1,9.9
WX00375,2017-08-10,34.2,84.4,69.9,13.3,1005.9,6.7
WX00376,2017-08-11,33.1,0.0,62.9,13.6,1005.9,9.0
WX00377,2017-08-12,30.5,23.8,66.4,14.6,1013.2,10.8
WX00378,2017-08-13,28.2,6.3,71.4,9.5,1012.1,10.2
WX00379,2017-08-14,27.3,0.0,72.2,4.3,1002.0,8.6
WX00380,2017-08-15,31.3,8.7,75.8,4.3,1003.9,5.7
WX00381,2017-08-16,28.9,0.0,85.0,10.5,1005.6,8.7
WX00382,2017-08-17,31.0,8.9,76.0,19.8,1012.8,7.4
WX00383,2017-08-18,32.0,4.0,86.5,12.1,1008.3,8.2
WX00384,2017-08-19,30.6,5.9,82.0,14.8,1006.5,8.4
WX00385,2017-08-20,29.8,22.9,80.4,12.6,1007.0,7.5
WX00386,2017-08-21,35.3,18.9,71.8,4.4,1013.1,8.3
WX00387,2017-08-22,29.7,13.0,82.2,6.5,1007.5,7.8
WX00388,2017-08-23,28.7,41.8,80.5,14.0,1007.4,8.2
WX00389,2017-08-24,32.7,31.9,84.2,8.3,1004.8,8.6
WX00390,2017-08-25,31.7,0.0,77.4,13.5,1016.1,7.0
WX00391,2017-08-26,30.1,0.0,70.5,12.1,1001.6,8.8
WX00392,2017-08-27,30.0,28.4,80.0,12.5,1010.4,6.1
WX00393,2017-08-28,29.9,33.5,64.4,16.0,1009.0,6.9
WX00394,2017-08-29,28.8,52.3,77.3,11.9,1007.6,9.0
WX00395,2017-08-30,28.4,18.5,81.6,10.2,1006.6,8.8
WX00396,2017-08-31,24.6,0.0,76.4,16.6,1008.1,7.4
WX00397,2017-09-01,30.9,0.0,80.9,5.4,1007.6,7.8
WX00398,2017-09-02,26.2,0.0,82.1,3.3,1009.2,7.4
WX00399,2017-09-03,29.8,28.3,74.4,13.3,1014.3,6.6
WX00400,2017-09-04,28.9,13.6,79.6,10.4,1014.6,8.6
WX00401,2017-09-05,27.7,0.0,71.4,8.8,1008.7,7.5
WX00402,2017-09-06,28.5,0.0,85.5,1.3,1003.7,6.7
WX00403,2017-09-07,24.6,7.5,61.8,11.2,1010.5,7.1
WX00404,2017-09-08,30.8,14.3,81.2,11.9,1012.7,4.6
WX00405,2017-09-09,30.9,19.0,96.1,8.1,1009.9,6.2
WX00406,2017-09-10,29.5,0.0,75.2,11.2,1004.3,5.1
WX00407,2017-09-11,24.6,0.0,65.6,8.6,1011.6,6.4
WX00408,2017-09-12,27.8,0.0,62.0,17.3,1015.8,6.9
WX00409,2017-09-13,27.1,0.0,80.6,13.0,1012.2,5.9
WX00410,2017-09-14,26.3,0.0,69.7,13.9,1003.6,6.4
WX00411,2017-09-15,27.2,12.3,68.9,15.7,1007.1,7.8
WX00412,2017-09-16,26.3,52.5,73.5,8.4,1010.7,7.1
WX00413,2017-09-17,25.5,30.9,91.3,5.7,1004.7,6.4
WX00414,2017-09-18,27.8,64.1,66.6,1.0,1007.2,4.9
WX00415,2017-09-19,25.3,0.0,79.6,9.2,1009.0,7.2
WX00416,2017-09-20,27.3,20.1,70.9,4.6,1013.9,5.4
WX00417,2017-09-21,26.0,6.0,83.5,10.7,1010.2,5.9
WX00418,2017-09-22,24.2,31.5,82.8,10.8,1018.4,6.2
WX00419,2017-09-23,25.6,13.5,62.0,17.2,1003.8,6.7
WX00420,2017-09-24,24.1,7.1,63.2,13.9,1009.7,5.9
WX00421,2017-09-25,22.5,7.3,79.4,12.4,1011.7,5.4
WX00422,2017-09-26,28.4,24.0,65.5,4.5,1011.2,5.6
WX00423,2017-09-27,23.7,6.7,63.7,7.0,1010.5,5.5
WX00424,2017-09-28,29.5,40.7,73.0,8.5,1006.7,3.6
WX00425,2017-09-29,24.3,11.5,72.9,5.1,1006.2,6.3
WX00426,2017-09-30,25.9,0.0,74.4,10.9,1007.7,4.8
WX00427,2017-10-01,22.0,0.0,34.6,11.6,1006.0,5.5
WX00428,2017-10-02,23.8,0.0,34.6,12.7,1007.5,5.8
WX00429,2017-10-03,27.4,0.0,46.6,4.2,1008.4,4.9
WX00430,2017-10-04,21.9,0.0,39.1,5.9,1004.1,5.3
WX00431,2017-10-05,27.0,0.0,24.2,18.9,1010.1,3.8
WX00432,2017-10-06,26.0,0.0,27.6,5.5,1006.7,5.5
WX00433,2017-10-07,23.5,10.6,44.5,6.6,1016.2,5.6
WX00434,2017-10-08,26.1,0.0,40.2,12.4,1008.5,5.0
WX00435,2017-10-09,24.0,16.0,47.2,7.3,1009.9,4.2
WX00436,2017-10-10,21.4,45.3,32.6,14.3,1009.6,2.7
WX00437,2017-10-11,24.6,0.0,41.9,9.7,1013.5,3.9
WX00438,2017-10-12,22.2,0.0,32.4,10.2,1006.7,5.1
WX00439,2017-10-13,22.8,0.0,25.3,12.1,1003.2,5.5
WX00440,2017-10-14,23.8,0.0,46.5,16.1,1006.2,3.8
WX00441,2017-10-15,23.0,0.0,34.3,2.5,1008.0,1.5
WX00442,2017-10-16,25.4,0.0,44.5,10.6,1010.8,4.2
WX00443,2017-10-17,24.1,0.0,32.7,7.3,1008.9,2.1
WX00444,2017-10-18,24.7,0.0,41.9,11.7,1004.2,3.9
WX00445,2017-10-19,17.9,0.0,41.9,5.4,1002.5,4.9
WX00446,2017-10-20,20.4,0.0,31.1,5.6,1005.4,4.7
WX00447,2017-10-21,21.5,33.2,49.3,12.3,1013.4,3.1
WX00448,2017-10-22,17.8,0.0,33.5,6.2,1004.7,3.9
WX00449,2017-10-23,22.6,19.3,32.5,2.4,1015.7,3.6
WX00450,2017-10-24,19.8,0.0,27.9,9.3,995.8,4.3
WX00451,2017-10-25,21.3,0.0,44.9,11.6,1008.7,1.9
WX00452,2017-10-26,23.0,0.0,35.5,20.0,1003.6,3.4
WX00453,2017-10-27,16.7,0.0,47.8,14.3,1012.0,2.6
WX00454,2017-10-28,22.6,0.0,44.8,15.1,1006.9,2.5
WX00455,2017-10-29,19.5,0.0,34.8,9.0,1005.5,3.9
WX00456,2017-10-30,16.7,0.0,32.5,2.8,1011.5,2.8
WX00457,2017-10-31,18.0,0.0,42.6,12.7,1005.9,4.2
WX00458,2017-11-01,22.7,9.5,33.3,17.5,1014.3,3.0
WX00459,2017-11-02,20.7,0.0,44.4,6.2,1013.2,4.5
WX00460,2017-11-03,19.8,0.0,29.2,12.2,1011.7,5.7
WX00461,2017-11-04,15.5,0.0,31.1,13.0,1009.1,3.9
WX00462,2017-11-05,20.7,0.0,31.5,13.5,1008.7,2.3
WX00463,2017-11-06,16.8,0.0,43.7,9.0,1008.9,2.2
WX00464,2017-11-07,23.6,0.0,38.3,8.6,1009.7,3.6
WX00465,2017-11-08,17.2,0.0,34.9,9.9,1004.9,1.0
WX00466,2017-11-09,20.8,0.0,33.5,6.3,1009.8,2.3
WX00467,2017-11-10,20.5,0.0,37.4,8.8,1006.1,2.4
WX00468,2017-11-11,18.2,0.0,21.6,13.6,1012.2,3.4
WX00469,2017-11-12,15.9,0.0,26.8,6.1,1002.6,2.7
WX00470,2017-11-13,19.8,0.0,36.3,11.9,1005.5,1.9
WX00471,2017-11-14,21.1,0.0,36.4,10.1,1019.4,3.6
WX00472,2017-11-15,19.0,0.0,50.5,3.4,1003.8,4.9
WX00473,2017-11-16,17.7,0.0,34.9,8.7,1010.8,3.8
WX00474,2017-11-17,19.8,0.0,34.0,1.0,1010.3,2.2
WX00475,2017-11-18,19.7,0.0,47.9,11.9,1014.2,2.7
WX00476,2017-11-19,17.8,0.0,32.5,16.6,1013.7,3.5
WX00477,2017-11-20,19.8,0.0,35.5,16.8,1009.9,2.2
WX00478,2017-11-21,17.6,0.0,24.8,11.7,1008.8,3.6
WX00479,2017-11-22,19.2,0.0,44.9,21.2,1002.6,2.5
WX00480,2017-11-23,22.9,0.0,36.4,15.4,1000.9,1.9
WX00481,2017-11-24,17.0,0.0,45.4,9.6,1007.8,2.2
WX00482,2017-11-25,17.8,0.0,41.8,11.3,1003.4,1.8
WX00483,2017-11-26,20.1,0.0,38.0,5.7,1006.7,2.0
WX00484,2017-11-27,22.4,0.0,20.2,8.5,1006.7,3.5
WX00485,2017-11-28,16.4,0.0,34.5,6.3,1004.6,1.7
WX00486,2017-11-29,19.9,0.0,22.9,9.7,1007.3,1.6
WX00487,2017-11-30,20.0,0.0,46.2,13.5,1009.3,2.4
WX00488,2017-12-01,17.4,0.0,42.9,13.8,1008.5,1.0
WX00489,2017-12-02,18.7,13.7,37.4,10.1,1011.2,2.5
WX00490,2017-12-03,16.9,0.0,22.3,6.1,1009.2,2.1
WX00491,2017-12-04,16.3,0.0,24.7,9.4,1019.6,1.6
WX00492,2017-12-05,15.6,0.0,32.7,12.5,1009.0,1.6
WX00493,2017-12-06,22.0,0.0,47.8,15.3,1001.1,1.4
WX00494,2017-12-07,22.0,0.0,29.5,11.5,1006.8,2.8
WX00495,2017-12-08,19.3,0.0,26.1,2.9,1004.5,2.1
WX00496,2017-12-09,21.0,0.0,15.0,9.4,1007.7,2.5
WX00497,2017-12-10,17.5,0.0,40.0,10.6,1006.3,1.0
WX00498,2017-12-11,18.1,0.0,22.9,11.1,1015.2,2.4
WX00499,2017-12-12,16.7,0.0,49.1,8.7,1007.5,2.4
WX00500,2017-12-13,18.5,0.0,32.4,7.2,1008.0,3.1
WX00501,2017-12-14,17.3,0.0,39.5,4.6,1009.6,1.0
WX00502,2017-12-15,15.1,0.0,21.4,11.1,1004.1,2.1
WX00503,2017-12-16,14.1,0.0,34.3,13.1,994.1,3.4
WX00504,2017-12-17,17.4,0.0,35.3,7.4,1009.7,2.1
WX00505,2017-12-18,18.9,0.0,54.5,8.3,1013.3,3.4
WX00506,2017-12-19,17.8,0.0,23.3,4.1,1009.5,3.9
WX00507,2017-12-20,16.2,0.0,38.0,18.8,1012.4,3.5
WX00508,2017-12-21,17.2,0.0,39.3,10.4,1006.5,2.0
WX00509,2017-12-22,16.8,0.0,37.6,11.2,1009.3,1.8
WX00510,2017-12-23,16.5,0.0,21.2,11.5,1010.7,2.6
WX00511,2017-12-24,17.3,0.0,39.1,10.2,1003.8,3.1
WX00512,2017-12-25,13.4,0.0,28.7,5.3,1009.5,3.4
WX00513,2017-12-26,18.4,0.0,40.0,8.5,997.9,2.0
WX00514,2017-12-27,16.2,0.0,25.0,10.6,1006.7,3.1
WX00515,2017-12-28,17.9,0.0,27.6,9.0,1008.8,1.0
WX00516,2017-12-29,17.7,0.0,33.2,7.7,1005.8,1.0
WX00517,2017-12-30,16.7,12.2,28.1,10.5,1006.8,1.0
WX00518,2017-12-31,16.7,0.0,49.7,7.0,1014.0,1.0
WX00519,2018-01-01,21.5,0.0,31.7,12.0,1005.8,1.4
WX00520,2018-01-02,18.6,0.0,40.2,7.8,1005.2,2.7
WX00521,2018-01-03,18.7,0.0,33.8,19.3,1023.5,2.6
WX00522,2018-01-04,23.0,0.0,39.6,10.0,1007.7,2.8
WX00523,2018-01-05,15.9,0.0,34.2,11.3,1010.3,3.9
WX00524,2018-01-06,17.8,0.0,37.0,14.8,996.6,2.9
WX00525,2018-01-07,14.5,0.0,36.9,11.8,1009.4,2.5
WX00526,2018-01-08,16.0,0.0,41.1,3.8,1006.7,1.9
WX00527,2018-01-09,22.6,0.0,29.7,11.1,1008.2,1.2
WX00528,2018-01-10,19.9,0.0,36.9,7.3,1020.1,1.9
WX00529,2018-01-11,17.8,0.0,35.0,6.3,1009.6,1.4
WX00530,2018-01-12,19.4,0.0,36.7,14.5,1009.2,2.6
WX00531,2018-01-13,20.4,15.0,39.8,9.4,1016.2,5.0
WX00532,2018-01-14,18.7,0.0,36.8,12.6,1003.3,1.7
WX00533,2018-01-15,16.9,0.0,38.5,13.4,1006.2,3.2
WX00534,2018-01-16,22.6,0.0,28.7,10.6,1002.6,1.5
WX00535,2018-01-17,19.3,0.0,41.4,10.6,1007.9,1.9
WX00536,2018-01-18,19.0,0.0,33.1,8.0,1009.6,5.9
WX00537,2018-01-19,18.1,0.0,31.8,14.5,1003.8,1.0
WX00538,2018-01-20,16.8,0.0,26.2,11.3,1018.0,3.3
WX00539,2018-01-21,19.3,0.0,39.5,3.0,1008.3,3.1
WX00540,2018-01-22,18.3,0.0,47.1,12.0,1009.8,1.9
WX00541,2018-01-23,16.8,0.0,17.7,7.4,1009.1,1.8
WX00542,2018-01-24,19.8,0.0,30.7,2.6,1007.6,2.8
WX00543,2018-01-25,21.7,0.0,35.9,15.5,1005.2,2.5
WX00544,2018-01-26,19.1,0.0,33.8,9.4,1015.5,2.8
WX00545,2018-01-27,21.1,0.0,43.3,2.0,1011.7,4.6
WX00546,2018-01-28,18.9,0.0,27.4,11.0,1010.5,3.1
WX00547,2018-01-29,18.5,0.0,33.7,13.6,1007.9,3.2
WX00548,2018-01-30,20.0,0.0,21.1,14.0,1008.9,2.8
WX00549,2018-01-31,18.4,0.0,28.7,12.2,1008.0,3.2
WX00550,2018-02-01,24.9,0.0,24.8,16.2,1002.7,2.8
WX00551,2018-02-02,17.2,0.0,49.1,5.1,1015.0,2.2
WX00552,2018-02-03,22.2,0.0,37.7,9.0,1012.6,3.3
WX00553,2018-02-04,19.6,0.0,27.0,9.3,1007.7,3.4
WX00554,2018-02-05,21.4,0.0,30.0,16.2,1008.1,3.6
WX00555,2018-02-06,19.8,0.0,28.5,15.0,1014.7,3.2
WX00556,2018-02-07,22.5,0.0,35.2,12.3,1004.8,2.2
WX00557,2018-02-08,20.4,0.0,42.7,9.3,1008.8,3.5
WX00558,2018-02-09,24.0,0.0,29.0,8.5,1010.0,4.9
WX00559,2018-02-10,21.5,0.0,39.0,9.1,1008.9,3.5
WX00560,2018-02-11,23.4,0.0,38.0,8.5,1001.1,3.6
WX00561,2018-02-12,21.8,0.0,17.9,5.1,1008.9,3.6
WX00562,2018-02-13,22.5,0.0,39.7,9.6,1008.6,2.1
WX00563,2018-02-14,22.3,0.0,28.7,9.0,1003.4,4.9
WX00564,2018-02-15,24.0,0.0,29.5,16.3,1004.6,5.4
WX00565,2018-02-16,20.2,0.0,28.8,13.6,1006.8,4.0
WX00566,2018-02-17,23.9,0.0,23.4,6.5,1010.0,4.4
WX00567,2018-02-18,23.6,0.0,36.4,8.3,1002.7,2.8
WX00568,2018-02-19,23.1,0.0,27.0,10.1,1003.7,5.5
WX00569,2018-02-20,24.8,0.0,35.6,4.6,1005.9,4.8
WX00570,2018-02-21,22.8,0.0,31.3,9.0,1004.6,4.5
WX00571,2018-02-22,22.9,0.0,34.8,2.3,1006.7,4.5
WX00572,2018-02-23,19.9,0.0,32.3,9.6,1005.4,4.2
WX00573,2018-02-24,22.1,0.0,30.3,15.8,1009.9,4.0
WX00574,2018-02-25,19.0,0.0,38.8,10.9,1007.0,4.2
WX00575,2018-02-26,25.3,0.0,47.0,4.0,1007.2,2.8
WX00576,2018-02-27,26.5,0.0,35.8,8.9,1007.4,4.5
WX00577,2018-02-28,23.1,0.0,48.6,10.0,1007.3,4.1
WX00578,2018-03-01,24.7,0.0,36.2,1.2,1008.8,4.3
WX00579,2018-03-02,20.9,0.0,26.6,9.5,1008.1,5.5
WX00580,2018-03-03,24.1,0.0,40.2,13.9,1006.2,3.8
WX00581,2018-03-04,19.1,0.0,34.0,12.4,1002.4,4.2
WX00582,2018-03-05,30.1,0.0,25.9,6.5,1007.5,3.3
WX00583,2018-03-06,26.1,0.0,42.8,8.5,1009.8,7.3
WX00584,2018-03-07,24.3,0.0,33.3,6.6,1015.9,4.2
WX00585,2018-03-08,25.3,0.0,29.5,7.2,1004.5,6.0
WX00586,2018-03-09,24.4,0.0,29.3,6.9,1012.1,5.6
WX00587,2018-03-10,25.2,0.0,42.8,10.3,1008.1,5.6
WX00588,2018-03-11,26.9,0.0,26.8,9.0,1001.1,6.5
WX00589,2018-03-12,24.1,0.0,38.5,12.7,1003.2,6.3
WX00590,2018-03-13,25.3,0.0,32.6,13.6,1010.8,5.7
WX00591,2018-03-14,27.1,0.0,23.7,15.0,1007.9,6.5
WX00592,2018-03-15,20.3,0.0,37.1,5.2,1006.3,5.0
WX00593,2018-03-16,23.0,0.0,28.7,9.8,1008.3,7.7
WX00594,2018-03-17,26.7,0.0,29.7,8.6,1010.6,5.1
WX00595,2018-03-18,26.0,0.0,26.3,11.7,1006.1,3.9
WX00596,2018-03-19,25.2,0.0,37.4,8.0,1004.9,6.0
WX00597,2018-03-20,25.2,0.0,44.1,11.4,1004.6,5.1
WX00598,2018-03-21,25.5,11.0,22.7,7.1,1010.3,5.7
WX00599,2018-03-22,30.7,0.0,30.0,18.0,1012.4,5.9
WX00600,2018-03-23,27.7,0.0,41.5,16.2,1011.4,7.0
WX00601,2018-03-24,29.6,0.0,32.6,8.1,1008.2,7.8
WX00602,2018-03-25,27.8,0.0,47.4,14.5,1001.1,7.5
WX00603,2018-03-26,27.2,0.0,30.9,10.0,1002.6,6.4
WX00604,2018-03-27,28.0,0.0,46.1,12.4,1009.7,6.1
WX00605,2018-03-28,25.0,0.0,35.3,8.7,1009.7,4.9
WX00606,2018-03-29,26.8,0.0,33.1,11.2,1004.1,8.4
WX00607,2018-03-30,29.3,0.0,41.6,10.7,1003.6,7.0
WX00608,2018-03-31,22.8,0.0,36.3,14.2,1000.7,6.6
WX00609,2018-04-01,25.8,0.0,35.9,12.6,1009.4,6.6
WX00610,2018-04-02,24.0,0.0,50.9,16.7,1012.4,7.0
WX00611,2018-04-03,25.1,0.0,38.6,10.0,1005.7,7.1
WX00612,2018-04-04,29.3,0.0,26.7,6.5,999.6,6.8
WX00613,2018-04-05,30.9,0.0,37.8,14.2,1012.8,8.0
WX00614,2018-04-06,29.3,0.0,24.9,3.2,1011.1,6.3
WX00615,2018-04-07,26.1,0.0,42.5,7.5,1014.5,6.9
WX00616,2018-04-08,28.0,0.0,31.2,7.9,1009.7,6.4
WX00617,2018-04-09,24.1,0.0,25.9,10.2,1010.8,7.3
WX00618,2018-04-10,29.2,0.0,34.8,6.0,1002.3,6.0
WX00619,2018-04-11,28.1,0.0,42.8,16.0,1005.5,6.8
WX00620,2018-04-12,28.4,0.0,35.3,9.9,1004.0,9.1
WX00621,2018-04-13,29.1,0.0,25.8,8.4,1009.9,8.4
WX00622,2018-04-14,29.1,0.0,29.6,9.7,1007.9,7.0
WX00623,2018-04-15,27.6,0.0,44.9,10.1,1007.7,7.1
WX00624,2018-04-16,26.9,0.0,49.9,17.9,1011.1,7.9
WX00625,2018-04-17,26.9,0.0,31.4,12.6,1007.8,8.1
WX00626,2018-04-18,32.4,0.0,36.2,13.1,1014.9,7.5
WX00627,2018-04-19,26.8,0.0,41.6,9.8,1012.0,9.4
WX00628,2018-04-20,29.7,0.0,44.8,11.7,1009.9,5.6
WX00629,2018-04-21,29.3,0.0,28.1,13.5,1004.7,6.9
WX00630,2018-04-22,32.7,0.0,40.3,11.2,1005.8,8.7
WX00631,2018-04-23,29.3,0.0,28.6,8.6,1019.3,6.8
WX00632,2018-04-24,26.7,0.0,29.6,8.2,1004.8,6.7
WX00633,2018-04-25,34.0,0.0,56.8,16.5,1011.7,8.7
WX00634,2018-04-26,33.3,0.0,40.0,10.9,1009.1,8.0
WX00635,2018-04-27,32.8,0.0,42.8,1.6,1005.3,9.7
WX00636,2018-04-28,31.1,0.0,26.2,11.4,1009.4,7.9
WX00637,2018-04-29,32.4,0.0,36.7,8.9,1006.6,9.0
WX00638,2018-04-30,32.5,0.0,52.8,7.1,1003.7,9.9
WX00639,2018-05-01,30.3,0.0,31.4,14.7,1007.6,11.3
WX00640,2018-05-02,29.9,0.0,31.6,8.9,1006.0,6.4
WX00641,2018-05-03,28.1,0.0,42.7,11.2,1009.4,7.7
WX00642,2018-05-04,30.1,0.0,38.7,11.9,1006.8,7.5
WX00643,2018-05-05,32.2,0.0,31.5,8.0,1001.0,9.6
WX00644,2018-05-06,33.0,0.0,40.7,13.0,1014.4,6.9
WX00645,2018-05-07,34.7,0.0,34.8,11.4,1007.6,8.9
WX00646,2018-05-08,30.1,0.0,38.4,10.8,1011.8,8.8
WX00647,2018-05-09,35.0,0.0,27.2,11.0,1011.0,10.4
WX00648,2018-05-10,31.8,51.2,19.7,19.1,1014.5,9.7
WX00649,2018-05-11,32.8,0.0,25.3,2.3,1008.9,9.1
WX00650,2018-05-12,30.5,0.0,41.4,6.8,1006.5,7.1
WX00651,2018-05-13,33.8,0.0,30.0,22.4,1008.1,10.5
WX00652,2018-05-14,31.5,0.0,36.2,5.9,1007.7,9.0
WX00653,2018-05-15,36.1,19.6,20.9,10.2,1007.1,8.5
WX00654,2018-05-16,28.3,0.0,46.3,4.4,1005.3,8.8
WX00655,2018-05-17,36.3,0.0,33.4,12.0,1008.2,8.2
WX00656,2018-05-18,30.8,0.0,36.1,17.3,1011.0,10.9
WX00657,2018-05-19,31.5,0.0,32.1,10.0,999.4,9.1
WX00658,2018-05-20,29.0,0.0,38.3,11.4,1012.3,10.2
WX00659,2018-05-21,35.4,0.0,37.5,7.5,1009.3,10.2
WX00660,2018-05-22,34.7,0.0,24.8,1.5,1013.5,8.9
WX00661,2018-05-23,28.9,34.7,36.3,13.1,1009.6,8.6
WX00662,2018-05-24,30.0,0.0,34.0,14.2,1005.8,11.5
WX00663,2018-05-25,31.7,0.0,38.7,14.4,1007.3,9.5
WX00664,2018-05-26,37.5,0.0,30.3,6.4,1007.6,9.8
WX00665,2018-05-27,32.7,19.7,38.4,10.8,1009.5,9.4
WX00666,2018-05-28,36.1,0.0,41.9,15.2,1004.4,9.2
WX00667,2018-05-29,33.5,0.0,37.8,10.1,1009.3,10.9
WX00668,2018-05-30,33.7,0.0,32.0,12.6,1013.3,9.0
WX00669,2018-05-31,31.3,0.0,32.9,11.3,1004.2,11.6
WX00670,2018-06-01,32.1,7.6,57.9,16.2,1005.6,10.8
WX00671,2018-06-02,35.4,0.0,74.9,12.6,1008.0,7.9
WX00672,2018-06-03,30.9,24.0,54.5,8.8,1007.4,9.7
WX00673,2018-06-04,33.8,0.0,75.1,8.2,1011.6,9.0
WX00674,2018-06-05,36.0,0.0,67.4,6.6,1017.1,10.6
WX00675,2018-06-06,32.2,36.0,70.9,13.4,1008.2,10.2
WX00676,2018-06-07,32.9,12.1,86.5,10.9,1010.8,8.9
WX00677,2018-06-08,35.5,65.6,78.8,6.1,1010.5,10.1
WX00678,2018-06-09,34.5,16.9,74.1,7.8,1006.2,8.4
WX00679,2018-06-10,34.1,19.1,70.9,6.5,1020.2,9.7
WX00680,2018-06-11,36.0,38.0,67.0,9.4,1010.6,9.1
WX00681,2018-06-12,33.3,9.3,71.6,14.8,1007.2,8.7
WX00682,2018-06-13,32.9,12.4,73.5,12.1,1008.6,8.3
WX00683,2018-06-14,37.7,9.7,76.9,12.3,1016.6,11.3
WX00684,2018-06-15,37.1,23.4,69.7,7.6,1013.6,11.6
WX00685,2018-06-16,33.4,2.4,74.1,6.5,1012.4,10.1
WX00686,2018-06-17,33.9,0.0,71.6,7.1,1007.1,9.7
WX00687,2018-06-18,34.9,13.7,74.8,10.2,1003.9,10.1
WX00688,2018-06-19,38.0,35.1,85.1,5.4,1013.7,9.1
WX00689,2018-06-20,32.1,0.0,74.7,8.7,1004.8,10.2
WX00690,2018-06-21,34.8,52.4,77.7,5.9,1003.7,10.4
WX00691,2018-06-22,36.2,0.0,62.9,9.5,1008.9,8.5
WX00692,2018-06-23,33.4,0.0,66.6,9.6,1011.7,10.3
WX00693,2018-06-24,30.6,3.7,69.5,14.8,1005.6,10.4
WX00694,2018-06-25,37.6,17.9,86.1,8.4,1009.4,9.4
WX00695,2018-06-26,31.5,21.2,72.4,13.1,1009.1,10.9
WX00696,2018-06-27,34.4,0.0,56.6,11.1,1016.0,10.3
WX00697,2018-06-28,33.4,0.0,73.7,10.5,1006.2,9.7
WX00698,2018-06-29,31.9,9.6,80.8,5.8,1010.1,11.3
WX00699,2018-06-30,33.1,0.0,79.2,10.6,1010.0,10.2
WX00700,2018-07-01,35.6,13.7,65.3,13.7,1005.1,9.4
WX00701,2018-07-02,35.9,0.0,69.1,17.1,1007.7,9.5
WX00702,2018-07-03,36.4,0.0,71.1,12.4,1005.9,11.7
WX00703,2018-07-04,37.8,0.0,71.4,7.7,1009.0,9.4
WX00704,2018-07-05,34.6,27.1,76.3,1.0,1006.9,8.6
WX00705,2018-07-06,32.1,0.0,75.4,7.2,1012.3,9.5
WX00706,2018-07-07,32.4,5.3,68.7,6.4,1000.2,11.6
WX00707,2018-07-08,32.1,5.5,67.9,12.7,1007.2,9.4
WX00708,2018-07-09,27.2,30.1,72.5,11.1,1007.5,10.2
WX00709,2018-07-10,33.8,0.0,65.3,8.1,1009.4,9.7
WX00710,2018-07-11,34.4,25.5,74.1,15.6,1005.5,10.4
WX00711,2018-07-12,35.2,42.6,71.9,12.6,1009.6,8.7
WX00712,2018-07-13,34.0,0.0,73.1,9.6,1012.9,10.2
WX00713,2018-07-14,32.5,0.0,73.4,10.3,1010.6,10.0
WX00714,2018-07-15,32.2,71.9,73.7,10.5,1007.5,10.2
WX00715,2018-07-16,34.3,0.0,65.2,5.4,1012.9,11.0
WX00716,2018-07-17,34.7,0.0,78.0,5.7,1005.1,9.5
WX00717,2018-07-18,33.8,13.0,82.8,9.1,1007.8,9.7
WX00718,2018-07-19,27.1,6.5,85.8,5.4,1003.8,7.4
WX00719,2018-07-20,34.4,32.2,76.5,5.7,1008.6,11.3
WX00720,2018-07-21,33.5,0.0,82.7,15.4,1010.1,9.4
WX00721,2018-07-22,32.2,0.0,66.8,7.5,1012.7,9.1
WX00722,2018-07-23,33.7,5.2,68.2,10.5,998.9,9.6
WX00723,2018-07-24,29.1,16.2,74.2,13.4,1008.8,9.0
WX00724,2018-07-25,30.5,0.0,80.4,7.9,1012.1,11.2
WX00725,2018-07-26,33.7,50.3,67.7,14.1,1006.7,9.1
WX00726,2018-07-27,30.1,34.2,69.8,14.3,1004.6,10.6
WX00727,2018-07-28,30.2,14.5,70.2,8.5,1009.9,10.0
WX00728,2018-07-29,32.5,42.1,68.5,3.1,1009.2,8.7
WX00729,2018-07-30,30.7,0.0,72.5,12.5,1011.4,7.6
WX00730,2018-07-31,29.7,62.4,86.1,8.0,1005.1,9.7
WX00731,2018-08-01,30.7,17.3,78.3,2.3,1006.9,10.2
WX00732,2018-08-02,31.5,0.0,74.6,16.0,1008.7,10.6
WX00733,2018-08-03,33.9,12.0,67.2,6.4,1005.3,8.5
WX00734,2018-08-04,33.6,0.0,65.3,12.7,1012.2,7.6
WX00735,2018-08-05,29.6,29.6,77.1,14.6,1005.9,8.2
WX00736,2018-08-06,29.9,5.6,81.6,3.6,1012.2,10.2
WX00737,2018-08-07,30.9,55.5,62.4,12.3,1007.8,8.0
WX00738,2018-08-08,33.6,0.0,74.3,3.7,1011.5,10.1
WX00739,2018-08-09,30.8,0.0,69.8,5.5,1013.6,8.3
WX00740,2018-08-10,33.4,0.0,76.6,5.3,1009.3,8.1
WX00741,2018-08-11,33.0,5.8,85.9,1.3,1008.0,10.2
WX00742,2018-08-12,27.8,28.8,91.2,16.9,1006.0,7.8
WX00743,2018-08-13,34.8,35.1,80.1,14.3,1004.8,6.6
WX00744,2018-08-14,32.8,18.6,87.6,5.5,1005.3,10.3
WX00745,2018-08-15,36.2,6.1,76.2,9.9,1011.5,6.6
WX00746,2018-08-16,32.0,0.0,76.8,11.7,1009.3,9.1
WX00747,2018-08-17,28.9,0.0,91.2,14.3,1007.6,9.2
WX00748,2018-08-18,26.9,11.6,67.9,15.4,1008.6,7.9
WX00749,2018-08-19,27.6,0.0,84.9,10.3,1010.7,8.6
WX00750,2018-08-20,31.6,0.0,75.9,7.3,1006.1,8.0
WX00751,2018-08-21,29.5,0.0,66.4,17.5,1011.3,7.4
WX00752,2018-08-22,30.7,0.0,75.2,9.3,1012.2,6.9
WX00753,2018-08-23,30.7,0.0,70.0,9.3,1010.5,6.9
WX00754,2018-08-24,28.7,1.7,73.0,5.4,1006.0,7.5
WX00755,2018-08-25,29.2,0.0,78.5,13.3,1019.4,6.1
WX00756,2018-08-26,32.0,0.0,66.0,13.5,1010.7,5.6
WX00757,2018-08-27,28.2,0.0,64.6,12.8,1006.6,8.4
WX00758,2018-08-28,27.6,0.0,68.9,12.6,1004.2,7.9
WX00759,2018-08-29,28.8,0.0,83.8,10.4,1002.7,6.7
WX00760,2018-08-30,27.6,0.0,75.1,18.3,1007.8,6.5
WX00761,2018-08-31,30.4,12.0,71.0,5.7,1010.7,7.5
WX00762,2018-09-01,30.1,18.3,57.7,5.5,1010.8,6.3
WX00763,2018-09-02,28.4,0.0,71.2,11.1,1016.9,6.0
WX00764,2018-09-03,28.9,0.0,76.8,11.8,1008.8,7.7
WX00765,2018-09-04,26.9,52.4,74.5,10.1,1013.2,8.2
WX00766,2018-09-05,25.0,0.0,59.2,18.3,1007.2,7.5
WX00767,2018-09-06,28.0,0.0,67.3,12.6,1006.1,6.4
WX00768,2018-09-07,27.9,0.0,74.2,16.7,1010.0,7.5
WX00769,2018-09-08,28.3,8.0,83.2,6.9,1004.0,7.4
WX00770,2018-09-09,26.3,28.4,87.1,12.1,1013.7,6.9
WX00771,2018-09-10,26.7,19.4,71.8,6.9,1011.2,7.7
WX00772,2018-09-11,25.3,0.0,74.6,15.1,1005.2,7.6
WX00773,2018-09-12,27.9,44.9,79.4,8.5,1009.1,6.8
WX00774,2018-09-13,26.4,2.2,69.7,9.8,1012.5,6.6
WX00775,2018-09-14,29.8,0.0,66.9,4.6,1012.2,5.4
WX00776,2018-09-15,24.8,3.2,61.8,13.3,1009.0,7.1
WX00777,2018-09-16,31.9,0.0,73.1,16.9,1013.3,5.6
WX00778,2018-09-17,28.3,0.0,72.4,9.3,1006.2,7.1
WX00779,2018-09-18,25.4,22.5,80.1,18.9,1005.7,5.9
WX00780,2018-09-19,25.0,29.2,72.4,11.1,1006.1,5.4
WX00781,2018-09-20,31.0,0.0,65.9,6.8,1005.3,6.6
WX00782,2018-09-21,27.8,48.0,61.6,5.7,1007.3,5.4
WX00783,2018-09-22,28.7,53.3,75.1,18.5,1013.6,5.6
WX00784,2018-09-23,26.2,0.0,68.0,8.2,1009.6,4.9
WX00785,2018-09-24,24.6,0.0,71.9,7.2,1005.5,5.9
WX00786,2018-09-25,23.9,5.5,74.1,7.0,1010.2,6.1
WX00787,2018-09-26,23.4,34.1,81.8,8.2,1007.3,6.0
WX00788,2018-09-27,22.0,4.8,75.4,7.6,996.1,6.1
WX00789,2018-09-28,22.4,13.3,76.8,9.6,1012.7,3.9
WX00790,2018-09-29,22.5,0.0,84.8,13.7,1007.0,4.5
WX00791,2018-09-30,25.5,17.8,73.8,7.3,1010.2,4.3
WX00792,2018-10-01,24.5,7.3,38.3,11.5,998.7,5.8
WX00793,2018-10-02,24.1,0.0,27.4,11.2,1006.9,5.1
WX00794,2018-10-03,20.3,0.0,46.8,8.9,999.9,5.5
WX00795,2018-10-04,24.7,0.0,33.6,11.3,1004.5,5.6
WX00796,2018-10-05,24.7,0.0,38.3,13.0,1012.0,3.3
WX00797,2018-10-06,25.9,0.0,27.4,13.5,1007.0,4.4
WX00798,2018-10-07,21.1,0.0,26.5,3.6,1002.5,6.0
WX00799,2018-10-08,24.6,0.0,22.6,14.4,1003.4,3.7
WX00800,2018-10-09,23.0,0.0,26.7,8.9,1008.2,5.3
WX00801,2018-10-10,22.0,0.0,38.9,13.3,1012.6,3.7
WX00802,2018-10-11,27.2,0.0,25.1,7.5,1001.9,4.3
WX00803,2018-10-12,25.0,0.0,25.5,8.1,1003.7,4.4
WX00804,2018-10-13,22.4,0.0,36.1,14.0,1007.5,6.7
WX00805,2018-10-14,23.6,0.0,31.8,13.3,1009.2,4.8
WX00806,2018-10-15,19.8,0.0,45.9,10.6,1002.9,4.0
WX00807,2018-10-16,23.0,0.0,25.9,5.3,1008.1,4.3
WX00808,2018-10-17,22.7,49.5,40.1,12.1,1016.4,5.2
WX00809,2018-10-18,16.2,0.0,46.6,13.9,1009.8,3.8
WX00810,2018-10-19,23.0,0.0,25.4,10.9,1014.0,3.2
WX00811,2018-10-20,26.7,0.0,43.2,9.3,1016.5,4.8
WX00812,2018-10-21,18.8,0.0,22.2,14.2,1011.2,3.1
WX00813,2018-10-22,19.6,0.0,28.6,9.7,1006.0,4.3
WX00814,2018-10-23,22.7,0.0,19.8,4.3,1010.1,4.0
WX00815,2018-10-24,20.8,39.9,33.1,13.6,1008.6,4.0
WX00816,2018-10-25,18.5,3.6,38.7,5.8,1008.1,3.5
WX00817,2018-10-26,20.4,0.0,26.4,14.7,1013.4,2.8
WX00818,2018-10-27,20.3,0.0,23.3,4.9,999.8,3.4
WX00819,2018-10-28,18.0,13.5,28.3,7.1,1003.4,3.9
WX00820,2018-10-29,22.8,0.0,40.0,7.3,1015.4,4.3
WX00821,2018-10-30,19.6,13.9,30.0,8.0,1008.6,4.4
WX00822,2018-10-31,22.3,0.0,42.7,14.9,1011.4,3.9
WX00823,2018-11-01,21.4,0.0,35.8,7.4,1002.9,3.4
WX00824,2018-11-02,20.8,0.0,28.3,7.1,1007.8,2.8
WX00825,2018-11-03,25.1,0.0,25.3,13.3,1003.6,2.9
WX00826,2018-11-04,21.8,0.0,44.4,8.1,1004.6,2.8
WX00827,2018-11-05,20.0,34.4,43.2,5.9,1010.1,2.9
WX00828,2018-11-06,18.3,0.0,31.7,2.8,1010.0,2.2
WX00829,2018-11-07,21.3,0.0,48.5,13.8,1008.4,3.1
WX00830,2018-11-08,15.8,31.6,46.3,14.9,1007.6,1.8
WX00831,2018-11-09,21.3,0.0,30.9,6.7,1013.0,1.8
WX00832,2018-11-10,24.3,0.0,34.5,14.6,1010.6,3.7
WX00833,2018-11-11,20.5,0.0,34.9,7.6,1012.7,4.0
WX00834,2018-11-12,14.2,0.0,18.2,6.3,1001.8,2.2
WX00835,2018-11-13,22.0,0.0,17.6,9.9,1009.0,2.1
WX00836,2018-11-14,18.4,0.0,28.6,15.8,1011.1,2.8
WX00837,2018-11-15,20.3,0.0,20.1,11.0,1007.8,1.5
WX00838,2018-11-16,18.9,0.0,21.5,11.9,1008.9,3.4
WX00839,2018-11-17,19.3,0.0,31.4,6.8,1006.6,2.3
WX00840,2018-11-18,20.7,0.0,19.1,10.4,1009.1,2.2
WX00841,2018-11-19,17.0,0.0,35.4,13.6,1011.1,4.5
WX00842,2018-11-20,17.8,0.0,28.6,4.6,998.3,2.1
WX00843,2018-11-21,20.3,0.0,40.6,10.8,1012.6,2.4
WX00844,2018-11-22,17.8,0.0,33.7,18.7,1003.9,2.0
WX00845,2018-11-23,16.3,0.0,49.2,8.6,1007.2,3.6
WX00846,2018-11-24,19.4,0.0,36.0,16.0,1006.1,1.0
WX00847,2018-11-25,15.2,0.0,41.7,10.6,1007.7,2.8
WX00848,2018-11-26,21.0,0.0,28.7,14.0,1007.6,1.7
WX00849,2018-11-27,21.5,0.0,23.3,11.6,1005.0,1.8
WX00850,2018-11-28,21.3,0.0,31.7,14.9,1006.3,2.6
WX00851,2018-11-29,20.6,0.0,44.3,18.6,1010.4,2.2
WX00852,2018-11-30,19.7,0.0,33.4,2.9,1010.4,1.2
WX00853,2018-12-01,17.4,0.0,28.9,14.3,1008.6,2.4
WX00854,2018-12-02,15.6,0.0,27.8,7.1,1002.9,3.0
WX00855,2018-12-03,22.3,0.0,34.2,9.0,1001.9,3.3
WX00856,2018-12-04,18.7,0.0,39.2,13.8,1008.9,3.1
WX00857,2018-12-05,20.2,0.0,24.3,5.2,1009.6,1.2
WX00858,2018-12-06,19.3,0.0,30.4,10.6,1009.2,1.3
WX00859,2018-12-07,15.4,0.0,26.6,12.9,1004.5,2.0
WX00860,2018-12-08,17.8,0.0,31.7,6.2,1009.1,4.4
WX00861,2018-12-09,19.0,0.0,32.4,6.2,1008.9,1.0
WX00862,2018-12-10,19.3,0.0,43.6,10.6,1009.3,2.2
WX00863,2018-12-11,16.1,0.0,35.1,12.7,1001.9,3.5
WX00864,2018-12-12,16.4,0.0,36.0,14.6,1004.6,2.6
WX00865,2018-12-13,16.6,0.0,35.4,14.9,1011.1,1.0
WX00866,2018-12-14,14.3,0.0,38.1,17.2,1009.8,3.0
WX00867,2018-12-15,20.4,0.0,25.9,14.0,1003.0,2.8
WX00868,2018-12-16,18.8,0.0,37.7,11.8,1018.2,1.0
WX00869,2018-12-17,17.0,0.0,45.7,15.0,1003.8,2.3
WX00870,2018-12-18,20.8,0.0,37.1,16.1,1002.4,2.6
WX00871,2018-12-19,16.8,0.0,18.3,7.8,1008.0,3.0
WX00872,2018-12-20,15.0,0.0,39.7,14.3,1007.5,3.0
WX00873,2018-12-21,17.1,0.0,40.6,14.9,1006.8,1.7
WX00874,2018-12-22,18.4,0.0,44.2,8.6,1004.7,1.0
WX00875,2018-12-23,16.7,0.0,35.0,5.3,1014.6,2.3
WX00876,2018-12-24,18.3,0.0,25.1,15.2,1001.7,1.5
WX00877,2018-12-25,18.4,0.0,28.7,8.0,1004.9,1.0
WX00878,2018-12-26,16.8,0.0,27.7,14.5,1003.6,2.3
WX00879,2018-12-27,19.9,0.0,32.2,6.7,1010.1,2.6
WX00880,2018-12-28,15.6,0.0,42.3,10.0,1006.7,2.2
WX00881,2018-12-29,15.5,0.0,30.7,14.6,1004.1,1.5
WX00882,2018-12-30,13.3,0.0,31.7,12.7,1001.8,2.6
WX00883,2018-12-31,20.9,0.0,36.7,16.0,1008.1,1.0
WX00884,2019-01-01,17.4,0.0,18.0,13.4,1006.0,1.8
WX00885,2019-01-02,21.6,0.0,32.7,17.7,999.5,3.6
WX00886,2019-01-03,18.2,0.0,24.8,9.2,1013.7,3.9
WX00887,2019-01-04,14.3,0.0,25.7,5.0,1007.3,1.0
WX00888,2019-01-05,20.8,0.0,36.6,14.9,1003.5,1.8
WX00889,2019-01-06,16.2,0.0,36.3,7.7,1012.3,4.1
WX00890,2019-01-07,18.3,0.0,33.4,9.4,1012.5,1.7
WX00891,2019-01-08,16.0,0.0,31.3,1.6,1009.8,2.0
WX00892,2019-01-09,19.6,0.0,28.1,13.3,1006.0,1.6
WX00893,2019-01-10,13.8,0.0,26.0,6.9,1010.1,2.1
WX00894,2019-01-11,18.4,0.0,35.3,11.2,1004.9,2.4
WX00895,2019-01-12,21.0,0.0,33.0,11.0,1008.3,3.7
WX00896,2019-01-13,17.9,0.0,35.2,6.5,1011.0,3.3
WX00897,2019-01-14,14.6,0.0,28.1,12.6,1014.2,1.5
WX00898,2019-01-15,17.8,0.0,39.0,14.4,1009.0,3.7
WX00899,2019-01-16,17.0,0.0,37.6,5.8,1012.2,2.7
WX00900,2019-01-17,17.9,8.6,23.0,10.0,1008.3,2.3
WX00901,2019-01-18,20.9,0.0,44.1,3.1,1008.3,1.8
WX00902,2019-01-19,21.8,0.0,26.8,11.7,1012.6,1.5
WX00903,2019-01-20,16.8,0.0,30.5,12.8,1007.4,2.6
WX00904,2019-01-21,18.1,0.0,20.8,16.5,1012.6,2.2
WX00905,2019-01-22,20.7,0.0,39.0,17.8,996.2,2.1
WX00906,2019-01-23,20.0,0.0,33.7,7.4,1011.7,1.8
WX00907,2019-01-24,20.2,0.0,39.9,19.1,1012.2,3.9
WX00908,2019-01-25,21.6,0.0,41.4,3.3,1003.3,2.3
WX00909,2019-01-26,15.7,0.0,36.3,9.2,1007.1,2.5
WX00910,2019-01-27,20.7,0.0,22.6,7.6,1003.2,2.4
WX00911,2019-01-28,23.5,0.0,39.5,13.0,1007.3,3.2
WX00912,2019-01-29,18.1,0.0,46.5,1.0,1005.5,2.8
WX00913,2019-01-30,21.3,0.0,24.9,8.8,1002.3,2.1
WX00914,2019-01-31,20.8,0.0,35.8,15.2,1005.6,2.9
WX00915,2019-02-01,19.6,0.0,42.0,7.7,1008.7,3.3
WX00916,2019-02-02,15.9,0.0,28.3,10.8,1008.2,3.5
WX00917,2019-02-03,21.6,0.0,44.2,13.4,1005.7,3.3
WX00918,2019-02-04,19.0,0.0,32.4,15.8,1009.7,5.1
WX00919,2019-02-05,23.3,0.0,41.9,14.1,1013.6,3.5
WX00920,2019-02-06,22.2,0.0,28.5,3.3,1015.2,4.2
WX00921,2019-02-07,19.0,0.0,29.5,14.5,1000.0,5.1
WX00922,2019-02-08,19.5,0.0,31.2,12.6,1008.2,4.9
WX00923,2019-02-09,18.7,0.0,18.1,6.8,1004.3,4.4
WX00924,2019-02-10,18.2,0.0,33.6,10.2,1006.5,1.6
WX00925,2019-02-11,21.0,0.0,27.6,6.5,1007.3,2.6
WX00926,2019-02-12,17.9,0.0,39.3,13.0,999.2,3.5
WX00927,2019-02-13,21.9,0.0,28.8,10.3,1010.9,2.6
WX00928,2019-02-14,21.4,0.0,24.3,9.6,1004.1,4.3
WX00929,2019-02-15,24.6,0.0,40.8,12.8,1008.4,4.0
WX00930,2019-02-16,19.2,0.0,33.1,14.3,1008.0,4.7
WX00931,2019-02-17,20.9,0.0,44.2,5.3,1014.3,4.9
WX00932,2019-02-18,24.5,0.0,46.5,15.0,1007.7,4.0
WX00933,2019-02-19,20.0,0.0,33.9,6.6,1014.4,4.4
WX00934,2019-02-20,21.6,0.0,30.3,11.9,1007.1,5.1
WX00935,2019-02-21,20.8,0.0,34.5,2.2,1009.2,5.0
WX00936,2019-02-22,27.6,0.0,39.4,15.3,1009.4,1.7
WX00937,2019-02-23,20.5,0.0,15.0,4.7,1005.5,3.7
WX00938,2019-02-24,22.5,0.0,21.1,8.2,1005.9,4.5
WX00939,2019-02-25,24.1,0.0,41.6,11.0,1007.0,3.7
WX00940,2019-02-26,22.9,0.0,35.0,1.0,1003.4,4.6
WX00941,2019-02-27,18.2,0.0,37.6,16.8,1008.8,5.0
WX00942,2019-02-28,23.5,0.0,29.4,11.3,1011.0,5.7
WX00943,2019-03-01,19.4,0.0,42.7,9.7,1003.3,5.1
WX00944,2019-03-02,23.0,0.0,31.1,13.0,1005.6,5.4
WX00945,2019-03-03,22.7,0.0,25.0,9.6,1005.2,5.6
WX00946,2019-03-04,23.9,0.0,40.8,10.6,1009.9,6.7
WX00947,2019-03-05,22.8,0.0,17.9,13.5,1008.2,5.5
WX00948,2019-03-06,27.5,10.4,37.7,9.4,1005.6,6.4
WX00949,2019-03-07,24.3,0.0,42.6,10.7,1007.9,3.2
WX00950,2019-03-08,26.1,0.0,43.9,10.0,1000.1,5.5
WX00951,2019-03-09,23.9,0.0,34.8,8.5,1009.1,5.0
WX00952,2019-03-10,19.6,0.0,35.7,7.1,1016.6,6.3
WX00953,2019-03-11,22.7,0.0,41.9,4.0,1006.7,4.6
WX00954,2019-03-12,24.7,0.0,29.7,7.6,1010.6,4.8
WX00955,2019-03-13,26.8,0.0,31.3,7.9,1006.9,7.2
WX00956,2019-03-14,24.5,0.0,30.0,11.1,1005.5,5.9
WX00957,2019-03-15,24.6,0.0,38.9,12.9,1006.9,5.5
WX00958,2019-03-16,29.6,0.0,33.6,13.5,1004.4,6.2
WX00959,2019-03-17,24.7,0.0,30.9,12.0,1002.1,5.0
WX00960,2019-03-18,24.4,0.0,34.6,6.9,1001.2,4.7
WX00961,2019-03-19,24.1,0.0,41.9,8.5,1010.0,4.6
WX00962,2019-03-20,28.5,0.0,27.4,7.9,1013.4,6.3
WX00963,2019-03-21,22.3,0.0,24.8,7.4,1007.0,6.2
WX00964,2019-03-22,25.8,0.0,29.7,8.8,1005.3,5.7
WX00965,2019-03-23,27.7,0.0,43.0,2.7,1015.0,6.1
WX00966,2019-03-24,25.8,0.0,49.7,8.9,1009.0,7.7
WX00967,2019-03-25,25.9,0.0,43.0,7.3,1008.7,5.7
WX00968,2019-03-26,29.2,0.0,29.4,5.9,1008.0,6.4
WX00969,2019-03-27,28.8,0.0,31.8,4.3,1001.9,5.6
WX00970,2019-03-28,24.6,0.0,38.0,13.1,1014.8,6.1
WX00971,2019-03-29,29.3,0.0,41.7,11.7,1007.6,6.9
WX00972,2019-03-30,27.3,0.0,38.3,6.2,1002.3,5.5
WX00973,2019-03-31,24.9,0.0,43.7,13.4,1009.9,6.3
WX00974,2019-04-01,24.7,0.0,30.1,8.6,1009.4,7.2
WX00975,2019-04-02,28.1,0.0,30.5,3.1,998.0,6.4
WX00976,2019-04-03,29.8,0.0,34.7,13.7,1006.3,7.9
WX00977,2019-04-04,27.3,0.0,44.3,7.3,1004.3,8.3
WX00978,2019-04-05,26.6,0.0,27.0,18.7,1009.6,5.8
WX00979,2019-04-06,27.4,0.0,30.3,11.8,1007.7,7.0
WX00980,2019-04-07,32.0,0.0,35.2,7.7,1005.9,8.3
WX00981,2019-04-08,32.3,0.0,24.7,15.8,1010.7,6.7
WX00982,2019-04-09,25.8,0.0,44.3,6.4,1007.6,6.8
WX00983,2019-04-10,31.6,0.0,35.0,4.6,1007.4,7.3
WX00984,2019-04-11,27.3,0.0,48.5,4.1,1017.5,6.3
WX00985,2019-04-12,27.0,0.0,34.3,7.3,1009.0,6.5
WX00986,2019-04-13,32.8,0.0,45.2,6.2,1011.7,8.7
WX00987,2019-04-14,26.0,0.0,39.3,11.0,1008.2,6.5
WX00988,2019-04-15,31.0,0.0,36.6,17.0,1012.2,6.8
WX00989,2019-04-16,27.5,0.0,33.0,12.2,1002.1,7.2
WX00990,2019-04-17,29.5,0.0,24.9,8.5,1007.3,7.2
WX00991,2019-04-18,31.1,0.0,25.9,8.4,1014.2,9.1
WX00992,2019-04-19,28.8,0.0,32.7,15.4,1009.3,6.8
WX00993,2019-04-20,31.9,0.0,34.9,13.6,1002.1,7.2
WX00994,2019-04-21,31.4,0.0,36.5,5.7,1009.6,6.3
WX00995,2019-04-22,28.6,0.0,32.0,10.7,1007.4,8.5
WX00996,2019-04-23,34.1,0.0,30.1,10.2,1008.7,7.4
WX00997,2019-04-24,33.4,0.0,62.5,10.6,1006.8,7.6
WX00998,2019-04-25,27.8,0.0,39.4,11.5,1004.6,9.3
WX00999,2019-04-26,30.4,27.8,23.9,1.4,1005.9,8.3
WX01000,2019-04-27,29.6,0.0,39.0,8.8,1016.4,8.6
WX01001,2019-04-28,32.2,0.0,35.5,8.1,1007.0,9.5
WX01002,2019-04-29,27.9,0.0,41.3,10.7,1012.3,8.1
WX01003,2019-04-30,31.3,0.0,21.4,8.7,1014.5,8.9
WX01004,2019-05-01,32.0,0.0,32.1,7.6,1006.8,8.5
WX01005,2019-05-02,32.6,0.0,42.5,6.5,1006.2,10.0
WX01006,2019-05-03,25.8,0.0,33.1,6.8,1009.1,8.2
WX01007,2019-05-04,26.4,0.0,25.8,8.6,1017.8,6.6
WX01008,2019-05-05,31.6,21.3,26.0,10.0,1007.2,7.0
WX01009,2019-05-06,31.3,0.0,35.2,8.7,1003.0,10.0
WX01010,2019-05-07,30.7,0.0,37.3,5.6,1007.3,8.9
WX01011,2019-05-08,33.0,0.0,19.6,10.1,1003.2,8.2
WX01012,2019-05-09,34.2,0.0,32.9,1.0,1006.3,8.9
WX01013,2019-05-10,31.7,0.0,30.5,4.8,1007.5,8.2
WX01014,2019-05-11,36.1,37.9,28.9,7.4,1006.2,8.0
WX01015,2019-05-12,33.3,0.0,41.1,11.3,1004.8,8.9
WX01016,2019-05-13,35.3,0.0,29.6,4.4,1005.6,9.4
WX01017,2019-05-14,31.9,0.0,15.0,17.0,1010.4,8.3
WX01018,2019-05-15,35.2,0.0,27.3,10.5,1011.1,9.0
WX01019,2019-05-16,34.3,0.0,41.3,5.9,1006.2,8.4
WX01020,2019-05-17,31.0,0.0,29.9,15.2,1000.9,10.5
WX01021,2019-05-18,32.5,0.0,28.3,7.4,1009.2,8.6
WX01022,2019-05-19,32.6,0.0,37.5,8.2,1003.5,9.0
WX01023,2019-05-20,30.2,0.0,41.2,9.5,1010.2,9.8
WX01024,2019-05-21,34.1,0.0,21.2,10.3,1009.3,9.0
WX01025,2019-05-22,34.1,12.1,28.1,13.0,1004.9,9.7
WX01026,2019-05-23,32.5,0.0,36.9,11.6,1006.2,11.6
WX01027,2019-05-24,34.5,0.0,38.1,5.1,998.5,9.8
WX01028,2019-05-25,34.9,53.5,45.0,9.1,1008.3,8.8
WX01029,2019-05-26,32.3,0.0,46.5,11.8,1005.2,9.0
WX01030,2019-05-27,32.4,0.0,35.2,4.2,1009.5,10.8
WX01031,2019-05-28,31.3,0.0,40.4,17.3,1013.6,11.5
WX01032,2019-05-29,30.1,0.0,45.9,11.1,1001.7,9.2
WX01033,2019-05-30,38.5,5.1,35.4,15.9,1008.0,10.1
WX01034,2019-05-31,34.0,0.0,44.8,5.3,1007.1,9.2
WX01035,2019-06-01,32.9,0.0,70.5,11.7,1011.6,10.0
WX01036,2019-06-02,35.7,30.5,80.3,6.5,1005.2,11.8
WX01037,2019-06-03,35.6,0.0,97.1,13.0,1007.9,10.6
WX01038,2019-06-04,35.9,4.6,52.5,16.9,1001.0,9.7
WX01039,2019-06-05,32.4,0.0,83.5,15.9,1008.9,11.7
WX01040,2019-06-06,32.5,0.0,79.8,6.9,1006.8,9.8
WX01041,2019-06-07,35.9,35.5,80.1,12.4,1015.3,9.9
WX01042,2019-06-08,32.9,0.0,64.8,3.5,1000.2,9.0
WX01043,2019-06-09,31.4,0.0,71.7,8.2,1005.3,10.9
WX01044,2019-06-10,38.8,0.0,77.9,4.1,1007.6,8.6
WX01045,2019-06-11,29.7,18.7,72.3,7.7,1010.6,10.3
WX01046,2019-06-12,34.7,40.8,78.6,12.6,1000.1,9.8
WX01047,2019-06-13,28.9,0.0,68.0,9.6,1006.0,10.9
WX01048,2019-06-14,30.3,18.0,85.9,21.0,1012.6,10.3
WX01049,2019-06-15,34.8,93.2,77.9,13.9,1007.7,10.5
WX01050,2019-06-16,33.4,25.2,91.9,8.8,1007.6,10.7
WX01051,2019-06-17,37.2,0.0,70.6,15.2,1008.5,12.0
WX01052,2019-06-18,33.0,0.0,83.8,9.3,1012.8,12.0
WX01053,2019-06-19,33.8,0.0,80.1,15.0,1002.6,11.2
WX01054,2019-06-20,31.4,0.0,71.8,13.9,1002.9,9.4
WX01055,2019-06-21,35.0,35.0,74.0,14.1,1008.6,10.2
WX01056,2019-06-22,35.2,0.0,93.3,4.0,1003.0,8.9
WX01057,2019-06-23,30.6,30.0,76.8,6.8,1005.3,8.5
WX01058,2019-06-24,30.9,0.0,70.6,7.5,1014.8,9.9
WX01059,2019-06-25,35.3,0.0,91.3,18.9,1013.1,11.8
WX01060,2019-06-26,29.7,0.0,79.1,3.3,1008.5,9.3
WX01061,2019-06-27,36.0,0.0,77.3,9.7,1007.8,11.4
WX01062,2019-06-28,32.1,46.6,85.4,6.5,1004.4,11.7
WX01063,2019-06-29,37.8,22.9,73.1,13.9,1012.2,10.8
WX01064,2019-06-30,33.8,30.1,73.9,11.2,1010.3,8.9
WX01065,2019-07-01,30.2,43.7,82.6,7.8,1008.9,10.2
WX01066,2019-07-02,36.5,3.4,75.6,6.1,1006.8,10.2
WX01067,2019-07-03,34.2,48.3,74.2,10.0,1009.4,10.4
WX01068,2019-07-04,35.3,30.5,75.5,14.2,1005.1,10.5
WX01069,2019-07-05,35.9,11.7,71.5,8.6,1013.6,9.7
WX01070,2019-07-06,33.6,44.6,76.5,15.6,1010.8,11.9
WX01071,2019-07-07,30.3,0.0,77.1,3.6,1001.0,8.4
WX01072,2019-07-08,35.2,0.0,87.1,1.0,1011.8,11.0
WX01073,2019-07-09,32.8,18.7,87.8,7.8,1006.6,9.2
WX01074,2019-07-10,33.7,0.0,98.0,14.9,1005.6,8.9
WX01075,2019-07-11,35.2,13.7,82.4,13.7,1009.4,10.9
WX01076,2019-07-12,33.9,0.0,79.0,6.3,1008.2,8.2
WX01077,2019-07-13,33.9,0.0,79.5,13.8,1010.7,10.8
WX01078,2019-07-14,34.1,0.0,76.0,10.4,1018.2,9.9
WX01079,2019-07-15,31.7,33.2,73.7,5.9,1007.6,9.0
WX01080,2019-07-16,33.2,3.7,49.5,9.4,1005.3,10.9
WX01081,2019-07-17,31.3,16.9,75.0,16.5,1010.9,9.5
WX01082,2019-07-18,32.7,0.0,74.3,11.8,1004.2,7.9
WX01083,2019-07-19,33.6,0.0,74.8,13.6,1012.3,9.0
WX01084,2019-07-20,30.6,0.0,78.1,10.5,1004.9,9.5
WX01085,2019-07-21,32.2,0.0,73.4,12.1,1005.6,11.7
WX01086,2019-07-22,36.5,35.7,69.4,6.1,1009.2,9.0
WX01087,2019-07-23,31.4,0.0,72.8,6.3,1012.4,10.2
WX01088,2019-07-24,25.2,12.8,74.6,9.3,1008.1,10.4
WX01089,2019-07-25,31.7,26.3,76.3,5.4,1016.8,9.9
WX01090,2019-07-26,31.6,0.0,71.5,14.0,1006.6,10.0
WX01091,2019-07-27,34.8,28.1,75.5,11.5,1010.7,9.6
WX01092,2019-07-28,30.5,0.0,70.8,2.8,1003.9,9.9
WX01093,2019-07-29,33.9,45.3,66.8,10.1,1002.4,10.5
WX01094,2019-07-30,35.5,0.0,72.5,9.6,999.8,8.7
WX01095,2019-07-31,29.8,49.7,71.8,1.3,1000.7,8.5
WX01096,2019-08-01,28.8,8.7,82.7,8.9,1009.4,8.8
WX01097,2019-08-02,29.5,19.5,68.6,11.8,1010.7,9.5
WX01098,2019-08-03,32.3,0.0,67.8,11.0,1014.5,8.5
WX01099,2019-08-04,31.4,14.1,91.9,4.9,1005.3,7.7
WX01100,2019-08-05,31.5,0.0,68.5,16.9,1008.8,9.8
WX01101,2019-08-06,31.8,0.0,58.2,11.4,1012.6,9.0
WX01102,2019-08-07,31.3,38.1,74.6,8.8,1006.2,10.6
WX01103,2019-08-08,31.4,0.0,74.9,14.6,1006.4,8.8
WX01104,2019-08-09,32.8,0.0,98.0,7.8,1007.4,7.7
WX01105,2019-08-10,31.2,0.0,67.0,1.0,1002.7,9.1
WX01106,2019-08-11,30.2,0.0,63.0,8.8,1013.2,7.4
WX01107,2019-08-12,29.8,0.0,66.0,8.0,1005.8,9.1
WX01108,2019-08-13,27.5,0.0,89.4,4.5,1011.8,9.3
WX01109,2019-08-14,30.7,109.0,86.0,7.9,1007.1,7.2
WX01110,2019-08-15,30.0,24.8,83.9,8.3,1015.9,7.2
WX01111,2019-08-16,32.0,20.3,77.8,9.4,1005.1,10.2
WX01112,2019-08-17,29.4,0.0,82.5,1.0,1006.9,6.2
WX01113,2019-08-18,30.5,30.2,78.3,13.0,1011.7,8.5
WX01114,2019-08-19,29.9,20.4,93.6,7.8,1009.3,9.0
WX01115,2019-08-20,30.9,0.0,76.0,12.6,1000.4,9.4
WX01116,2019-08-21,31.8,20.4,70.4,9.6,1016.4,9.0
WX01117,2019-08-22,32.5,23.8,80.5,11.0,1001.9,8.8
WX01118,2019-08-23,30.1,0.0,77.0,16.9,1009.7,9.0
WX01119,2019-08-24,28.2,0.0,83.2,16.5,1013.0,7.1
WX01120,2019-08-25,26.9,0.0,74.3,17.9,1006.9,7.5
WX01121,2019-08-26,31.8,31.7,68.8,12.1,1013.0,9.3
WX01122,2019-08-27,28.3,15.7,79.3,10.3,1010.9,7.8
WX01123,2019-08-28,28.7,34.4,78.5,13.1,1002.9,9.0
WX01124,2019-08-29,29.6,0.0,68.9,9.0,999.2,7.8
WX01125,2019-08-30,24.4,0.0,71.6,10.9,1007.4,6.3
WX01126,2019-08-31,30.6,34.7,74.6,9.7,1015.6,8.1
WX01127,2019-09-01,33.5,15.2,74.3,5.2,1010.1,8.3
WX01128,2019-09-02,28.9,14.1,64.4,19.4,1012.2,8.1
WX01129,2019-09-03,29.7,29.3,74.4,5.9,1008.2,5.1
WX01130,2019-09-04,26.0,16.4,72.2,4.8,1012.5,6.6
WX01131,2019-09-05,33.2,7.7,82.4,12.3,1007.9,6.8
WX01132,2019-09-06,27.5,9.3,68.4,9.5,1004.8,5.9
WX01133,2019-09-07,25.7,0.0,64.2,4.7,1014.5,9.0
WX01134,2019-09-08,24.3,10.6,72.1,14.2,1008.5,7.0
WX01135,2019-09-09,21.6,0.0,80.2,3.3,1001.9,5.9
WX01136,2019-09-10,28.7,0.0,95.0,9.3,1008.2,5.8
WX01137,2019-09-11,28.5,0.0,77.3,11.2,1012.4,6.4
WX01138,2019-09-12,28.9,0.0,83.6,2.1,1006.8,7.6
WX01139,2019-09-13,23.6,0.0,62.2,9.4,1013.7,8.2
WX01140,2019-09-14,28.8,0.0,70.8,12.6,1008.5,7.2
WX01141,2019-09-15,28.8,1.8,70.1,16.2,1005.0,7.4
WX01142,2019-09-16,28.3,7.6,82.8,8.1,1008.0,6.8
WX01143,2019-09-17,24.1,27.5,83.1,6.2,1013.2,6.7
WX01144,2019-09-18,27.7,8.3,69.3,4.5,1010.2,5.3
WX01145,2019-09-19,24.5,0.0,93.4,16.0,1004.8,4.6
WX01146,2019-09-20,21.6,18.2,69.9,8.5,1006.4,6.1
WX01147,2019-09-21,26.9,34.3,84.2,9.0,1011.0,6.2
WX01148,2019-09-22,20.1,7.8,57.5,12.4,1013.0,4.0
WX01149,2019-09-23,23.0,18.0,82.3,12.5,1008.1,5.7
WX01150,2019-09-24,24.2,7.7,71.5,10.9,1005.5,5.4
WX01151,2019-09-25,27.8,0.0,68.1,12.4,1005.3,6.2
WX01152,2019-09-26,26.3,0.0,80.8,11.4,1000.2,4.5
WX01153,2019-09-27,24.3,27.3,72.9,10.3,1006.5,3.8
WX01154,2019-09-28,28.1,22.6,86.4,17.3,1004.5,5.1
WX01155,2019-09-29,21.8,0.0,67.8,16.1,1002.6,7.0
WX01156,2019-09-30,25.7,27.7,64.5,4.1,1015.6,4.6
WX01157,2019-10-01,24.8,0.0,35.1,4.1,1003.8,4.9
WX01158,2019-10-02,23.7,0.0,27.7,11.4,1003.9,5.3
WX01159,2019-10-03,24.2,0.0,40.0,11.8,1007.9,6.0
WX01160,2019-10-04,27.6,0.0,51.9,6.9,1004.4,5.5
WX01161,2019-10-05,22.7,0.0,37.9,13.0,1009.7,3.2
WX01162,2019-10-06,24.7,0.0,36.1,12.7,1017.2,4.6
WX01163,2019-10-07,22.2,0.0,31.9,9.4,1001.1,3.6
WX01164,2019-10-08,24.9,0.0,41.8,11.9,1006.1,6.9
WX01165,2019-10-09,22.0,0.0,37.7,10.4,1012.0,5.2
WX01166,2019-10-10,22.7,0.0,43.3,12.7,1003.7,4.9
WX01167,2019-10-11,24.8,20.4,47.4,9.9,1010.0,6.7
WX01168,2019-10-12,23.5,0.0,34.8,6.5,1003.7,4.4
WX01169,2019-10-13,21.4,0.0,29.1,7.8,1006.6,4.5
WX01170,2019-10-14,23.1,0.0,38.4,10.2,1011.1,4.4
WX01171,2019-10-15,24.7,0.0,44.5,8.2,1007.3,4.4
WX01172,2019-10-16,21.3,0.0,33.9,9.7,1006.8,2.1
WX01173,2019-10-17,26.1,0.0,34.3,11.9,1009.1,5.6
WX01174,2019-10-18,20.6,0.0,33.6,11.1,1011.8,2.3
WX01175,2019-10-19,26.3,0.0,35.7,8.6,1013.5,4.8
WX01176,2019-10-20,19.9,0.0,42.0,14.4,1013.1,3.6
WX01177,2019-10-21,20.5,0.0,17.6,16.9,1007.4,4.9
WX01178,2019-10-22,24.0,0.0,36.4,10.2,1014.5,4.1
WX01179,2019-10-23,19.8,0.0,40.6,4.3,1008.3,4.0
WX01180,2019-10-24,18.8,0.0,38.8,7.4,1017.2,4.6
WX01181,2019-10-25,23.2,0.0,31.0,9.4,1009.8,1.8
WX01182,2019-10-26,20.6,29.0,47.5,10.8,1002.8,2.3
WX01183,2019-10-27,23.9,0.0,34.8,12.9,1007.3,3.2
WX01184,2019-10-28,18.5,0.0,22.6,13.2,1009.4,4.1
WX01185,2019-10-29,18.5,0.0,38.8,16.7,1009.8,4.0
WX01186,2019-10-30,22.2,0.0,40.7,9.6,1003.3,3.8
WX01187,2019-10-31,18.0,0.0,29.9,13.9,1004.2,1.6
WX01188,2019-11-01,22.2,0.0,28.4,13.5,1005.7,2.5
WX01189,2019-11-02,18.1,0.0,48.6,13.9,1001.3,1.1
WX01190,2019-11-03,16.4,0.0,33.7,5.8,1007.2,3.9
WX01191,2019-11-04,18.6,0.0,37.8,14.7,1009.1,3.2
WX01192,2019-11-05,19.4,0.0,29.1,10.9,1011.9,2.9
WX01193,2019-11-06,20.2,0.0,39.2,14.1,1007.3,3.5
WX01194,2019-11-07,14.1,0.0,29.5,11.2,1007.6,2.5
WX01195,2019-11-08,18.4,0.0,46.5,18.5,1010.5,2.0
WX01196,2019-11-09,20.8,0.0,22.8,7.3,1002.7,2.3
WX01197,2019-11-10,22.5,0.0,48.4,16.8,1006.2,2.3
WX01198,2019-11-11,19.1,0.0,35.4,6.5,1009.3,2.9
WX01199,2019-11-12,20.4,0.0,44.0,3.6,1016.3,2.5
WX01200,2019-11-13,16.2,0.0,27.4,8.0,1013.0,2.4
WX01201,2019-11-14,19.9,0.0,39.2,10.8,1011.1,3.0
WX01202,2019-11-15,16.3,0.0,48.7,1.4,1010.6,2.5
WX01203,2019-11-16,19.7,0.0,45.4,5.6,1008.5,2.2
WX01204,2019-11-17,20.8,0.0,32.5,14.4,999.9,4.6
WX01205,2019-11-18,18.6,0.0,34.0,9.5,1002.9,3.0
WX01206,2019-11-19,19.9,0.0,22.1,5.3,1006.3,1.0
WX01207,2019-11-20,13.3,0.0,39.4,17.1,1005.2,3.8
WX01208,2019-11-21,17.6,0.0,31.5,12.0,1009.1,3.2
WX01209,2019-11-22,20.1,0.0,39.9,15.0,1007.3,2.4
WX01210,2019-11-23,20.5,0.0,39.8,15.4,1004.4,3.5
WX01211,2019-11-24,19.7,0.0,29.6,13.2,1007.9,1.8
WX01212,2019-11-25,21.4,0.0,23.9,11.8,1013.5,1.7
WX01213,2019-11-26,17.8,0.0,44.5,4.1,1015.8,3.8
WX01214,2019-11-27,15.0,0.0,38.2,14.7,1005.6,2.3
WX01215,2019-11-28,12.6,0.0,45.0,18.9,1011.5,2.7
WX01216,2019-11-29,20.7,0.0,33.2,11.4,1019.2,2.0
WX01217,2019-11-30,16.7,0.0,36.6,7.7,1007.5,2.5
WX01218,2019-12-01,17.8,0.0,30.9,6.2,1004.4,2.8
WX01219,2019-12-02,14.4,0.0,34.7,10.2,998.4,1.0
WX01220,2019-12-03,18.8,0.0,48.7,8.1,1014.3,1.1
WX01221,2019-12-04,14.2,0.0,33.6,11.8,1002.6,4.0
WX01222,2019-12-05,22.8,0.0,40.7,14.2,1009.0,3.0
WX01223,2019-12-06,17.5,0.0,58.3,12.0,1013.4,1.0
WX01224,2019-12-07,17.6,0.0,16.6,8.2,1006.2,1.6
WX01225,2019-12-08,16.8,0.0,38.2,18.7,1006.6,2.2
WX01226,2019-12-09,18.4,0.0,35.3,10.4,1014.9,1.0
WX01227,2019-12-10,13.1,0.0,36.0,10.6,1006.0,2.0
WX01228,2019-12-11,19.8,0.0,28.0,8.7,1014.0,1.3
WX01229,2019-12-12,16.5,0.0,41.6,15.3,1011.6,3.0
WX01230,2019-12-13,18.0,0.0,31.4,10.3,1003.6,1.8
WX01231,2019-12-14,18.9,0.0,42.2,7.1,1010.9,2.6
WX01232,2019-12-15,19.0,0.0,38.1,7.7,1011.2,4.1
WX01233,2019-12-16,17.8,0.0,28.7,17.0,1004.1,1.5
WX01234,2019-12-17,13.8,0.0,45.1,7.3,1004.0,1.7
WX01235,2019-12-18,19.4,0.0,36.5,12.4,1009.3,1.0
WX01236,2019-12-19,17.8,0.0,34.0,13.7,1011.7,1.0
WX01237,2019-12-20,15.2,0.0,34.4,3.2,998.9,2.2
WX01238,2019-12-21,17.2,0.0,32.8,10.8,1007.0,2.5
WX01239,2019-12-22,17.7,0.0,56.4,5.9,1003.6,2.1
WX01240,2019-12-23,17.9,0.0,38.8,7.5,1011.2,2.1
WX01241,2019-12-24,18.8,0.0,49.7,15.4,1004.0,2.0
WX01242,2019-12-25,17.0,0.0,31.0,8.9,1011.6,2.4
WX01243,2019-12-26,17.1,0.0,27.4,13.4,1012.2,2.1
WX01244,2019-12-27,16.5,0.0,40.2,14.0,1009.4,1.8
WX01245,2019-12-28,16.3,0.0,25.0,13.4,1010.6,1.1
WX01246,2019-12-29,14.8,0.0,30.2,15.9,1014.4,2.2
WX01247,2019-12-30,20.6,0.0,53.2,14.0,1014.6,2.1
WX01248,2019-12-31,19.6,0.0,39.9,9.5,1005.5,2.7
WX01249,2020-01-01,16.9,0.0,37.5,16.0,1008.2,1.3
WX01250,2020-01-02,17.7,0.0,33.7,17.5,1003.6,1.3
WX01251,2020-01-03,13.8,0.0,24.5,11.7,1002.7,2.0
WX01252,2020-01-04,12.5,0.0,41.7,10.4,1007.8,1.5
WX01253,2020-01-05,21.3,0.0,22.3,10.9,998.0,1.1
WX01254,2020-01-06,19.4,0.0,37.6,6.0,1008.4,3.7
WX01255,2020-01-07,20.7,0.0,38.2,2.9,1003.0,4.3
WX01256,2020-01-08,17.3,0.0,36.0,6.3,1012.5,1.9
WX01257,2020-01-09,21.4,0.0,33.4,17.3,1012.3,3.5
WX01258,2020-01-10,19.0,0.0,43.8,13.5,1008.6,2.2
WX01259,2020-01-11,15.6,0.0,34.1,12.1,1005.1,2.8
WX01260,2020-01-12,17.4,0.0,21.0,10.5,1009.4,3.5
WX01261,2020-01-13,23.6,7.9,25.5,9.2,1003.7,2.5
WX01262,2020-01-14,18.6,0.0,40.7,14.9,1012.4,3.0
WX01263,2020-01-15,22.1,0.0,36.6,11.1,1015.8,1.9
WX01264,2020-01-16,17.5,0.0,43.0,1.7,1007.8,3.0
WX01265,2020-01-17,21.6,0.0,25.7,10.7,1008.5,1.0
WX01266,2020-01-18,16.4,0.0,41.3,5.5,1008.8,1.0
WX01267,2020-01-19,17.5,0.0,40.2,10.7,1007.5,3.5
WX01268,2020-01-20,20.6,0.0,33.0,11.6,1012.3,1.5
WX01269,2020-01-21,21.4,0.0,28.2,10.4,996.6,1.1
WX01270,2020-01-22,21.6,0.0,30.9,9.9,1007.9,1.6
WX01271,2020-01-23,22.4,0.0,44.8,15.8,1009.3,2.6
WX01272,2020-01-24,18.7,0.0,40.4,9.9,1012.2,2.2
WX01273,2020-01-25,20.8,0.0,37.5,8.5,1007.3,3.8
WX01274,2020-01-26,15.5,0.0,19.5,16.3,1007.5,3.4
WX01275,2020-01-27,18.1,0.0,65.3,8.6,1012.3,2.3
WX01276,2020-01-28,18.9,0.0,40.6,3.3,1009.1,2.8
WX01277,2020-01-29,22.6,0.0,33.9,5.4,1005.1,3.4
WX01278,2020-01-30,17.6,0.0,25.7,7.9,1004.3,3.7
WX01279,2020-01-31,20.3,0.0,25.4,7.9,1012.0,3.7
WX01280,2020-02-01,25.1,0.0,27.9,11.5,1008.7,3.7
WX01281,2020-02-02,17.6,0.0,41.5,11.3,1011.7,2.0
WX01282,2020-02-03,22.5,0.0,32.7,4.9,1019.1,3.7
WX01283,2020-02-04,20.5,0.0,34.0,3.8,1005.1,3.2
WX01284,2020-02-05,17.5,0.0,42.2,1.0,1012.5,3.1
WX01285,2020-02-06,20.1,0.0,35.8,14.2,1002.5,3.4
WX01286,2020-02-07,26.8,0.0,42.1,5.5,1014.3,1.9
WX01287,2020-02-08,21.3,0.0,40.7,6.0,1008.5,2.9
WX01288,2020-02-09,23.6,0.0,27.4,14.7,1005.6,1.8
WX01289,2020-02-10,20.1,0.0,47.8,14.1,1008.3,4.6
WX01290,2020-02-11,17.2,0.0,32.5,13.6,1012.7,3.8
WX01291,2020-02-12,19.1,0.0,40.0,12.4,1001.0,3.1
WX01292,2020-02-13,19.4,0.0,23.2,17.0,1007.4,5.0
WX01293,2020-02-14,18.4,0.0,26.0,3.1,1011.7,4.8
WX01294,2020-02-15,21.3,0.0,55.4,6.3,1011.2,4.7
WX01295,2020-02-16,24.9,0.0,32.3,13.6,1008.9,4.0
WX01296,2020-02-17,22.6,0.0,26.6,13.0,1007.9,4.8
WX01297,2020-02-18,28.5,0.0,29.2,2.5,1005.2,3.9
WX01298,2020-02-19,19.4,0.0,27.9,6.0,1007.0,3.1
WX01299,2020-02-20,24.3,0.0,42.0,7.7,1009.7,3.4
WX01300,2020-02-21,21.0,0.0,20.7,9.2,1010.9,4.2
WX01301,2020-02-22,22.5,0.0,42.2,5.9,1008.4,4.2
WX01302,2020-02-23,24.5,0.0,28.6,10.0,1008.9,4.4
WX01303,2020-02-24,21.6,0.0,29.9,5.1,1005.3,3.7
WX01304,2020-02-25,22.3,0.0,37.3,11.9,1008.5,4.0
WX01305,2020-02-26,22.4,0.0,42.5,10.4,1014.6,4.0
WX01306,2020-02-27,24.4,0.0,30.4,8.2,998.4,4.7
WX01307,2020-02-28,22.4,0.0,25.3,2.9,1015.3,5.4
WX01308,2020-02-29,25.6,0.0,16.5,12.9,1003.8,2.7
WX01309,2020-03-01,24.5,0.0,38.8,11.9,1009.1,4.9
WX01310,2020-03-02,21.2,40.6,28.4,9.5,1004.3,5.0
WX01311,2020-03-03,21.7,0.0,28.0,13.5,1015.5,3.4
WX01312,2020-03-04,26.1,0.0,27.1,9.3,1011.2,6.0
WX01313,2020-03-05,22.0,0.0,33.2,6.9,1002.2,4.4
WX01314,2020-03-06,26.4,0.0,39.6,7.9,1005.9,5.3
WX01315,2020-03-07,22.1,0.0,27.2,11.2,1007.7,4.8
WX01316,2020-03-08,24.5,0.0,39.6,18.5,1005.8,7.5
WX01317,2020-03-09,23.8,0.0,47.7,1.0,1006.3,5.4
WX01318,2020-03-10,21.5,0.0,50.2,10.0,1002.8,6.4
WX01319,2020-03-11,19.8,0.0,29.7,7.1,1010.8,6.6
WX01320,2020-03-12,24.1,0.0,47.1,8.1,1006.7,6.3
WX01321,2020-03-13,26.1,0.0,42.7,14.0,1006.0,6.0
WX01322,2020-03-14,23.2,0.0,25.5,14.1,1011.6,3.9
WX01323,2020-03-15,26.2,0.0,30.7,11.0,1007.2,6.0
WX01324,2020-03-16,26.5,0.0,32.5,5.0,1006.8,6.6
WX01325,2020-03-17,27.9,20.7,31.3,3.8,1013.9,7.2
WX01326,2020-03-18,26.2,0.0,36.1,11.4,1012.4,5.3
WX01327,2020-03-19,26.4,0.0,35.9,8.3,1011.1,5.4
WX01328,2020-03-20,25.0,0.0,29.6,16.1,1004.9,6.4
WX01329,2020-03-21,29.4,0.0,46.2,10.9,1001.1,6.2
WX01330,2020-03-22,22.7,0.0,34.2,9.0,1011.1,7.0
WX01331,2020-03-23,27.2,0.0,30.1,8.1,1008.9,4.5
WX01332,2020-03-24,24.1,16.0,38.5,7.6,1008.3,8.4
WX01333,2020-03-25,28.9,0.0,32.4,11.2,1009.0,6.3
WX01334,2020-03-26,28.2,0.0,27.9,11.5,1011.4,7.6
WX01335,2020-03-27,27.1,0.0,34.1,14.0,1004.2,7.0
WX01336,2020-03-28,30.7,0.0,29.8,2.8,1006.6,7.2
WX01337,2020-03-29,26.2,0.0,26.4,11.7,1007.5,6.4
WX01338,2020-03-30,25.9,0.0,49.3,14.4,1006.6,6.8
WX01339,2020-03-31,27.0,0.0,26.1,13.3,1009.7,6.2
WX01340,2020-04-01,24.8,0.0,15.0,11.2,1003.8,7.5
WX01341,2020-04-02,32.7,0.0,40.9,13.4,1014.3,6.7
WX01342,2020-04-03,27.8,0.0,39.2,11.3,1002.4,8.9
WX01343,2020-04-04,32.1,0.0,33.5,12.2,1008.1,7.2
WX01344,2020-04-05,27.7,0.0,28.7,6.9,1008.5,7.3
WX01345,2020-04-06,27.5,0.0,39.6,14.8,1007.2,7.3
WX01346,2020-04-07,27.4,0.0,34.3,7.7,1007.0,7.2
WX01347,2020-04-08,29.7,0.0,33.8,5.8,1008.7,8.7
WX01348,2020-04-09,29.1,0.0,38.7,7.0,1006.4,7.4
WX01349,2020-04-10,25.0,0.0,15.0,7.0,1008.9,9.2
WX01350,2020-04-11,26.7,0.0,48.2,14.6,1017.3,6.2
WX01351,2020-04-12,32.8,0.0,32.8,4.5,1007.3,7.2
WX01352,2020-04-13,29.5,0.0,43.4,14.6,1010.1,8.0
WX01353,2020-04-14,28.7,0.0,42.8,11.7,1002.1,7.3
WX01354,2020-04-15,27.7,0.0,36.0,6.6,1011.1,8.6
WX01355,2020-04-16,31.8,0.0,22.5,12.5,1007.5,8.4
WX01356,2020-04-17,29.9,0.0,38.9,6.9,1007.6,8.7
WX01357,2020-04-18,27.8,0.0,23.3,18.4,1006.2,8.3
WX01358,2020-04-19,32.0,0.0,42.2,16.1,1012.8,8.6
WX01359,2020-04-20,30.4,0.0,34.7,11.1,1008.5,9.4
WX01360,2020-04-21,29.9,0.0,19.2,11.5,1010.5,8.2
WX01361,2020-04-22,35.2,0.0,29.6,9.1,1006.4,7.5
WX01362,2020-04-23,30.6,0.0,38.9,6.8,1005.4,9.1
WX01363,2020-04-24,29.1,0.0,38.3,15.1,1008.1,7.7
WX01364,2020-04-25,33.5,0.0,20.3,15.7,1001.1,7.7
WX01365,2020-04-26,33.7,0.0,39.3,7.9,1008.6,7.9
WX01366,2020-04-27,31.6,0.0,19.3,13.1,1012.8,8.4
WX01367,2020-04-28,32.1,0.0,38.4,7.0,1013.9,7.4
WX01368,2020-04-29,35.0,0.0,55.9,5.3,1014.5,9.4
WX01369,2020-04-30,33.1,0.0,37.8,2.6,1012.9,9.6
WX01370,2020-05-01,33.7,0.0,54.6,13.7,1010.8,9.4
WX01371,2020-05-02,29.8,0.0,37.8,12.7,1014.7,8.7
WX01372,2020-05-03,34.9,0.0,32.8,6.4,1012.5,7.9
WX01373,2020-05-04,32.5,2.6,34.7,8.3,1008.6,7.3
WX01374,2020-05-05,35.4,0.0,31.4,7.0,1010.0,9.5
WX01375,2020-05-06,33.6,0.0,31.8,10.7,1012.7,8.0
WX01376,2020-05-07,33.5,0.0,25.6,11.0,1006.3,9.4
WX01377,2020-05-08,31.3,0.0,15.5,12.9,1007.1,8.9
WX01378,2020-05-09,33.0,0.0,32.5,13.1,1006.2,8.9
WX01379,2020-05-10,32.1,0.0,26.3,7.3,1008.3,6.8
WX01380,2020-05-11,35.1,0.0,22.5,15.8,1007.6,11.0
WX01381,2020-05-12,31.5,0.0,36.5,7.1,1001.7,9.1
WX01382,2020-05-13,34.2,0.0,38.2,11.4,1007.3,8.2
WX01383,2020-05-14,35.9,103.5,38.5,4.0,1008.6,8.6
WX01384,2020-05-15,33.7,0.0,29.9,17.7,1000.8,8.6
WX01385,2020-05-16,31.5,0.0,30.4,12.2,1006.5,8.7
WX01386,2020-05-17,34.2,0.0,32.9,10.7,1013.0,8.1
WX01387,2020-05-18,29.8,0.0,22.0,5.2,1006.9,9.2
WX01388,2020-05-19,35.0,0.0,43.5,8.6,1002.5,8.9
WX01389,2020-05-20,31.0,0.0,29.9,9.8,1006.6,9.4
WX01390,2020-05-21,33.1,0.0,23.2,9.5,1002.7,7.3
WX01391,2020-05-22,30.6,29.1,48.3,11.5,1006.2,7.1
WX01392,2020-05-23,38.0,0.0,41.5,10.4,1011.4,9.6
WX01393,2020-05-24,33.0,0.0,33.9,12.7,1012.3,9.4
WX01394,2020-05-25,33.4,11.9,31.7,13.1,1009.0,9.9
WX01395,2020-05-26,35.1,0.0,28.4,8.0,1015.4,9.5
WX01396,2020-05-27,30.5,0.0,49.2,13.7,1004.7,9.4
WX01397,2020-05-28,32.5,0.0,31.2,19.0,1012.9,10.7
WX01398,2020-05-29,31.5,0.0,41.8,1.4,1018.3,10.8
WX01399,2020-05-30,34.9,0.0,30.4,9.7,1007.9,9.9
WX01400,2020-05-31,30.0,0.0,19.1,18.3,1001.3,9.9
WX01401,2020-06-01,34.5,4.5,87.0,10.1,1011.4,10.6
WX01402,2020-06-02,31.3,38.3,86.0,10.6,1009.5,8.3
WX01403,2020-06-03,38.0,26.0,72.0,15.4,1007.4,11.7
WX01404,2020-06-04,32.9,0.0,74.6,7.8,1007.4,8.6
WX01405,2020-06-05,32.7,20.4,81.9,5.1,1010.4,9.9
WX01406,2020-06-06,30.7,0.0,67.1,10.1,1012.1,10.1
WX01407,2020-06-07,36.8,31.1,67.2,9.1,1008.0,10.3
WX01408,2020-06-08,35.3,0.0,55.9,15.0,1006.7,9.3
WX01409,2020-06-09,34.8,0.0,70.3,2.4,1006.0,9.5
WX01410,2020-06-10,36.2,13.0,71.8,11.2,1001.5,8.4
WX01411,2020-06-11,35.8,7.6,81.5,3.0,1007.1,10.5
WX01412,2020-06-12,27.3,28.4,73.9,8.2,1006.0,10.2
WX01413,2020-06-13,36.0,24.9,80.5,9.8,1004.2,10.2
WX01414,2020-06-14,31.8,31.3,74.7,5.9,1014.6,9.9
WX01415,2020-06-15,31.5,0.0,75.9,15.7,1010.7,11.8
WX01416,2020-06-16,34.7,0.0,58.1,15.1,1013.5,9.5
WX01417,2020-06-17,35.2,13.8,69.1,7.8,1006.7,9.8
WX01418,2020-06-18,36.0,0.0,81.3,13.4,1000.2,8.7
WX01419,2020-06-19,32.9,6.4,87.8,11.7,1009.5,8.1
WX01420,2020-06-20,35.2,19.8,80.4,12.7,1008.1,8.9
WX01421,2020-06-21,30.6,32.2,71.0,9.5,1008.9,9.4
WX01422,2020-06-22,36.7,16.9,72.2,10.6,1010.8,10.7
WX01423,2020-06-23,32.1,0.0,65.7,7.0,1013.5,11.2
WX01424,2020-06-24,33.6,35.2,86.3,12.5,1016.6,11.0
WX01425,2020-06-25,34.0,19.2,85.4,7.5,1011.7,10.4
WX01426,2020-06-26,32.9,0.0,92.8,12.3,1008.0,8.8
WX01427,2020-06-27,39.1,9.3,72.1,5.3,1009.4,10.3
WX01428,2020-06-28,37.4,0.0,76.2,10.3,1009.3,8.3
WX01429,2020-06-29,32.6,0.0,74.8,13.3,1005.7,9.9
WX01430,2020-06-30,35.8,0.0,84.7,19.2,1004.8,8.3
WX01431,2020-07-01,32.6,0.0,68.6,12.5,1004.6,8.8
WX01432,2020-07-02,25.7,18.3,82.8,3.0,1003.4,9.2
WX01433,2020-07-03,32.1,17.1,63.8,3.2,1017.7,10.0
WX01434,2020-07-04,36.5,0.0,77.1,2.1,1008.9,10.0
WX01435,2020-07-05,34.3,0.0,82.1,6.1,1012.2,10.0
WX01436,2020-07-06,34.1,0.0,69.5,10.8,1013.3,9.2
WX01437,2020-07-07,34.8,38.6,75.1,10.1,1004.1,9.6
WX01438,2020-07-08,31.0,18.7,80.0,6.9,1008.3,8.4
WX01439,2020-07-09,35.6,24.4,80.9,8.0,1007.3,10.3
WX01440,2020-07-10,33.7,0.0,72.8,1.9,1005.4,11.1
WX01441,2020-07-11,37.0,23.6,61.6,5.4,1009.0,11.2
WX01442,2020-07-12,37.4,0.0,80.9,15.6,1011.4,10.2
WX01443,2020-07-13,30.9,45.0,66.7,7.5,1008.5,9.3
WX01444,2020-07-14,30.8,27.7,84.0,9.5,1007.7,9.5
WX01445,2020-07-15,34.3,0.0,89.5,5.0,1002.2,10.6
WX01446,2020-07-16,33.4,0.0,73.6,9.5,1014.2,9.3
WX01447,2020-07-17,37.8,19.4,70.1,15.4,1012.5,10.0
WX01448,2020-07-18,32.8,31.1,84.5,4.0,1011.4,8.8
WX01449,2020-07-19,34.1,24.3,82.9,13.2,1009.7,8.5
WX01450,2020-07-20,34.2,0.0,76.0,11.3,1011.6,7.5
WX01451,2020-07-21,31.8,51.6,68.0,8.8,1007.4,10.4
WX01452,2020-07-22,36.4,0.0,70.6,15.9,1000.0,7.7
WX01453,2020-07-23,36.7,26.3,90.6,12.6,1003.7,8.1
WX01454,2020-07-24,32.7,18.2,75.2,3.9,1015.3,9.8
WX01455,2020-07-25,29.5,2.1,80.5,18.6,1004.7,11.6
WX01456,2020-07-26,30.3,0.0,90.0,13.8,1001.9,10.3
WX01457,2020-07-27,36.0,0.0,75.7,10.6,1008.2,6.9
WX01458,2020-07-28,31.9,10.8,79.5,17.6,1006.7,8.9
WX01459,2020-07-29,30.8,0.0,73.4,9.8,1008.5,8.9
WX01460,2020-07-30,30.8,16.6,71.8,4.1,1007.5,8.2
WX01461,2020-07-31,30.8,0.0,72.3,6.9,1003.1,8.8
WX01462,2020-08-01,30.7,27.0,85.9,17.4,1013.2,8.3
WX01463,2020-08-02,32.8,22.5,70.9,13.2,1010.4,7.1
WX01464,2020-08-03,36.5,6.6,61.3,8.7,1005.7,9.0
WX01465,2020-08-04,34.2,62.0,77.2,4.7,1009.7,8.0
WX01466,2020-08-05,29.6,0.0,66.9,12.3,1008.0,6.6
WX01467,2020-08-06,28.7,0.0,71.5,9.4,1013.9,7.8
WX01468,2020-08-07,28.6,17.8,69.3,10.1,1009.6,8.2
WX01469,2020-08-08,24.6,0.0,79.8,9.3,1005.8,10.4
WX01470,2020-08-09,30.1,0.0,79.6,16.3,1009.3,8.5
WX01471,2020-08-10,30.8,7.4,72.6,5.3,1014.3,10.5
WX01472,2020-08-11,30.6,0.0,82.0,10.9,1002.8,8.6
WX01473,2020-08-12,30.3,0.0,58.5,3.8,1005.0,9.4
WX01474,2020-08-13,30.9,14.5,85.4,7.0,1011.1,6.9
WX01475,2020-08-14,32.7,0.0,91.5,10.6,1008.5,7.7
WX01476,2020-08-15,31.1,63.7,76.7,15.7,1004.7,9.2
WX01477,2020-08-16,27.8,0.0,85.9,8.4,1002.9,9.2
WX01478,2020-08-17,29.9,0.0,93.1,9.9,1008.0,9.0
WX01479,2020-08-18,33.8,19.7,82.9,9.5,1005.9,6.1
WX01480,2020-08-19,29.3,0.0,78.2,12.9,1008.5,9.2
WX01481,2020-08-20,25.5,0.0,68.9,14.7,1009.6,6.0
WX01482,2020-08-21,33.9,16.2,80.7,10.5,1011.1,7.5
WX01483,2020-08-22,27.2,0.0,79.1,15.4,1006.5,6.3
WX01484,2020-08-23,28.5,12.4,68.8,4.7,1010.0,9.2
WX01485,2020-08-24,30.8,18.1,80.8,18.1,1013.0,7.9
WX01486,2020-08-25,31.8,20.3,69.4,9.5,1002.6,7.8
WX01487,2020-08-26,32.3,13.5,75.6,5.7,1009.1,8.6
WX01488,2020-08-27,23.4,9.9,75.1,10.6,1012.9,6.5
WX01489,2020-08-28,29.4,2.1,80.5,11.2,1010.1,8.0
WX01490,2020-08-29,25.7,0.0,79.2,9.9,1004.7,7.9
WX01491,2020-08-30,28.7,23.6,69.4,10.6,1007.5,7.0
WX01492,2020-08-31,26.7,0.0,80.6,10.9,1008.9,6.4
WX01493,2020-09-01,29.9,0.0,71.3,3.4,1008.3,6.0
WX01494,2020-09-02,27.1,22.5,68.8,7.7,1015.2,7.3
WX01495,2020-09-03,28.5,11.1,82.0,6.8,1006.7,6.6
WX01496,2020-09-04,25.0,0.0,86.0,6.1,1008.8,7.4
WX01497,2020-09-05,25.9,0.0,69.7,14.4,1009.6,6.9
WX01498,2020-09-06,28.1,20.1,71.1,3.6,1005.0,5.8
WX01499,2020-09-07,30.2,0.0,73.5,5.4,1005.7,5.2
WX01500,2020-09-08,27.5,0.0,66.2,1.0,1006.0,5.2
WX01501,2020-09-09,30.6,11.7,77.9,7.5,1009.4,8.2
WX01502,2020-09-10,26.5,28.1,89.9,7.9,1007.2,7.9
WX01503,2020-09-11,26.5,19.3,72.3,5.0,1008.8,6.1
WX01504,2020-09-12,29.2,0.0,68.7,16.7,1001.7,6.5
WX01505,2020-09-13,26.0,12.9,56.8,12.8,1015.2,6.4
WX01506,2020-09-14,23.6,5.8,91.1,6.3,1006.7,7.3
WX01507,2020-09-15,30.9,20.5,77.3,5.8,1006.1,7.5
WX01508,2020-09-16,28.2,0.0,70.0,3.2,1007.6,4.2
WX01509,2020-09-17,27.0,0.0,61.1,6.0,999.2,6.5
WX01510,2020-09-18,24.4,55.7,80.4,7.1,1000.5,6.5
WX01511,2020-09-19,25.0,0.0,80.1,5.8,1005.4,4.5
WX01512,2020-09-20,24.6,0.0,78.6,9.8,1004.5,4.7
WX01513,2020-09-21,22.4,0.0,86.7,12.2,1011.6,6.1
WX01514,2020-09-22,24.3,33.4,71.3,4.8,1003.9,4.5
WX01515,2020-09-23,24.8,0.0,71.2,13.4,1004.4,5.1
WX01516,2020-09-24,21.1,31.7,64.6,11.6,1006.7,3.4
WX01517,2020-09-25,25.4,0.0,70.0,11.1,1011.8,5.3
WX01518,2020-09-26,27.3,43.1,82.0,12.0,1015.5,5.5
WX01519,2020-09-27,30.0,10.7,71.2,13.7,1005.1,5.2
WX01520,2020-09-28,23.8,0.0,78.9,7.7,1003.9,5.5
WX01521,2020-09-29,23.6,12.8,67.8,10.3,1009.8,5.9
WX01522,2020-09-30,21.6,0.0,85.4,8.7,1008.2,4.6
WX01523,2020-10-01,26.6,10.0,28.0,4.3,1002.7,6.9
WX01524,2020-10-02,27.8,0.0,43.2,13.2,1005.7,4.0
WX01525,2020-10-03,23.9,22.0,27.9,12.9,1009.8,3.3
WX01526,2020-10-04,24.8,0.0,39.1,10.5,1002.1,5.5
WX01527,2020-10-05,25.5,0.0,27.5,7.0,1010.2,6.9
WX01528,2020-10-06,24.8,27.0,36.4,9.8,1011.3,5.5
WX01529,2020-10-07,24.6,33.4,41.0,5.4,1003.1,3.9
WX01530,2020-10-08,25.1,0.0,42.0,8.6,1014.0,4.6
WX01531,2020-10-09,26.3,8.2,44.8,5.5,1008.4,4.6
WX01532,2020-10-10,22.6,0.0,28.9,6.2,1006.6,6.3
WX01533,2020-10-11,26.6,0.0,32.7,11.9,1008.5,4.3
WX01534,2020-10-12,21.4,0.0,49.1,3.1,1000.6,3.6
WX01535,2020-10-13,25.3,0.0,17.5,15.0,1004.2,3.4
WX01536,2020-10-14,23.6,0.0,50.3,7.8,1005.9,3.8
WX01537,2020-10-15,20.3,0.0,22.6,11.7,1008.2,5.0
WX01538,2020-10-16,19.7,0.0,37.1,11.7,1012.7,4.6
WX01539,2020-10-17,22.3,0.0,29.8,6.7,1009.4,5.7
WX01540,2020-10-18,24.2,0.0,27.2,8.5,1011.0,4.8
WX01541,2020-10-19,23.7,0.0,26.7,7.7,1011.7,4.4
WX01542,2020-10-20,23.9,0.0,20.7,11.5,1006.6,4.7
WX01543,2020-10-21,23.0,0.0,34.5,11.2,1001.9,5.1
WX01544,2020-10-22,22.8,0.0,30.2,8.2,1007.0,2.9
WX01545,2020-10-23,22.6,0.0,52.3,14.7,1017.4,3.6
WX01546,2020-10-24,20.7,0.0,23.3,2.2,1002.8,3.7
WX01547,2020-10-25,22.3,0.0,39.2,10.7,1009.8,4.4
WX01548,2020-10-26,22.9,0.0,23.7,5.2,1003.7,3.8
WX01549,2020-10-27,20.1,0.0,22.4,11.9,1004.5,4.9
WX01550,2020-10-28,17.6,0.0,29.5,6.0,1010.7,4.5
WX01551,2020-10-29,22.5,0.0,32.0,6.0,1009.7,4.9
WX01552,2020-10-30,20.8,0.0,51.1,12.9,1006.5,2.2
WX01553,2020-10-31,19.7,0.0,26.7,9.8,1013.2,4.4
WX01554,2020-11-01,19.4,0.0,30.5,11.5,1012.1,3.1
WX01555,2020-11-02,15.5,0.0,27.4,11.1,1010.8,3.2
WX01556,2020-11-03,22.6,0.0,33.8,11.5,1008.1,2.3
WX01557,2020-11-04,24.3,0.0,35.8,9.2,1005.6,2.1
WX01558,2020-11-05,18.2,0.0,44.0,6.5,1003.1,2.8
WX01559,2020-11-06,21.3,0.0,40.0,9.4,1010.8,3.4
WX01560,2020-11-07,20.4,0.0,30.0,13.8,1004.3,2.4
WX01561,2020-11-08,18.1,0.0,42.6,20.3,1006.3,5.0
WX01562,2020-11-09,22.5,0.0,38.3,10.7,1006.0,2.3
WX01563,2020-11-10,19.9,0.0,40.5,7.2,1014.2,4.5
WX01564,2020-11-11,20.8,0.0,43.9,13.7,1005.0,2.4
WX01565,2020-11-12,20.6,0.0,39.5,11.5,1013.4,3.1
WX01566,2020-11-13,18.9,0.0,44.8,8.0,1008.7,1.0
WX01567,2020-11-14,20.4,0.0,23.5,6.1,1004.5,4.6
WX01568,2020-11-15,15.0,0.0,35.2,9.5,1004.9,1.4
WX01569,2020-11-16,21.0,0.0,38.6,4.3,1004.1,3.1
WX01570,2020-11-17,21.4,0.0,29.2,9.0,1003.9,1.2
WX01571,2020-11-18,20.0,0.0,28.1,12.0,1002.8,2.6
WX01572,2020-11-19,21.2,0.0,35.4,5.7,1006.7,3.3
WX01573,2020-11-20,18.0,0.0,33.8,12.9,1003.3,3.5
WX01574,2020-11-21,15.3,0.0,29.5,10.3,1005.5,1.5
WX01575,2020-11-22,19.9,0.0,22.3,17.0,1004.4,1.7
WX01576,2020-11-23,18.1,0.0,39.4,11.7,1005.2,3.8
WX01577,2020-11-24,18.8,0.0,41.3,6.9,1012.2,1.0
WX01578,2020-11-25,15.1,0.0,40.3,4.0,1010.5,1.1
WX01579,2020-11-26,18.8,0.0,36.2,9.8,1006.9,3.0
WX01580,2020-11-27,21.1,0.0,62.8,12.4,999.6,2.7
WX01581,2020-11-28,18.0,0.0,26.1,12.9,1005.5,4.2
WX01582,2020-11-29,19.4,0.0,39.0,12.4,1004.3,1.7
WX01583,2020-11-30,16.5,0.0,48.4,10.8,1009.3,3.0
WX01584,2020-12-01,18.6,0.0,34.3,9.5,1006.0,1.0
WX01585,2020-12-02,16.6,0.0,30.0,9.2,1005.2,1.0
WX01586,2020-12-03,21.8,0.0,22.1,6.7,1010.0,2.5
WX01587,2020-12-04,21.9,0.0,40.4,5.7,1010.3,1.8
WX01588,2020-12-05,17.6,0.0,41.2,6.0,1009.4,2.7
WX01589,2020-12-06,14.9,0.0,44.6,8.1,1010.7,1.3
WX01590,2020-12-07,18.1,0.0,44.2,15.6,1005.3,2.7
WX01591,2020-12-08,21.9,0.0,45.0,11.5,1001.9,3.0
WX01592,2020-12-09,17.8,0.0,44.4,9.0,1003.5,2.5
WX01593,2020-12-10,14.1,0.0,33.2,9.4,1008.0,1.6
WX01594,2020-12-11,14.7,0.0,43.6,9.4,1008.9,2.5
WX01595,2020-12-12,17.2,0.0,31.6,3.2,1009.7,1.6
WX01596,2020-12-13,18.7,0.0,31.0,10.3,1013.6,1.4
WX01597,2020-12-14,21.5,0.0,22.1,10.7,1013.0,3.3
WX01598,2020-12-15,15.5,0.0,37.8,5.8,1012.3,2.6
WX01599,2020-12-16,18.8,0.0,37.7,9.9,1016.3,1.0
WX01600,2020-12-17,14.3,0.0,52.9,1.0,1004.3,1.8
WX01601,2020-12-18,23.5,0.0,29.9,9.1,1011.1,2.4
WX01602,2020-12-19,17.4,0.0,35.1,11.4,1004.1,4.3
WX01603,2020-12-20,17.6,0.0,30.4,10.3,1014.4,2.5
WX01604,2020-12-21,19.7,0.0,34.7,8.9,1006.4,2.6
WX01605,2020-12-22,18.7,0.0,49.6,16.0,1006.9,1.9
WX01606,2020-12-23,20.0,0.0,35.7,4.0,1012.1,1.3
WX01607,2020-12-24,17.3,0.0,42.6,8.5,1013.1,2.0
WX01608,2020-12-25,16.9,0.0,34.4,10.1,1006.4,2.6
WX01609,2020-12-26,17.4,0.0,38.4,3.6,1003.8,2.0
WX01610,2020-12-27,16.6,0.0,30.5,14.2,1004.5,3.4
WX01611,2020-12-28,16.7,0.0,32.6,2.9,1005.2,1.5
WX01612,2020-12-29,16.0,0.0,32.0,6.4,1010.8,1.0
WX01613,2020-12-30,19.2,0.0,27.1,1.0,1007.9,1.9
WX01614,2020-12-31,15.3,0.0,30.0,7.3,1008.6,1.0
WX01615,2021-01-01,20.9,0.0,34.9,13.8,1005.2,1.0
WX01616,2021-01-02,18.5,0.0,30.9,3.9,1003.5,3.5
WX01617,2021-01-03,21.7,0.0,37.4,6.1,1014.3,3.5
WX01618,2021-01-04,17.4,0.0,34.7,4.3,1005.8,1.7
WX01619,2021-01-05,18.5,0.0,34.5,10.4,1007.5,1.0
WX01620,2021-01-06,19.6,0.0,29.0,11.0,1008.4,2.3
WX01621,2021-01-07,18.9,0.0,33.6,9.7,1007.3,2.8
WX01622,2021-01-08,17.0,0.0,22.4,7.3,1000.5,1.9
WX01623,2021-01-09,18.5,0.0,31.9,7.2,1000.6,1.0
WX01624,2021-01-10,16.0,0.0,47.0,12.6,1007.9,1.7
WX01625,2021-01-11,16.6,0.0,36.3,6.9,1005.4,1.4
WX01626,2021-01-12,18.7,0.0,30.2,3.4,1003.8,3.2
WX01627,2021-01-13,25.3,0.0,35.7,13.1,1005.4,1.8
WX01628,2021-01-14,19.2,0.0,42.7,8.8,1007.6,3.9
WX01629,2021-01-15,17.0,0.0,28.3,10.3,1005.0,4.6
WX01630,2021-01-16,20.0,0.0,42.1,10.0,1006.4,3.2
WX01631,2021-01-17,22.1,0.0,30.9,9.0,1010.9,2.7
WX01632,2021-01-18,18.6,0.0,30.6,6.1,1007.5,3.0
WX01633,2021-01-19,16.1,0.0,27.6,5.5,1013.0,2.6
WX01634,2021-01-20,18.3,0.0,46.3,14.8,1006.2,2.6
WX01635,2021-01-21,20.0,0.0,34.1,7.3,1012.9,2.5
WX01636,2021-01-22,17.0,0.0,42.7,12.9,1002.4,2.8
WX01637,2021-01-23,21.9,0.0,42.9,14.0,1015.8,3.4
WX01638,2021-01-24,22.6,0.0,36.4,6.4,1005.6,3.2
WX01639,2021-01-25,22.6,0.0,17.8,12.7,1007.6,2.1
WX01640,2021-01-26,22.7,0.0,43.4,8.6,1009.1,3.2
WX01641,2021-01-27,21.1,0.0,36.0,6.1,1004.5,2.7
WX01642,2021-01-28,20.4,0.0,31.8,11.5,1009.8,3.1
WX01643,2021-01-29,19.6,0.0,36.4,11.8,1007.9,2.6
WX01644,2021-01-30,20.5,0.0,32.1,8.7,1009.2,4.1
WX01645,2021-01-31,20.9,0.0,38.3,13.3,1013.3,2.9
WX01646,2021-02-01,18.4,0.0,42.1,4.8,1006.9,1.8
WX01647,2021-02-02,19.5,0.0,29.7,18.1,1004.9,2.6
WX01648,2021-02-03,18.5,0.0,33.4,10.7,1010.2,3.2
WX01649,2021-02-04,18.7,0.0,39.4,15.5,1015.3,3.5
WX01650,2021-02-05,19.9,35.2,32.0,8.2,1005.0,4.1
WX01651,2021-02-06,20.8,0.0,39.8,13.8,1009.5,3.5
WX01652,2021-02-07,20.1,0.0,46.3,14.3,1002.4,3.8
WX01653,2021-02-08,20.8,0.0,32.8,18.7,1007.2,2.6
WX01654,2021-02-09,22.7,0.0,29.4,13.4,1007.8,2.3
WX01655,2021-02-10,21.3,0.0,35.7,4.7,1008.9,4.3
WX01656,2021-02-11,22.2,0.0,28.8,7.7,1006.7,1.8
WX01657,2021-02-12,24.2,0.0,44.5,19.9,1010.6,3.8
WX01658,2021-02-13,19.1,0.0,29.4,15.3,1012.9,4.7
WX01659,2021-02-14,20.7,0.0,49.9,5.6,1008.0,2.6
WX01660,2021-02-15,21.7,0.0,43.8,12.9,1006.0,3.5
WX01661,2021-02-16,25.0,0.0,30.0,10.3,1012.1,4.1
WX01662,2021-02-17,21.2,0.0,22.0,9.5,1009.6,3.9
WX01663,2021-02-18,18.7,0.0,35.2,6.6,1012.8,3.1
WX01664,2021-02-19,21.7,0.0,26.6,2.5,1005.9,5.6
WX01665,2021-02-20,24.4,0.0,33.2,13.8,1011.5,6.0
WX01666,2021-02-21,25.1,0.0,30.6,4.8,1006.9,3.2
WX01667,2021-02-22,21.5,0.0,33.2,9.8,1001.3,4.9
WX01668,2021-02-23,26.8,0.0,36.1,8.7,1011.1,3.1
WX01669,2021-02-24,18.7,0.0,38.4,12.5,1015.4,4.5
WX01670,2021-02-25,21.0,0.0,23.5,2.2,1010.0,6.2
WX01671,2021-02-26,24.9,0.0,33.4,8.3,1009.7,4.0
WX01672,2021-02-27,24.8,0.0,31.4,12.6,1006.4,6.0
WX01673,2021-02-28,21.1,0.0,23.9,9.9,1010.7,3.4
WX01674,2021-03-01,25.4,0.0,43.7,13.4,1019.8,4.7
WX01675,2021-03-02,23.8,0.0,41.3,4.6,1008.2,2.0
WX01676,2021-03-03,23.8,0.0,35.8,12.9,1016.4,5.5
WX01677,2021-03-04,25.4,57.1,49.0,11.3,1010.1,4.7
WX01678,2021-03-05,24.7,0.0,25.8,11.8,1011.8,4.8
WX01679,2021-03-06,30.6,0.0,26.0,1.0,1009.8,5.5
WX01680,2021-03-07,27.2,0.0,37.2,15.5,1010.5,5.3
WX01681,2021-03-08,27.2,0.0,45.9,10.5,1001.0,6.1
WX01682,2021-03-09,25.9,0.0,19.9,6.0,1008.0,5.8
WX01683,2021-03-10,22.4,0.0,41.7,5.0,1003.5,4.7
WX01684,2021-03-11,22.5,0.0,26.8,9.5,998.4,5.6
WX01685,2021-03-12,24.3,0.0,31.7,12.2,1003.1,4.1
WX01686,2021-03-13,25.8,0.0,32.0,4.4,1012.1,3.4
WX01687,2021-03-14,25.4,0.0,34.7,4.8,1008.5,5.1
WX01688,2021-03-15,26.4,11.5,37.2,10.1,1014.8,3.8
WX01689,2021-03-16,27.0,0.0,26.8,21.6,1007.7,4.8
WX01690,2021-03-17,20.9,0.0,45.8,11.8,1002.5,5.2
WX01691,2021-03-18,26.8,0.0,34.4,16.2,1003.7,7.4
WX01692,2021-03-19,29.2,0.0,46.8,4.1,1012.2,6.7
WX01693,2021-03-20,26.4,0.0,39.9,7.8,1009.7,6.1
WX01694,2021-03-21,29.4,0.0,21.5,17.5,1003.4,5.7
WX01695,2021-03-22,27.3,0.0,22.5,4.2,1014.3,7.1
WX01696,2021-03-23,25.5,0.0,25.0,12.0,1012.2,5.9
WX01697,2021-03-24,28.7,0.0,30.6,10.3,1018.1,6.6
WX01698,2021-03-25,25.2,0.0,52.6,13.8,1004.3,6.3
WX01699,2021-03-26,24.1,0.0,47.6,15.7,1005.5,6.2
WX01700,2021-03-27,28.0,0.0,20.4,6.1,1015.8,5.6
WX01701,2021-03-28,27.4,0.0,45.3,8.4,1005.2,7.5
WX01702,2021-03-29,24.0,0.0,38.9,10.1,1013.7,4.4
WX01703,2021-03-30,29.4,0.0,42.2,8.9,1014.0,6.8
WX01704,2021-03-31,29.0,0.0,27.0,11.4,1001.2,7.1
WX01705,2021-04-01,25.1,0.0,42.9,8.6,1011.9,6.8
WX01706,2021-04-02,22.9,0.0,39.2,10.0,1012.6,6.6
WX01707,2021-04-03,32.8,0.0,39.9,4.5,1012.3,8.6
WX01708,2021-04-04,28.2,0.0,45.7,1.0,1001.2,5.9
WX01709,2021-04-05,29.8,0.0,26.0,5.5,1011.3,6.2
WX01710,2021-04-06,24.1,0.0,44.4,13.9,1009.9,6.0
WX01711,2021-04-07,27.6,0.0,27.2,4.5,1012.3,7.0
WX01712,2021-04-08,31.1,0.0,45.7,12.2,1007.2,8.6
WX01713,2021-04-09,30.8,0.0,31.8,12.3,1003.6,5.8
WX01714,2021-04-10,28.2,0.0,21.9,10.3,1013.7,8.9
WX01715,2021-04-11,31.8,0.0,49.2,10.5,1002.3,7.3
WX01716,2021-04-12,27.2,0.0,36.6,11.1,1015.7,7.1
WX01717,2021-04-13,29.4,0.0,35.3,10.7,1006.7,9.4
WX01718,2021-04-14,30.4,0.0,23.1,10.7,1019.1,6.8
WX01719,2021-04-15,28.8,0.0,29.1,2.7,1011.7,7.8
WX01720,2021-04-16,27.3,0.0,40.9,10.7,1012.5,6.3
WX01721,2021-04-17,31.0,0.0,25.0,2.9,1008.7,8.7
WX01722,2021-04-18,31.6,0.0,33.1,3.5,1006.0,8.1
WX01723,2021-04-19,31.9,0.0,25.8,8.6,1002.6,8.9
WX01724,2021-04-20,28.5,0.0,42.6,9.3,1009.4,6.7
WX01725,2021-04-21,26.9,0.0,41.8,10.8,1013.6,8.3
WX01726,2021-04-22,28.5,0.0,25.7,4.9,1005.2,11.4
WX01727,2021-04-23,29.7,0.0,50.7,12.2,1014.2,7.3
WX01728,2021-04-24,32.1,0.0,37.6,4.8,1007.6,7.0
WX01729,2021-04-25,29.4,0.0,34.8,16.4,1008.0,7.6
WX01730,2021-04-26,29.2,0.0,48.4,5.4,1016.2,8.1
WX01731,2021-04-27,33.6,0.0,35.6,3.9,1006.9,10.4
WX01732,2021-04-28,31.0,0.0,40.7,15.6,1010.8,9.4
WX01733,2021-04-29,30.6,0.0,45.0,6.7,1013.5,7.9
WX01734,2021-04-30,27.5,0.0,41.4,5.0,1013.4,9.6
WX01735,2021-05-01,29.2,0.0,32.1,10.5,1006.7,9.1
WX01736,2021-05-02,30.5,0.0,27.9,16.8,1003.1,9.8
WX01737,2021-05-03,26.9,0.0,27.1,13.5,998.6,7.9
WX01738,2021-05-04,27.6,23.9,39.3,13.0,1006.4,8.8
WX01739,2021-05-05,30.4,0.0,44.4,9.4,1008.3,8.1
WX01740,2021-05-06,30.2,0.0,36.1,14.0,1009.1,9.7
WX01741,2021-05-07,33.9,0.0,26.5,10.8,1011.4,10.3
WX01742,2021-05-08,31.9,0.0,18.5,12.8,1011.0,10.4
WX01743,2021-05-09,30.6,0.0,39.9,15.4,996.7,9.3
WX01744,2021-05-10,30.6,0.0,23.0,11.8,1008.5,9.0
WX01745,2021-05-11,32.1,0.0,35.5,7.1,1011.3,8.4
WX01746,2021-05-12,29.5,0.0,24.9,1.4,1008.7,7.9
WX01747,2021-05-13,32.7,0.0,38.9,9.6,1008.4,9.3
WX01748,2021-05-14,28.5,0.0,38.8,4.2,1005.2,10.7
WX01749,2021-05-15,31.6,0.0,44.1,12.0,1008.9,9.7
WX01750,2021-05-16,35.6,0.0,34.2,11.9,1010.3,9.0
WX01751,2021-05-17,30.5,0.0,18.0,15.7,1011.4,10.3
WX01752,2021-05-18,33.3,0.0,31.8,3.5,1002.6,8.4
WX01753,2021-05-19,31.1,52.2,40.3,14.1,1007.8,9.4
WX01754,2021-05-20,32.0,0.0,26.9,7.1,1005.0,8.9
WX01755,2021-05-21,36.4,0.0,38.5,9.3,1005.5,10.1
WX01756,2021-05-22,34.2,0.0,21.3,11.4,1001.0,10.0
WX01757,2021-05-23,31.8,0.0,42.1,11.3,1007.9,9.1
WX01758,2021-05-24,31.6,0.0,33.9,17.9,1003.9,9.3
WX01759,2021-05-25,32.4,0.0,36.8,12.6,1010.4,8.9
WX01760,2021-05-26,29.0,0.0,22.9,9.2,1010.6,10.6
WX01761,2021-05-27,30.3,3.0,35.4,12.0,1015.0,10.3
WX01762,2021-05-28,35.1,15.0,40.2,8.0,1003.8,8.8
WX01763,2021-05-29,36.9,0.0,40.1,16.7,1012.0,10.6
WX01764,2021-05-30,34.4,0.0,17.3,14.5,1015.9,10.9
WX01765,2021-05-31,33.9,0.0,28.8,9.1,1008.0,9.5
WX01766,2021-06-01,34.6,41.8,90.8,14.6,1008.0,9.7
WX01767,2021-06-02,32.2,0.0,77.0,14.2,1010.9,10.6
WX01768,2021-06-03,33.4,0.0,89.8,7.8,1008.3,8.9
WX01769,2021-06-04,31.9,0.0,68.4,9.5,999.3,10.0
WX01770,2021-06-05,29.2,14.3,70.9,10.7,1012.8,10.2
WX01771,2021-06-06,35.9,1.6,67.1,11.7,1008.2,8.7
WX01772,2021-06-07,34.5,0.0,78.4,13.5,1011.8,10.2
WX01773,2021-06-08,37.2,15.3,72.1,13.4,1006.8,9.9
WX01774,2021-06-09,37.7,0.0,73.3,15.4,1004.4,9.5
WX01775,2021-06-10,39.4,0.0,79.7,13.3,1004.3,9.2
WX01776,2021-06-11,37.8,19.2,83.8,9.8,1010.4,11.0
WX01777,2021-06-12,31.7,0.0,72.7,11.3,1002.5,10.8
WX01778,2021-06-13,33.9,0.0,68.2,7.1,1007.0,11.4
WX01779,2021-06-14,34.5,37.9,81.7,10.8,1010.7,12.0
WX01780,2021-06-15,36.5,10.8,74.4,15.2,1002.5,9.6
WX01781,2021-06-16,33.8,0.0,79.6,8.5,1014.5,11.8
WX01782,2021-06-17,32.6,32.2,82.1,11.6,1010.2,9.9
WX01783,2021-06-18,33.9,26.3,79.8,4.3,1004.5,10.8
WX01784,2021-06-19,36.5,65.3,76.7,13.6,1004.6,9.1
WX01785,2021-06-20,32.3,0.0,71.5,3.4,1010.4,9.7
WX01786,2021-06-21,34.7,15.4,81.2,8.7,1009.3,11.5
WX01787,2021-06-22,32.5,0.0,55.7,5.8,1011.1,10.1
WX01788,2021-06-23,33.4,81.3,64.7,7.9,1006.0,9.5
WX01789,2021-06-24,32.7,16.3,70.8,12.6,1005.1,9.2
WX01790,2021-06-25,30.7,67.9,87.6,10.1,1011.7,8.7
WX01791,2021-06-26,30.6,24.3,76.4,9.1,1006.8,8.7
WX01792,2021-06-27,32.1,0.0,79.8,8.3,1009.0,10.4
WX01793,2021-06-28,35.2,17.9,71.5,9.2,1003.4,10.7
WX01794,2021-06-29,29.6,14.5,75.9,11.1,1009.7,10.9
WX01795,2021-06-30,35.5,0.0,76.1,19.2,1010.9,9.2
WX01796,2021-07-01,35.1,41.3,79.5,1.8,1003.1,8.5
WX01797,2021-07-02,35.7,0.0,92.1,16.6,1010.3,9.5
WX01798,2021-07-03,32.2,0.0,84.5,2.7,1009.7,9.0
WX01799,2021-07-04,31.1,45.4,63.8,5.3,1003.5,10.5
WX01800,2021-07-05,32.6,2.6,63.8,11.5,1006.9,10.4
WX01801,2021-07-06,30.8,4.9,76.2,7.3,1012.2,8.7
WX01802,2021-07-07,30.2,0.0,84.3,10.7,1005.7,10.7
WX01803,2021-07-08,36.5,0.0,68.0,11.8,1005.4,10.9
WX01804,2021-07-09,35.7,0.0,74.2,8.3,1017.0,11.5
WX01805,2021-07-10,34.8,0.0,82.5,12.9,1005.7,11.7
WX01806,2021-07-11,29.9,25.4,76.7,8.4,1000.9,9.0
WX01807,2021-07-12,33.2,29.3,83.2,15.8,1008.7,9.9
WX01808,2021-07-13,30.5,0.0,84.8,16.2,1012.4,10.2
WX01809,2021-07-14,30.9,19.1,80.6,10.7,1009.0,11.2
WX01810,2021-07-15,34.5,0.0,80.0,11.3,1007.1,9.0
WX01811,2021-07-16,32.7,0.0,65.9,7.9,1007.1,9.9
WX01812,2021-07-17,29.4,0.0,81.0,8.9,1015.3,8.7
WX01813,2021-07-18,33.5,9.8,68.9,8.8,1009.3,9.0
WX01814,2021-07-19,32.6,0.0,78.8,12.6,1005.5,9.2
WX01815,2021-07-20,35.5,0.0,91.4,2.0,1010.5,9.3
WX01816,2021-07-21,33.9,0.0,85.4,11.4,1010.8,9.7
WX01817,2021-07-22,32.7,0.0,78.1,5.2,1009.8,10.8
WX01818,2021-07-23,32.2,51.1,70.3,5.9,1009.1,11.8
WX01819,2021-07-24,29.1,0.0,73.6,1.0,1010.8,8.5
WX01820,2021-07-25,31.0,0.0,72.0,12.7,1004.7,8.8
WX01821,2021-07-26,32.4,23.1,75.8,13.8,1007.1,10.6
WX01822,2021-07-27,34.5,0.0,71.7,11.9,1012.1,9.8
WX01823,2021-07-28,32.5,0.0,71.0,14.4,1000.2,9.4
WX01824,2021-07-29,36.2,0.0,82.0,11.4,1004.6,9.5
WX01825,2021-07-30,32.3,0.0,70.8,10.5,1006.9,9.0
WX01826,2021-07-31,32.3,0.0,68.8,9.6,1007.3,9.2
WX01827,2021-08-01,32.8,3.9,74.0,12.6,1004.4,9.2
WX01828,2021-08-02,32.2,12.4,74.4,12.4,1008.6,8.8
WX01829,2021-08-03,33.2,25.2,80.3,5.5,1009.6,10.5
WX01830,2021-08-04,30.0,0.0,73.9,7.3,1006.6,9.9
WX01831,2021-08-05,28.6,2.3,87.3,14.8,1007.5,7.0
WX01832,2021-08-06,32.7,31.5,59.9,5.6,1001.4,10.4
WX01833,2021-08-07,33.9,0.0,86.9,12.4,1009.3,9.6
WX01834,2021-08-08,33.3,0.0,73.6,1.0,1008.4,7.3
WX01835,2021-08-09,33.0,11.4,91.3,17.1,1001.7,8.2
WX01836,2021-08-10,30.7,15.8,87.0,9.7,1003.9,9.2
WX01837,2021-08-11,33.5,5.4,77.2,12.1,1004.9,7.5
WX01838,2021-08-12,31.7,67.8,74.4,8.7,1002.3,6.0
WX01839,2021-08-13,28.9,23.7,81.8,9.0,1003.9,8.2
WX01840,2021-08-14,32.2,7.4,83.5,8.1,1009.2,8.8
WX01841,2021-08-15,26.4,50.9,75.4,12.9,1006.0,7.0
WX01842,2021-08-16,29.3,28.5,79.6,12.0,1005.4,7.8
WX01843,2021-08-17,31.9,21.8,74.0,14.0,1010.7,7.6
WX01844,2021-08-18,34.1,0.0,86.6,16.7,1010.3,8.1
WX01845,2021-08-19,30.9,7.7,79.8,4.4,1009.1,8.2
WX01846,2021-08-20,32.2,0.0,58.0,13.8,1001.0,8.5
WX01847,2021-08-21,32.8,0.0,71.8,7.2,1004.8,8.2
WX01848,2021-08-22,27.8,0.0,81.7,9.7,1005.7,7.9
WX01849,2021-08-23,29.3,9.6,89.6,17.4,1009.5,8.6
WX01850,2021-08-24,29.9,59.7,74.2,13.3,1004.4,7.6
WX01851,2021-08-25,27.3,29.3,62.4,12.9,1015.2,8.2
WX01852,2021-08-26,31.5,22.8,75.9,12.0,1009.2,7.4
WX01853,2021-08-27,31.6,0.0,79.6,6.1,1003.2,8.8
WX01854,2021-08-28,25.5,0.0,69.5,10.5,1010.6,7.1
WX01855,2021-08-29,33.2,0.0,75.4,7.6,1005.1,5.8
WX01856,2021-08-30,31.7,22.6,79.1,7.5,1006.3,6.1
WX01857,2021-08-31,25.7,23.2,70.6,15.7,1016.7,4.3
WX01858,2021-09-01,30.4,6.9,82.4,13.0,1017.9,7.8
WX01859,2021-09-02,27.1,11.0,67.2,12.9,1004.6,6.6
WX01860,2021-09-03,27.2,2.2,74.4,6.8,1008.9,7.4
WX01861,2021-09-04,27.6,0.0,89.1,9.7,1014.2,6.8
WX01862,2021-09-05,27.6,12.2,77.4,6.9,1002.6,6.8
WX01863,2021-09-06,26.9,0.0,71.7,19.1,1017.3,6.3
WX01864,2021-09-07,28.3,60.4,68.2,13.4,1007.3,5.1
WX01865,2021-09-08,24.8,31.2,69.5,10.9,1003.6,5.1
WX01866,2021-09-09,27.1,0.0,70.2,8.9,1007.0,7.1
WX01867,2021-09-10,26.9,0.0,57.7,5.6,1006.2,6.2
WX01868,2021-09-11,28.5,5.7,82.0,7.4,1008.9,6.3
WX01869,2021-09-12,29.7,41.2,81.9,2.3,1009.0,5.8
WX01870,2021-09-13,25.9,0.0,79.8,22.4,1010.0,6.2
WX01871,2021-09-14,26.6,0.0,58.2,14.1,1006.9,7.5
WX01872,2021-09-15,27.3,0.0,82.4,9.5,1006.5,6.5
WX01873,2021-09-16,26.2,0.0,71.8,7.5,1005.5,5.4
WX01874,2021-09-17,25.0,9.9,77.4,18.3,1006.9,7.4
WX01875,2021-09-18,24.4,10.3,77.5,12.2,1006.1,6.6
WX01876,2021-09-19,31.0,0.0,80.3,9.3,999.3,5.6
WX01877,2021-09-20,29.0,30.7,80.5,12.4,1013.6,7.7
WX01878,2021-09-21,26.2,0.0,88.4,15.1,1007.5,5.7
WX01879,2021-09-22,25.8,0.0,64.2,7.9,1008.9,4.8
WX01880,2021-09-23,26.3,4.7,71.2,5.1,1002.0,4.0
WX01881,2021-09-24,24.1,0.0,76.3,3.0,1009.7,4.8
WX01882,2021-09-25,23.3,105.2,87.4,16.0,1003.9,5.4
WX01883,2021-09-26,26.4,12.5,80.7,11.8,1010.4,7.0
WX01884,2021-09-27,24.9,0.0,84.1,7.4,1003.3,4.5
WX01885,2021-09-28,22.8,15.8,84.4,6.5,1006.7,7.4
WX01886,2021-09-29,25.8,30.4,88.4,8.3,1009.9,3.8
WX01887,2021-09-30,23.5,8.1,77.3,10.2,1009.1,5.4
WX01888,2021-10-01,24.9,0.0,26.9,9.4,1008.6,5.5
WX01889,2021-10-02,26.3,0.0,37.3,9.1,1010.3,3.4
WX01890,2021-10-03,23.1,0.0,42.6,1.0,1006.7,3.9
WX01891,2021-10-04,24.7,0.0,21.9,14.1,1010.6,6.1
WX01892,2021-10-05,23.1,0.0,26.5,9.4,1005.5,4.8
WX01893,2021-10-06,26.8,49.3,39.6,12.1,1003.6,4.4
WX01894,2021-10-07,22.2,0.0,37.4,9.0,1009.2,4.2
WX01895,2021-10-08,22.0,37.3,30.0,13.8,1015.3,4.7
WX01896,2021-10-09,22.7,0.0,25.6,7.9,1005.9,6.0
WX01897,2021-10-10,23.9,0.0,35.1,10.3,1008.5,4.9
WX01898,2021-10-11,23.4,0.0,23.9,9.8,1015.2,6.4
WX01899,2021-10-12,22.7,0.0,40.2,6.7,1003.4,4.0
WX01900,2021-10-13,23.0,0.0,15.0,7.2,1012.5,2.8
WX01901,2021-10-14,25.0,0.0,15.0,14.9,1008.9,3.5
WX01902,2021-10-15,21.5,0.0,38.4,3.0,1014.0,4.8
WX01903,2021-10-16,19.5,0.0,31.0,11.5,1005.8,3.4
WX01904,2021-10-17,21.7,0.0,37.7,11.9,1004.8,4.6
WX01905,2021-10-18,21.7,0.0,45.3,3.4,1010.0,5.3
WX01906,2021-10-19,20.1,0.0,31.5,7.3,1012.6,4.2
WX01907,2021-10-20,18.1,0.0,51.2,7.5,1009.1,2.2
WX01908,2021-10-21,22.2,0.0,30.5,11.7,1008.5,3.1
WX01909,2021-10-22,22.6,0.0,44.5,9.8,1008.0,3.1
WX01910,2021-10-23,22.0,0.0,35.8,12.4,1007.6,3.4
WX01911,2021-10-24,20.3,0.0,25.3,17.0,1011.2,3.5
WX01912,2021-10-25,21.4,0.0,27.4,11.6,1003.7,3.5
WX01913,2021-10-26,25.2,4.7,35.7,3.9,1008.0,4.5
WX01914,2021-10-27,21.9,7.5,29.9,7.9,1011.9,4.1
WX01915,2021-10-28,18.1,0.0,30.0,5.2,1005.6,4.2
WX01916,2021-10-29,20.8,0.0,45.8,5.2,1009.0,1.1
WX01917,2021-10-30,24.8,0.0,34.4,20.0,1004.5,4.6
WX01918,2021-10-31,18.8,0.0,32.6,12.7,1009.0,2.1
WX01919,2021-11-01,21.4,0.0,28.2,7.8,1015.1,3.5
WX01920,2021-11-02,19.4,0.0,35.2,11.8,1000.3,2.6
WX01921,2021-11-03,18.9,0.0,34.3,15.1,1009.6,3.3
WX01922,2021-11-04,22.7,0.0,41.6,6.9,1003.4,2.7
WX01923,2021-11-05,22.8,0.0,34.9,12.6,1001.5,3.5
WX01924,2021-11-06,23.6,0.0,24.9,13.1,999.7,3.0
WX01925,2021-11-07,18.3,0.0,35.0,12.5,1007.7,4.3
WX01926,2021-11-08,22.7,0.0,26.6,2.3,1009.5,3.2
WX01927,2021-11-09,21.0,0.0,33.9,14.1,1006.2,4.3
WX01928,2021-11-10,17.3,0.0,45.3,5.2,1008.6,2.0
WX01929,2021-11-11,17.7,0.0,33.4,11.4,1010.3,1.8
WX01930,2021-11-12,16.8,0.0,30.2,10.8,1010.0,3.5
WX01931,2021-11-13,16.5,0.0,29.1,3.0,1002.9,2.6
WX01932,2021-11-14,17.9,0.0,38.0,3.9,1008.5,2.3
WX01933,2021-11-15,18.3,0.0,32.7,15.2,1005.7,3.3
WX01934,2021-11-16,23.0,0.0,41.8,12.2,1011.5,3.8
WX01935,2021-11-17,19.8,0.0,37.0,13.9,1009.0,2.1
WX01936,2021-11-18,18.5,0.0,44.7,10.2,1002.0,1.3
WX01937,2021-11-19,17.3,0.0,33.3,11.2,1007.0,2.7
WX01938,2021-11-20,18.5,22.1,32.5,7.9,1009.2,3.3
WX01939,2021-11-21,23.3,0.0,26.7,3.9,1009.3,2.5
WX01940,2021-11-22,19.9,0.0,29.5,12.2,1004.2,2.6
WX01941,2021-11-23,18.1,0.0,20.5,10.8,1003.8,1.0
WX01942,2021-11-24,18.6,0.0,36.2,1.6,1004.3,2.4
WX01943,2021-11-25,16.3,0.0,37.6,11.1,1003.8,1.2
WX01944,2021-11-26,16.6,0.0,43.8,7.1,1008.9,2.0
WX01945,2021-11-27,15.3,0.0,38.3,9.1,1015.6,2.1
WX01946,2021-11-28,18.8,0.0,36.9,18.1,1001.4,1.6
WX01947,2021-11-29,17.3,0.0,42.4,15.8,1010.0,3.3
WX01948,2021-11-30,17.9,0.0,36.7,13.3,1005.5,1.0
WX01949,2021-12-01,21.5,0.0,39.7,15.4,1004.9,1.0
WX01950,2021-12-02,20.6,0.0,33.6,5.9,1011.9,1.6
WX01951,2021-12-03,18.2,0.0,24.9,1.0,997.6,1.9
WX01952,2021-12-04,17.6,0.0,32.4,11.3,1009.7,1.7
WX01953,2021-12-05,19.4,0.0,31.3,3.3,1010.0,2.5
WX01954,2021-12-06,17.5,0.0,21.5,2.3,1012.6,1.0
WX01955,2021-12-07,20.4,0.0,31.5,10.0,1004.6,3.0
WX01956,2021-12-08,16.7,0.0,35.1,12.3,1006.4,1.0
WX01957,2021-12-09,18.8,0.0,29.3,11.0,1009.8,2.5
WX01958,2021-12-10,19.5,0.0,30.9,3.5,1004.1,1.9
WX01959,2021-12-11,17.4,0.0,32.8,11.4,1007.1,2.5
WX01960,2021-12-12,17.9,0.0,31.4,8.6,1012.7,2.9
WX01961,2021-12-13,18.9,0.0,15.9,13.4,1007.3,1.6
WX01962,2021-12-14,15.0,0.0,43.5,3.1,1006.8,3.1
WX01963,2021-12-15,17.7,0.0,40.5,4.3,1004.0,1.0
WX01964,2021-12-16,15.6,0.0,21.7,4.8,1006.8,1.0
WX01965,2021-12-17,16.3,0.0,32.0,12.6,1007.8,2.1
WX01966,2021-12-18,16.2,0.0,19.3,8.7,1011.0,3.1
WX01967,2021-12-19,15.9,0.0,38.6,12.8,1009.3,1.9
WX01968,2021-12-20,20.6,0.0,43.4,6.4,1011.9,2.0
WX01969,2021-12-21,15.3,0.0,40.8,7.3,997.1,4.3
WX01970,2021-12-22,14.3,0.0,29.1,7.9,1006.1,2.9
WX01971,2021-12-23,16.6,0.0,46.1,9.9,1008.5,1.7
WX01972,2021-12-24,19.6,0.0,21.8,5.1,1012.3,3.1
WX01973,2021-12-25,16.9,0.0,36.1,3.7,1013.9,2.4
WX01974,2021-12-26,21.4,0.0,41.4,11.4,1008.5,3.4
WX01975,2021-12-27,20.1,12.7,19.5,12.9,1012.5,1.6
WX01976,2021-12-28,18.8,0.0,16.4,7.3,1016.0,2.8
WX01977,2021-12-29,16.9,0.0,29.4,5.1,1008.6,2.4
WX01978,2021-12-30,19.5,0.0,30.1,13.7,1008.5,4.2
WX01979,2021-12-31,17.0,0.0,35.0,15.2,1008.5,1.4
WX01980,2022-01-01,19.1,0.0,36.3,15.8,1014.2,1.1
WX01981,2022-01-02,21.3,0.0,33.3,13.5,1007.1,1.7
WX01982,2022-01-03,18.4,0.0,35.5,9.5,1006.0,2.0
WX01983,2022-01-04,16.1,0.0,24.5,11.8,1007.6,1.0
WX01984,2022-01-05,20.1,0.0,31.6,4.3,999.7,2.2
WX01985,2022-01-06,20.0,0.0,32.2,17.1,1003.6,1.9
WX01986,2022-01-07,14.0,0.0,51.5,9.1,1004.4,3.0
WX01987,2022-01-08,18.4,0.0,43.4,4.6,1008.8,2.3
WX01988,2022-01-09,13.8,0.0,35.4,8.3,1015.8,1.0
WX01989,2022-01-10,17.5,0.0,31.9,9.0,1007.3,1.0
WX01990,2022-01-11,19.5,0.0,20.6,11.2,1006.8,1.4
WX01991,2022-01-12,16.9,0.0,22.3,12.6,1004.7,2.3
WX01992,2022-01-13,18.8,0.0,34.2,9.8,1012.1,4.3
WX01993,2022-01-14,17.2,0.0,31.7,11.3,1014.1,2.4
WX01994,2022-01-15,20.1,0.0,28.8,5.7,1016.0,2.2
WX01995,2022-01-16,19.5,0.0,49.7,13.9,1016.3,3.0
WX01996,2022-01-17,15.6,0.0,51.7,9.6,1009.9,1.3
WX01997,2022-01-18,24.2,0.0,32.2,17.8,1009.0,3.5
WX01998,2022-01-19,18.1,0.0,29.6,10.3,1007.4,2.8
WX01999,2022-01-20,20.4,0.0,36.8,7.9,1004.7,2.5
WX02000,2022-01-21,20.2,0.0,44.2,5.0,1011.1,2.2
WX02001,2022-01-22,19.3,0.0,38.2,10.4,1013.0,3.1
WX02002,2022-01-23,20.1,0.0,32.7,16.3,1007.6,4.3
WX02003,2022-01-24,18.8,0.0,41.6,2.2,1003.8,3.5
WX02004,2022-01-25,23.3,0.0,38.9,10.8,1005.5,3.1
WX02005,2022-01-26,18.8,0.0,25.8,17.0,1012.4,2.4
WX02006,2022-01-27,19.1,0.0,28.5,12.3,1011.4,3.6
WX02007,2022-01-28,16.8,0.0,29.3,4.3,1011.0,3.3
WX02008,2022-01-29,21.6,0.0,36.3,7.5,1004.9,1.4
WX02009,2022-01-30,16.9,0.0,42.9,16.0,1007.4,1.7
WX02010,2022-01-31,17.6,68.6,37.1,12.8,1006.8,3.5
WX02011,2022-02-01,21.0,0.0,33.7,8.0,1009.0,3.9
WX02012,2022-02-02,22.1,0.0,46.3,1.0,1008.1,3.1
WX02013,2022-02-03,19.1,0.0,30.1,13.3,1006.8,1.8
WX02014,2022-02-04,22.1,0.0,36.9,10.6,1009.6,1.9
WX02015,2022-02-05,19.2,0.0,23.2,4.6,1008.9,4.5
WX02016,2022-02-06,22.3,0.0,35.4,9.8,1002.5,1.9
WX02017,2022-02-07,15.7,0.0,31.8,13.9,1010.8,3.8
WX02018,2022-02-08,19.9,0.0,29.0,5.4,1006.3,3.2
WX02019,2022-02-09,23.8,0.0,37.7,13.0,1007.4,5.2
WX02020,2022-02-10,20.3,0.0,22.1,17.3,1005.4,4.9
WX02021,2022-02-11,18.8,0.0,22.0,3.5,1011.3,4.2
WX02022,2022-02-12,23.0,0.0,36.9,11.6,1007.0,3.5
WX02023,2022-02-13,20.3,0.0,32.5,13.7,1010.7,4.3
WX02024,2022-02-14,18.8,0.0,40.6,7.6,1006.7,3.2
WX02025,2022-02-15,17.8,0.0,38.8,10.3,1010.2,3.2
WX02026,2022-02-16,21.7,0.0,38.1,15.0,1009.3,4.7
WX02027,2022-02-17,21.3,0.0,42.8,17.4,1008.1,5.5
WX02028,2022-02-18,23.6,0.0,39.5,6.7,1004.2,5.5
WX02029,2022-02-19,20.8,0.0,34.6,13.4,1007.2,4.6
WX02030,2022-02-20,19.9,0.0,49.2,9.0,1010.9,3.6
WX02031,2022-02-21,20.4,0.0,27.7,8.9,1005.7,2.7
WX02032,2022-02-22,20.8,0.0,38.3,7.5,1010.8,5.6
WX02033,2022-02-23,22.1,0.0,31.3,1.0,1012.8,1.8
WX02034,2022-02-24,21.5,0.0,38.0,9.3,1010.5,6.2
WX02035,2022-02-25,24.3,0.0,28.7,10.4,1002.9,6.0
WX02036,2022-02-26,20.5,0.0,35.1,8.9,1010.2,2.7
WX02037,2022-02-27,24.3,0.0,34.6,11.4,1010.0,3.5
WX02038,2022-02-28,23.8,0.0,27.9,13.0,1008.6,6.1
WX02039,2022-03-01,21.5,0.0,35.9,2.3,1010.2,4.4
WX02040,2022-03-02,21.5,28.2,26.7,6.6,1008.5,4.0
WX02041,2022-03-03,26.2,0.0,26.9,10.8,1009.2,4.0
WX02042,2022-03-04,24.3,0.0,38.6,6.6,1007.7,4.9
WX02043,2022-03-05,26.9,0.0,43.9,11.2,1001.8,3.4
WX02044,2022-03-06,21.4,0.0,37.5,4.3,1012.3,6.2
WX02045,2022-03-07,24.6,0.0,19.0,11.9,1007.8,6.1
WX02046,2022-03-08,23.3,0.0,40.5,11.6,1007.6,6.4
WX02047,2022-03-09,22.4,0.0,37.6,15.9,1015.4,5.6
WX02048,2022-03-10,24.3,0.0,38.2,5.6,1004.9,5.0
WX02049,2022-03-11,29.3,0.0,48.6,15.3,1008.6,5.5
WX02050,2022-03-12,23.8,0.0,24.1,14.4,1002.0,4.1
WX02051,2022-03-13,24.1,0.0,37.0,7.0,1012.2,6.1
WX02052,2022-03-14,28.6,0.0,50.0,8.7,1005.7,5.5
WX02053,2022-03-15,23.4,0.0,41.7,9.8,1002.0,5.2
WX02054,2022-03-16,21.6,0.0,36.5,11.4,1006.9,6.0
WX02055,2022-03-17,23.6,0.0,36.0,13.3,1004.2,6.5
WX02056,2022-03-18,24.5,0.0,34.3,7.1,1009.3,5.3
WX02057,2022-03-19,28.2,0.0,40.5,7.1,1015.6,5.2
WX02058,2022-03-20,27.1,0.0,18.1,7.7,1008.8,5.7
WX02059,2022-03-21,26.5,0.0,16.6,12.8,1009.6,5.4
WX02060,2022-03-22,23.3,0.0,27.5,14.5,1003.7,5.9
WX02061,2022-03-23,26.2,0.0,29.8,13.1,1004.5,6.2
WX02062,2022-03-24,25.0,0.0,43.5,6.5,1003.2,6.8
WX02063,2022-03-25,27.4,0.0,50.4,8.2,1005.8,7.0
WX02064,2022-03-26,24.1,0.0,43.5,17.3,1001.5,6.2
WX02065,2022-03-27,24.7,0.0,15.4,18.1,1012.0,6.5
WX02066,2022-03-28,26.3,0.0,47.0,4.4,1006.6,7.6
WX02067,2022-03-29,28.7,0.0,40.5,7.3,1004.0,6.9
WX02068,2022-03-30,24.9,0.0,20.5,9.1,1000.0,8.4
WX02069,2022-03-31,32.2,0.0,38.6,7.1,1003.6,7.6
WX02070,2022-04-01,25.3,0.0,27.1,3.7,1007.2,6.2
WX02071,2022-04-02,29.9,0.0,22.3,5.4,1013.1,8.1
WX02072,2022-04-03,27.5,0.0,29.6,12.1,1015.3,4.9
WX02073,2022-04-04,28.5,0.0,56.2,10.4,1004.2,7.2
WX02074,2022-04-05,24.3,0.0,41.6,5.5,1006.6,6.7
WX02075,2022-04-06,27.0,0.0,31.7,6.5,1003.0,7.4
WX02076,2022-04-07,31.4,0.0,39.4,3.8,1002.5,9.7
WX02077,2022-04-08,29.5,0.0,26.4,13.3,1005.4,7.1
WX02078,2022-04-09,26.4,0.0,49.5,12.2,1010.5,7.5
WX02079,2022-04-10,28.7,0.0,22.2,19.3,1013.0,5.8
WX02080,2022-04-11,27.9,0.0,30.1,7.0,1012.9,6.3
WX02081,2022-04-12,25.9,0.0,38.4,11.3,1008.3,8.7
WX02082,2022-04-13,29.0,0.0,33.0,10.6,1005.8,6.0
WX02083,2022-04-14,27.3,0.0,24.7,13.9,1006.1,6.4
WX02084,2022-04-15,30.9,0.0,24.4,9.7,999.7,7.7
WX02085,2022-04-16,29.6,0.0,44.7,9.6,1008.6,9.5
WX02086,2022-04-17,28.5,0.0,21.6,9.6,1010.1,8.4
WX02087,2022-04-18,28.9,0.0,29.6,11.2,1003.8,7.9
WX02088,2022-04-19,27.5,0.0,23.6,6.5,1006.7,7.5
WX02089,2022-04-20,32.0,0.0,27.8,11.4,1009.5,8.2
WX02090,2022-04-21,27.4,0.0,44.1,7.2,1009.7,7.2
WX02091,2022-04-22,31.5,0.0,37.6,9.6,1005.0,9.4
WX02092,2022-04-23,30.5,0.0,41.8,12.6,1010.1,8.4
WX02093,2022-04-24,28.9,0.0,41.1,9.0,1008.7,8.6
WX02094,2022-04-25,31.8,0.0,30.2,16.9,1014.3,7.9
WX02095,2022-04-26,30.1,0.0,53.2,10.6,1003.3,8.7
WX02096,2022-04-27,32.6,0.0,30.9,3.4,1007.4,7.7
WX02097,2022-04-28,27.6,0.0,41.4,3.3,1010.8,8.7
WX02098,2022-04-29,28.3,0.0,32.0,15.5,1005.9,7.9
WX02099,2022-04-30,34.6,0.0,41.2,12.8,1009.0,8.7
WX02100,2022-05-01,30.7,0.0,41.4,6.5,1007.4,9.6
WX02101,2022-05-02,28.4,0.0,35.1,4.7,1013.4,9.7
WX02102,2022-05-03,30.9,0.0,42.1,13.5,1008.4,7.6
WX02103,2022-05-04,32.1,0.0,23.4,7.6,1008.8,6.8
WX02104,2022-05-05,33.6,0.0,42.2,8.4,1004.7,9.2
WX02105,2022-05-06,32.3,9.2,37.9,8.4,1012.8,8.7
WX02106,2022-05-07,29.5,0.0,32.0,7.0,1008.6,8.3
WX02107,2022-05-08,30.3,0.0,28.9,9.1,1008.9,9.0
WX02108,2022-05-09,28.9,0.0,35.5,5.7,999.1,8.4
WX02109,2022-05-10,33.5,0.0,29.1,10.0,1003.1,9.8
WX02110,2022-05-11,27.1,0.0,33.8,10.5,1007.5,7.5
WX02111,2022-05-12,33.0,0.0,34.1,8.7,1009.0,8.2
WX02112,2022-05-13,30.9,0.0,21.8,5.9,1013.2,10.0
WX02113,2022-05-14,35.1,5.8,34.1,10.9,1013.1,11.1
WX02114,2022-05-15,33.2,0.0,26.4,13.0,1010.8,7.8
WX02115,2022-05-16,29.6,20.9,38.3,10.6,1010.2,8.9
WX02116,2022-05-17,31.6,7.5,38.6,7.7,1007.1,9.5
WX02117,2022-05-18,31.3,0.0,33.2,5.8,1005.7,10.4
WX02118,2022-05-19,28.9,0.0,26.5,10.0,1004.6,9.0
WX02119,2022-05-20,29.4,0.0,37.2,10.4,1010.4,11.3
WX02120,2022-05-21,31.5,0.0,34.9,16.2,1013.2,10.2
WX02121,2022-05-22,32.2,0.0,31.2,6.6,1011.4,8.9
WX02122,2022-05-23,27.8,0.0,45.9,14.3,1007.4,8.5
WX02123,2022-05-24,29.3,0.0,49.7,5.8,1008.1,10.5
WX02124,2022-05-25,29.8,0.0,41.8,6.7,1006.9,10.0
WX02125,2022-05-26,28.3,0.0,38.6,1.7,1011.1,9.6
WX02126,2022-05-27,35.3,0.0,38.8,5.5,1006.6,9.3
WX02127,2022-05-28,34.1,0.0,24.4,7.5,1007.4,9.7
WX02128,2022-05-29,32.2,0.0,33.1,6.7,1012.1,10.2
WX02129,2022-05-30,34.0,0.0,45.8,11.2,997.8,10.2
WX02130,2022-05-31,30.7,0.0,34.9,1.5,1008.2,9.4
WX02131,2022-06-01,34.3,7.0,70.8,13.5,1007.1,9.7
WX02132,2022-06-02,35.2,0.0,82.6,7.7,1002.7,9.5
WX02133,2022-06-03,34.6,0.0,58.5,8.5,1006.2,10.5
WX02134,2022-06-04,33.6,45.3,78.3,13.6,1005.5,11.6
WX02135,2022-06-05,32.9,0.0,84.5,16.7,1009.2,9.4
WX02136,2022-06-06,30.8,22.4,82.5,4.1,1006.8,8.8
WX02137,2022-06-07,34.1,8.7,83.7,16.2,1002.6,9.9
WX02138,2022-06-08,32.9,0.0,80.8,6.4,1004.0,10.6
WX02139,2022-06-09,32.7,14.1,98.0,19.2,1010.6,10.9
WX02140,2022-06-10,33.1,0.0,82.6,7.5,1003.5,8.0
WX02141,2022-06-11,33.5,0.0,78.9,3.0,997.2,9.3
WX02142,2022-06-12,34.5,7.7,55.8,11.6,1008.3,9.4
WX02143,2022-06-13,31.1,0.0,72.6,7.0,1003.7,11.2
WX02144,2022-06-14,34.5,8.7,75.9,15.1,1005.9,9.9
WX02145,2022-06-15,31.3,26.6,68.7,12.5,1006.7,11.1
WX02146,2022-06-16,32.4,0.0,74.1,13.5,1007.8,9.3
WX02147,2022-06-17,37.6,0.0,79.5,11.0,1016.0,11.5
WX02148,2022-06-18,32.2,28.8,71.3,12.7,1011.0,9.5
WX02149,2022-06-19,34.0,0.0,74.1,10.6,1010.4,8.7
WX02150,2022-06-20,34.0,13.1,71.7,15.8,1007.6,9.9
WX02151,2022-06-21,39.1,0.0,66.1,7.5,1003.1,10.6
WX02152,2022-06-22,33.8,0.0,78.0,15.4,1011.4,9.2
WX02153,2022-06-23,38.0,2.9,72.0,2.8,1003.8,10.0
WX02154,2022-06-24,30.8,0.0,79.9,15.2,1005.7,8.0
WX02155,2022-06-25,34.5,14.0,84.2,9.1,1001.8,11.0
WX02156,2022-06-26,36.5,6.8,78.0,10.2,1009.3,10.2
WX02157,2022-06-27,34.5,8.1,93.0,6.4,1008.8,10.5
WX02158,2022-06-28,30.8,18.0,74.3,4.6,1004.6,10.3
WX02159,2022-06-29,35.0,11.0,83.6,4.1,1014.8,10.9
WX02160,2022-06-30,32.8,0.0,82.4,6.7,1007.4,7.3
WX02161,2022-07-01,34.2,0.0,78.0,4.1,1005.4,11.1
WX02162,2022-07-02,35.1,12.5,68.8,5.9,1002.1,9.4
WX02163,2022-07-03,32.7,22.5,75.7,9.9,1014.0,10.9
WX02164,2022-07-04,34.5,10.5,80.4,17.2,1007.9,10.3
WX02165,2022-07-05,32.8,28.3,84.2,7.6,1011.8,9.6
WX02166,2022-07-06,34.7,6.5,71.6,6.0,1008.4,9.4
WX02167,2022-07-07,31.5,15.0,74.6,10.4,1012.2,10.5
WX02168,2022-07-08,29.8,24.4,70.3,13.6,1008.7,10.1
WX02169,2022-07-09,32.7,10.8,79.5,1.0,1007.0,11.4
WX02170,2022-07-10,33.6,13.4,71.2,12.3,1014.2,9.4
WX02171,2022-07-11,33.8,34.7,79.1,12.3,1014.6,8.9
WX02172,2022-07-12,34.2,0.0,85.4,10.0,1007.1,9.2
WX02173,2022-07-13,29.9,73.2,75.2,9.3,1006.8,8.2
WX02174,2022-07-14,33.4,26.1,59.8,9.8,1012.0,8.9
WX02175,2022-07-15,34.6,0.0,79.1,4.5,1007.2,9.7
WX02176,2022-07-16,29.1,24.6,71.6,13.9,1003.5,8.7
WX02177,2022-07-17,34.4,0.0,87.1,9.1,1016.4,8.9
WX02178,2022-07-18,29.8,0.0,74.0,11.3,1014.8,9.5
WX02179,2022-07-19,31.6,19.5,74.3,6.2,1010.3,7.8
WX02180,2022-07-20,36.2,0.0,72.3,6.4,1010.1,9.3
WX02181,2022-07-21,31.8,0.0,66.9,7.9,1007.7,9.3
WX02182,2022-07-22,30.8,55.7,87.2,7.7,1008.4,10.4
WX02183,2022-07-23,36.1,0.0,66.3,19.1,1008.0,7.7
WX02184,2022-07-24,29.3,0.0,68.0,4.0,1005.1,9.3
WX02185,2022-07-25,27.6,9.0,71.2,5.5,1008.8,10.5
WX02186,2022-07-26,33.0,4.5,70.9,4.4,1007.5,7.4
WX02187,2022-07-27,32.8,0.0,73.1,11.2,1008.3,9.4
WX02188,2022-07-28,26.0,0.0,63.1,1.8,1001.9,8.1
WX02189,2022-07-29,31.3,0.0,83.5,11.1,1012.0,8.9
WX02190,2022-07-30,32.4,0.0,70.3,10.6,1006.0,9.4
WX02191,2022-07-31,33.8,0.0,56.0,18.4,1012.4,9.8
WX02192,2022-08-01,32.0,17.1,72.9,9.2,998.8,8.1
WX02193,2022-08-02,35.9,18.6,69.7,3.6,1003.7,9.4
WX02194,2022-08-03,30.6,17.3,69.7,7.8,1014.3,7.9
WX02195,2022-08-04,34.9,3.4,73.0,9.4,1005.7,11.8
WX02196,2022-08-05,33.3,0.0,72.8,3.0,1010.1,9.7
WX02197,2022-08-06,32.6,0.0,78.9,10.9,1014.4,8.2
WX02198,2022-08-07,31.5,27.2,83.3,7.3,1008.2,7.9
WX02199,2022-08-08,32.3,23.6,82.1,3.4,1004.4,8.6
WX02200,2022-08-09,35.3,10.6,70.4,17.0,1004.3,9.9
WX02201,2022-08-10,32.0,14.5,80.5,11.7,1012.2,6.0
WX02202,2022-08-11,30.7,35.1,78.4,5.1,1010.0,9.3
WX02203,2022-08-12,36.0,0.0,83.9,8.3,1016.3,9.5
WX02204,2022-08-13,35.1,18.8,78.3,12.4,1010.1,8.0
WX02205,2022-08-14,32.5,17.4,77.2,11.0,1014.2,7.9
WX02206,2022-08-15,31.3,0.0,73.6,7.9,1009.3,6.6
WX02207,2022-08-16,29.2,0.0,80.9,9.9,1003.8,8.7
WX02208,2022-08-17,35.8,8.0,76.3,11.9,1009.0,9.9
WX02209,2022-08-18,31.2,5.7,74.9,11.9,1007.8,8.5
WX02210,2022-08-19,27.4,0.0,80.0,10.5,1005.3,8.2
WX02211,2022-08-20,34.6,21.5,72.2,8.1,1011.3,7.7
WX02212,2022-08-21,28.1,0.0,70.8,12.5,1011.1,8.2
WX02213,2022-08-22,26.6,0.0,74.7,16.3,1007.2,7.3
WX02214,2022-08-23,25.1,0.0,71.0,6.1,1013.5,9.2
WX02215,2022-08-24,30.3,40.2,81.5,6.2,1002.7,7.7
WX02216,2022-08-25,25.6,0.0,74.6,10.5,1003.8,7.4
WX02217,2022-08-26,29.2,38.2,79.2,9.1,1008.9,7.2
WX02218,2022-08-27,30.5,0.0,64.2,11.1,1007.9,8.8
WX02219,2022-08-28,25.9,0.0,91.6,13.5,1008.8,8.3
WX02220,2022-08-29,30.3,8.8,57.5,10.7,1007.3,6.3
WX02221,2022-08-30,27.3,0.0,78.6,15.0,1006.5,8.4
WX02222,2022-08-31,28.4,17.9,80.8,10.8,1006.4,8.0
WX02223,2022-09-01,26.9,0.0,65.6,6.6,1011.1,7.0
WX02224,2022-09-02,29.9,0.0,69.6,9.9,1016.6,5.9
WX02225,2022-09-03,29.3,0.0,77.0,10.9,1002.1,7.7
WX02226,2022-09-04,30.3,0.0,93.2,4.0,1008.4,9.2
WX02227,2022-09-05,29.4,0.0,72.1,11.0,1001.5,8.0
WX02228,2022-09-06,24.9,36.3,68.8,5.7,1007.7,6.4
WX02229,2022-09-07,25.8,40.7,70.6,17.3,1005.8,5.4
WX02230,2022-09-08,28.0,13.4,67.2,12.6,1004.3,6.0
WX02231,2022-09-09,29.1,0.0,68.5,5.7,1005.8,6.9
WX02232,2022-09-10,25.3,0.0,73.2,12.8,1010.8,6.7
WX02233,2022-09-11,26.9,0.0,79.5,8.9,1016.0,6.5
WX02234,2022-09-12,25.0,18.7,78.6,15.2,1010.0,4.7
WX02235,2022-09-13,26.9,7.1,73.6,3.5,1009.0,5.4
WX02236,2022-09-14,26.3,65.9,78.4,9.2,1010.3,5.7
WX02237,2022-09-15,30.2,19.4,74.0,11.9,1010.6,7.5
WX02238,2022-09-16,29.2,7.3,70.7,6.6,1011.1,6.6
WX02239,2022-09-17,28.0,0.0,69.9,9.3,1008.1,6.0
WX02240,2022-09-18,23.7,4.3,78.7,9.5,1004.9,5.4
WX02241,2022-09-19,26.9,4.9,87.7,7.6,1010.4,6.8
WX02242,2022-09-20,25.5,0.0,69.3,8.5,1016.3,5.7
WX02243,2022-09-21,30.9,25.6,69.3,9.4,1007.2,5.2
WX02244,2022-09-22,25.7,61.9,90.7,7.6,1006.4,6.3
WX02245,2022-09-23,21.9,0.0,83.4,13.4,1006.3,6.0
WX02246,2022-09-24,24.4,9.3,95.6,11.4,1002.8,5.4
WX02247,2022-09-25,26.4,9.5,64.6,6.8,1005.7,5.3
WX02248,2022-09-26,23.0,19.3,79.2,1.0,1014.8,5.3
WX02249,2022-09-27,27.3,0.0,74.7,13.4,1005.0,4.6
WX02250,2022-09-28,22.9,1.2,82.1,8.1,1014.9,6.5
WX02251,2022-09-29,24.3,0.0,82.5,12.8,1011.1,4.6
WX02252,2022-09-30,23.5,0.0,69.6,11.5,1012.5,7.4
WX02253,2022-10-01,21.2,0.0,30.1,5.7,1008.1,4.8
WX02254,2022-10-02,19.9,0.0,55.2,11.9,1003.9,4.2
WX02255,2022-10-03,23.5,0.0,48.9,9.3,999.2,6.2
WX02256,2022-10-04,23.4,66.8,44.2,6.7,1002.7,3.8
WX02257,2022-10-05,25.3,0.0,25.2,8.6,1009.7,5.4
WX02258,2022-10-06,25.5,0.0,44.6,2.1,1013.8,5.8
WX02259,2022-10-07,21.5,0.0,36.7,13.3,1000.1,4.2
WX02260,2022-10-08,23.3,28.7,30.6,18.6,1009.2,5.5
WX02261,2022-10-09,20.7,42.2,21.1,11.2,1010.8,5.8
WX02262,2022-10-10,24.6,0.0,33.8,16.6,1002.1,5.3
WX02263,2022-10-11,23.8,50.1,24.9,12.2,1005.1,5.4
WX02264,2022-10-12,23.7,0.0,31.0,4.5,1011.9,5.5
WX02265,2022-10-13,23.1,0.0,39.1,10.5,1006.3,5.0
WX02266,2022-10-14,22.7,0.0,33.2,8.1,1002.0,2.2
WX02267,2022-10-15,18.7,0.0,18.7,16.4,1005.9,3.7
WX02268,2022-10-16,21.9,0.0,45.7,2.5,1005.7,3.7
WX02269,2022-10-17,24.6,0.0,32.4,10.5,1010.0,4.5
WX02270,2022-10-18,20.5,23.0,40.8,13.6,1009.0,6.3
WX02271,2022-10-19,21.3,14.7,40.3,7.3,1006.3,4.7
WX02272,2022-10-20,21.0,0.0,35.0,8.4,1008.6,5.4
WX02273,2022-10-21,22.3,21.4,38.8,12.9,1012.3,5.3
WX02274,2022-10-22,24.2,0.0,29.5,12.9,1015.7,6.3
WX02275,2022-10-23,22.2,0.0,40.6,9.1,1006.9,6.4
WX02276,2022-10-24,20.6,0.0,37.1,1.0,1012.0,3.7
WX02277,2022-10-25,20.7,0.0,47.0,8.2,1009.4,4.1
WX02278,2022-10-26,19.9,0.0,39.4,9.8,1003.7,4.1
WX02279,2022-10-27,23.4,0.0,50.4,6.9,1007.9,4.4
WX02280,2022-10-28,20.3,36.9,40.3,15.0,1006.9,5.7
WX02281,2022-10-29,17.5,19.8,16.3,13.3,1006.6,3.7
WX02282,2022-10-30,21.9,8.0,34.8,4.7,1009.6,3.8
WX02283,2022-10-31,18.5,0.0,47.4,12.4,1008.4,3.3
WX02284,2022-11-01,20.5,0.0,32.9,7.3,1015.0,2.2
WX02285,2022-11-02,19.4,0.0,42.2,11.0,1013.5,3.2
WX02286,2022-11-03,21.6,0.0,36.8,7.2,1014.2,3.8
WX02287,2022-11-04,22.8,0.0,41.8,5.5,1007.1,2.7
WX02288,2022-11-05,23.6,0.0,25.7,17.2,1008.0,4.1
WX02289,2022-11-06,24.1,0.0,27.2,11.0,1007.9,3.6
WX02290,2022-11-07,22.0,0.0,52.2,11.2,1001.1,1.4
WX02291,2022-11-08,16.5,0.0,45.2,13.3,1012.3,5.5
WX02292,2022-11-09,19.0,0.0,43.2,10.3,1009.5,2.2
WX02293,2022-11-10,20.4,0.0,28.2,7.6,1002.5,2.6
WX02294,2022-11-11,20.8,0.0,47.9,5.6,1006.7,3.1
WX02295,2022-11-12,16.1,0.0,31.7,7.1,1009.2,3.4
WX02296,2022-11-13,17.3,0.0,37.5,6.9,996.8,3.1
WX02297,2022-11-14,22.6,0.0,34.4,8.4,1011.0,4.9
WX02298,2022-11-15,20.5,0.0,42.3,3.4,1002.7,1.9
WX02299,2022-11-16,18.7,0.0,38.9,12.4,1006.6,3.5
WX02300,2022-11-17,17.2,0.0,48.4,16.7,1008.2,3.0
WX02301,2022-11-18,20.6,0.0,33.1,5.3,1001.7,1.7
WX02302,2022-11-19,19.2,0.0,37.2,9.0,1012.1,2.4
WX02303,2022-11-20,18.3,0.0,41.7,13.4,1008.9,2.8
WX02304,2022-11-21,16.4,0.0,41.6,9.7,1003.8,2.1
WX02305,2022-11-22,18.1,0.0,41.2,13.5,1002.5,4.2
WX02306,2022-11-23,18.8,0.0,27.1,9.2,1005.9,1.7
WX02307,2022-11-24,15.5,0.0,27.7,6.5,1008.7,2.1
WX02308,2022-11-25,16.0,0.0,30.9,11.1,1010.9,2.7
WX02309,2022-11-26,19.7,0.0,25.2,6.0,1008.9,2.1
WX02310,2022-11-27,18.2,0.0,45.9,13.1,1004.4,3.0
WX02311,2022-11-28,19.4,0.0,34.4,12.1,1006.3,1.3
WX02312,2022-11-29,18.1,0.0,41.0,3.5,1004.5,1.0
WX02313,2022-11-30,17.1,0.0,41.8,16.9,1012.0,1.0
WX02314,2022-12-01,14.5,0.0,26.4,6.7,1006.0,1.6
WX02315,2022-12-02,15.4,0.0,41.6,5.0,1002.6,2.7
WX02316,2022-12-03,15.6,0.0,31.1,1.0,1008.7,3.0
WX02317,2022-12-04,18.4,0.0,15.0,13.9,1010.0,4.1
WX02318,2022-12-05,18.9,0.0,26.3,14.9,1011.8,2.8
WX02319,2022-12-06,16.5,0.0,42.5,14.3,1012.1,2.8
WX02320,2022-12-07,19.0,0.0,25.0,12.5,1003.8,2.5
WX02321,2022-12-08,19.8,0.0,34.3,13.7,1009.2,2.0
WX02322,2022-12-09,18.6,0.0,42.3,10.5,996.8,2.4
WX02323,2022-12-10,18.7,0.0,27.8,11.5,1005.1,3.3
WX02324,2022-12-11,15.9,0.0,33.5,16.5,1009.8,1.7
WX02325,2022-12-12,14.5,0.0,35.6,11.1,1008.6,1.0
WX02326,2022-12-13,18.5,0.0,36.7,10.4,1013.8,1.4
WX02327,2022-12-14,19.9,0.0,30.9,7.0,1008.7,1.0
WX02328,2022-12-15,15.8,0.0,17.5,7.4,1010.7,1.8
WX02329,2022-12-16,14.5,0.0,28.8,16.0,1003.2,1.0
WX02330,2022-12-17,14.9,0.0,34.2,9.9,1010.0,2.6
WX02331,2022-12-18,19.3,0.0,18.6,9.8,1009.4,1.2
WX02332,2022-12-19,21.6,0.0,47.4,12.4,1006.8,2.7
WX02333,2022-12-20,16.9,0.0,32.1,10.7,1010.7,3.1
WX02334,2022-12-21,20.7,0.0,28.6,10.6,1013.3,2.2
WX02335,2022-12-22,19.3,0.0,50.6,5.9,1011.4,2.3
WX02336,2022-12-23,17.6,0.0,29.3,1.0,1011.3,1.9
WX02337,2022-12-24,15.9,0.0,38.5,8.7,1001.0,1.8
WX02338,2022-12-25,19.1,0.0,46.0,6.3,1007.6,1.0
WX02339,2022-12-26,14.9,0.0,38.0,14.4,1002.8,1.0
WX02340,2022-12-27,15.3,0.0,27.5,19.3,1007.8,2.1
WX02341,2022-12-28,19.1,0.0,41.5,9.3,1013.2,3.2
WX02342,2022-12-29,15.8,0.0,43.1,11.1,1006.8,2.5
WX02343,2022-12-30,18.9,0.0,24.8,7.1,1002.1,1.6
WX02344,2022-12-31,20.4,0.0,41.9,12.5,1011.3,1.4
WX02345,2023-01-01,19.6,0.0,32.6,13.8,1012.4,2.8
WX02346,2023-01-02,16.9,0.0,44.2,9.2,1008.2,2.3
WX02347,2023-01-03,18.5,0.0,37.6,14.1,1003.4,1.0
WX02348,2023-01-04,15.6,0.0,43.2,7.4,1007.0,2.9
WX02349,2023-01-05,18.9,0.0,49.2,10.0,1011.7,1.7
WX02350,2023-01-06,17.4,0.0,24.0,10.4,1005.7,1.0
WX02351,2023-01-07,19.6,0.0,27.6,5.0,1012.5,1.9
WX02352,2023-01-08,18.5,0.0,41.5,11.0,1001.9,2.7
WX02353,2023-01-09,16.4,0.0,26.5,13.3,1008.3,3.2
WX02354,2023-01-10,16.9,0.0,38.6,10.1,1006.7,2.4
WX02355,2023-01-11,19.1,0.0,43.3,13.5,1013.8,2.8
WX02356,2023-01-12,19.2,0.0,34.9,14.0,1008.4,1.0
WX02357,2023-01-13,21.1,0.0,21.2,5.5,1008.8,1.0
WX02358,2023-01-14,23.9,0.0,37.5,6.2,1012.4,2.8
WX02359,2023-01-15,17.6,0.0,31.4,12.2,1000.8,1.6
WX02360,2023-01-16,18.8,0.0,42.5,12.0,1015.2,1.8
WX02361,2023-01-17,14.8,0.0,34.3,6.8,1003.9,1.7
WX02362,2023-01-18,23.5,0.0,39.9,1.9,1000.9,3.1
WX02363,2023-01-19,18.5,0.0,27.0,11.6,1003.6,1.4
WX02364,2023-01-20,16.7,0.0,27.5,13.7,998.5,2.8
WX02365,2023-01-21,18.6,0.0,40.6,7.1,1010.7,3.6
WX02366,2023-01-22,20.7,0.0,40.2,16.4,1008.4,2.0
WX02367,2023-01-23,20.1,0.0,32.1,11.0,1002.9,4.1
WX02368,2023-01-24,18.4,0.0,20.5,13.4,997.1,2.3
WX02369,2023-01-25,20.5,0.0,23.2,11.6,1000.6,2.8
WX02370,2023-01-26,18.5,0.0,29.3,12.1,1006.0,3.3
WX02371,2023-01-27,17.1,0.0,24.5,1.0,1005.3,2.4
WX02372,2023-01-28,21.9,0.0,33.1,13.3,1008.5,3.1
WX02373,2023-01-29,14.2,0.0,28.1,21.6,1009.9,2.6
WX02374,2023-01-30,18.0,0.0,30.7,13.8,1002.6,2.9
WX02375,2023-01-31,18.1,0.0,35.3,12.8,1012.4,2.2
WX02376,2023-02-01,21.1,0.0,49.8,6.5,1012.4,3.6
WX02377,2023-02-02,18.6,0.0,28.9,12.8,1013.0,4.3
WX02378,2023-02-03,23.1,0.0,33.6,5.8,1009.1,2.7
WX02379,2023-02-04,21.9,0.0,41.0,17.8,1006.2,3.7
WX02380,2023-02-05,21.2,0.0,26.0,11.6,1003.5,4.8
WX02381,2023-02-06,23.3,0.0,28.5,6.9,1004.2,4.1
WX02382,2023-02-07,20.4,0.0,42.5,15.2,1003.6,4.5
WX02383,2023-02-08,23.6,0.0,46.1,15.5,1007.7,4.0
WX02384,2023-02-09,20.9,0.0,36.8,10.6,1005.8,3.4
WX02385,2023-02-10,19.1,0.0,26.7,9.7,1008.6,6.1
WX02386,2023-02-11,21.8,0.0,43.4,13.4,1008.5,2.4
WX02387,2023-02-12,22.0,0.0,36.7,10.7,1018.1,3.2
WX02388,2023-02-13,19.3,36.5,37.2,6.8,1006.9,2.4
WX02389,2023-02-14,18.5,0.0,34.2,12.0,1009.5,4.5
WX02390,2023-02-15,24.1,0.0,32.9,13.3,1005.4,3.9
WX02391,2023-02-16,22.3,0.0,21.4,11.1,1016.5,4.4
WX02392,2023-02-17,19.2,0.0,38.1,11.9,1010.0,3.7
WX02393,2023-02-18,20.0,0.0,47.6,11.8,1006.1,2.3
WX02394,2023-02-19,20.4,0.0,43.3,13.2,1015.4,4.1
WX02395,2023-02-20,21.2,0.0,42.5,18.0,1014.2,4.5
WX02396,2023-02-21,26.9,0.0,37.3,5.9,1006.3,4.7
WX02397,2023-02-22,20.0,0.0,29.2,10.3,1008.8,4.5
WX02398,2023-02-23,26.8,0.0,19.2,7.4,1009.8,3.3
WX02399,2023-02-24,20.7,0.0,44.5,12.8,1014.4,3.4
WX02400,2023-02-25,21.3,0.0,29.5,6.5,1014.7,3.1
WX02401,2023-02-26,24.1,0.0,32.7,10.0,1010.3,3.8
WX02402,2023-02-27,23.5,0.0,53.1,6.6,1006.6,5.1
WX02403,2023-02-28,20.4,0.0,45.8,4.1,1007.0,2.8
WX02404,2023-03-01,20.8,0.0,41.6,2.5,1011.2,4.6
WX02405,2023-03-02,22.0,0.0,50.9,11.6,1008.0,3.6
WX02406,2023-03-03,24.3,0.0,39.2,12.4,1009.7,4.9
WX02407,2023-03-04,25.8,0.0,42.3,9.4,1004.0,4.5
WX02408,2023-03-05,24.2,0.0,36.5,12.1,1003.0,4.4
WX02409,2023-03-06,24.0,0.0,28.6,11.9,1002.8,6.1
WX02410,2023-03-07,24.4,0.0,32.4,12.7,1009.5,6.0
WX02411,2023-03-08,22.1,0.0,39.2,17.1,1005.5,5.1
WX02412,2023-03-09,26.2,0.0,32.3,14.5,1001.9,5.5
WX02413,2023-03-10,23.2,5.7,32.1,9.2,1009.9,5.5
WX02414,2023-03-11,25.5,0.0,19.3,13.4,1010.4,4.3
WX02415,2023-03-12,27.4,0.0,35.0,10.2,1002.9,5.1
WX02416,2023-03-13,25.0,0.0,24.3,10.9,1008.3,5.2
WX02417,2023-03-14,28.4,0.0,40.4,11.4,1014.2,5.8
WX02418,2023-03-15,24.9,0.0,37.0,1.0,1008.3,6.3
WX02419,2023-03-16,26.6,0.0,27.6,8.2,1006.0,7.5
WX02420,2023-03-17,27.5,0.0,34.0,6.4,1001.1,7.8
WX02421,2023-03-18,25.3,45.5,27.3,8.7,1003.0,5.2
WX02422,2023-03-19,24.5,0.0,38.5,7.5,1011.2,6.0
WX02423,2023-03-20,32.1,0.0,34.0,15.8,1009.8,4.9
WX02424,2023-03-21,29.5,0.0,37.5,9.3,1006.6,7.5
WX02425,2023-03-22,24.2,0.0,28.5,9.0,1005.8,5.5
WX02426,2023-03-23,22.4,0.0,35.9,8.8,1010.1,6.9
WX02427,2023-03-24,27.7,0.0,47.6,14.2,1009.8,8.9
WX02428,2023-03-25,26.2,0.0,46.7,12.3,1007.4,6.0
WX02429,2023-03-26,28.3,0.0,35.9,13.3,1005.9,6.4
WX02430,2023-03-27,27.9,0.0,31.3,10.7,1011.6,6.7
WX02431,2023-03-28,24.4,14.3,50.6,6.1,1015.6,9.0
WX02432,2023-03-29,25.9,0.0,32.1,16.4,1000.4,6.1
WX02433,2023-03-30,27.1,0.0,32.6,10.0,1005.1,5.6
WX02434,2023-03-31,22.4,0.0,39.4,14.0,1004.3,8.6
WX02435,2023-04-01,29.8,0.0,51.1,5.7,1004.7,6.7
WX02436,2023-04-02,31.0,0.0,41.4,10.1,1007.4,4.9
WX02437,2023-04-03,33.1,0.0,40.8,7.1,1002.3,6.7
WX02438,2023-04-04,30.4,0.0,37.1,11.7,1009.2,5.1
WX02439,2023-04-05,29.8,0.0,40.8,13.1,1013.5,7.8
WX02440,2023-04-06,29.5,0.0,37.1,11.5,1010.5,7.7
WX02441,2023-04-07,29.9,0.0,33.1,9.2,1002.4,8.6
WX02442,2023-04-08,25.4,0.0,53.2,11.9,999.0,8.3
WX02443,2023-04-09,29.0,0.0,35.7,4.6,1011.5,7.6
WX02444,2023-04-10,24.4,0.0,28.0,10.3,1006.3,8.0
WX02445,2023-04-11,27.8,0.0,32.6,10.1,1005.0,6.6
WX02446,2023-04-12,31.6,0.0,35.9,11.1,1015.3,9.1
WX02447,2023-04-13,24.0,0.0,39.7,9.6,1008.7,8.2
WX02448,2023-04-14,29.8,0.0,46.2,11.8,1011.6,9.0
WX02449,2023-04-15,28.5,0.0,38.5,17.6,1014.3,9.7
WX02450,2023-04-16,26.9,0.0,30.2,21.4,1003.7,7.7
WX02451,2023-04-17,25.8,0.0,29.4,8.2,1004.5,8.9
WX02452,2023-04-18,30.8,0.0,35.3,10.4,1011.2,8.8
WX02453,2023-04-19,32.2,0.0,29.1,10.6,1008.7,8.7
WX02454,2023-04-20,25.6,0.0,45.6,10.0,1005.9,8.2
WX02455,2023-04-21,32.4,0.0,28.6,11.1,1004.3,6.4
WX02456,2023-04-22,28.7,0.0,28.5,3.8,1008.2,6.5
WX02457,2023-04-23,28.5,0.0,28.0,13.9,1012.8,7.9
WX02458,2023-04-24,31.9,0.0,35.1,11.8,1005.7,8.7
WX02459,2023-04-25,31.2,0.0,20.7,4.4,1010.0,8.6
WX02460,2023-04-26,32.0,0.0,32.5,14.0,1001.0,8.7
WX02461,2023-04-27,31.3,0.0,29.7,9.7,998.7,7.5
WX02462,2023-04-28,31.4,0.0,47.3,16.4,1015.2,10.3
WX02463,2023-04-29,32.2,0.0,28.4,13.0,1014.5,7.9
WX02464,2023-04-30,28.4,0.0,35.0,3.1,1015.7,9.2
WX02465,2023-05-01,29.1,0.0,36.0,9.4,1007.5,8.2
WX02466,2023-05-02,33.0,13.2,29.5,4.9,1010.0,10.0
WX02467,2023-05-03,32.8,0.0,49.3,10.2,1009.8,9.0
WX02468,2023-05-04,30.9,0.0,34.4,7.2,1008.2,8.7
WX02469,2023-05-05,28.2,68.9,40.1,7.1,1007.2,9.5
WX02470,2023-05-06,34.0,0.0,35.7,2.9,1007.3,9.7
WX02471,2023-05-07,32.3,19.6,39.1,13.5,1008.7,9.8
WX02472,2023-05-08,32.7,0.0,42.6,7.4,1013.5,9.0
WX02473,2023-05-09,34.7,0.0,28.3,3.5,1004.3,10.9
WX02474,2023-05-10,30.5,57.4,48.8,6.9,997.8,10.0
WX02475,2023-05-11,32.6,0.0,28.0,7.0,1013.6,8.1
WX02476,2023-05-12,33.0,0.0,29.2,9.9,1003.8,11.7
WX02477,2023-05-13,35.0,0.0,35.6,7.1,1009.6,10.3
WX02478,2023-05-14,32.8,0.0,40.5,15.0,1010.0,10.7
WX02479,2023-05-15,33.6,0.0,23.1,4.9,1005.9,8.7
WX02480,2023-05-16,37.4,0.0,43.5,8.5,1006.5,9.7
WX02481,2023-05-17,36.5,0.0,31.5,14.7,1004.6,10.8
WX02482,2023-05-18,34.1,0.0,30.0,13.5,1010.4,9.2
WX02483,2023-05-19,31.5,25.4,56.2,11.1,1010.6,9.9
WX02484,2023-05-20,30.9,0.0,37.1,7.3,1013.4,8.8
WX02485,2023-05-21,31.2,94.0,41.0,10.7,1004.1,8.0
WX02486,2023-05-22,30.4,0.0,31.4,7.6,1002.0,9.4
WX02487,2023-05-23,33.4,0.0,36.1,7.0,1003.2,8.9
WX02488,2023-05-24,32.1,0.0,41.4,8.7,1007.0,8.3
WX02489,2023-05-25,35.2,0.0,43.4,2.4,1005.0,9.8
WX02490,2023-05-26,34.3,10.6,35.2,12.7,1010.3,10.4
WX02491,2023-05-27,32.0,17.9,26.7,6.4,1003.0,9.2
WX02492,2023-05-28,36.0,17.3,35.7,14.6,1008.6,10.2
WX02493,2023-05-29,32.7,0.0,39.8,15.4,1011.1,11.4
WX02494,2023-05-30,31.0,0.0,37.0,11.8,1007.3,10.0
WX02495,2023-05-31,30.5,0.0,25.7,21.1,1014.4,9.7
WX02496,2023-06-01,31.0,0.0,80.0,11.0,1004.2,11.1
WX02497,2023-06-02,33.6,48.7,62.4,15.0,1007.1,9.7
WX02498,2023-06-03,35.1,0.0,71.3,4.3,1010.6,10.0
WX02499,2023-06-04,36.2,23.8,74.8,15.7,1017.3,8.8
WX02500,2023-06-05,33.9,2.7,70.3,16.0,997.8,10.4
WX02501,2023-06-06,32.5,0.0,75.1,7.7,1007.0,9.3
WX02502,2023-06-07,34.9,10.6,78.7,7.6,1010.1,9.6
WX02503,2023-06-08,33.6,0.0,79.0,10.9,1010.4,11.8
WX02504,2023-06-09,34.2,0.0,63.2,11.4,1010.3,8.9
WX02505,2023-06-10,34.7,25.4,65.4,6.8,1007.5,10.8
WX02506,2023-06-11,36.4,20.7,82.0,9.7,1004.7,11.5
WX02507,2023-06-12,32.4,21.9,71.9,11.9,1005.2,11.8
WX02508,2023-06-13,38.2,9.8,71.6,10.0,1010.1,10.0
WX02509,2023-06-14,30.9,55.7,78.7,9.4,1014.2,8.6
WX02510,2023-06-15,29.4,0.0,74.8,16.4,1011.6,10.9
WX02511,2023-06-16,29.0,14.9,56.1,4.1,1007.4,11.7
WX02512,2023-06-17,35.4,18.8,75.9,7.9,1011.6,9.4
WX02513,2023-06-18,30.2,0.0,69.5,17.8,1003.1,9.6
WX02514,2023-06-19,33.3,0.0,81.2,15.2,1001.3,6.6
WX02515,2023-06-20,35.8,37.8,74.6,14.6,999.7,9.9
WX02516,2023-06-21,33.0,0.0,76.5,7.9,1016.9,6.5
WX02517,2023-06-22,32.8,0.0,85.6,11.5,1011.1,11.8
WX02518,2023-06-23,32.5,32.6,70.2,6.5,1003.5,9.3
WX02519,2023-06-24,33.3,0.0,70.1,8.6,1009.8,8.3
WX02520,2023-06-25,29.3,14.0,81.4,9.4,1006.6,10.5
WX02521,2023-06-26,34.0,0.0,80.2,5.9,1011.0,8.9
WX02522,2023-06-27,31.4,42.1,68.3,4.9,1008.4,11.8
WX02523,2023-06-28,38.0,0.0,89.2,9.1,1003.7,9.0
WX02524,2023-06-29,35.3,47.7,73.4,11.2,1006.1,10.1
WX02525,2023-06-30,31.5,0.0,78.9,14.2,1004.7,9.5
WX02526,2023-07-01,36.6,38.7,79.5,10.5,1008.9,11.2
WX02527,2023-07-02,34.4,31.0,86.2,12.3,1004.2,8.6
WX02528,2023-07-03,34.2,0.0,76.5,6.3,1006.1,9.1
WX02529,2023-07-04,32.4,65.0,65.2,10.9,1005.7,10.8
WX02530,2023-07-05,33.4,0.0,73.8,7.5,1011.7,9.8
WX02531,2023-07-06,36.2,18.6,67.7,1.0,1007.0,11.4
WX02532,2023-07-07,34.7,0.0,67.8,11.9,1004.3,8.8
WX02533,2023-07-08,32.5,28.4,76.6,10.2,1007.6,9.4
WX02534,2023-07-09,30.7,0.0,69.3,5.9,1009.7,9.9
WX02535,2023-07-10,33.2,0.0,68.0,14.3,1009.7,11.2
WX02536,2023-07-11,33.9,0.0,78.3,10.3,1012.2,9.7
WX02537,2023-07-12,33.3,52.3,73.5,11.9,1006.4,10.1
WX02538,2023-07-13,35.3,11.0,72.0,8.7,1005.4,9.9
WX02539,2023-07-14,35.7,0.0,72.1,8.4,1001.3,8.1
WX02540,2023-07-15,32.0,8.6,68.8,15.1,1011.1,9.4
WX02541,2023-07-16,32.5,36.6,75.8,13.1,1008.9,11.0
WX02542,2023-07-17,32.0,40.3,70.7,4.9,1012.5,8.3
WX02543,2023-07-18,32.8,23.4,78.7,9.4,1002.6,9.0
WX02544,2023-07-19,33.3,0.0,66.1,13.1,1000.7,11.2
WX02545,2023-07-20,33.9,13.9,76.4,11.3,1015.3,8.9
WX02546,2023-07-21,30.8,36.0,58.9,9.5,1005.6,7.7
WX02547,2023-07-22,29.7,11.5,77.5,1.0,999.0,9.7
WX02548,2023-07-23,32.2,14.7,76.7,14.2,1013.5,8.8
WX02549,2023-07-24,30.9,0.0,64.1,10.6,1005.7,9.2
WX02550,2023-07-25,34.4,19.5,77.9,10.8,1009.6,8.9
WX02551,2023-07-26,31.6,31.0,90.2,16.0,1010.7,9.2
WX02552,2023-07-27,32.2,41.3,72.0,9.2,1009.7,8.0
WX02553,2023-07-28,30.6,0.0,76.5,12.3,1002.1,10.6
WX02554,2023-07-29,30.0,0.0,74.3,6.0,1010.4,8.8
WX02555,2023-07-30,34.7,0.0,81.2,10.2,1012.2,10.2
WX02556,2023-07-31,32.2,37.5,89.0,15.2,1002.7,9.0
WX02557,2023-08-01,33.0,13.6,81.8,6.8,1008.9,8.2
WX02558,2023-08-02,32.7,34.4,84.3,12.6,1009.6,10.1
WX02559,2023-08-03,32.5,0.0,76.8,9.0,1007.2,8.8
WX02560,2023-08-04,33.8,0.0,74.7,9.1,1007.7,7.8
WX02561,2023-08-05,32.6,0.0,93.6,7.2,1001.9,8.9
WX02562,2023-08-06,29.3,6.7,95.3,7.0,1003.7,10.1
WX02563,2023-08-07,29.8,18.2,81.4,14.1,1009.0,8.9
WX02564,2023-08-08,30.9,0.0,68.8,17.9,1007.9,8.0
WX02565,2023-08-09,31.7,23.3,59.2,9.4,1014.7,9.6
WX02566,2023-08-10,37.3,28.8,85.1,14.9,1009.1,8.6
WX02567,2023-08-11,35.6,40.4,66.8,14.7,1012.0,10.3
WX02568,2023-08-12,33.2,24.5,79.4,10.2,1008.7,8.8
WX02569,2023-08-13,29.9,55.5,71.2,13.9,1007.7,7.3
WX02570,2023-08-14,33.0,22.7,84.1,6.8,1007.1,8.7
WX02571,2023-08-15,30.9,52.9,82.8,10.7,1005.7,8.3
WX02572,2023-08-16,34.0,23.7,78.7,7.8,1001.7,6.9
WX02573,2023-08-17,31.8,0.0,75.1,9.5,1011.8,8.5
WX02574,2023-08-18,29.1,16.9,86.3,10.7,1001.1,7.5
WX02575,2023-08-19,30.7,16.1,76.1,15.0,1012.7,8.3
WX02576,2023-08-20,31.6,28.7,74.4,13.3,1007.8,8.1
WX02577,2023-08-21,27.8,27.7,67.0,9.3,1004.6,7.3
WX02578,2023-08-22,27.8,74.2,84.1,14.8,1007.3,9.0
WX02579,2023-08-23,28.5,2.1,77.5,4.9,1003.6,9.8
WX02580,2023-08-24,30.7,6.2,77.5,7.9,999.4,9.6
WX02581,2023-08-25,29.9,25.5,77.5,8.7,1008.2,6.3
WX02582,2023-08-26,27.9,40.5,71.4,14.1,1000.3,8.4
WX02583,2023-08-27,32.5,35.8,80.4,7.4,1007.0,8.0
WX02584,2023-08-28,29.0,22.3,73.1,5.5,1012.1,7.7
WX02585,2023-08-29,29.3,34.9,82.3,2.1,1014.3,6.6
WX02586,2023-08-30,28.8,21.2,70.6,5.5,997.4,6.6
WX02587,2023-08-31,30.8,0.0,67.2,7.0,1010.6,8.0
WX02588,2023-09-01,29.7,11.7,81.1,6.4,1006.2,5.2
WX02589,2023-09-02,28.3,10.6,75.3,8.2,1010.6,7.7
WX02590,2023-09-03,28.6,76.7,67.6,4.0,1007.3,6.6
WX02591,2023-09-04,29.0,13.5,74.3,12.4,1007.2,6.5
WX02592,2023-09-05,26.2,0.0,70.3,9.2,1004.8,6.3
WX02593,2023-09-06,34.8,0.0,70.5,14.9,1014.0,6.3
WX02594,2023-09-07,26.7,0.0,75.6,2.6,1009.9,6.9
WX02595,2023-09-08,30.2,19.3,75.5,18.3,1006.2,5.9
WX02596,2023-09-09,26.1,0.0,87.1,10.4,1008.7,7.9
WX02597,2023-09-10,25.6,14.4,60.3,18.1,1007.1,5.6
WX02598,2023-09-11,24.9,0.0,49.9,11.1,1004.7,6.6
WX02599,2023-09-12,26.8,47.1,69.5,9.6,996.4,6.7
WX02600,2023-09-13,25.7,30.4,68.9,7.8,1006.0,6.9
WX02601,2023-09-14,30.3,0.0,68.1,10.2,1016.6,8.7
WX02602,2023-09-15,24.7,20.2,75.3,19.9,1014.7,5.7
WX02603,2023-09-16,21.6,0.0,59.6,3.7,1009.1,6.8
WX02604,2023-09-17,26.9,7.4,77.9,13.9,1007.0,5.7
WX02605,2023-09-18,26.7,12.1,78.9,6.9,1005.4,6.9
WX02606,2023-09-19,27.3,59.1,73.5,18.4,1010.9,6.7
WX02607,2023-09-20,19.8,33.4,67.6,12.0,1011.2,4.9
WX02608,2023-09-21,25.7,0.0,69.7,12.4,1004.7,5.0
WX02609,2023-09-22,26.1,0.0,88.2,5.2,1007.8,7.2
WX02610,2023-09-23,23.6,0.0,68.5,11.2,1008.3,7.0
WX02611,2023-09-24,22.7,42.5,65.5,12.5,1014.4,5.3
WX02612,2023-09-25,24.7,21.8,69.3,9.6,1004.4,6.4
WX02613,2023-09-26,26.0,10.2,62.1,11.5,1008.4,5.8
WX02614,2023-09-27,27.3,0.0,73.8,12.1,1007.9,6.6
WX02615,2023-09-28,24.9,0.0,76.5,17.5,1005.6,6.8
WX02616,2023-09-29,22.5,0.0,76.1,7.9,1007.7,4.6
WX02617,2023-09-30,21.7,49.4,73.9,13.2,1011.8,5.7
WX02618,2023-10-01,22.6,0.0,41.6,11.1,1008.4,4.0
WX02619,2023-10-02,26.1,38.3,51.5,11.8,998.6,3.9
WX02620,2023-10-03,25.6,0.0,36.1,8.4,1020.2,5.4
WX02621,2023-10-04,22.8,0.0,22.5,10.4,1005.4,5.3
WX02622,2023-10-05,23.5,0.0,40.7,12.4,1010.7,4.9
WX02623,2023-10-06,22.0,0.0,38.9,19.5,1005.7,5.1
WX02624,2023-10-07,26.7,0.0,35.5,2.3,1010.0,3.0
WX02625,2023-10-08,22.6,82.8,34.6,3.7,1006.2,4.8
WX02626,2023-10-09,24.4,73.6,42.2,8.4,1011.8,4.9
WX02627,2023-10-10,20.1,0.0,27.9,10.7,1014.3,4.7
WX02628,2023-10-11,19.0,0.0,47.5,1.9,1012.1,4.7
WX02629,2023-10-12,23.0,63.1,36.7,5.8,1009.9,5.2
WX02630,2023-10-13,26.5,0.0,33.3,13.9,1006.3,4.5
WX02631,2023-10-14,22.8,0.0,39.3,4.4,1006.9,5.1
WX02632,2023-10-15,24.4,0.0,25.3,5.0,1009.7,3.9
WX02633,2023-10-16,23.9,0.0,31.2,12.3,1006.9,2.8
WX02634,2023-10-17,23.6,0.0,25.8,6.6,1007.1,6.4
WX02635,2023-10-18,22.3,80.6,30.2,11.5,1007.5,5.1
WX02636,2023-10-19,23.1,0.0,36.8,10.4,1006.7,3.7
WX02637,2023-10-20,22.9,0.0,30.4,17.5,1012.6,4.5
WX02638,2023-10-21,21.9,0.0,52.5,13.9,1008.1,4.5
WX02639,2023-10-22,22.3,0.0,24.3,9.3,1001.8,3.6
WX02640,2023-10-23,22.9,0.0,51.5,12.7,1005.7,4.6
WX02641,2023-10-24,20.4,0.0,41.9,13.0,1005.7,3.1
WX02642,2023-10-25,19.1,0.0,26.6,3.0,999.9,3.6
WX02643,2023-10-26,23.0,0.0,24.4,15.4,1007.1,3.2
WX02644,2023-10-27,17.7,5.1,28.5,9.5,1002.4,3.4
WX02645,2023-10-28,24.3,0.0,37.1,13.6,1004.6,2.9
WX02646,2023-10-29,20.1,0.0,40.3,5.9,1007.9,4.6
WX02647,2023-10-30,18.3,0.0,35.4,10.1,1009.7,2.1
WX02648,2023-10-31,19.1,0.0,26.1,4.8,1012.4,4.2
WX02649,2023-11-01,20.0,0.0,27.1,16.3,1015.2,2.7
WX02650,2023-11-02,19.6,0.0,31.1,9.6,1009.1,2.2
WX02651,2023-11-03,16.0,0.0,23.9,8.5,1005.3,3.2
WX02652,2023-11-04,23.8,0.0,38.0,12.2,1012.2,4.3
WX02653,2023-11-05,22.9,0.0,43.4,15.2,1008.6,3.6
WX02654,2023-11-06,21.0,0.0,31.6,7.6,1007.4,2.1
WX02655,2023-11-07,15.0,0.0,35.7,14.8,1012.8,2.4
WX02656,2023-11-08,18.9,0.0,48.5,13.0,1005.3,3.9
WX02657,2023-11-09,19.5,0.0,23.7,4.1,1005.7,2.6
WX02658,2023-11-10,21.9,0.0,23.6,4.8,1004.2,3.6
WX02659,2023-11-11,23.1,70.7,35.5,8.4,1007.5,2.9
WX02660,2023-11-12,22.3,0.0,44.1,18.2,1006.3,3.5
WX02661,2023-11-13,17.4,0.0,39.0,5.0,1010.9,2.9
WX02662,2023-11-14,20.5,0.0,43.2,17.0,1008.4,2.7
WX02663,2023-11-15,18.8,0.0,34.8,9.8,1006.9,2.5
WX02664,2023-11-16,20.1,0.0,26.2,11.6,1005.1,1.2
WX02665,2023-11-17,18.5,0.0,32.9,10.5,1013.1,3.3
WX02666,2023-11-18,21.4,0.0,32.6,16.3,1001.4,1.3
WX02667,2023-11-19,19.3,0.0,41.1,15.5,1007.4,2.7
WX02668,2023-11-20,14.4,0.0,39.0,13.7,1007.5,5.2
WX02669,2023-11-21,18.4,0.0,24.8,10.1,1003.4,3.5
WX02670,2023-11-22,15.3,0.0,48.7,6.6,1007.5,2.9
WX02671,2023-11-23,18.4,0.0,39.2,8.8,1015.7,2.7
WX02672,2023-11-24,17.2,0.0,35.4,13.1,1008.5,2.0
WX02673,2023-11-25,19.4,0.0,35.0,7.3,1012.3,2.8
WX02674,2023-11-26,18.6,0.0,32.6,10.0,1010.6,2.1
WX02675,2023-11-27,16.8,0.0,40.1,11.0,1007.1,4.0
WX02676,2023-11-28,21.1,0.0,41.3,11.8,1006.0,1.0
WX02677,2023-11-29,17.9,0.0,31.7,15.3,1004.8,1.9
WX02678,2023-11-30,20.6,0.0,30.1,8.8,1005.6,1.5
WX02679,2023-12-01,22.2,0.0,44.7,15.9,1009.6,1.3
WX02680,2023-12-02,16.5,0.0,25.9,14.4,1008.2,3.1
WX02681,2023-12-03,17.8,0.0,28.7,10.9,1007.0,1.5
WX02682,2023-12-04,19.1,0.0,33.6,8.1,1011.7,1.0
WX02683,2023-12-05,16.9,0.0,26.7,6.1,1014.3,2.2
WX02684,2023-12-06,21.2,0.0,24.9,9.5,1017.9,2.0
WX02685,2023-12-07,15.8,0.0,34.8,1.1,1005.5,2.2
WX02686,2023-12-08,16.4,0.0,36.1,18.9,1011.8,2.4
WX02687,2023-12-09,19.4,0.0,36.4,8.3,1008.9,2.8
WX02688,2023-12-10,15.8,0.0,23.1,9.0,1002.4,1.0
WX02689,2023-12-11,15.3,0.0,24.7,11.0,1007.7,3.4
WX02690,2023-12-12,19.1,0.0,47.2,13.6,1002.9,1.7
WX02691,2023-12-13,17.9,0.0,35.4,15.6,1005.3,1.7
WX02692,2023-12-14,18.1,0.0,34.1,4.1,1009.2,1.2
WX02693,2023-12-15,17.1,0.0,40.6,12.6,1010.8,2.1
WX02694,2023-12-16,16.6,0.0,40.0,1.1,1005.1,2.2
WX02695,2023-12-17,19.9,0.0,49.6,15.7,1012.2,2.3
WX02696,2023-12-18,16.4,0.0,50.4,11.9,1008.5,1.1
WX02697,2023-12-19,21.2,0.0,40.4,8.1,1004.9,2.6
WX02698,2023-12-20,16.6,0.0,18.6,9.0,1006.1,1.0
WX02699,2023-12-21,20.9,0.0,25.6,8.5,1002.2,1.5
WX02700,2023-12-22,20.3,0.0,28.3,14.9,1012.5,1.2
WX02701,2023-12-23,20.2,0.0,33.4,11.0,1009.9,1.8
WX02702,2023-12-24,20.1,0.0,32.8,3.9,1001.5,1.3
WX02703,2023-12-25,16.9,0.0,46.6,13.1,1006.9,1.5
WX02704,2023-12-26,19.7,0.0,40.4,10.4,1007.0,2.2
WX02705,2023-12-27,14.6,0.0,47.2,15.5,1013.1,2.5
WX02706,2023-12-28,21.9,0.0,21.9,11.8,1007.7,1.0
WX02707,2023-12-29,18.6,0.0,37.2,11.0,1010.7,1.4
WX02708,2023-12-30,18.2,0.0,40.8,9.7,1007.4,1.7
WX02709,2023-12-31,19.4,0.0,30.8,5.4,1002.6,1.0
WX02710,2024-01-01,18.0,0.0,34.9,15.9,1005.6,2.8
WX02711,2024-01-02,16.4,0.0,37.0,13.5,1003.9,2.2
WX02712,2024-01-03,20.7,0.0,18.1,7.3,1011.7,2.6
WX02713,2024-01-04,19.8,0.0,26.1,8.2,1006.2,1.3
WX02714,2024-01-05,16.2,0.0,23.2,6.8,1006.3,3.0
WX02715,2024-01-06,14.5,0.0,29.9,14.2,1007.5,1.6
WX02716,2024-01-07,16.2,0.0,46.0,9.9,1009.4,1.6
WX02717,2024-01-08,16.0,0.0,36.5,7.0,1015.3,3.4
WX02718,2024-01-09,17.7,0.0,28.2,7.6,1007.5,1.7
WX02719,2024-01-10,20.3,0.0,33.1,10.7,1011.5,2.9
WX02720,2024-01-11,17.6,0.0,49.4,7.6,1010.7,2.5
WX02721,2024-01-12,20.4,0.0,27.7,8.9,1006.7,4.2
WX02722,2024-01-13,16.8,0.0,45.7,7.2,1007.4,3.2
WX02723,2024-01-14,15.9,0.0,42.0,7.9,1014.0,1.6
WX02724,2024-01-15,18.9,0.0,45.4,9.0,1008.7,2.6
WX02725,2024-01-16,20.0,0.0,45.9,11.1,1009.7,4.0
WX02726,2024-01-17,17.4,0.0,37.5,5.0,1002.4,2.6
WX02727,2024-01-18,18.0,0.0,30.5,11.7,1002.2,1.0
WX02728,2024-01-19,21.7,0.0,52.1,8.0,1008.8,4.8
WX02729,2024-01-20,20.1,0.0,34.4,5.8,1006.2,3.1
WX02730,2024-01-21,22.0,0.0,19.8,2.1,1017.4,1.7
WX02731,2024-01-22,15.7,0.0,35.1,11.5,1003.4,1.5
WX02732,2024-01-23,15.6,0.0,37.6,8.3,1007.9,4.2
WX02733,2024-01-24,18.6,0.0,53.1,9.0,1012.6,3.6
WX02734,2024-01-25,18.7,0.0,37.0,5.2,1005.0,3.6
WX02735,2024-01-26,20.3,0.0,30.2,12.6,1014.6,4.8
WX02736,2024-01-27,21.6,0.0,23.0,11.5,1009.2,4.2
WX02737,2024-01-28,19.5,0.0,33.4,7.7,1009.2,2.4
WX02738,2024-01-29,18.3,10.3,29.6,13.0,1004.5,1.7
WX02739,2024-01-30,20.8,0.0,37.0,10.7,1008.3,4.4
WX02740,2024-01-31,26.7,0.0,45.2,14.2,1011.0,3.8
WX02741,2024-02-01,22.8,0.0,36.8,6.0,1010.2,3.1
WX02742,2024-02-02,22.4,0.0,36.5,15.6,1007.1,4.0
WX02743,2024-02-03,21.3,0.0,30.4,7.3,1012.7,3.0
WX02744,2024-02-04,18.3,0.0,40.4,9.0,1005.1,3.6
WX02745,2024-02-05,21.3,0.0,34.7,12.1,1001.0,4.2
WX02746,2024-02-06,18.1,0.0,37.7,14.3,1005.3,3.0
WX02747,2024-02-07,23.2,0.0,29.9,8.2,1003.2,3.1
WX02748,2024-02-08,20.4,0.0,38.3,13.4,1012.2,2.6
WX02749,2024-02-09,23.0,0.0,26.0,11.8,1004.3,3.8
WX02750,2024-02-10,20.5,20.6,41.0,3.3,1005.2,4.8
WX02751,2024-02-11,23.8,0.0,32.6,13.1,1007.6,1.9
WX02752,2024-02-12,23.0,0.0,21.2,14.3,1008.9,3.6
WX02753,2024-02-13,22.2,0.0,26.2,15.2,1008.9,3.3
WX02754,2024-02-14,22.4,0.0,40.7,17.2,1006.0,4.3
WX02755,2024-02-15,23.3,0.0,37.8,11.0,1007.5,3.1
WX02756,2024-02-16,20.4,0.0,46.1,7.4,1001.9,2.9
WX02757,2024-02-17,19.1,0.0,36.0,8.2,1008.8,3.1
WX02758,2024-02-18,22.3,0.0,46.3,11.7,1006.0,2.2
WX02759,2024-02-19,20.7,0.0,21.6,14.8,1007.9,3.8
WX02760,2024-02-20,28.0,0.0,15.0,10.4,1006.2,5.8
WX02761,2024-02-21,19.5,0.0,36.6,12.4,1008.5,5.5
WX02762,2024-02-22,20.5,0.0,28.5,10.8,1008.3,4.1
WX02763,2024-02-23,25.4,0.0,48.3,13.5,1006.7,6.0
WX02764,2024-02-24,20.9,0.0,35.6,16.6,1006.3,3.6
WX02765,2024-02-25,25.8,0.0,26.4,8.1,999.2,3.7
WX02766,2024-02-26,20.7,0.0,20.5,10.0,1008.2,5.1
WX02767,2024-02-27,21.8,0.0,52.1,11.8,1009.8,5.5
WX02768,2024-02-28,22.6,0.0,35.2,17.6,1011.6,4.9
WX02769,2024-02-29,22.7,0.0,33.8,14.3,1002.0,4.1
WX02770,2024-03-01,18.9,0.0,44.4,14.2,1013.4,7.0
WX02771,2024-03-02,22.5,21.7,20.1,16.6,1008.3,4.1
WX02772,2024-03-03,25.0,0.0,30.9,14.5,1006.4,3.6
WX02773,2024-03-04,26.5,0.0,45.6,3.9,1004.9,4.1
WX02774,2024-03-05,22.8,0.0,34.5,9.0,1000.3,4.1
WX02775,2024-03-06,23.3,0.0,46.3,11.4,1005.4,5.3
WX02776,2024-03-07,23.1,0.0,48.2,9.9,1010.5,5.3
WX02777,2024-03-08,25.4,0.0,33.5,14.5,1013.5,5.3
WX02778,2024-03-09,26.1,0.0,20.7,17.2,1008.7,5.2
WX02779,2024-03-10,26.9,0.0,36.5,7.0,1005.5,4.6
WX02780,2024-03-11,22.2,0.0,38.3,14.3,998.3,4.6
WX02781,2024-03-12,24.7,0.0,38.9,6.2,1006.5,5.7
WX02782,2024-03-13,21.8,0.0,28.2,12.2,1007.3,5.6
WX02783,2024-03-14,26.7,5.9,33.8,9.4,1011.2,5.6
WX02784,2024-03-15,26.6,0.0,30.3,12.9,1010.3,5.7
WX02785,2024-03-16,27.4,0.0,47.6,11.7,1005.9,5.8
WX02786,2024-03-17,27.1,0.0,36.4,8.6,1011.6,6.4
WX02787,2024-03-18,24.5,0.0,37.2,16.1,1002.3,4.0
WX02788,2024-03-19,25.8,0.0,29.8,7.4,1005.1,7.0
WX02789,2024-03-20,29.2,0.0,52.6,12.3,1000.2,6.6
WX02790,2024-03-21,22.3,0.0,22.4,13.6,1003.1,5.6
WX02791,2024-03-22,25.5,0.0,26.4,11.6,1007.6,6.6
WX02792,2024-03-23,25.8,0.0,32.5,14.8,999.8,5.2
WX02793,2024-03-24,28.1,0.0,34.5,16.2,1010.1,7.1
WX02794,2024-03-25,21.6,0.0,22.1,13.5,1006.0,6.9
WX02795,2024-03-26,27.7,0.0,51.2,8.3,1012.5,6.3
WX02796,2024-03-27,26.1,0.0,23.5,15.4,1012.1,6.8
WX02797,2024-03-28,27.4,0.0,21.6,3.5,1009.9,7.0
WX02798,2024-03-29,32.2,0.0,46.8,5.7,1007.6,5.9
WX02799,2024-03-30,27.3,0.0,44.4,6.2,1012.4,5.6
WX02800,2024-03-31,31.7,0.0,36.8,8.9,1010.1,9.3
WX02801,2024-04-01,24.9,0.0,35.6,9.7,1001.5,8.3
WX02802,2024-04-02,28.1,0.0,40.6,11.1,1000.6,7.5
WX02803,2024-04-03,26.4,0.0,26.9,11.8,1009.7,6.3
WX02804,2024-04-04,22.9,0.0,20.4,7.0,1006.4,5.2
WX02805,2024-04-05,29.1,0.0,25.8,11.1,1011.2,7.8
WX02806,2024-04-06,26.0,0.0,30.6,17.3,1011.8,5.5
WX02807,2024-04-07,28.9,0.0,41.8,3.4,1003.5,8.7
WX02808,2024-04-08,29.2,0.0,29.8,13.5,1005.5,8.2
WX02809,2024-04-09,29.2,39.0,43.7,13.8,1017.1,7.6
WX02810,2024-04-10,31.9,0.0,33.3,15.3,1006.6,7.4
WX02811,2024-04-11,25.1,0.0,50.1,21.3,1006.0,5.5
WX02812,2024-04-12,30.3,0.0,30.2,13.6,1008.5,6.9
WX02813,2024-04-13,32.2,0.0,34.1,15.9,1002.7,7.9
WX02814,2024-04-14,26.0,0.0,32.6,2.3,1003.8,8.3
WX02815,2024-04-15,28.4,0.0,37.0,16.0,1004.3,6.8
WX02816,2024-04-16,30.3,0.0,26.6,4.0,1003.7,9.2
WX02817,2024-04-17,31.1,0.0,33.6,12.8,1010.4,6.4
WX02818,2024-04-18,29.8,0.0,24.7,11.5,1011.3,7.6
WX02819,2024-04-19,30.0,0.0,33.7,11.1,1005.8,8.6
WX02820,2024-04-20,31.4,0.0,37.5,10.8,1000.5,6.5
WX02821,2024-04-21,31.7,0.0,16.2,6.3,1012.5,8.7
WX02822,2024-04-22,32.1,0.0,43.7,9.3,1010.1,8.1
WX02823,2024-04-23,32.7,0.0,34.6,9.7,1006.9,6.7
WX02824,2024-04-24,33.2,0.0,39.3,11.7,1010.8,7.4
WX02825,2024-04-25,32.8,0.0,23.6,6.1,1009.8,11.4
WX02826,2024-04-26,31.7,0.0,23.9,9.9,1011.7,7.1
WX02827,2024-04-27,29.2,0.0,34.0,1.0,1011.9,8.8
WX02828,2024-04-28,32.2,0.0,30.8,7.8,1013.0,10.1
WX02829,2024-04-29,31.8,0.0,33.9,15.0,1008.3,7.9
WX02830,2024-04-30,34.9,0.0,34.2,7.7,1002.0,8.0
WX02831,2024-05-01,28.3,6.9,36.9,8.1,1002.2,8.7
WX02832,2024-05-02,31.3,50.2,22.1,9.4,1011.3,8.5
WX02833,2024-05-03,31.6,0.0,44.1,7.3,1006.2,9.7
WX02834,2024-05-04,30.4,0.0,40.7,7.9,1009.2,9.3
WX02835,2024-05-05,27.8,0.0,17.8,16.3,1009.9,6.9
WX02836,2024-05-06,30.4,0.0,42.7,11.5,1006.5,10.5
WX02837,2024-05-07,34.4,0.0,43.2,8.9,1008.4,8.4
WX02838,2024-05-08,32.8,0.0,29.2,15.0,1010.1,9.6
WX02839,2024-05-09,31.0,7.5,34.9,9.9,1011.8,8.4
WX02840,2024-05-10,32.8,0.0,44.4,11.4,1008.5,8.1
WX02841,2024-05-11,28.3,0.0,33.2,12.3,1009.2,9.1
WX02842,2024-05-12,34.8,0.0,44.1,12.3,1006.2,8.0
WX02843,2024-05-13,31.5,0.0,28.1,13.9,1006.5,10.3
WX02844,2024-05-14,34.9,0.0,22.8,12.6,1009.7,11.5
WX02845,2024-05-15,34.9,0.0,24.2,13.1,1016.9,8.1
WX02846,2024-05-16,28.8,55.7,56.7,9.3,1010.3,9.8
WX02847,2024-05-17,34.7,0.0,33.9,12.4,1008.1,7.0
WX02848,2024-05-18,34.2,0.0,20.1,7.7,1008.3,10.2
WX02849,2024-05-19,35.7,0.0,27.1,9.7,1012.6,9.0
WX02850,2024-05-20,28.5,0.0,37.2,9.7,1005.8,10.4
WX02851,2024-05-21,32.5,0.0,27.1,4.0,1010.1,10.5
WX02852,2024-05-22,31.9,0.0,51.1,16.4,1012.7,11.2
WX02853,2024-05-23,35.5,0.0,48.3,11.7,1007.9,8.3
WX02854,2024-05-24,36.5,0.0,50.4,4.0,1008.1,9.5
WX02855,2024-05-25,31.8,0.0,35.6,5.8,1011.9,9.8
WX02856,2024-05-26,32.0,0.0,43.5,9.5,1004.4,8.1
WX02857,2024-05-27,35.1,0.0,23.2,7.9,1004.2,10.6
WX02858,2024-05-28,33.1,66.0,55.1,11.9,1006.1,11.2
WX02859,2024-05-29,35.8,6.2,42.6,7.6,1008.6,9.6
WX02860,2024-05-30,32.5,0.0,15.0,9.6,1006.8,9.2
WX02861,2024-05-31,35.5,0.0,34.7,11.9,1015.4,10.4
WX02862,2024-06-01,39.5,0.0,77.0,6.5,1009.4,10.2
WX02863,2024-06-02,33.4,33.6,78.9,10.0,1002.6,8.3
WX02864,2024-06-03,35.6,7.4,77.8,11.4,1011.4,8.4
WX02865,2024-06-04,33.2,0.0,73.0,9.3,1004.1,10.1
WX02866,2024-06-05,36.5,18.5,72.7,6.7,1007.2,10.2
WX02867,2024-06-06,30.3,18.9,71.6,5.9,1008.5,8.5
WX02868,2024-06-07,33.0,16.0,71.9,12.7,1008.6,11.3
WX02869,2024-06-08,29.8,24.3,78.9,5.4,1006.8,10.2
WX02870,2024-06-09,33.9,0.0,74.0,7.2,1004.3,10.4
WX02871,2024-06-10,31.1,8.8,67.5,17.5,1008.5,10.8
WX02872,2024-06-11,31.2,44.5,79.8,8.3,1008.8,10.2
WX02873,2024-06-12,31.9,57.6,86.7,17.6,1010.0,9.9
WX02874,2024-06-13,33.5,6.2,74.4,11.9,1007.1,10.2
WX02875,2024-06-14,31.6,0.0,89.9,8.4,1007.4,9.7
WX02876,2024-06-15,34.2,0.0,82.0,9.1,1014.7,12.0
WX02877,2024-06-16,34.1,0.0,73.8,3.6,1007.9,9.5
WX02878,2024-06-17,34.2,19.0,89.1,4.8,1007.1,9.9
WX02879,2024-06-18,35.6,18.2,55.3,15.6,1005.3,10.7
WX02880,2024-06-19,30.9,0.0,66.7,9.8,1000.4,11.7
WX02881,2024-06-20,34.2,0.0,73.7,7.4,999.0,10.8
WX02882,2024-06-21,33.0,10.4,74.9,13.3,1011.1,10.8
WX02883,2024-06-22,31.7,42.9,81.6,10.3,1013.2,11.1
WX02884,2024-06-23,33.0,29.5,71.0,12.5,1009.7,10.1
WX02885,2024-06-24,37.3,30.0,72.2,8.5,1003.0,10.2
WX02886,2024-06-25,37.8,0.0,71.9,6.8,1007.8,10.3
WX02887,2024-06-26,33.2,3.4,76.9,11.8,1005.4,11.0
WX02888,2024-06-27,34.3,16.3,75.9,10.6,998.1,11.4
WX02889,2024-06-28,38.0,0.0,69.6,2.1,1006.1,10.0
WX02890,2024-06-29,36.2,28.8,63.2,6.1,1012.6,9.8
WX02891,2024-06-30,35.0,0.0,70.7,1.0,1003.6,8.8
WX02892,2024-07-01,35.4,3.1,70.7,11.1,1006.3,8.8
WX02893,2024-07-02,34.6,36.2,77.2,9.3,1008.1,9.2
WX02894,2024-07-03,33.3,47.3,73.3,12.3,1006.7,9.8
WX02895,2024-07-04,34.8,12.8,79.1,10.9,1009.1,11.2
WX02896,2024-07-05,32.5,0.0,82.6,13.3,1017.1,11.4
WX02897,2024-07-06,33.2,7.0,82.5,15.4,1008.5,10.4
WX02898,2024-07-07,31.5,68.2,71.5,11.8,1009.6,11.0
WX02899,2024-07-08,37.0,27.5,72.7,9.5,1006.7,8.9
WX02900,2024-07-09,36.2,24.1,81.3,13.6,1009.7,10.2
WX02901,2024-07-10,32.0,2.2,60.5,11.5,1004.4,8.4
WX02902,2024-07-11,29.7,0.0,86.4,11.3,1008.8,10.1
WX02903,2024-07-12,31.1,23.0,89.6,7.6,1010.4,8.9
WX02904,2024-07-13,33.3,15.2,86.7,7.3,1006.6,10.0
WX02905,2024-07-14,33.4,0.0,76.3,8.8,1003.8,7.5
WX02906,2024-07-15,31.7,79.7,58.7,16.6,1016.0,9.9
WX02907,2024-07-16,34.2,16.3,90.3,5.0,1008.6,10.6
WX02908,2024-07-17,30.6,0.0,66.7,10.3,1005.7,8.6
WX02909,2024-07-18,30.4,6.2,81.6,12.8,1004.3,10.2
WX02910,2024-07-19,35.7,0.0,93.4,9.0,1009.5,10.3
WX02911,2024-07-20,35.1,7.2,69.5,12.6,1008.0,9.2
WX02912,2024-07-21,34.9,0.0,68.3,9.5,1002.1,9.7
WX02913,2024-07-22,33.6,0.0,83.1,16.5,1006.2,9.7
WX02914,2024-07-23,31.4,4.7,74.8,11.1,1006.5,9.9
WX02915,2024-07-24,32.5,0.0,73.9,11.5,1003.8,8.5
WX02916,2024-07-25,36.9,0.0,87.8,7.5,1003.1,9.1
WX02917,2024-07-26,27.0,0.0,68.9,8.4,1010.5,10.4
WX02918,2024-07-27,29.0,0.0,78.9,7.4,1005.0,9.0
WX02919,2024-07-28,33.4,0.0,62.3,9.3,1001.7,9.7
WX02920,2024-07-29,32.9,29.2,85.6,13.5,1010.6,8.5
WX02921,2024-07-30,33.6,9.0,64.8,4.3,1008.6,8.8
WX02922,2024-07-31,31.7,0.0,70.6,5.1,1013.0,8.9
WX02923,2024-08-01,32.2,37.0,61.4,13.2,1009.8,8.6
WX02924,2024-08-02,30.0,35.6,85.0,11.8,1007.9,7.8
WX02925,2024-08-03,32.3,19.7,92.5,8.5,1010.2,10.5
WX02926,2024-08-04,31.8,0.0,68.7,9.3,1000.4,7.4
WX02927,2024-08-05,24.3,0.0,81.3,12.1,1009.4,8.7
WX02928,2024-08-06,29.3,67.4,83.8,8.4,1002.7,7.9
WX02929,2024-08-07,34.0,29.7,67.9,12.4,1014.7,10.5
WX02930,2024-08-08,32.0,0.0,58.4,6.8,1018.4,9.6
WX02931,2024-08-09,31.0,8.0,68.5,14.1,1013.4,8.6
WX02932,2024-08-10,32.7,0.0,77.8,5.7,1007.3,8.1
WX02933,2024-08-11,31.5,6.4,57.7,14.2,1007.0,5.4
WX02934,2024-08-12,27.2,0.0,73.6,13.8,1007.7,9.2
WX02935,2024-08-13,34.8,0.0,69.1,14.3,1013.5,8.3
WX02936,2024-08-14,29.3,0.0,69.3,11.6,1006.9,6.9
WX02937,2024-08-15,28.5,0.0,83.9,9.5,1004.4,9.1
WX02938,2024-08-16,33.2,0.0,79.4,4.6,1010.7,8.6
WX02939,2024-08-17,32.4,0.0,50.9,10.8,1006.4,8.0
WX02940,2024-08-18,32.1,0.0,86.6,4.1,1008.8,6.2
WX02941,2024-08-19,26.8,18.5,66.7,8.3,1007.1,5.5
WX02942,2024-08-20,29.4,0.0,69.3,8.9,1009.3,7.2
WX02943,2024-08-21,28.2,0.0,78.2,7.1,1010.5,8.4
WX02944,2024-08-22,31.1,0.0,65.3,1.0,1006.2,6.8
WX02945,2024-08-23,30.2,0.0,83.6,14.8,1013.8,5.6
WX02946,2024-08-24,30.1,12.7,65.2,14.0,1005.5,6.8
WX02947,2024-08-25,32.2,6.1,74.8,15.6,1006.9,10.2
WX02948,2024-08-26,29.7,0.0,68.6,11.2,1002.7,7.1
WX02949,2024-08-27,27.7,26.7,88.6,11.4,1000.3,6.3
WX02950,2024-08-28,27.8,0.0,76.8,7.2,1008.4,8.9
WX02951,2024-08-29,30.6,31.4,80.3,10.4,1006.4,7.7
WX02952,2024-08-30,27.1,0.0,66.5,2.4,1004.0,7.2
WX02953,2024-08-31,31.1,0.0,76.9,12.6,1007.8,7.1
WX02954,2024-09-01,35.8,0.0,83.8,5.3,1004.5,8.6
WX02955,2024-09-02,30.8,0.0,83.5,12.9,1008.6,7.5
WX02956,2024-09-03,29.8,15.5,77.1,8.1,1009.8,6.1
WX02957,2024-09-04,29.6,0.0,82.8,10.7,1014.2,7.7
WX02958,2024-09-05,27.8,20.7,85.3,11.1,1008.4,7.3
WX02959,2024-09-06,25.7,0.0,76.8,12.7,1006.0,8.0
WX02960,2024-09-07,27.7,30.4,64.6,11.6,1009.8,6.4
WX02961,2024-09-08,25.3,0.0,69.1,16.5,1009.0,6.9
WX02962,2024-09-09,27.9,17.7,66.2,15.8,1006.8,5.8
WX02963,2024-09-10,24.6,28.6,83.1,9.0,1009.6,6.7
WX02964,2024-09-11,24.0,0.0,62.9,10.2,1013.8,6.0
WX02965,2024-09-12,27.9,17.8,85.4,3.7,1007.6,5.8
WX02966,2024-09-13,27.4,6.9,65.7,12.2,1000.7,8.1
WX02967,2024-09-14,27.6,0.0,91.9,9.2,1008.8,5.1
WX02968,2024-09-15,23.7,17.2,82.2,12.2,1006.0,7.0
WX02969,2024-09-16,28.3,0.0,73.0,9.6,1004.9,7.1
WX02970,2024-09-17,22.8,0.0,64.2,14.2,1007.2,5.5
WX02971,2024-09-18,25.7,11.3,69.4,8.1,1014.7,6.3
WX02972,2024-09-19,24.6,26.0,82.9,15.2,1013.7,5.2
WX02973,2024-09-20,25.6,0.0,74.1,14.0,1005.6,5.0
WX02974,2024-09-21,22.8,0.0,69.9,7.5,1006.9,7.3
WX02975,2024-09-22,30.6,14.9,78.6,7.1,1004.9,6.7
WX02976,2024-09-23,26.9,0.0,71.8,12.0,1011.1,5.1
WX02977,2024-09-24,27.6,0.0,93.7,11.6,1011.3,5.9
WX02978,2024-09-25,24.1,36.8,65.0,13.2,1013.1,5.7
WX02979,2024-09-26,23.3,25.4,62.5,5.7,1014.5,6.3
WX02980,2024-09-27,25.9,31.3,64.6,16.0,1012.5,6.0
WX02981,2024-09-28,26.9,0.0,87.3,5.2,1000.4,6.9
WX02982,2024-09-29,26.6,9.4,80.4,8.8,1009.0,6.1
WX02983,2024-09-30,23.9,0.0,74.8,9.6,1007.7,4.2
WX02984,2024-10-01,25.6,0.0,33.8,14.9,1010.1,5.3
WX02985,2024-10-02,20.5,18.7,28.5,2.6,1006.9,5.3
WX02986,2024-10-03,20.7,0.0,34.2,1.6,1010.2,6.7
WX02987,2024-10-04,24.9,0.0,31.0,3.7,1006.2,5.7
WX02988,2024-10-05,22.9,32.3,35.1,3.9,1010.3,4.2
WX02989,2024-10-06,20.0,0.0,37.3,19.7,1007.6,4.2
WX02990,2024-10-07,20.6,0.0,25.1,5.6,1008.1,3.6
WX02991,2024-10-08,27.5,0.0,43.9,11.1,1007.2,5.9
WX02992,2024-10-09,21.8,0.0,34.6,11.3,1006.9,4.0
WX02993,2024-10-10,23.3,0.0,37.1,11.4,1007.5,4.8
WX02994,2024-10-11,22.6,0.0,27.5,12.8,1007.2,3.9
WX02995,2024-10-12,23.7,0.0,31.8,5.9,1012.4,4.5
WX02996,2024-10-13,28.3,0.0,47.6,5.7,1008.9,4.3
WX02997,2024-10-14,19.8,0.0,31.2,5.6,1003.4,4.2
WX02998,2024-10-15,21.7,14.4,17.9,11.5,1010.9,4.9
WX02999,2024-10-16,22.4,2.7,40.1,12.9,1010.2,3.1
WX03000,2024-10-17,18.6,0.0,35.5,18.1,1005.0,3.9
WX03001,2024-10-18,23.3,0.0,35.4,13.0,1010.6,4.8
WX03002,2024-10-19,18.6,0.0,36.2,13.6,1010.8,4.4
WX03003,2024-10-20,22.4,0.0,29.4,8.2,1005.4,4.8
WX03004,2024-10-21,21.4,0.0,33.4,9.6,1010.2,5.1
WX03005,2024-10-22,21.0,0.0,20.0,9.6,1008.6,1.5
WX03006,2024-10-23,25.0,0.0,36.4,12.0,1009.5,1.9
WX03007,2024-10-24,22.2,0.0,40.6,8.1,1010.6,3.0
WX03008,2024-10-25,21.4,0.0,35.4,15.9,1008.2,2.9
WX03009,2024-10-26,19.5,0.0,29.3,5.4,1006.1,5.6
WX03010,2024-10-27,22.2,0.0,45.3,6.5,1010.3,2.7
WX03011,2024-10-28,22.7,0.0,30.7,12.8,1011.5,3.9
WX03012,2024-10-29,22.4,0.0,29.1,7.4,1010.3,3.6
WX03013,2024-10-30,19.5,0.0,26.6,5.1,1002.3,3.2
WX03014,2024-10-31,20.1,0.0,41.7,10.4,1008.6,4.1
WX03015,2024-11-01,17.9,0.0,33.9,16.6,1011.5,2.3
WX03016,2024-11-02,21.1,0.0,52.2,6.2,1010.4,4.8
WX03017,2024-11-03,19.0,0.0,22.9,12.0,1000.5,2.9
WX03018,2024-11-04,22.3,0.0,32.0,11.1,1004.1,2.5
WX03019,2024-11-05,21.4,0.0,47.4,4.1,1005.1,3.3
WX03020,2024-11-06,19.0,0.0,18.2,9.8,1004.9,1.4
WX03021,2024-11-07,24.2,0.0,28.3,7.9,1006.2,4.1
WX03022,2024-11-08,16.9,0.0,26.0,12.9,1006.7,1.4
WX03023,2024-11-09,21.2,0.0,33.3,14.0,1016.2,3.3
WX03024,2024-11-10,18.3,0.0,46.2,10.2,1007.6,2.5
WX03025,2024-11-11,16.1,0.0,33.3,6.0,1004.6,3.0
WX03026,2024-11-12,20.9,0.0,17.9,8.3,1002.7,2.3
WX03027,2024-11-13,19.0,0.0,41.3,15.5,1009.9,1.4
WX03028,2024-11-14,20.8,0.0,27.1,15.1,1017.3,2.4
WX03029,2024-11-15,23.8,0.0,27.7,5.8,1009.5,3.8
WX03030,2024-11-16,19.0,0.0,35.1,8.0,1006.0,4.0
WX03031,2024-11-17,17.4,0.0,40.9,15.3,1007.2,2.4
WX03032,2024-11-18,20.3,0.0,36.3,11.9,1002.4,3.9
WX03033,2024-11-19,21.8,0.0,39.0,3.4,1007.8,2.0
WX03034,2024-11-20,19.7,0.0,46.4,6.1,1000.1,2.1
WX03035,2024-11-21,20.1,0.0,33.6,7.4,1005.3,3.8
WX03036,2024-11-22,18.6,0.0,22.3,10.7,1007.4,2.3
WX03037,2024-11-23,16.7,0.0,21.9,8.4,1011.5,2.8
WX03038,2024-11-24,20.5,0.0,39.3,11.1,1004.7,1.0
WX03039,2024-11-25,18.4,33.8,15.7,7.3,1011.3,2.5
WX03040,2024-11-26,17.5,0.0,22.7,17.8,1002.8,2.1
WX03041,2024-11-27,19.8,0.0,47.5,10.3,1006.6,1.9
WX03042,2024-11-28,17.7,3.8,56.3,1.1,1007.6,3.5
WX03043,2024-11-29,16.9,0.0,44.2,10.3,1011.7,1.7
WX03044,2024-11-30,21.7,0.0,31.7,10.5,1011.6,1.8
WX03045,2024-12-01,18.7,0.0,37.2,7.9,1014.7,2.2
WX03046,2024-12-02,16.4,0.0,31.1,9.6,1009.4,2.5
WX03047,2024-12-03,17.9,0.0,30.8,17.4,1010.5,1.6
WX03048,2024-12-04,20.9,0.0,40.7,11.2,1019.4,3.6
WX03049,2024-12-05,18.2,0.0,27.2,10.5,1004.7,2.5
WX03050,2024-12-06,21.3,0.0,40.4,6.8,1010.1,1.7
WX03051,2024-12-07,22.6,0.0,32.0,13.9,1010.2,1.0
WX03052,2024-12-08,15.7,0.0,28.0,12.6,1010.7,3.6
WX03053,2024-12-09,20.1,0.0,32.1,11.4,1003.6,2.2
WX03054,2024-12-10,14.5,0.0,32.3,6.6,1010.4,2.8
WX03055,2024-12-11,17.7,0.0,31.9,13.2,1012.5,1.0
WX03056,2024-12-12,15.8,0.0,41.7,8.5,1011.7,1.0
WX03057,2024-12-13,19.7,0.0,35.3,9.2,1009.3,1.9
WX03058,2024-12-14,19.0,0.0,40.3,12.5,1009.1,2.8
WX03059,2024-12-15,19.5,0.0,42.7,9.8,997.5,2.7
WX03060,2024-12-16,18.2,0.0,40.0,11.1,1004.8,1.3
WX03061,2024-12-17,16.6,0.0,57.9,13.1,1009.3,1.0
WX03062,2024-12-18,18.6,0.0,37.8,15.6,1014.9,1.6
WX03063,2024-12-19,19.5,0.0,29.7,12.4,1007.3,2.4
WX03064,2024-12-20,16.9,0.0,29.4,9.6,1003.4,2.8
WX03065,2024-12-21,15.3,0.0,27.7,9.6,1002.5,2.1
WX03066,2024-12-22,18.2,0.0,21.2,6.2,1009.6,1.2
WX03067,2024-12-23,22.2,0.0,29.4,5.1,1006.5,2.2
WX03068,2024-12-24,15.8,0.0,30.8,9.7,1007.6,3.4
WX03069,2024-12-25,16.2,0.0,35.2,15.8,1010.2,2.8
WX03070,2024-12-26,18.6,0.0,27.9,6.2,1006.9,1.2
WX03071,2024-12-27,15.9,0.0,47.9,8.4,1006.5,1.8
WX03072,2024-12-28,17.8,0.0,22.3,7.1,1009.3,1.3
WX03073,2024-12-29,13.1,0.0,29.3,9.3,1009.7,1.1
WX03074,2024-12-30,15.9,0.0,43.0,16.5,1018.0,1.1
WX03075,2024-12-31,16.7,0.0,23.7,11.7,1011.0,2.4
WX03076,2025-01-01,17.0,0.0,28.1,10.1,1006.5,3.1
WX03077,2025-01-02,19.5,0.0,31.9,8.8,1008.4,1.5
WX03078,2025-01-03,17.7,0.0,25.0,5.0,1012.1,2.1
WX03079,2025-01-04,21.6,0.0,33.0,10.5,1016.1,1.4
WX03080,2025-01-05,16.8,0.0,43.3,12.3,1004.5,1.5
WX03081,2025-01-06,16.9,0.0,35.6,6.9,1001.8,1.0
WX03082,2025-01-07,18.4,0.0,26.5,17.3,1010.3,2.1
WX03083,2025-01-08,22.9,46.4,39.4,5.7,1009.0,2.3
WX03084,2025-01-09,22.1,0.0,44.8,10.5,1008.1,2.0
WX03085,2025-01-10,17.7,0.0,48.4,6.9,1011.8,1.4
WX03086,2025-01-11,14.9,0.0,36.8,3.6,1009.6,1.7
WX03087,2025-01-12,25.3,0.0,29.5,12.3,1003.3,1.0
WX03088,2025-01-13,16.2,0.0,29.6,8.6,1008.4,3.6
WX03089,2025-01-14,16.8,0.0,15.8,9.2,1011.9,1.0
WX03090,2025-01-15,15.2,0.0,26.0,12.9,1005.0,1.5
WX03091,2025-01-16,19.4,11.4,31.9,9.4,1007.8,1.0
WX03092,2025-01-17,18.7,0.0,29.0,14.9,1012.6,2.3
WX03093,2025-01-18,15.8,0.0,27.1,9.6,1007.0,3.5
WX03094,2025-01-19,21.0,0.0,31.3,13.1,1013.4,2.7
WX03095,2025-01-20,19.4,0.0,36.1,11.5,1004.4,2.2
WX03096,2025-01-21,19.8,0.0,20.3,19.0,1006.3,2.5
WX03097,2025-01-22,16.6,0.0,29.4,13.0,1012.6,2.6
WX03098,2025-01-23,21.7,0.0,28.4,18.5,1011.6,3.0
WX03099,2025-01-24,19.3,0.0,32.1,6.2,1000.7,3.2
WX03100,2025-01-25,20.5,0.0,30.0,2.2,1002.6,2.1
WX03101,2025-01-26,18.5,0.0,39.0,18.8,1009.0,2.7
WX03102,2025-01-27,20.0,0.0,58.4,10.9,1006.2,3.0
WX03103,2025-01-28,21.7,0.0,24.7,8.2,1008.2,1.4
WX03104,2025-01-29,22.1,0.0,33.3,13.1,1011.9,1.0
WX03105,2025-01-30,19.3,0.0,32.8,12.6,1010.5,1.8
WX03106,2025-01-31,17.5,0.0,26.0,3.8,1007.1,2.8
WX03107,2025-02-01,19.5,6.7,45.6,3.7,1010.6,3.1
WX03108,2025-02-02,21.1,0.0,41.9,13.7,1007.1,1.9
WX03109,2025-02-03,21.3,0.0,36.2,14.7,1002.0,2.5
WX03110,2025-02-04,21.9,0.0,27.9,10.8,1008.1,2.2
WX03111,2025-02-05,17.1,0.0,25.1,7.4,1007.7,3.1
WX03112,2025-02-06,22.0,0.0,34.6,1.0,1007.6,3.3
WX03113,2025-02-07,18.5,0.0,40.0,5.1,1001.0,3.0
WX03114,2025-02-08,17.7,0.0,37.0,8.2,1007.0,3.0
WX03115,2025-02-09,21.3,0.0,30.1,7.2,1007.1,3.0
WX03116,2025-02-10,19.3,0.0,29.4,10.4,1006.9,3.6
WX03117,2025-02-11,23.3,0.0,26.1,7.7,1010.2,3.1
WX03118,2025-02-12,22.5,0.0,32.6,10.2,1011.5,4.0
WX03119,2025-02-13,20.6,0.0,42.0,1.0,1010.4,4.0
WX03120,2025-02-14,22.6,0.0,43.7,11.3,1008.4,2.7
WX03121,2025-02-15,22.8,0.0,46.8,11.0,1007.2,4.9
WX03122,2025-02-16,22.5,0.0,37.6,12.2,1011.0,4.9
WX03123,2025-02-17,26.4,0.0,27.5,9.2,1009.9,5.7
WX03124,2025-02-18,24.2,0.0,23.5,5.6,1008.2,2.2
WX03125,2025-02-19,18.5,0.0,28.7,15.9,1004.1,3.5
WX03126,2025-02-20,22.5,0.0,30.4,7.8,1020.5,3.1
WX03127,2025-02-21,26.1,0.0,39.6,12.2,1010.8,4.7
WX03128,2025-02-22,23.8,0.0,24.2,8.6,1008.7,5.6
WX03129,2025-02-23,23.7,0.0,37.6,12.1,1003.0,4.9
WX03130,2025-02-24,23.7,0.0,24.3,8.8,1008.1,5.1
WX03131,2025-02-25,19.5,0.0,52.9,13.7,1005.4,5.0
WX03132,2025-02-26,23.3,0.0,44.4,12.3,1008.4,4.5
WX03133,2025-02-27,22.0,0.0,29.3,5.7,1010.9,4.0
WX03134,2025-02-28,22.5,0.0,29.5,13.8,1013.9,1.3
WX03135,2025-03-01,22.3,0.0,45.5,12.1,1004.3,5.9
WX03136,2025-03-02,21.3,0.0,19.8,8.4,1007.1,4.8
WX03137,2025-03-03,23.3,0.0,41.0,10.8,1002.8,6.5
WX03138,2025-03-04,23.0,0.0,40.9,3.4,1010.5,4.2
WX03139,2025-03-05,25.3,0.0,37.8,14.7,1007.3,5.7
WX03140,2025-03-06,18.7,0.0,36.0,14.9,1007.1,7.6
WX03141,2025-03-07,24.5,0.0,43.2,3.5,1015.7,4.4
WX03142,2025-03-08,30.1,0.0,34.9,6.2,1013.1,4.7
WX03143,2025-03-09,25.8,0.0,23.3,12.6,996.3,5.4
WX03144,2025-03-10,26.8,0.0,35.4,8.7,1013.6,6.0
WX03145,2025-03-11,23.8,0.0,33.6,4.2,1012.7,5.4
WX03146,2025-03-12,26.5,0.0,26.6,4.9,1004.0,6.0
WX03147,2025-03-13,23.1,0.0,39.5,11.7,1004.3,7.9
WX03148,2025-03-14,24.3,0.0,19.7,15.4,1011.1,5.9
WX03149,2025-03-15,23.1,0.0,40.3,9.0,1013.3,5.6
WX03150,2025-03-16,26.0,0.0,47.7,8.8,1011.2,7.3
WX03151,2025-03-17,27.0,0.0,38.0,7.4,1010.6,5.8
WX03152,2025-03-18,26.1,0.0,62.2,10.2,1010.7,6.9
WX03153,2025-03-19,23.1,0.0,37.7,14.2,1006.2,6.0
WX03154,2025-03-20,24.5,0.0,36.0,11.5,1016.5,7.0
WX03155,2025-03-21,24.5,0.0,42.2,13.6,1004.7,5.2
WX03156,2025-03-22,25.0,0.0,47.9,8.6,1001.9,6.5
WX03157,2025-03-23,22.2,0.0,35.6,5.2,1006.8,6.4
WX03158,2025-03-24,25.9,0.0,18.2,9.7,1007.2,6.2
WX03159,2025-03-25,26.8,0.0,29.6,11.2,1009.8,7.3
WX03160,2025-03-26,23.2,0.0,28.6,15.3,1008.8,6.2
WX03161,2025-03-27,26.9,0.0,29.1,3.7,1013.7,7.4
WX03162,2025-03-28,26.9,0.0,29.1,9.4,1012.3,5.3
WX03163,2025-03-29,30.6,0.0,42.0,10.0,1006.3,6.0
WX03164,2025-03-30,27.5,0.0,39.1,4.5,1003.0,7.9
WX03165,2025-03-31,28.2,0.0,23.0,15.1,1008.1,5.4
WX03166,2025-04-01,29.6,0.0,34.5,9.0,1009.6,8.0
WX03167,2025-04-02,26.3,0.0,49.5,8.6,1008.6,7.1
WX03168,2025-04-03,23.3,0.0,38.8,4.9,1009.3,6.8
WX03169,2025-04-04,29.4,0.0,31.1,7.2,1007.0,8.2
WX03170,2025-04-05,28.1,0.0,31.5,16.4,1002.3,8.4
WX03171,2025-04-06,27.8,0.0,53.2,11.6,998.9,5.6
WX03172,2025-04-07,29.5,0.0,44.5,7.7,1016.9,7.6
WX03173,2025-04-08,29.3,0.0,28.6,8.6,1007.8,7.6
WX03174,2025-04-09,27.5,4.8,37.4,17.5,1000.6,7.6
WX03175,2025-04-10,30.6,0.0,43.8,13.1,1007.1,7.2
WX03176,2025-04-11,29.6,0.0,43.1,10.2,1011.3,6.4
WX03177,2025-04-12,25.9,0.0,36.3,7.4,1001.9,7.4
WX03178,2025-04-13,29.1,19.8,42.9,14.2,1005.2,6.1
WX03179,2025-04-14,28.0,0.0,56.7,4.3,1009.7,7.4
WX03180,2025-04-15,32.5,0.0,32.1,9.6,1007.8,7.7
WX03181,2025-04-16,25.9,0.0,41.4,15.4,1018.9,8.3
WX03182,2025-04-17,33.5,0.0,32.3,7.8,1003.4,7.6
WX03183,2025-04-18,31.3,0.0,40.4,5.9,1020.3,8.9
WX03184,2025-04-19,29.4,0.0,36.5,4.4,1008.2,9.8
WX03185,2025-04-20,26.8,0.0,48.4,11.0,1009.3,9.2
WX03186,2025-04-21,30.7,0.0,39.8,18.8,1002.7,7.7
WX03187,2025-04-22,29.9,0.0,32.0,10.5,1006.7,8.4
WX03188,2025-04-23,30.8,0.0,38.2,11.3,1011.7,8.0
WX03189,2025-04-24,31.5,0.0,32.2,8.7,1008.1,6.8
WX03190,2025-04-25,28.6,0.0,37.8,11.5,1007.7,10.3
WX03191,2025-04-26,32.9,0.0,40.9,9.9,1008.2,9.0
WX03192,2025-04-27,27.0,0.0,18.2,5.5,1003.9,11.1
WX03193,2025-04-28,26.3,0.0,27.3,7.3,1006.0,7.8
WX03194,2025-04-29,31.1,0.0,44.4,7.4,1002.7,7.7
WX03195,2025-04-30,28.7,0.0,34.6,12.7,1002.8,7.1
WX03196,2025-05-01,28.1,0.0,24.6,10.0,1007.5,8.4
WX03197,2025-05-02,32.3,0.0,29.6,7.1,1010.8,8.4
WX03198,2025-05-03,30.7,10.0,26.2,10.2,1007.2,8.3
WX03199,2025-05-04,33.7,0.0,43.2,14.1,1007.6,9.4
WX03200,2025-05-05,30.8,0.0,27.6,17.0,1007.6,8.6
WX03201,2025-05-06,33.4,20.0,33.1,13.0,1011.4,7.5
WX03202,2025-05-07,34.2,0.0,23.2,11.8,1011.4,8.4
WX03203,2025-05-08,34.3,22.1,26.4,19.7,1012.9,9.5
WX03204,2025-05-09,32.8,0.0,25.1,3.5,1011.2,9.2
WX03205,2025-05-10,33.2,30.8,37.8,10.0,1013.5,7.8
WX03206,2025-05-11,29.9,0.0,46.0,8.3,1010.3,9.3
WX03207,2025-05-12,35.0,0.0,28.3,14.6,1002.2,8.7
WX03208,2025-05-13,30.9,0.0,51.0,6.6,1001.5,9.7
WX03209,2025-05-14,33.2,24.0,34.5,12.5,1000.6,9.5
WX03210,2025-05-15,29.4,0.0,36.6,15.0,1012.3,9.1
WX03211,2025-05-16,33.1,0.0,43.2,11.8,1009.7,7.3
WX03212,2025-05-17,33.4,0.0,34.1,7.7,1017.7,9.0
WX03213,2025-05-18,34.4,0.0,18.4,8.8,1011.3,9.3
WX03214,2025-05-19,36.0,0.0,38.1,14.6,1013.8,8.9
WX03215,2025-05-20,32.4,0.0,25.1,17.9,1008.9,9.9
WX03216,2025-05-21,24.8,0.0,37.2,6.3,1010.3,9.7
WX03217,2025-05-22,33.0,0.0,20.0,19.1,1011.3,10.5
WX03218,2025-05-23,35.2,0.0,34.0,15.7,1002.5,8.4
WX03219,2025-05-24,32.1,3.4,36.0,7.7,1007.1,8.9
WX03220,2025-05-25,31.4,0.0,30.2,9.0,1008.2,9.4
WX03221,2025-05-26,37.0,0.0,35.3,11.2,1015.1,9.5
WX03222,2025-05-27,32.4,15.7,41.9,8.5,1003.2,9.1
WX03223,2025-05-28,35.0,0.0,32.3,12.1,1016.2,9.6
WX03224,2025-05-29,35.8,0.0,34.6,9.9,1012.5,11.1
WX03225,2025-05-30,32.2,0.0,45.0,5.6,1002.0,8.5
WX03226,2025-05-31,35.3,0.0,39.0,11.8,1009.1,10.1
WX03227,2025-06-01,32.9,0.0,60.8,11.0,1012.9,12.0
WX03228,2025-06-02,32.2,23.7,72.3,7.1,1004.4,9.4
WX03229,2025-06-03,33.5,0.0,73.9,14.8,1006.2,10.0
WX03230,2025-06-04,31.9,20.2,85.4,6.4,1010.5,9.2
WX03231,2025-06-05,34.4,33.3,78.2,8.0,1004.9,9.5
WX03232,2025-06-06,29.9,32.4,67.8,13.4,1008.5,10.9
WX03233,2025-06-07,31.2,0.0,83.7,15.3,1011.0,8.2
WX03234,2025-06-08,36.7,0.0,77.9,8.2,1007.4,10.1
WX03235,2025-06-09,33.0,0.0,70.6,14.9,1006.2,10.8
WX03236,2025-06-10,34.6,0.0,51.5,11.5,997.1,9.7
WX03237,2025-06-11,31.9,9.7,75.5,4.1,1003.2,9.1
WX03238,2025-06-12,32.6,8.1,80.9,15.3,1011.6,9.1
WX03239,2025-06-13,31.7,0.0,72.5,16.3,1013.9,10.4
WX03240,2025-06-14,35.7,4.5,71.7,9.4,1009.6,10.9
WX03241,2025-06-15,32.5,33.3,66.2,10.0,1012.3,8.7
WX03242,2025-06-16,36.8,19.1,74.9,15.2,1004.8,10.7
WX03243,2025-06-17,33.3,0.0,71.5,7.5,1004.4,8.9
WX03244,2025-06-18,34.7,0.0,80.6,12.7,1007.2,10.3
WX03245,2025-06-19,30.5,23.1,77.3,7.6,1013.2,10.0
WX03246,2025-06-20,30.8,9.3,63.9,9.3,1009.0,9.9
WX03247,2025-06-21,31.7,0.0,77.9,8.4,1004.2,7.4
WX03248,2025-06-22,35.5,13.1,83.2,10.1,1010.0,7.6
WX03249,2025-06-23,33.7,30.4,79.5,7.8,1011.6,9.5
WX03250,2025-06-24,34.9,17.0,76.7,10.6,999.1,10.1
WX03251,2025-06-25,34.0,20.4,82.2,5.5,1010.0,9.9
WX03252,2025-06-26,32.7,37.9,86.2,11.5,1008.3,10.8
WX03253,2025-06-27,37.0,0.0,76.9,6.5,1014.8,10.6
WX03254,2025-06-28,34.4,0.0,61.9,8.5,1005.3,10.1
WX03255,2025-06-29,38.2,18.9,75.1,12.2,1006.0,9.7
WX03256,2025-06-30,32.8,4.8,85.8,11.6,1010.2,9.6
WX03257,2025-07-01,33.1,1.4,62.8,11.9,1006.8,9.3
WX03258,2025-07-02,35.8,19.7,77.1,7.6,1001.1,8.5
WX03259,2025-07-03,34.4,5.5,69.3,4.1,1004.9,10.8
WX03260,2025-07-04,31.0,0.0,87.9,10.5,1003.5,9.4
WX03261,2025-07-05,34.9,0.0,78.3,11.2,1006.2,9.5
WX03262,2025-07-06,38.6,0.0,67.9,6.3,1010.5,10.7
WX03263,2025-07-07,32.1,29.5,69.4,8.5,1001.7,10.0
WX03264,2025-07-08,33.0,78.5,76.6,18.5,1001.0,9.3
WX03265,2025-07-09,34.0,19.9,79.8,8.4,1005.5,10.7
WX03266,2025-07-10,34.0,0.0,77.5,7.6,1008.9,9.9
WX03267,2025-07-11,35.4,5.5,96.7,1.0,1006.1,9.2
WX03268,2025-07-12,33.8,14.9,73.7,9.5,1013.7,9.2
WX03269,2025-07-13,30.9,0.0,86.1,17.7,1005.5,9.1
WX03270,2025-07-14,40.6,6.9,91.8,17.3,1006.8,9.2
WX03271,2025-07-15,30.1,14.6,70.8,8.9,1009.8,11.7
WX03272,2025-07-16,31.5,20.2,74.6,12.2,1004.0,8.7
WX03273,2025-07-17,29.7,18.0,70.7,9.3,1007.2,9.4
WX03274,2025-07-18,31.3,19.5,81.0,11.4,1008.8,9.3
WX03275,2025-07-19,33.6,0.0,75.1,12.2,1010.6,10.0
WX03276,2025-07-20,31.3,0.0,82.5,6.9,1006.6,9.1
WX03277,2025-07-21,35.6,0.0,73.9,4.9,1010.9,7.9
WX03278,2025-07-22,31.6,0.0,86.2,10.4,1007.7,9.2
WX03279,2025-07-23,34.3,35.0,71.2,13.7,1008.4,9.8
WX03280,2025-07-24,31.3,25.1,71.9,7.3,1011.9,7.6
WX03281,2025-07-25,29.9,0.0,71.2,15.5,1010.4,9.4
WX03282,2025-07-26,34.1,10.6,64.6,8.9,1012.4,8.6
WX03283,2025-07-27,33.8,32.4,84.3,13.1,1003.6,9.5
WX03284,2025-07-28,30.0,41.6,72.3,2.5,1008.3,9.5
WX03285,2025-07-29,30.0,0.4,72.1,12.6,1010.4,9.4
WX03286,2025-07-30,32.0,0.0,83.7,3.0,1014.6,8.3
WX03287,2025-07-31,30.0,36.5,82.6,11.5,1015.1,8.1
WX03288,2025-08-01,33.6,21.8,86.3,5.1,1015.6,7.7
WX03289,2025-08-02,34.2,20.5,80.5,14.4,996.2,10.0
WX03290,2025-08-03,33.6,0.0,69.0,10.5,1007.9,10.7
WX03291,2025-08-04,31.2,0.0,76.5,8.9,1006.0,9.2
WX03292,2025-08-05,33.3,11.9,83.9,9.4,1001.7,9.7
WX03293,2025-08-06,30.9,15.0,52.8,16.2,1008.6,9.2
WX03294,2025-08-07,32.0,24.0,68.5,7.7,1004.7,10.4
WX03295,2025-08-08,32.3,26.4,68.8,6.5,1013.5,7.1
WX03296,2025-08-09,34.2,0.0,65.5,14.2,1009.8,9.1
WX03297,2025-08-10,29.4,0.0,77.1,5.4,1005.5,8.6
WX03298,2025-08-11,29.6,39.4,77.2,16.3,1013.6,8.1
WX03299,2025-08-12,26.8,36.7,76.5,2.5,1007.1,8.8
WX03300,2025-08-13,32.9,23.8,75.3,6.4,1016.1,8.7
WX03301,2025-08-14,33.4,0.0,78.2,14.6,1016.3,9.7
WX03302,2025-08-15,30.4,0.0,67.7,9.3,1007.8,9.4
WX03303,2025-08-16,27.7,0.0,70.1,14.2,1005.0,8.4
WX03304,2025-08-17,29.7,0.0,83.3,3.8,1003.2,8.8
WX03305,2025-08-18,32.6,2.3,70.5,12.7,1002.0,8.5
WX03306,2025-08-19,34.3,12.5,72.6,3.3,1009.3,7.8
WX03307,2025-08-20,29.7,0.0,65.6,1.0,1011.9,5.5
WX03308,2025-08-21,28.8,0.0,65.8,10.4,1002.7,9.3
WX03309,2025-08-22,30.4,16.6,80.4,6.5,1007.3,8.9
WX03310,2025-08-23,32.2,20.5,67.9,5.6,1005.3,7.2
WX03311,2025-08-24,27.6,0.0,60.1,10.6,1008.4,7.1
WX03312,2025-08-25,28.8,37.1,79.2,10.9,1011.0,8.0
WX03313,2025-08-26,28.7,44.6,86.2,11.3,1005.7,7.9
WX03314,2025-08-27,29.8,8.3,88.6,4.5,1018.8,7.5
WX03315,2025-08-28,29.1,0.0,77.4,12.6,1006.4,6.8
WX03316,2025-08-29,31.5,0.0,79.4,11.2,1005.6,8.7
WX03317,2025-08-30,32.2,0.0,79.5,16.9,1002.6,7.8
WX03318,2025-08-31,31.3,0.0,57.1,2.8,1010.0,7.7
WX03319,2025-09-01,30.3,6.2,77.5,8.8,1012.0,7.8
WX03320,2025-09-02,24.9,51.9,71.5,19.4,1013.3,6.0
WX03321,2025-09-03,31.8,0.0,55.6,5.1,1011.9,8.1
WX03322,2025-09-04,26.6,34.1,67.2,13.4,1016.8,5.5
WX03323,2025-09-05,29.4,32.6,75.5,8.0,1003.4,6.1
WX03324,2025-09-06,28.4,16.2,84.2,7.5,1009.9,5.3
WX03325,2025-09-07,24.7,12.2,75.6,10.5,1010.8,5.0
WX03326,2025-09-08,31.4,0.0,78.3,4.3,1003.9,6.7
WX03327,2025-09-09,25.7,40.8,72.2,10.0,1004.9,8.6
WX03328,2025-09-10,27.8,39.0,74.9,12.1,1004.3,7.2
WX03329,2025-09-11,28.6,37.4,84.8,10.2,1008.9,7.8
WX03330,2025-09-12,28.3,54.1,85.3,11.8,1019.5,5.7
WX03331,2025-09-13,23.7,0.0,73.3,10.6,1009.4,7.3
WX03332,2025-09-14,24.6,0.0,77.4,16.9,1002.2,6.4
WX03333,2025-09-15,26.0,15.4,92.8,10.7,1003.0,6.4
WX03334,2025-09-16,25.5,0.0,69.1,1.8,1009.0,4.3
WX03335,2025-09-17,26.4,0.0,71.1,3.7,1008.1,5.5
WX03336,2025-09-18,24.2,0.0,64.2,15.0,1000.7,5.7
WX03337,2025-09-19,26.5,0.0,74.5,11.3,1007.1,7.8
WX03338,2025-09-20,25.4,16.6,80.7,12.2,1008.6,7.3
WX03339,2025-09-21,23.0,0.0,79.8,8.8,1007.1,4.9
WX03340,2025-09-22,26.2,0.0,80.3,8.7,1005.8,6.6
WX03341,2025-09-23,27.1,34.8,64.5,13.4,1014.4,7.7
WX03342,2025-09-24,27.1,41.6,64.4,11.3,1007.7,7.1
WX03343,2025-09-25,22.4,34.9,74.2,6.5,1003.4,6.4
WX03344,2025-09-26,28.1,3.6,82.0,14.2,1006.2,4.8
WX03345,2025-09-27,26.2,0.0,82.4,8.7,1005.6,5.4
WX03346,2025-09-28,30.0,39.4,73.4,13.9,1009.3,2.5
WX03347,2025-09-29,24.1,0.0,97.1,8.0,1011.4,7.0
WX03348,2025-09-30,25.6,0.0,73.8,5.0,1004.2,5.3
WX03349,2025-10-01,24.3,12.0,31.6,13.1,1013.3,6.0
WX03350,2025-10-02,25.8,0.0,31.9,8.3,1007.1,5.2
WX03351,2025-10-03,23.7,0.0,39.3,14.3,1008.4,5.5
WX03352,2025-10-04,21.7,0.0,24.9,10.3,1012.3,6.3
WX03353,2025-10-05,22.0,0.0,29.0,6.4,1009.8,3.4
WX03354,2025-10-06,22.9,0.0,41.1,12.7,1008.9,4.3
WX03355,2025-10-07,24.7,0.0,43.7,7.9,1002.7,4.9
WX03356,2025-10-08,25.3,0.0,45.1,14.6,1011.1,5.1
WX03357,2025-10-09,18.0,0.0,31.9,15.3,1012.7,4.5
WX03358,2025-10-10,23.5,0.0,29.4,12.1,1003.9,5.1
WX03359,2025-10-11,21.9,0.0,35.3,8.8,1005.7,4.1
WX03360,2025-10-12,22.2,0.0,32.4,13.8,1007.2,4.7
WX03361,2025-10-13,21.2,0.0,39.1,5.1,1010.3,4.9
WX03362,2025-10-14,23.5,0.0,39.3,12.4,1010.3,4.5
WX03363,2025-10-15,21.4,0.0,37.5,11.4,1010.2,3.8
WX03364,2025-10-16,20.7,0.0,41.4,14.2,1008.8,2.6
WX03365,2025-10-17,21.0,0.0,33.1,3.9,1005.3,6.2
WX03366,2025-10-18,19.6,0.0,28.4,15.3,1009.6,5.6
WX03367,2025-10-19,21.8,0.0,34.4,11.8,1007.9,1.5
WX03368,2025-10-20,19.4,0.0,32.9,10.4,1017.9,5.4
WX03369,2025-10-21,25.7,0.0,54.2,9.2,1006.7,3.8
WX03370,2025-10-22,22.7,0.0,28.3,9.5,1006.5,3.9
WX03371,2025-10-23,20.6,19.6,30.0,9.7,1007.7,4.2
WX03372,2025-10-24,24.8,0.0,44.6,10.2,1010.2,4.2
WX03373,2025-10-25,22.2,15.9,22.8,13.9,1015.4,4.4
WX03374,2025-10-26,19.6,7.2,28.5,13.3,1007.9,6.0
WX03375,2025-10-27,19.1,0.0,53.7,10.8,1005.5,3.1
WX03376,2025-10-28,20.2,12.9,32.3,6.4,1014.8,4.1
WX03377,2025-10-29,19.6,72.1,31.8,18.1,1005.4,4.5
WX03378,2025-10-30,21.9,0.0,31.7,12.1,1004.8,1.0
WX03379,2025-10-31,20.2,0.0,15.0,8.9,1005.7,1.8
WX03380,2025-11-01,16.3,0.0,40.1,7.1,1005.5,4.7
WX03381,2025-11-02,22.3,0.0,37.4,8.8,1009.0,4.1
WX03382,2025-11-03,17.3,0.0,32.9,8.7,1006.8,3.8
WX03383,2025-11-04,20.3,0.0,32.1,13.7,1008.5,3.4
WX03384,2025-11-05,22.4,0.0,34.6,9.7,1002.5,4.1
WX03385,2025-11-06,20.5,0.0,35.9,9.3,1003.0,5.8
WX03386,2025-11-07,20.2,0.0,34.7,12.3,1001.9,2.8
WX03387,2025-11-08,19.9,0.0,36.8,4.6,1005.7,3.1
WX03388,2025-11-09,22.9,0.0,36.8,8.3,1010.0,3.7
WX03389,2025-11-10,21.1,0.0,33.9,17.1,1014.0,4.2
WX03390,2025-11-11,15.9,0.0,44.8,10.7,1011.4,1.6
WX03391,2025-11-12,19.0,0.0,23.0,7.0,1005.4,3.2
WX03392,2025-11-13,22.3,0.0,34.0,14.5,1011.1,2.0
WX03393,2025-11-14,17.1,0.0,43.6,13.2,1007.5,2.1
WX03394,2025-11-15,18.3,0.0,26.0,7.6,1009.7,1.3
WX03395,2025-11-16,19.3,0.0,31.0,12.8,1005.9,2.6
WX03396,2025-11-17,21.3,0.0,34.1,6.9,1008.5,2.3
WX03397,2025-11-18,20.7,0.0,33.8,11.5,1010.2,3.7
WX03398,2025-11-19,21.0,0.0,34.9,8.1,1014.9,1.3
WX03399,2025-11-20,22.3,5.8,32.2,9.1,1005.6,3.4
WX03400,2025-11-21,22.9,0.0,37.9,6.9,1004.9,2.3
WX03401,2025-11-22,16.8,0.0,31.5,10.2,1003.5,2.5
WX03402,2025-11-23,20.5,0.0,35.8,9.4,1009.6,2.9
WX03403,2025-11-24,17.3,0.0,45.3,13.0,1006.8,1.8
WX03404,2025-11-25,17.9,0.0,36.8,12.1,1011.3,1.0
WX03405,2025-11-26,18.9,0.0,21.0,8.7,1004.6,2.6
WX03406,2025-11-27,21.2,0.0,32.5,11.4,1007.7,2.8
WX03407,2025-11-28,17.3,0.0,31.5,14.6,1003.9,3.9
WX03408,2025-11-29,15.8,0.0,29.2,7.9,1008.0,3.3
WX03409,2025-11-30,19.5,0.0,29.9,13.9,1011.7,1.0
WX03410,2025-12-01,14.3,0.0,41.4,11.3,1001.4,2.4
WX03411,2025-12-02,19.9,28.7,30.0,8.2,1006.7,1.2
WX03412,2025-12-03,17.6,0.0,30.1,17.7,1005.7,3.3
WX03413,2025-12-04,20.7,0.0,34.1,13.0,1010.2,1.0
WX03414,2025-12-05,20.0,0.0,47.2,8.3,1018.0,3.1
WX03415,2025-12-06,17.4,0.0,31.2,7.6,1011.9,2.4
WX03416,2025-12-07,16.6,0.0,15.0,3.4,1005.1,1.7
WX03417,2025-12-08,20.5,0.0,36.7,6.4,1006.0,3.1
WX03418,2025-12-09,20.3,0.0,58.2,7.3,1003.3,4.0
WX03419,2025-12-10,15.9,0.0,44.0,9.5,1010.4,3.0
WX03420,2025-12-11,19.8,0.0,20.3,11.8,1007.0,1.1
WX03421,2025-12-12,15.7,0.0,38.7,4.5,1012.6,1.0
WX03422,2025-12-13,18.2,0.0,33.3,13.0,1004.6,3.8
WX03423,2025-12-14,17.1,0.0,32.8,11.5,1010.9,1.7
WX03424,2025-12-15,15.2,0.0,41.3,9.5,1003.4,3.9
WX03425,2025-12-16,17.6,0.0,31.8,10.1,1004.4,2.3
WX03426,2025-12-17,20.7,0.0,45.4,9.2,1006.1,1.0
WX03427,2025-12-18,18.6,0.0,24.4,14.5,1007.7,1.9
WX03428,2025-12-19,16.3,0.0,31.1,14.0,1014.9,1.0
WX03429,2025-12-20,19.7,0.0,40.7,3.6,1002.1,2.7
WX03430,2025-12-21,22.5,0.0,37.8,7.8,1006.2,3.4
WX03431,2025-12-22,16.9,0.0,27.9,5.0,1006.2,3.8
WX03432,2025-12-23,18.1,0.0,36.9,17.2,1009.0,2.3
WX03433,2025-12-24,16.2,0.0,35.8,16.8,1018.6,1.0
WX03434,2025-12-25,18.8,0.0,36.8,11.9,1001.4,1.2
WX03435,2025-12-26,17.9,0.0,41.0,11.4,1010.4,1.4
WX03436,2025-12-27,17.0,0.0,41.0,7.8,1008.9,2.0
WX03437,2025-12-28,16.0,0.0,26.6,15.5,1007.6,1.7
WX03438,2025-12-29,17.9,0.0,44.7,9.4,1009.9,1.0
WX03439,2025-12-30,17.2,0.0,46.7,9.2,1011.2,1.3
WX03440,2025-12-31,21.0,0.0,18.1,9.7,1014.7,1.4
WX03441,2026-01-01,19.5,0.0,40.5,10.0,1008.6,2.2
WX03442,2026-01-02,14.1,0.0,37.0,12.0,1009.8,2.8
WX03443,2026-01-03,21.0,0.0,35.4,3.9,1009.7,3.7
WX03444,2026-01-04,19.1,0.0,38.1,2.8,1004.1,2.0
WX03445,2026-01-05,18.0,0.0,34.1,14.0,1005.2,2.1
WX03446,2026-01-06,19.1,12.5,44.3,16.4,1011.0,1.3
WX03447,2026-01-07,17.2,0.0,31.7,10.7,1010.8,3.0
WX03448,2026-01-08,19.6,0.0,28.3,12.0,1010.6,1.9
WX03449,2026-01-09,17.6,0.0,38.6,14.6,1001.6,2.0
WX03450,2026-01-10,18.3,0.0,32.5,15.7,1008.9,1.3
WX03451,2026-01-11,17.4,0.0,29.4,6.6,1008.0,1.3
WX03452,2026-01-12,16.9,0.0,28.4,9.4,1000.6,2.3
WX03453,2026-01-13,19.9,0.0,39.7,12.1,1010.5,1.0
WX03454,2026-01-14,17.3,0.0,22.4,7.3,1006.4,4.3
WX03455,2026-01-15,16.1,0.0,24.4,12.0,1009.4,2.1
WX03456,2026-01-16,19.5,0.0,21.3,4.6,1009.9,1.8
WX03457,2026-01-17,23.4,0.0,40.7,10.4,1008.4,2.0
WX03458,2026-01-18,20.5,0.0,30.7,10.3,999.3,1.0
WX03459,2026-01-19,15.4,0.0,22.9,7.8,1009.8,2.9
WX03460,2026-01-20,19.0,0.0,54.9,9.3,1003.0,1.1
WX03461,2026-01-21,20.2,0.0,37.2,10.1,1001.7,2.9
WX03462,2026-01-22,22.0,8.1,15.7,2.6,1005.2,3.0
WX03463,2026-01-23,20.7,0.0,31.4,4.4,1006.7,2.0
WX03464,2026-01-24,18.6,0.0,33.0,9.8,1004.4,2.1
WX03465,2026-01-25,18.8,0.0,41.2,14.7,1012.5,2.4
WX03466,2026-01-26,18.7,0.0,29.9,1.9,1003.1,3.1
WX03467,2026-01-27,17.2,0.0,35.3,9.4,1016.9,2.7
WX03468,2026-01-28,16.9,0.0,21.8,1.0,1005.5,1.7
WX03469,2026-01-29,14.1,0.0,25.5,7.7,1006.9,2.1
WX03470,2026-01-30,22.2,0.0,28.8,15.1,1005.8,2.1
WX03471,2026-01-31,20.7,0.0,33.9,16.8,1014.7,4.3
WX03472,2026-02-01,17.9,0.0,28.9,11.0,1015.6,3.7
WX03473,2026-02-02,19.6,49.9,32.2,21.3,1004.8,2.3
WX03474,2026-02-03,19.3,0.0,29.8,7.9,1008.5,3.2
WX03475,2026-02-04,19.2,0.0,37.3,10.4,1005.8,2.0
WX03476,2026-02-05,21.1,0.0,37.8,16.8,1004.3,4.8
WX03477,2026-02-06,20.1,0.0,17.5,15.4,1008.9,2.4
WX03478,2026-02-07,21.9,0.0,33.1,13.4,1007.1,2.9
WX03479,2026-02-08,20.7,0.0,23.9,7.8,1006.4,3.6
WX03480,2026-02-09,20.7,0.0,26.1,8.0,1010.7,3.7
WX03481,2026-02-10,20.4,0.0,30.7,6.7,1006.5,2.8
WX03482,2026-02-11,22.0,0.0,26.0,11.7,1005.8,5.8
WX03483,2026-02-12,18.3,0.0,36.8,10.0,1007.0,3.4
WX03484,2026-02-13,21.4,0.0,34.8,14.1,1007.1,3.4
WX03485,2026-02-14,21.8,0.0,29.0,7.9,1000.3,3.5
WX03486,2026-02-15,20.9,0.0,22.4,8.5,1011.0,3.0
WX03487,2026-02-16,22.8,0.0,45.2,11.7,1010.5,3.1
WX03488,2026-02-17,24.0,0.0,33.3,8.1,1007.1,3.9
WX03489,2026-02-18,22.9,0.0,39.7,2.0,999.7,4.9
WX03490,2026-02-19,21.5,0.0,30.9,3.9,1006.0,4.8
WX03491,2026-02-20,20.1,0.0,41.2,7.0,995.0,4.5
WX03492,2026-02-21,26.0,0.0,36.0,14.7,1010.1,3.7
WX03493,2026-02-22,23.4,0.0,43.7,10.0,1005.6,3.0
WX03494,2026-02-23,20.8,0.0,31.9,3.8,1008.4,4.3
WX03495,2026-02-24,22.8,0.0,34.0,8.3,1008.0,4.6
WX03496,2026-02-25,25.1,0.0,40.0,17.1,1005.1,4.8
WX03497,2026-02-26,24.4,0.0,40.4,3.9,1007.7,3.2
WX03498,2026-02-27,22.1,0.0,29.6,15.2,1010.2,4.2
WX03499,2026-02-28,28.1,0.0,42.3,8.4,1002.9,3.3
WX03500,2026-03-01,23.1,0.0,43.5,7.5,1010.4,4.1
WX03501,2026-03-02,26.9,0.0,30.8,11.6,1008.7,5.2
WX03502,2026-03-03,21.4,0.0,35.6,4.6,1007.3,3.6
WX03503,2026-03-04,26.1,0.0,38.8,10.9,1009.5,4.4
WX03504,2026-03-05,22.5,0.0,46.0,9.8,1005.2,4.2
WX03505,2026-03-06,21.6,0.0,24.4,13.6,1002.9,5.5
WX03506,2026-03-07,26.2,0.0,48.7,3.2,1008.2,4.6
WX03507,2026-03-08,23.2,0.0,32.2,13.9,1014.2,6.2
WX03508,2026-03-09,25.6,0.0,39.1,11.4,1004.1,5.7
WX03509,2026-03-10,29.3,0.0,21.0,10.5,1010.6,4.9
WX03510,2026-03-11,22.8,0.0,46.2,8.6,1010.1,4.2
WX03511,2026-03-12,21.3,0.0,30.8,10.7,1008.3,6.6
WX03512,2026-03-13,25.7,0.0,25.0,2.2,1012.5,3.1
WX03513,2026-03-14,27.4,0.0,31.3,10.3,1013.3,6.0
WX03514,2026-03-15,26.2,0.0,23.2,14.9,1011.6,5.1
WX03515,2026-03-16,27.2,0.0,42.0,7.0,1012.8,6.3
WX03516,2026-03-17,25.1,0.0,38.0,8.2,1009.2,6.3
WX03517,2026-03-18,24.8,0.0,37.8,11.4,1011.9,4.5
WX03518,2026-03-19,22.5,0.0,39.4,8.3,1005.8,6.7
WX03519,2026-03-20,31.3,0.0,15.0,9.5,1012.8,5.1
WX03520,2026-03-21,24.9,0.0,33.3,7.0,1007.9,7.3
WX03521,2026-03-22,23.1,0.0,36.3,15.7,1006.1,5.8
WX03522,2026-03-23,23.8,0.0,41.1,5.7,1011.6,6.4
WX03523,2026-03-24,26.8,0.0,47.5,13.9,1005.4,5.8
WX03524,2026-03-25,22.7,0.0,35.9,9.6,1011.5,6.5
WX03525,2026-03-26,26.9,0.0,18.5,13.4,1002.6,7.4
WX03526,2026-03-27,29.4,0.0,42.9,1.3,1003.5,6.7
WX03527,2026-03-28,26.2,0.0,42.6,4.8,1008.9,6.8
WX03528,2026-03-29,22.8,0.0,37.5,5.1,1009.3,8.3
WX03529,2026-03-30,28.8,0.0,35.3,13.6,1007.0,6.2
WX03530,2026-03-31,28.5,0.0,42.0,12.9,1013.5,7.1
WX03531,2026-04-01,27.2,0.0,32.3,8.9,1010.6,9.1
WX03532,2026-04-02,26.6,0.0,28.7,11.2,1007.5,7.9
WX03533,2026-04-03,30.6,0.0,36.2,7.8,1009.5,5.0
WX03534,2026-04-04,26.0,0.0,36.0,12.4,1011.9,7.3
WX03535,2026-04-05,31.5,0.0,45.0,8.1,1009.5,8.2
WX03536,2026-04-06,27.8,0.0,28.2,10.6,1008.1,6.4
WX03537,2026-04-07,26.4,0.0,35.8,2.9,1006.5,8.6
WX03538,2026-04-08,28.3,0.0,34.8,8.4,1006.3,7.4
WX03539,2026-04-09,25.8,0.0,31.7,9.4,1008.1,5.5
WX03540,2026-04-10,30.4,0.0,22.6,14.6,1008.3,6.6
WX03541,2026-04-11,28.0,0.0,27.7,12.0,1007.3,6.4
WX03542,2026-04-12,29.7,33.8,37.8,6.4,1009.8,7.9
WX03543,2026-04-13,27.5,0.0,27.8,10.5,1019.9,7.3
WX03544,2026-04-14,29.0,0.0,27.6,13.6,1000.4,6.5
WX03545,2026-04-15,28.3,0.0,38.0,9.2,1011.2,6.5
WX03546,2026-04-16,31.8,0.0,40.4,1.0,1007.3,6.2
WX03547,2026-04-17,28.9,0.0,33.8,10.8,1005.1,7.7
WX03548,2026-04-18,28.5,0.0,15.0,11.5,1008.9,7.7
WX03549,2026-04-19,30.3,0.0,31.1,8.0,1003.5,9.2
WX03550,2026-04-20,28.8,0.0,36.3,14.8,1002.2,7.8
WX03551,2026-04-21,28.8,0.0,33.8,7.7,1009.4,7.1
WX03552,2026-04-22,30.8,0.0,27.9,7.1,1008.6,6.4
WX03553,2026-04-23,29.5,14.3,44.5,10.9,999.8,8.2
WX03554,2026-04-24,31.1,0.0,48.4,16.1,1009.3,8.4
WX03555,2026-04-25,31.1,0.0,32.8,11.3,1013.0,6.9
WX03556,2026-04-26,27.7,0.0,25.3,12.9,1008.0,8.9
WX03557,2026-04-27,30.9,0.0,41.6,3.6,1011.7,8.2
WX03558,2026-04-28,30.3,0.0,30.9,10.9,1006.5,8.8
WX03559,2026-04-29,32.4,0.0,44.8,8.1,1006.9,8.2
WX03560,2026-04-30,27.1,0.0,36.3,8.1,1008.2,8.7
WX03561,2026-05-01,30.7,19.1,51.1,6.6,1009.6,9.0
WX03562,2026-05-02,29.6,0.0,48.8,9.9,1006.5,9.7
WX03563,2026-05-03,30.7,0.0,41.6,1.8,1012.5,7.8
WX03564,2026-05-04,30.6,0.0,47.9,9.8,1004.1,7.6
WX03565,2026-05-05,31.7,0.0,35.9,4.4,1004.6,8.7
WX03566,2026-05-06,33.1,0.0,40.6,6.9,1003.0,9.9
WX03567,2026-05-07,33.2,0.0,28.3,5.8,1003.8,9.6
WX03568,2026-05-08,31.1,0.0,35.3,16.0,1010.4,7.3
WX03569,2026-05-09,36.9,0.0,39.6,16.3,1010.0,9.9
WX03570,2026-05-10,28.2,0.0,42.7,13.2,1005.7,10.4
WX03571,2026-05-11,30.4,0.0,29.3,13.8,1011.3,10.3
WX03572,2026-05-12,31.3,0.0,38.0,10.7,1006.8,9.1
WX03573,2026-05-13,33.2,0.0,40.8,14.4,1011.1,8.7
WX03574,2026-05-14,27.7,4.4,29.6,6.5,1014.2,8.8
WX03575,2026-05-15,31.8,0.0,48.6,8.2,1009.3,9.0
WX03576,2026-05-16,34.3,0.0,46.3,9.0,1007.8,10.4
WX03577,2026-05-17,33.0,27.6,37.0,12.1,1010.1,8.6
WX03578,2026-05-18,33.7,0.0,40.9,4.8,1007.8,7.8
WX03579,2026-05-19,33.8,0.0,15.0,9.8,1005.8,6.4
WX03580,2026-05-20,30.1,0.0,48.0,9.3,1009.1,8.6
WX03581,2026-05-21,31.9,0.0,32.5,11.2,1009.3,9.7
WX03582,2026-05-22,33.7,0.0,44.1,10.7,1008.6,9.1
WX03583,2026-05-23,32.1,0.0,31.0,6.3,1008.8,9.9
WX03584,2026-05-24,34.0,0.0,36.5,5.5,1008.0,9.3
WX03585,2026-05-25,28.1,0.0,54.5,9.6,1015.3,8.4
WX03586,2026-05-26,33.9,0.0,34.0,18.5,1000.1,10.2
WX03587,2026-05-27,34.3,18.7,51.3,14.1,1007.3,10.3
WX03588,2026-05-28,38.5,0.0,35.0,15.3,1003.0,8.4
WX03589,2026-05-29,30.8,0.0,43.4,10.4,1007.5,7.8
WX03590,2026-05-30,29.6,0.0,31.2,7.9,1002.8,8.5
WX03591,2026-05-31,33.9,0.0,39.5,11.8,1009.8,9.9
WX03592,2026-06-01,31.2,3.4,77.2,10.4,1003.4,9.3
WX03593,2026-06-02,33.6,0.0,70.9,3.0,1002.3,7.9
WX03594,2026-06-03,31.9,0.0,75.4,3.4,1006.9,7.6
WX03595,2026-06-04,35.4,10.9,73.2,12.6,1002.6,10.3
WX03596,2026-06-05,30.7,39.3,67.9,14.8,1007.3,11.2
WX03597,2026-06-06,33.3,58.0,71.0,12.6,1004.7,12.0
WX03598,2026-06-07,34.0,0.0,87.2,9.5,999.5,9.1
WX03599,2026-06-08,31.6,32.0,68.6,7.9,1004.9,8.8
WX03600,2026-06-09,35.1,0.0,65.8,9.4,1010.0,10.7
WX03601,2026-06-10,33.3,0.0,80.1,2.9,1002.2,9.1
WX03602,2026-06-11,35.0,0.0,73.6,11.3,1006.5,9.2
WX03603,2026-06-12,35.3,0.0,65.8,8.8,1004.5,10.4
WX03604,2026-06-13,37.8,0.0,83.8,12.8,1003.5,10.0
WX03605,2026-06-14,33.5,0.0,83.8,13.7,1009.0,10.8
WX03606,2026-06-15,31.7,64.6,79.5,10.1,1004.5,11.4
WX03607,2026-06-16,32.4,0.0,77.9,12.2,1008.7,9.4
WX03608,2026-06-17,31.3,6.4,84.3,3.3,1008.7,9.2
WX03609,2026-06-18,33.8,0.0,83.4,8.6,1008.8,10.4
WX03610,2026-06-19,33.5,3.7,59.3,4.0,1009.4,11.9
WX03611,2026-06-20,31.6,11.5,69.1,4.4,1003.5,10.3
WX03612,2026-06-21,31.9,0.0,91.2,14.0,1005.8,10.5
WX03613,2026-06-22,35.7,7.6,76.7,15.4,1014.5,9.0
WX03614,2026-06-23,32.0,0.0,62.2,14.1,1007.7,10.5
WX03615,2026-06-24,32.3,0.0,88.5,11.9,1009.4,9.9
WX03616,2026-06-25,35.0,34.8,83.5,10.3,999.5,11.2
WX03617,2026-06-26,34.7,45.6,76.6,11.7,1007.4,9.8
WX03618,2026-06-27,30.0,0.0,61.7,15.3,1005.3,9.4
WX03619,2026-06-28,31.8,4.5,85.5,10.9,1004.2,10.1
WX03620,2026-06-29,38.0,30.5,83.9,9.3,1013.6,10.4
WX03621,2026-06-30,32.1,0.0,71.8,14.0,1003.8,11.8
WX03622,2026-07-01,34.2,32.2,83.4,14.6,1008.0,8.8
WX03623,2026-07-02,32.0,0.0,79.9,7.7,1000.6,11.3
WX03624,2026-07-03,33.3,32.7,84.2,15.6,1007.2,10.9
WX03625,2026-07-04,35.6,0.0,71.5,13.4,1012.4,11.1
WX03626,2026-07-05,30.2,0.0,80.9,12.8,1012.4,10.1
WX03627,2026-07-06,33.5,6.3,72.7,10.4,1011.7,9.9
WX03628,2026-07-07,34.6,97.2,61.9,5.2,1006.5,10.1
WX03629,2026-07-08,34.9,0.0,82.9,3.6,1003.0,9.3
WX03630,2026-07-09,34.2,0.0,86.6,9.4,1002.6,9.2
WX03631,2026-07-10,34.2,0.0,71.9,7.2,1011.5,10.7
WX03632,2026-07-11,35.7,0.0,76.2,14.6,1007.1,9.2
WX03633,2026-07-12,31.5,28.6,69.0,3.5,1006.2,9.3
WX03634,2026-07-13,29.0,10.3,80.4,12.7,1005.4,8.7
WX03635,2026-07-14,36.1,3.2,68.8,8.5,1000.1,10.4
WX03636,2026-07-15,31.8,8.8,66.0,17.5,1012.6,10.0
WX03637,2026-07-16,34.1,0.0,61.8,11.1,1009.5,10.5
WX03638,2026-07-17,34.0,0.0,72.5,11.2,1003.5,9.6
WX03639,2026-07-18,34.6,26.5,76.7,12.3,1012.8,9.7
WX03640,2026-07-19,37.6,0.0,72.3,10.9,1007.5,8.0
WX03641,2026-07-20,30.6,0.0,78.1,6.2,1004.9,10.4
WX03642,2026-07-21,33.4,12.9,72.7,11.7,1006.5,8.8
WX03643,2026-07-22,35.7,0.0,68.4,9.9,1010.6,8.7
WX03644,2026-07-23,28.7,65.8,80.0,12.9,1009.9,11.1
WX03645,2026-07-24,32.4,0.0,81.9,5.1,1011.0,10.9
WX03646,2026-07-25,31.4,6.6,74.7,12.2,1004.4,10.4
WX03647,2026-07-26,28.8,7.0,76.3,8.2,1006.6,9.1
WX03648,2026-07-27,31.4,54.9,65.0,8.3,1003.8,10.2
WX03649,2026-07-28,30.9,6.3,71.0,9.3,1004.0,9.5
WX03650,2026-07-29,31.4,0.0,83.2,8.1,1006.4,8.1
WX03651,2026-07-30,35.5,27.5,84.7,10.3,1011.3,10.0
WX03652,2026-07-31,32.7,0.0,74.2,8.8,1011.3,9.4
WX03653,2026-08-01,32.3,0.0,73.4,13.7,1011.0,8.5
WX03654,2026-08-02,33.1,0.0,69.8,15.8,1008.7,10.0
WX03655,2026-08-03,33.1,0.0,79.4,9.1,1009.2,9.9
WX03656,2026-08-04,30.5,0.0,92.9,5.8,1009.1,9.0
WX03657,2026-08-05,28.9,28.6,78.3,5.9,1001.0,8.6
WX03658,2026-08-06,32.1,37.2,85.1,8.3,1006.3,7.7
WX03659,2026-08-07,30.9,0.0,87.1,8.9,1014.3,9.9
